{"1": [[-2.842170943040401e-14, 0.0, 0.0], [0.0, 0.0, 0.0]], "2": [[-2.842170943040401e-14, 0.1311771413868641, -0.27248456125136755], [-0.2976128186283659, -0.4507804371437647, -0.7923664965623796]], "3": [[-2.842170943040401e-14, 0.3747918325338988, -0.778527317861041], [-0.8814394073908418, -1.2880399553676676, -2.263904275892513]], "4": [[-2.842170943040401e-14, 0.5059689739207629, -1.0510118791124015], [-1.2879619656034942, -1.7391558648606211, -3.056270772454892]], "5": [[-2.842170943040401e-14, 0.25037306263938497, -0.45968055878504543], [-1.4424810417355938, -1.6106789630302503, -1.523743244390607]], "6": [[-2.842170943040401e-14, -0.22430505831174408, 0.6385061789657414], [-1.5243936248115013, -1.2887109105184438, 1.3223793077287787]], "7": [[-2.842170943040401e-14, -0.479900969593122, 1.2298374992930903], [-1.4513265749799233, -0.8699553476423592, 2.8549068357930634]], "8": [[-2.842170943040401e-14, -0.35548219969860906, 0.9109907402171089], [-0.9959391243177199, -0.4511159147191528, 2.114745804291159]], "9": [[-2.842170943040401e-14, -0.12441876989451295, 0.3188467590759885], [-0.33671105382775723, -0.12889625206598074, 0.7401610315019058]], "10": [[-2.842170943040401e-14, 0.0, 0.0], [0.0, 0.0, 0.0]]}