{"brockpiece0": [[-0.1784510612487793, -0.7890752553939819, -3.4728760719299316], [-155.59974670410156, 83.13684844970703, -158.61257934570312], [-0.04771063104271889, 0.8072485327720642, -0.47105833888053894]], "brockpiece1": [[0.27951180934906006, -0.45211532711982727, -3.085329294204712], [-36.645626068115234, 65.95866394042969, 47.31450653076172], [-0.060903601348400116, 0.894946277141571, 0.4562895596027374]], "brockpiece2": [[0.5802213549613953, -0.8018975853919983, -3.676375150680542], [-4.410719394683838, 8.552992820739746, -51.8350715637207], [-0.1568758189678192, 0.8655882477760315, -0.5483085513114929]], "brockpiece3": [[0.17509955167770386, -0.46276921033859253, -3.1841237545013428], [-14.16175365447998, 18.744094848632812, 50.81239700317383], [-0.22012151777744293, 0.9278489947319031, 0.3253736197948456]], "brockpiece4": [[0.2703348398208618, -0.12558794021606445, -2.7857439517974854], [-25.85647201538086, -12.872971534729004, -52.32075500488281], [-0.4135969281196594, 0.9918517470359802, 0.46200042963027954]], "brockpiece5": [[-0.04253500699996948, 0.024342596530914307, -2.406986713409424], [-4.989761829376221, 9.370656967163086, 2.2511215209960938], [-0.436776340007782, 0.9646992683410645, -0.3259457051753998]], "brockpiece6": [[0.5282670855522156, -0.7325646877288818, -3.763101577758789], [52.127655029296875, 1.2196317911148071, 94.75592803955078], [-0.01387631893157959, 0.9064578413963318, -0.06759907305240631]], "brockpiece7": [[0.952546238899231, -1.158408761024475, -4.184254169464111], [-161.3303680419922, 5.013733386993408, -106.30934143066406], [-0.016788214445114136, 1.2991664409637451, -0.5754176378250122]], "brockpiece8": [[1.5898191928863525, -1.0902225971221924, -5.251301288604736], [-151.224365234375, -0.36163201928138733, -111.23492431640625], [-0.10184786468744278, 1.4046438932418823, 0.10018877685070038]], "brockpiece9": [[-1.1090023517608643, -0.7229503989219666, -1.5939304828643799], [2.455385208129883, -0.6668345928192139, 134.99986267089844], [0.009604007937014103, 0.8276886940002441, 0.4656519293785095]], "brockpiece10": [[0.04312744736671448, -0.2517698407173157, -1.3274917602539062], [14.934432029724121, 5.730635166168213, -173.84609985351562], [0.026453230530023575, 0.7262305021286011, -0.09866398572921753]], "brockpiece11": [[-0.13354240357875824, -0.6245936155319214, -2.128145217895508], [-14.615838050842285, -18.155620574951172, 34.859779357910156], [0.023447148501873016, 0.6883174180984497, -0.6239317655563354]], "brockpiece12": [[-0.0217115618288517, -0.14138835668563843, -1.373416543006897], [-3.0613255500793457, -8.28192138671875, 7.558029651641846], [0.057196881622076035, 0.6268966794013977, -0.06759794801473618]], "brockpiece13": [[-0.04203484207391739, -0.14040379226207733, -0.9447711706161499], [-14.579107284545898, -12.475192070007324, 1.4588464498519897], [0.10751569271087646, 0.33034080266952515, -0.6997447609901428]], "brockpiece14": [[-0.10776565223932266, -0.06271541118621826, -0.955273449420929], [2.4021248817443848, -9.621405601501465, -6.833009719848633], [0.1765923947095871, 0.3738964796066284, -0.06937721371650696]], "brockpiece15": [[-0.042709171772003174, -0.0002825707197189331, -0.07555857300758362], [-0.012232307344675064, 4.695606231689453, 0.0034985551610589027], [0.32439151406288147, 0.17386914789676666, 0.1606941819190979]], "brockpiece16": [[-0.12027374655008316, -0.0008641928434371948, -0.30416300892829895], [0.011643365025520325, -7.701906681060791, 0.014532559551298618], [0.2422737032175064, 0.13469432294368744, -0.2985038757324219]], "brockpiece17": [[0.08913340419530869, 0.02663940191268921, -0.9246618151664734], [-2.3761966228485107, -1.6534411907196045, 19.407367706298828], [0.05579742044210434, 0.8304786086082458, -0.06759888678789139]], "brockpiece18": [[0.05197000503540039, 8.535385131835938e-05, -0.9465236663818359], [0.00025518742040731013, -4.431313514709473, 0.0002260721375932917], [0.7751116156578064, 1.1647822856903076, 0.4550911784172058]], "brockpiece19": [[0.5922613739967346, -0.760538637638092, -3.185708522796631], [-152.53408813476562, -10.42340087890625, -75.46031188964844], [0.04745550453662872, 0.8352649807929993, -0.8555060029029846]], "brockpiece20": [[0.12196505814790726, -0.09605962038040161, -2.329467296600342], [31.037673950195312, -21.936594009399414, -116.03802490234375], [0.0324799083173275, 0.8903895616531372, 0.1047213077545166]], "brockpiece21": [[0.06754334270954132, 8.785724639892578e-05, -0.9935571551322937], [1.0275999557052273e-05, -4.430851459503174, 9.933465480571613e-05], [0.15945503115653992, 1.6952928304672241, 0.277337908744812]], "brockpiece22": [[-0.2968635559082031, -1.7767165899276733, -6.500570774078369], [152.31695556640625, 9.746045112609863, -31.84562110900879], [0.5310609936714172, 1.9953807592391968, -0.3219248354434967]], "brockpiece23": [[0.1485101878643036, -0.42275485396385193, -2.8844666481018066], [-2.507580280303955, 26.750572204589844, 90.29501342773438], [-0.0681355819106102, 0.8056530356407166, -0.06759854406118393]], "brockpiece24": [[0.05289661884307861, -0.10687649250030518, -2.6370019912719727], [-16.87208366394043, 1.1118721961975098, -35.19468688964844], [-0.3838520646095276, 0.746596097946167, 0.4647919237613678]], "brockpiece25": [[-0.2555280923843384, -0.022838890552520752, -2.393482208251953], [-0.04412417113780975, 0.9648699164390564, -2.5271992683410645], [-1.032001256942749, 0.5244100093841553, 0.6970614790916443]], "brockpiece26": [[-0.8285238146781921, -0.7452857494354248, -1.0386799573898315], [-12.650717735290527, 30.83217430114746, 154.70989990234375], [-0.012171115726232529, 0.7901149392127991, 0.14576949179172516]], "brockpiece27": [[-0.3224417269229889, -0.6674161553382874, -2.913808822631836], [4.509599208831787, 3.075485944747925, -8.132290840148926], [-0.029545554891228676, 0.7074200510978699, -0.5648927092552185]], "brockpiece28": [[-1.55787193775177, -0.8246407508850098, -1.8749817609786987], [82.26702117919922, 25.71058464050293, -73.81596374511719], [-0.05280172452330589, 0.875779390335083, 0.7411666512489319]], "brockpiece29": [[0.05270341783761978, -0.3342776596546173, -2.6587417125701904], [-8.517447471618652, -5.45573091506958, -14.406593322753906], [-0.1528574824333191, 0.604702889919281, -0.03537474945187569]], "brockpiece30": [[0.04604005813598633, -0.31942018866539, -2.5523295402526855], [-9.90695858001709, -6.876316070556641, -10.75460147857666], [-0.212638720870018, 0.5194345116615295, -0.6746488809585571]], "brockpiece31": [[-0.05219128727912903, -0.12339723110198975, -2.563472270965576], [-9.906922340393066, -6.876336574554443, -10.75472354888916], [-0.3032321333885193, 0.4032418727874756, 0.2416532039642334]], "brockpiece32": [[0.07253795862197876, -0.14927977323532104, -2.4076473712921143], [35.20734405517578, 22.056446075439453, 153.21139526367188], [-0.014846060425043106, 0.7332823276519775, -0.067598357796669]], "brockpiece33": [[-0.18547332286834717, -0.0001825094223022461, -1.3330621719360352], [-0.0023338845930993557, -5.275338649749756, 0.004719588905572891], [-0.07364655286073685, 0.3388040363788605, 0.1644446849822998]], "brockpiece34": [[-0.05318382754921913, 0.0011558830738067627, -1.2527375221252441], [0.087382011115551, -9.128766059875488, -0.5607405304908752], [-0.040006935596466064, 0.3192813992500305, -0.5479322671890259]], "brockpiece35": [[0.08380614221096039, -0.14512228965759277, -1.4592336416244507], [19.201580047607422, -8.198125839233398, -91.61813354492188], [0.03971529006958008, 0.7414476275444031, -0.4923132658004761]], "brockpiece36": [[-0.02907530404627323, -0.1687961220741272, -1.2934904098510742], [-21.14011001586914, -23.5447998046875, -153.37277221679688], [0.04695548489689827, 0.8178877234458923, 0.2522242069244385]], "brockpiece37": [[-1.3101377487182617, -0.8368716835975647, -1.8625712394714355], [-105.12615203857422, -34.83290100097656, 95.88426971435547], [0.018796933814883232, 0.8953180909156799, 0.6815259456634521]],