{"brockpiece0": [[-0.17373812198638916, -0.7375665307044983, -3.4092330932617188], [97.35906982421875, 6.635464191436768, 92.7507095336914], [-0.04771063104271889, 0.8072485327720642, -0.47105833888053894]], "brockpiece1": [[0.16071809828281403, -0.27307701110839844, -3.0873820781707764], [17.89190673828125, 52.187870025634766, 123.92251586914062], [-0.060903601348400116, 0.894946277141571, 0.4562895596027374]], "brockpiece2": [[0.5817488431930542, -0.8003233671188354, -3.6731598377227783], [-3.931718587875366, 9.142992973327637, -49.55569839477539], [-0.1568758189678192, 0.8655882477760315, -0.5483085513114929]], "brockpiece3": [[0.1874915212392807, -0.4213944673538208, -3.1605608463287354], [-15.432987213134766, 20.277603149414062, 56.7962760925293], [-0.22012151777744293, 0.9278489947319031, 0.3253736197948456]], "brockpiece4": [[0.2571859359741211, -0.08025866746902466, -2.7413275241851807], [-19.033470153808594, 1.3514808416366577, -46.5064811706543], [-0.4135969281196594, 0.9918517470359802, 0.46200042963027954]], "brockpiece5": [[-0.052678078413009644, 0.033941447734832764, -2.4118974208831787], [-5.4119439125061035, 9.243522644042969, 1.3917522430419922], [-0.436776340007782, 0.9646992683410645, -0.3259457051753998]], "brockpiece6": [[0.432427316904068, -0.8098717927932739, -3.7414636611938477], [-33.498016357421875, 30.09402847290039, -69.09818267822266], [-0.01387631893157959, 0.9064578413963318, -0.06759907305240631]], "brockpiece7": [[0.9546940922737122, -1.1582998037338257, -4.18597412109375], [-161.28903198242188, 5.032571792602539, -106.33000946044922], [-0.016788214445114136, 1.2991664409637451, -0.5754176378250122]], "brockpiece8": [[1.55306077003479, -1.07012140750885, -5.258613109588623], [-150.57498168945312, -4.675179481506348, -102.60847473144531], [-0.10184786468744278, 1.4046438932418823, 0.10018877685070038]], "brockpiece9": [[-1.079757571220398, -0.7666321396827698, -1.7388596534729004], [3.475085735321045, 3.768934726715088, 48.34910202026367], [0.009604007937014103, 0.8276886940002441, 0.4656519293785095]], "brockpiece10": [[0.04682493209838867, -0.2419576644897461, -1.3275564908981323], [14.702564239501953, 5.285600185394287, -174.07730102539062], [0.026453230530023575, 0.7262305021286011, -0.09866398572921753]], "brockpiece11": [[-0.1211334690451622, -0.6180377006530762, -2.12080717086792], [-5.9145894050598145, -20.518667221069336, 13.713305473327637], [0.023447148501873016, 0.6883174180984497, -0.6239317655563354]], "brockpiece12": [[-0.013877615332603455, -0.13725924491882324, -1.3748691082000732], [-3.3161916732788086, -8.091599464416504, 7.58147668838501], [0.057196881622076035, 0.6268966794013977, -0.06759794801473618]], "brockpiece13": [[-0.038122594356536865, -0.13125166296958923, -0.9462436437606812], [-16.775455474853516, -12.16611099243164, 1.6707570552825928], [0.10751569271087646, 0.33034080266952515, -0.6997447609901428]], "brockpiece14": [[-0.09761379659175873, -0.05749696493148804, -0.9609195590019226], [2.029581308364868, -9.238059043884277, -6.998674392700195], [0.1765923947095871, 0.3738964796066284, -0.06937721371650696]], "brockpiece15": [[-0.04180726408958435, -0.00011476874351501465, -0.0744277611374855], [-0.025928450748324394, 4.3853278160095215, 0.08597920089960098], [0.32439151406288147, 0.17386914789676666, 0.1606941819190979]], "brockpiece16": [[-0.12508025765419006, -0.0005240291357040405, -0.3108750283718109], [0.004716680385172367, -8.12887954711914, -0.010687347501516342], [0.2422737032175064, 0.13469432294368744, -0.2985038757324219]], "brockpiece17": [[0.07379495352506638, 0.052287936210632324, -0.9303362369537354], [-2.582329034805298, -3.4686708450317383, 9.977842330932617], [0.05579742044210434, 0.8304786086082458, -0.06759888678789139]], "brockpiece18": [[0.051649391651153564, 7.843971252441406e-05, -0.9466323852539062], [0.0003014285466633737, -4.429107189178467, 0.00020723215129692107], [0.7751116156578064, 1.1647822856903076, 0.4550911784172058]], "brockpiece19": [[0.6140101552009583, -0.7607899904251099, -3.1541318893432617], [-140.13717651367188, 11.962528228759766, -100.13593292236328], [0.04745550453662872, 0.8352649807929993, -0.8555060029029846]], "brockpiece20": [[0.10952133685350418, -0.12847405672073364, -2.2731688022613525], [-7.7528395652771, -18.69465446472168, -41.91291809082031], [0.0324799083173275, 0.8903895616531372, 0.1047213077545166]], "brockpiece21": [[0.06721389293670654, 7.95125961303711e-05, -0.9936433434486389], [2.4865458011627197, 8.41213321685791, 158.04562377929688], [0.15945503115653992, 1.6952928304672241, 0.277337908744812]], "brockpiece22": [[-0.33022448420524597, -1.7419134378433228, -6.498262405395508], [153.578125, 11.009992599487305, -26.59052276611328], [0.5310609936714172, 1.9953807592391968, -0.3219248354434967]], "brockpiece23": [[0.15484757721424103, -0.43994763493537903, -2.8387978076934814], [-19.467405319213867, 16.726749420166016, 42.01319122314453], [-0.0681355819106102, 0.8056530356407166, -0.06759854406118393]], "brockpiece24": [[0.06778144836425781, -0.08462297916412354, -2.6260881423950195], [-18.23472785949707, 1.3708468675613403, -31.765222549438477], [-0.3838520646095276, 0.746596097946167, 0.4647919237613678]], "brockpiece25": [[-0.27385878562927246, 0.010127723217010498, -2.403111219406128], [-1.806509017944336, -1.437496304512024, 1.3743095397949219], [-1.032001256942749, 0.5244100093841553, 0.6970614790916443]], "brockpiece26": [[-0.9478124976158142, -0.6749173998832703, -1.3032299280166626], [-12.698872566223145, 22.22600555419922, -91.99365997314453], [-0.012171115726232529, 0.7901149392127991, 0.14576949179172516]], "brockpiece27": [[-0.32021406292915344, -0.6713482737541199, -2.912579298019409], [4.606478691101074, 1.6027638912200928, -22.236574172973633], [-0.029545554891228676, 0.7074200510978699, -0.5648927092552185]], "brockpiece28": [[-1.3574895858764648, -0.8283063173294067, -1.734998345375061], [20.314830780029297, 33.816307067871094, 176.88905334472656], [-0.05280172452330589, 0.875779390335083, 0.7411666512489319]], "brockpiece29": [[0.05577342212200165, -0.3224715292453766, -2.6575329303741455], [-10.369816780090332, -4.764842987060547, -14.106534004211426], [-0.1528574824333191, 0.604702889919281, -0.03537474945187569]], "brockpiece30": [[0.047673776745796204, -0.31683069467544556, -2.5533671379089355], [-10.040234565734863, -6.8223395347595215, -13.924251556396484], [-0.212638720870018, 0.5194345116615295, -0.6746488809585571]], "brockpiece31": [[-0.04449900984764099, -0.10861405730247498, -2.5644266605377197], [-10.040201187133789, -6.822363376617432, -13.924359321594238], [-0.3032321333885193, 0.4032418727874756, 0.2416532039642334]], "brockpiece32": [[0.048000071197748184, -0.14402514696121216, -2.403040647506714], [38.56544876098633, 16.434101104736328, 162.71734619140625], [-0.014846060425043106, 0.7332823276519775, -0.067598357796669]], "brockpiece33": [[-0.17655149102210999, -0.0005005300045013428, -1.3409351110458374], [-0.0052586211822927, -4.536754608154297, -0.0020927535369992256], [-0.07364655286073685, 0.3388040363788605, 0.1644446849822998]], "brockpiece34": [[-0.05042030289769173, 0.005930006504058838, -1.2492220401763916], [-0.5048238039016724, -8.656135559082031, -0.7237485647201538], [-0.040006935596466064, 0.3192813992500305, -0.5479322671890259]], "brockpiece35": [[-0.001368638128042221, -0.1109464168548584, -1.4938485622406006], [-15.445808410644531, 2.298830986022949, 52.936214447021484], [0.03971529006958008, 0.7414476275444031, -0.4923132658004761]], "brockpiece36": [[-0.0330040343105793, -0.14491981267929077, -1.2957918643951416], [-17.52080726623535, -23.314863204956055, -148.53134155273438], [0.04695548489689827, 0.8178877234458923, 0.2522242069244385]], "brockpiece37": [[-1.2244651317596436, -0.942337691783905, -2.1657662391662598], [-144.10833740234375, 10.714200019836426, 45.427730560302734], [0.018796933814883232, 0.8953180909156799, 0.6815259456634521]],