{"brockpiece0": [[-0.1670515239238739, -0.7192627191543579, -3.3246421813964844], [97.02430725097656, -52.78010559082031, 87.73418426513672], [-0.04771063104271889, 0.8072485327720642, -0.47105833888053894]], "brockpiece1": [[0.14062602818012238, -0.2572316527366638, -3.0763885974884033], [16.582103729248047, 46.727691650390625, 118.83502197265625], [-0.060903601348400116, 0.894946277141571, 0.4562895596027374]], "brockpiece2": [[0.5729401111602783, -0.7547747492790222, -3.6727869510650635], [3.4957525730133057, 21.683059692382812, 19.646514892578125], [-0.1568758189678192, 0.8655882477760315, -0.5483085513114929]], "brockpiece3": [[0.2142619639635086, -0.4123392105102539, -3.150897979736328], [-27.369216918945312, 7.287974834442139, 19.720062255859375], [-0.22012151777744293, 0.9278489947319031, 0.3253736197948456]], "brockpiece4": [[0.23961696028709412, -0.030134916305541992, -2.7572579383850098], [-11.837688446044922, 14.458535194396973, -41.292781829833984], [-0.4135969281196594, 0.9918517470359802, 0.46200042963027954]], "brockpiece5": [[-0.07047861814498901, 0.06066173315048218, -2.46162486076355], [-6.92943000793457, 8.80849838256836, -0.02412186749279499], [-0.436776340007782, 0.9646992683410645, -0.3259457051753998]], "brockpiece6": [[0.40207529067993164, -0.8049071431159973, -3.7324283123016357], [-33.86888122558594, 32.136688232421875, -67.99372863769531], [-0.01387631893157959, 0.9064578413963318, -0.06759907305240631]], "brockpiece7": [[0.9528282880783081, -1.1571522951126099, -4.1878228187561035], [-161.03428649902344, 4.208194255828857, -105.55036926269531], [-0.016788214445114136, 1.2991664409637451, -0.5754176378250122]], "brockpiece8": [[1.5775560140609741, -1.0676639080047607, -5.210665702819824], [-150.4038543701172, 15.434013366699219, -118.30525207519531], [-0.10184786468744278, 1.4046438932418823, 0.10018877685070038]], "brockpiece9": [[-1.1446155309677124, -0.6743525266647339, -1.8544566631317139], [-10.859606742858887, 1.0665315389633179, 62.060760498046875], [0.009604007937014103, 0.8276886940002441, 0.4656519293785095]], "brockpiece10": [[0.05172424018383026, -0.24917560815811157, -1.3323944807052612], [12.14266300201416, 4.688971996307373, 178.7329864501953], [0.026453230530023575, 0.7262305021286011, -0.09866398572921753]], "brockpiece11": [[-0.06188070774078369, -0.6163947582244873, -2.0936667919158936], [15.305001258850098, -16.012502670288086, -39.9967155456543], [0.023447148501873016, 0.6883174180984497, -0.6239317655563354]], "brockpiece12": [[-0.00986267626285553, -0.14475256204605103, -1.3810639381408691], [-4.784821510314941, -8.284305572509766, 7.4056572914123535], [0.057196881622076035, 0.6268966794013977, -0.06759794801473618]], "brockpiece13": [[-0.03551586717367172, -0.13041062653064728, -0.9465407133102417], [-17.12964630126953, -11.450390815734863, 2.4568450450897217], [0.10751569271087646, 0.33034080266952515, -0.6997447609901428]], "brockpiece14": [[-0.09406039863824844, -0.05422815680503845, -0.9687616229057312], [0.4790332019329071, -9.571457862854004, -7.337795257568359], [0.1765923947095871, 0.3738964796066284, -0.06937721371650696]], "brockpiece15": [[-0.03993690013885498, -0.0012967586517333984, -0.07579085230827332], [-0.5245786905288696, 3.249005079269409, 2.102144718170166], [0.32439151406288147, 0.17386914789676666, 0.1606941819190979]], "brockpiece16": [[-0.11875960975885391, -0.000579342246055603, -0.3148333728313446], [-0.05045384168624878, -8.525982856750488, -0.1395687758922577], [0.2422737032175064, 0.13469432294368744, -0.2985038757324219]], "brockpiece17": [[0.07382411509752274, 0.055499255657196045, -0.9356668591499329], [-3.2585103511810303, -3.113335132598877, 9.821615219116211], [0.05579742044210434, 0.8304786086082458, -0.06759888678789139]], "brockpiece18": [[0.052017033100128174, 0.003263711929321289, -0.9437309503555298], [0.0021440726704895496, -4.36638879776001, -0.05680081993341446], [0.7751116156578064, 1.1647822856903076, 0.4550911784172058]], "brockpiece19": [[0.6081419587135315, -0.7612835764884949, -3.16140079498291], [-125.02738189697266, 16.04994773864746, -97.57929992675781], [0.04745550453662872, 0.8352649807929993, -0.8555060029029846]], "brockpiece20": [[0.11487472802400589, -0.15954351425170898, -2.2854509353637695], [-11.395209312438965, -7.740499973297119, -19.366365432739258], [0.0324799083173275, 0.8903895616531372, 0.1047213077545166]], "brockpiece21": [[0.06786318123340607, 0.0038667917251586914, -0.990069568157196], [0.0016377025749534369, -4.366267204284668, -0.05652765929698944], [0.15945503115653992, 1.6952928304672241, 0.277337908744812]], "brockpiece22": [[-0.29159069061279297, -1.750075340270996, -6.539680480957031], [147.36073303222656, 7.7413201332092285, -37.529296875], [0.5310609936714172, 1.9953807592391968, -0.3219248354434967]], "brockpiece23": [[0.14857548475265503, -0.4526982009410858, -2.8182709217071533], [-25.88689422607422, 3.9720113277435303, 20.473827362060547], [-0.0681355819106102, 0.8056530356407166, -0.06759854406118393]], "brockpiece24": [[0.050913721323013306, -0.05724167823791504, -2.650097370147705], [-17.740732192993164, -0.5649266242980957, -37.889915466308594], [-0.3838520646095276, 0.746596097946167, 0.4647919237613678]], "brockpiece25": [[-0.26926589012145996, 0.07352787256240845, -2.4280264377593994], [-1.5537188053131104, -2.188876152038574, -0.9263728857040405], [-1.032001256942749, 0.5244100093841553, 0.6970614790916443]], "brockpiece26": [[-0.8531723022460938, -0.6591777801513672, -1.4133362770080566], [37.501895904541016, 18.221614837646484, 97.76294708251953], [-0.012171115726232529, 0.7901149392127991, 0.14576949179172516]], "brockpiece27": [[-0.2936519980430603, -0.6777170300483704, -2.914510488510132], [2.1471972465515137, 0.20239469408988953, -75.22441101074219], [-0.029545554891228676, 0.7074200510978699, -0.5648927092552185]], "brockpiece28": [[-1.2094591856002808, -0.7188819646835327, -1.6705336570739746], [23.172117233276367, 8.241373062133789, 36.199134826660156], [-0.05280172452330589, 0.875779390335083, 0.7411666512489319]], "brockpiece29": [[0.0529022216796875, -0.3155142068862915, -2.664067029953003], [-11.410752296447754, -4.242376327514648, -13.440800666809082], [-0.1528574824333191, 0.604702889919281, -0.03537474945187569]], "brockpiece30": [[0.03970806300640106, -0.3110167980194092, -2.5645151138305664], [-11.863818168640137, -6.179380893707275, -11.558222770690918], [-0.212638720870018, 0.5194345116615295, -0.6746488809585571]], "brockpiece31": [[-0.04006427526473999, -0.08376362919807434, -2.575293779373169], [-11.863810539245605, -6.179396152496338, -11.558307647705078], [-0.3032321333885193, 0.4032418727874756, 0.2416532039642334]], "brockpiece32": [[0.013631206005811691, -0.144067645072937, -2.4031124114990234], [40.911705017089844, 8.812313079833984, 176.50721740722656], [-0.014846060425043106, 0.7332823276519775, -0.067598357796669]], "brockpiece33": [[-0.1730581521987915, 9.781122207641602e-05, -1.348144769668579], [-0.016961151733994484, -4.388080596923828, 0.2766287624835968], [-0.07364655286073685, 0.3388040363788605, 0.1644446849822998]], "brockpiece34": [[-0.050839249044656754, 0.007844150066375732, -1.2529549598693848], [-1.0876891613006592, -8.060751914978027, -0.07914261519908905], [-0.040006935596466064, 0.3192813992500305, -0.5479322671890259]], "brockpiece35": [[-0.008854608982801437, -0.10547769069671631, -1.4989382028579712], [-14.577033996582031, 2.920600414276123, 50.813411712646484], [0.03971529006958008, 0.7414476275444031, -0.4923132658004761]], "brockpiece36": [[-0.036115020513534546, -0.14092618227005005, -1.3064851760864258], [-15.4890775680542, -22.498872756958008, -149.58279418945312], [0.04695548489689827, 0.8178877234458923, 0.2522242069244385]], "brockpiece37": [[-1.1564594507217407, -0.8621801137924194, -2.305114507675171], [-149.71957397460938, 28.142154693603516, 19.820453643798828], [0.018796933814883232, 0.8953180909156799, 0.6815259456634521]],