{"brockpiece0": [[-0.17777356505393982, -0.7729184627532959, -3.4593582153320312], [105.42853546142578, 60.51029968261719, 102.05085754394531], [-0.04771063104271889, 0.8072485327720642, -0.47105833888053894]], "brockpiece1": [[0.2749791443347931, -0.45128658413887024, -3.091325283050537], [-24.954818725585938, 69.99980926513672, 60.743919372558594], [-0.060903601348400116, 0.894946277141571, 0.4562895596027374]], "brockpiece2": [[0.5806829333305359, -0.8018227815628052, -3.6762983798980713], [-4.491419315338135, 8.46916675567627, -52.537109375], [-0.1568758189678192, 0.8655882477760315, -0.5483085513114929]], "brockpiece3": [[0.17642183601856232, -0.46675536036491394, -3.188389778137207], [-14.312161445617676, 18.431692123413086, 50.08084487915039], [-0.22012151777744293, 0.9278489947319031, 0.3253736197948456]], "brockpiece4": [[0.266740620136261, -0.13436740636825562, -2.783233165740967], [-22.027172088623047, -12.818389892578125, -53.791908264160156], [-0.4135969281196594, 0.9918517470359802, 0.46200042963027954]], "brockpiece5": [[-0.04153206944465637, 0.02432870864868164, -2.4078264236450195], [-5.001772403717041, 9.407323837280273, 2.2451367378234863], [-0.436776340007782, 0.9646992683410645, -0.3259457051753998]], "brockpiece6": [[0.5028430223464966, -0.7091333270072937, -3.743239164352417], [53.0831298828125, -18.81653594970703, 112.44417572021484], [-0.01387631893157959, 0.9064578413963318, -0.06759907305240631]], "brockpiece7": [[0.9524871706962585, -1.1583969593048096, -4.183981895446777], [-161.343994140625, 5.012299060821533, -106.31365966796875], [-0.016788214445114136, 1.2991664409637451, -0.5754176378250122]], "brockpiece8": [[1.5840765237808228, -1.0893710851669312, -5.258944034576416], [-150.84715270996094, -2.198500871658325, -109.45091247558594], [-0.10184786468744278, 1.4046438932418823, 0.10018877685070038]], "brockpiece9": [[-1.1457548141479492, -0.7679233551025391, -1.600629448890686], [14.666300773620605, 4.652482509613037, 169.57278442382812], [0.009604007937014103, 0.8276886940002441, 0.4656519293785095]], "brockpiece10": [[0.04275328665971756, -0.2547106444835663, -1.328094720840454], [15.10612964630127, 5.952793598175049, -175.30801391601562], [0.026453230530023575, 0.7262305021286011, -0.09866398572921753]], "brockpiece11": [[-0.1344677209854126, -0.6249613761901855, -2.1285853385925293], [-14.923565864562988, -17.893211364746094, 35.768218994140625], [0.023447148501873016, 0.6883174180984497, -0.6239317655563354]], "brockpiece12": [[-0.0239853672683239, -0.14208105206489563, -1.3729417324066162], [-3.1435775756835938, -8.131877899169922, 7.984684467315674], [0.057196881622076035, 0.6268966794013977, -0.06759794801473618]], "brockpiece13": [[-0.042477451264858246, -0.14040400087833405, -0.9466193914413452], [-14.579153060913086, -12.56729793548584, 1.77338707447052], [0.10751569271087646, 0.33034080266952515, -0.6997447609901428]], "brockpiece14": [[-0.10949788242578506, -0.06364426016807556, -0.9548689723014832], [2.52286958694458, -9.639078140258789, -6.819094181060791], [0.1765923947095871, 0.3738964796066284, -0.06937721371650696]], "brockpiece15": [[-0.04304981231689453, -0.00010506808757781982, -0.07554560154676437], [-0.023211538791656494, 4.727347373962402, 0.09673728793859482], [0.32439151406288147, 0.17386914789676666, 0.1606941819190979]], "brockpiece16": [[-0.11829189211130142, -0.0005616247653961182, -0.30286315083503723], [-0.00788839440792799, -7.4951491355896, 0.05661940574645996], [0.2422737032175064, 0.13469432294368744, -0.2985038757324219]], "brockpiece17": [[0.08990304917097092, 0.025198757648468018, -0.9258052110671997], [-2.625328779220581, -1.0599417686462402, 24.148059844970703], [0.05579742044210434, 0.8304786086082458, -0.06759888678789139]], "brockpiece18": [[0.0521278977394104, 7.748603820800781e-05, -0.9464445114135742], [0.00013530052092391998, -4.43018102645874, 0.0005086614983156323], [0.7751116156578064, 1.1647822856903076, 0.4550911784172058]], "brockpiece19": [[0.5885796546936035, -0.7612628936767578, -3.1888980865478516], [-155.2548065185547, -12.602328300476074, -70.64347076416016], [0.04745550453662872, 0.8352649807929993, -0.8555060029029846]], "brockpiece20": [[0.1180671975016594, -0.10513091087341309, -2.3305563926696777], [27.88166618347168, -21.697481155395508, -108.69385528564453], [0.0324799083173275, 0.8903895616531372, 0.1047213077545166]], "brockpiece21": [[0.06769441068172455, 7.677078247070312e-05, -0.9934682250022888], [2.486987590789795, 8.413129806518555, 158.04556274414062], [0.15945503115653992, 1.6952928304672241, 0.277337908744812]], "brockpiece22": [[-0.29702579975128174, -1.7766132354736328, -6.50060510635376], [152.30589294433594, 9.755120277404785, -31.854745864868164], [0.5310609936714172, 1.9953807592391968, -0.3219248354434967]], "brockpiece23": [[0.14832782745361328, -0.4228157699108124, -2.888256549835205], [-1.9719972610473633, 26.46718406677246, 91.9936752319336], [-0.0681355819106102, 0.8056530356407166, -0.06759854406118393]], "brockpiece24": [[0.05133235454559326, -0.10777115821838379, -2.639996290206909], [-16.78541374206543, 1.0556623935699463, -35.58648681640625], [-0.3838520646095276, 0.746596097946167, 0.4647919237613678]], "brockpiece25": [[-0.25716423988342285, -0.023123323917388916, -2.393087387084961], [-0.04398667812347412, 1.0274319648742676, -2.5539677143096924], [-1.032001256942749, 0.5244100093841553, 0.6970614790916443]], "brockpiece26": [[-0.7740800976753235, -0.7487262487411499, -1.015497088432312], [-0.9688064455986023, 6.669195652008057, 154.7440643310547], [-0.012171115726232529, 0.7901149392127991, 0.14576949179172516]], "brockpiece27": [[-0.3223474621772766, -0.6672542691230774, -2.913811683654785], [4.525576114654541, 3.0582542419433594, -7.4448347091674805], [-0.029545554891228676, 0.7074200510978699, -0.5648927092552185]], "brockpiece28": [[-1.562108039855957, -0.7807896137237549, -1.8512544631958008], [68.0953598022461, -42.89008331298828, -46.332069396972656], [-0.05280172452330589, 0.875779390335083, 0.7411666512489319]], "brockpiece29": [[0.05245339870452881, -0.3352075219154358, -2.659353017807007], [-8.380145072937012, -5.681317329406738, -14.7190580368042], [-0.1528574824333191, 0.604702889919281, -0.03537474945187569]], "brockpiece30": [[0.04471932351589203, -0.31941908597946167, -2.5527467727661133], [-9.973248481750488, -6.862818717956543, -10.426482200622559], [-0.212638720870018, 0.5194345116615295, -0.6746488809585571]], "brockpiece31": [[-0.05355718731880188, -0.12346851825714111, -2.5638914108276367], [-9.973224639892578, -6.862837314605713, -10.426599502563477], [-0.3032321333885193, 0.4032418727874756, 0.2416532039642334]], "brockpiece32": [[0.07444324344396591, -0.1507335901260376, -2.4091179370880127], [35.10383605957031, 21.958669662475586, 152.98960876464844], [-0.014846060425043106, 0.7332823276519775, -0.067598357796669]], "brockpiece33": [[-0.18741333484649658, -0.00014144182205200195, -1.3325157165527344], [0.0025822059251368046, -5.35719633102417, 0.07313872128725052], [-0.07364655286073685, 0.3388040363788605, 0.1644446849822998]], "brockpiece34": [[-0.05406937375664711, 0.0009045302867889404, -1.2532052993774414], [0.0660785511136055, -9.267943382263184, -0.4302024841308594], [-0.040006935596466064, 0.3192813992500305, -0.5479322671890259]], "brockpiece35": [[0.10157892107963562, -0.1521875262260437, -1.4556031227111816], [18.5767879486084, -4.392066955566406, -108.843017578125], [0.03971529006958008, 0.7414476275444031, -0.4923132658004761]], "brockpiece36": [[-0.02945953793823719, -0.17304635047912598, -1.2897017002105713], [-19.862857818603516, -22.23872947692871, -154.8334197998047], [0.04695548489689827, 0.8178877234458923, 0.2522242069244385]], "brockpiece37": [[-1.314429521560669, -0.8399980664253235, -1.8586294651031494], [-107.22586059570312, -34.038150787353516, 93.9701919555664], [0.018796933814883232, 0.8953180909156799, 0.6815259456634521]],