{"brockpiece0": [[-0.17620784044265747, -0.7532964944839478, -3.437378406524658], [99.267822265625, 32.27888870239258, 95.31800842285156], [-0.04771063104271889, 0.8072485327720642, -0.47105833888053894]], "brockpiece1": [[0.27581727504730225, -0.45225274562835693, -3.0896685123443604], [-20.959320068359375, 70.203369140625, 64.81747436523438], [-0.060903601348400116, 0.894946277141571, 0.4562895596027374]], "brockpiece2": [[0.5807676911354065, -0.8017575144767761, -3.6762239933013916], [-4.530140399932861, 8.383565902709961, -53.105491638183594], [-0.1568758189678192, 0.8655882477760315, -0.5483085513114929]], "brockpiece3": [[0.17801205813884735, -0.47026458382606506, -3.189420461654663], [-14.928234100341797, 17.628795623779297, 47.44996643066406], [-0.22012151777744293, 0.9278489947319031, 0.3253736197948456]], "brockpiece4": [[0.2654690742492676, -0.13835328817367554, -2.7818737030029297], [-19.45287322998047, -13.695731163024902, -55.03361511230469], [-0.4135969281196594, 0.9918517470359802, 0.46200042963027954]], "brockpiece5": [[-0.041326284408569336, 0.024114012718200684, -2.4088568687438965], [-5.006801605224609, 9.352641105651855, 2.245549201965332], [-0.436776340007782, 0.9646992683410645, -0.3259457051753998]], "brockpiece6": [[0.5028284788131714, -0.7091605067253113, -3.743171453475952], [51.663658142089844, -20.823232650756836, 114.5426254272461], [-0.01387631893157959, 0.9064578413963318, -0.06759907305240631]], "brockpiece7": [[0.9522214531898499, -1.1584007740020752, -4.183369159698486], [-161.3409881591797, 5.013701915740967, -106.31253051757812], [-0.016788214445114136, 1.2991664409637451, -0.5754176378250122]], "brockpiece8": [[1.5874239206314087, -1.090684413909912, -5.257090091705322], [-151.00027465820312, -1.3133585453033447, -110.21315002441406], [-0.10184786468744278, 1.4046438932418823, 0.10018877685070038]], "brockpiece9": [[-1.1425880193710327, -0.7753212451934814, -1.5966655015945435], [9.431787490844727, 16.18773078918457, -156.3422393798828], [0.009604007937014103, 0.8276886940002441, 0.4656519293785095]], "brockpiece10": [[0.04276179522275925, -0.25654178857803345, -1.3277065753936768], [15.677898406982422, 6.119247913360596, -174.8378448486328], [0.026453230530023575, 0.7262305021286011, -0.09866398572921753]], "brockpiece11": [[-0.13574635982513428, -0.625573992729187, -2.129321336746216], [-15.388498306274414, -17.473936080932617, 37.20943832397461], [0.023447148501873016, 0.6883174180984497, -0.6239317655563354]], "brockpiece12": [[-0.024733610451221466, -0.1429104208946228, -1.3722625970840454], [-3.2125399112701416, -8.110859870910645, 8.138894081115723], [0.057196881622076035, 0.6268966794013977, -0.06759794801473618]], "brockpiece13": [[-0.04216539114713669, -0.14154362678527832, -0.9469751119613647], [-14.404107093811035, -12.582725524902344, 1.8724795579910278], [0.10751569271087646, 0.33034080266952515, -0.6997447609901428]], "brockpiece14": [[-0.11050724238157272, -0.06427863240242004, -0.9538857340812683], [2.5841586589813232, -9.703208923339844, -6.935153007507324], [0.1765923947095871, 0.3738964796066284, -0.06937721371650696]], "brockpiece15": [[-0.04281878471374512, -0.00016643106937408447, -0.07568792998790741], [-0.012934587895870209, 4.766680717468262, 0.0422508530318737], [0.32439151406288147, 0.17386914789676666, 0.1606941819190979]], "brockpiece16": [[-0.11730965226888657, -0.000522911548614502, -0.30093154311180115], [0.0033200241159647703, -7.429439067840576, -0.0056464518420398235], [0.2422737032175064, 0.13469432294368744, -0.2985038757324219]], "brockpiece17": [[0.09104719012975693, 0.022671163082122803, -0.9264159202575684], [-2.730490207672119, -0.7736583948135376, 26.924734115600586], [0.05579742044210434, 0.8304786086082458, -0.06759888678789139]], "brockpiece18": [[0.05231881141662598, 7.939338684082031e-05, -0.9465550184249878], [-0.00047783309128135443, -4.429593563079834, 0.00027060083812102675], [0.7751116156578064, 1.1647822856903076, 0.4550911784172058]], "brockpiece19": [[0.5853878855705261, -0.7619631886482239, -3.190819263458252], [-157.21115112304688, -13.61874008178711, -67.36378479003906], [0.04745550453662872, 0.8352649807929993, -0.8555060029029846]], "brockpiece20": [[0.11554218083620071, -0.109855055809021, -2.335003614425659], [27.23373794555664, -23.630252838134766, -103.67262268066406], [0.0324799083173275, 0.8903895616531372, 0.1047213077545166]], "brockpiece21": [[0.06788666546344757, 7.975101470947266e-05, -0.993577778339386], [-0.0007499324856325984, -4.429498195648193, -0.00020894491171929985], [0.15945503115653992, 1.6952928304672241, 0.277337908744812]], "brockpiece22": [[-0.2968912720680237, -1.7766177654266357, -6.500743389129639], [152.29901123046875, 9.768572807312012, -31.854080200195312], [0.5310609936714172, 1.9953807592391968, -0.3219248354434967]], "brockpiece23": [[0.14885735511779785, -0.4236665666103363, -2.890817880630493], [-1.5152498483657837, 26.307796478271484, 93.51248168945312], [-0.0681355819106102, 0.8056530356407166, -0.06759854406118393]], "brockpiece24": [[0.05108112096786499, -0.10788041353225708, -2.640756368637085], [-16.807222366333008, 1.0629668235778809, -35.537845611572266], [-0.3838520646095276, 0.746596097946167, 0.4647919237613678]], "brockpiece25": [[-0.2578078508377075, -0.023317992687225342, -2.3927183151245117], [-0.04770669713616371, 1.0524295568466187, -2.5819809436798096], [-1.032001256942749, 0.5244100093841553, 0.6970614790916443]], "brockpiece26": [[-0.7702145576477051, -0.7393655776977539, -1.007277011871338], [7.607177734375, -6.947880268096924, 137.9490966796875], [-0.012171115726232529, 0.7901149392127991, 0.14576949179172516]], "brockpiece27": [[-0.3220859467983246, -0.6671313047409058, -2.9138903617858887], [4.539340019226074, 3.05617618560791, -7.075526237487793], [-0.029545554891228676, 0.7074200510978699, -0.5648927092552185]], "brockpiece28": [[-1.5536831617355347, -0.7846767902374268, -1.91532301902771], [-53.04168701171875, -63.236576080322266, 56.58218765258789], [-0.05280172452330589, 0.875779390335083, 0.7411666512489319]], "brockpiece29": [[0.05274275690317154, -0.3351699411869049, -2.6597824096679688], [-8.360560417175293, -5.708024501800537, -14.658366203308105], [-0.1528574824333191, 0.604702889919281, -0.03537474945187569]], "brockpiece30": [[0.04439815878868103, -0.31935834884643555, -2.552684783935547], [-9.9918794631958, -6.852524280548096, -10.351568222045898], [-0.212638720870018, 0.5194345116615295, -0.6746488809585571]], "brockpiece31": [[-0.05376705527305603, -0.12338912487030029, -2.5638067722320557], [-9.991874694824219, -6.852547645568848, -10.35165786743164], [-0.3032321333885193, 0.4032418727874756, 0.2416532039642334]], "brockpiece32": [[0.07643956691026688, -0.1523231863975525, -2.4107108116149902], [34.95429611206055, 21.968942642211914, 153.06829833984375], [-0.014846060425043106, 0.7332823276519775, -0.067598357796669]], "brockpiece33": [[-0.18842723965644836, 2.7477741241455078e-05, -1.3319653272628784], [-0.005809161812067032, -5.4579668045043945, 0.08794214576482773], [-0.07364655286073685, 0.3388040363788605, 0.1644446849822998]], "brockpiece34": [[-0.05415770784020424, 0.0006279945373535156, -1.2533371448516846], [0.05438702926039696, -9.31371021270752, -0.3200368285179138], [-0.040006935596466064, 0.3192813992500305, -0.5479322671890259]], "brockpiece35": [[0.10603374242782593, -0.15518230199813843, -1.453438639640808], [18.02199935913086, -2.63028883934021, -113.00733947753906], [0.03971529006958008, 0.7414476275444031, -0.4923132658004761]], "brockpiece36": [[-0.026528824120759964, -0.1758212447166443, -1.287784457206726], [-18.397823333740234, -20.526220321655273, -154.52716064453125], [0.04695548489689827, 0.8178877234458923, 0.2522242069244385]], "brockpiece37": [[-1.3225948810577393, -0.8356217741966248, -1.8604190349578857], [-109.85321044921875, -36.086219787597656, 99.91526794433594], [0.018796933814883232, 0.8953180909156799, 0.6815259456634521]],