{"brockpiece0": [[-0.17846229672431946, -0.7898719310760498, -3.4740986824035645], [-129.87362670898438, 80.51136016845703, -132.896240234375], [-0.04771063104271889, 0.8072485327720642, -0.47105833888053894]], "brockpiece1": [[0.29937759041786194, -0.4430919587612152, -3.1222901344299316], [-44.49962615966797, 71.70006561279297, 35.88374710083008], [-0.060903601348400116, 0.894946277141571, 0.4562895596027374]], "brockpiece2": [[0.5856218338012695, -0.8013110756874084, -3.6766622066497803], [-4.6372904777526855, 7.566873550415039, -57.65364074707031], [-0.1568758189678192, 0.8655882477760315, -0.5483085513114929]], "brockpiece3": [[0.17238041758537292, -0.446973979473114, -3.1755552291870117], [-12.46349048614502, 20.836870193481445, 57.34596633911133], [-0.22012151777744293, 0.9278489947319031, 0.3253736197948456]], "brockpiece4": [[0.2646995782852173, -0.10512906312942505, -2.782952308654785], [-31.51045036315918, -11.657841682434082, -47.263919830322266], [-0.4135969281196594, 0.9918517470359802, 0.46200042963027954]], "brockpiece5": [[-0.04731184244155884, 0.02274113893508911, -2.404376268386841], [-4.812184810638428, 9.017783164978027, 2.1565608978271484], [-0.436776340007782, 0.9646992683410645, -0.3259457051753998]], "brockpiece6": [[0.5285236239433289, -0.809136688709259, -3.7666280269622803], [11.784924507141113, 44.96661376953125, 0.78737872838974], [-0.01387631893157959, 0.9064578413963318, -0.06759907305240631]], "brockpiece7": [[0.9536874294281006, -1.1584044694900513, -4.184804916381836], [-161.32676696777344, 5.017085075378418, -106.31179809570312], [-0.016788214445114136, 1.2991664409637451, -0.5754176378250122]], "brockpiece8": [[1.6070386171340942, -1.0946568250656128, -5.227932453155518], [-152.83493041992188, 6.313620567321777, -117.98078155517578], [-0.10184786468744278, 1.4046438932418823, 0.10018877685070038]], "brockpiece9": [[-0.9241605401039124, -0.8024448752403259, -1.5931323766708374], [12.720662117004395, 6.469665050506592, -86.93658447265625], [0.009604007937014103, 0.8276886940002441, 0.4656519293785095]], "brockpiece10": [[0.04527672380208969, -0.2431677281856537, -1.3280861377716064], [14.381916046142578, 5.375279903411865, -172.74929809570312], [0.026453230530023575, 0.7262305021286011, -0.09866398572921753]], "brockpiece11": [[-0.13517795503139496, -0.6248766779899597, -2.1286346912384033], [-14.526152610778809, -17.490121841430664, 35.573612213134766], [0.023447148501873016, 0.6883174180984497, -0.6239317655563354]], "brockpiece12": [[-0.016288630664348602, -0.13809168338775635, -1.3729623556137085], [-3.0167295932769775, -8.37678050994873, 7.622385501861572], [0.057196881622076035, 0.6268966794013977, -0.06759794801473618]], "brockpiece13": [[-0.03877662867307663, -0.13408130407333374, -0.9450221061706543], [-16.230199813842773, -12.206453323364258, 1.6985785961151123], [0.10751569271087646, 0.33034080266952515, -0.6997447609901428]], "brockpiece14": [[-0.10223362594842911, -0.05988353490829468, -0.9564282298088074], [2.242689609527588, -9.441426277160645, -6.895418167114258], [0.1765923947095871, 0.3738964796066284, -0.06937721371650696]], "brockpiece15": [[-0.04225057363510132, -0.0001016855239868164, -0.0751710832118988], [-0.005662792362272739, 4.530290126800537, 0.02185831032693386], [0.32439151406288147, 0.17386914789676666, 0.1606941819190979]], "brockpiece16": [[-0.12229134887456894, -0.0005677342414855957, -0.30575159192085266], [-0.0017434780020266771, -7.839277267456055, 0.024174274876713753], [0.2422737032175064, 0.13469432294368744, -0.2985038757324219]], "brockpiece17": [[0.07953532785177231, 0.04289907217025757, -0.9255024790763855], [-3.0633015632629395, -2.159144639968872, 17.461933135986328], [0.05579742044210434, 0.8304786086082458, -0.06759888678789139]], "brockpiece18": [[0.051730573177337646, 7.617473602294922e-05, -0.9467527270317078], [0.00023120986588764936, -4.430489540100098, 0.00025347457267344], [0.7751116156578064, 1.1647822856903076, 0.4550911784172058]], "brockpiece19": [[0.604444146156311, -0.7596539258956909, -3.175868034362793], [-148.26905822753906, -3.011634588241577, -87.1572265625], [0.04745550453662872, 0.8352649807929993, -0.8555060029029846]], "brockpiece20": [[0.14107561111450195, -0.07072257995605469, -2.3349101543426514], [42.968265533447266, -13.882575988769531, -138.83810424804688], [0.0324799083173275, 0.8903895616531372, 0.1047213077545166]], "brockpiece21": [[0.06730042397975922, 7.677078247070312e-05, -0.9937800765037537], [-9.612333087716252e-05, -4.430201530456543, 0.00034167669946327806], [0.15945503115653992, 1.6952928304672241, 0.277337908744812]], "brockpiece22": [[-0.3021034896373749, -1.770065188407898, -6.50266170501709], [152.4462890625, 10.1465482711792, -31.038402557373047], [0.5310609936714172, 1.9953807592391968, -0.3219248354434967]], "brockpiece23": [[0.148880273103714, -0.42135483026504517, -2.8747007846832275], [-5.84914493560791, 26.126955032348633, 80.38097381591797], [-0.0681355819106102, 0.8056530356407166, -0.06759854406118393]], "brockpiece24": [[0.05563974380493164, -0.10423886775970459, -2.630403995513916], [-17.313854217529297, 1.3327921628952026, -32.81764221191406], [-0.3838520646095276, 0.746596097946167, 0.4647919237613678]], "brockpiece25": [[-0.2527616024017334, -0.021928071975708008, -2.394510269165039], [0.09571676701307297, 0.9726130962371826, -2.494661808013916], [-1.032001256942749, 0.5244100093841553, 0.6970614790916443]], "brockpiece26": [[-0.7677127122879028, -0.7254919409751892, -1.0836389064788818], [-36.542415618896484, 26.831157684326172, 116.36975860595703], [-0.012171115726232529, 0.7901149392127991, 0.14576949179172516]], "brockpiece27": [[-0.3225768506526947, -0.6677027344703674, -2.9133386611938477], [4.457510948181152, 3.2161645889282227, -9.033952713012695], [-0.029545554891228676, 0.7074200510978699, -0.5648927092552185]], "brockpiece28": [[-1.4847214221954346, -0.7828260660171509, -1.809171438217163], [-27.84312629699707, -8.529555320739746, 57.03684616088867], [-0.05280172452330589, 0.875779390335083, 0.7411666512489319]], "brockpiece29": [[0.05243195593357086, -0.3302406370639801, -2.658013343811035], [-9.050162315368652, -4.968040466308594, -13.36918830871582], [-0.1528574824333191, 0.604702889919281, -0.03537474945187569]], "brockpiece30": [[0.048984378576278687, -0.31955546140670776, -2.551510810852051], [-9.76212215423584, -6.933389663696289, -11.43460464477539], [-0.212638720870018, 0.5194345116615295, -0.6746488809585571]], "brockpiece31": [[-0.04964521527290344, -0.12340188026428223, -2.5627505779266357], [-9.762101173400879, -6.933411121368408, -11.43471622467041], [-0.3032321333885193, 0.4032418727874756, 0.2416532039642334]], "brockpiece32": [[0.07141805440187454, -0.149452805519104, -2.405010223388672], [33.722957611083984, 24.062429428100586, 148.4158172607422], [-0.014846060425043106, 0.7332823276519775, -0.067598357796669]], "brockpiece33": [[-0.18068403005599976, 0.00016304850578308105, -1.3364635705947876], [-0.01340138353407383, -4.9449567794799805, 0.14550699293613434], [-0.07364655286073685, 0.3388040363788605, 0.1644446849822998]], "brockpiece34": [[-0.051823411136865616, 0.0026502013206481934, -1.2492742538452148], [-0.22420252859592438, -8.500229835510254, -0.3342086374759674], [-0.040006935596466064, 0.3192813992500305, -0.5479322671890259]], "brockpiece35": [[0.003198925405740738, -0.13470661640167236, -1.4889370203018188], [-15.938823699951172, -13.521252632141113, 9.082834243774414], [0.03971529006958008, 0.7414476275444031, -0.4923132658004761]], "brockpiece36": [[-0.03141568973660469, -0.15694737434387207, -1.293046474456787], [-20.64145851135254, -24.749374389648438, -151.13677978515625], [0.04695548489689827, 0.8178877234458923, 0.2522242069244385]], "brockpiece37": [[-1.289624571800232, -0.8474695682525635, -1.886117935180664], [-102.36199188232422, -6.908234596252441, 79.32426452636719], [0.018796933814883232, 0.8953180909156799, 0.6815259456634521]],