{"brockpiece0": [[-0.178331196308136, -0.7874037027359009, -3.4704742431640625], [145.95651245117188, 82.00144958496094, 142.9676055908203], [-0.04771063104271889, 0.8072485327720642, -0.47105833888053894]], "brockpiece1": [[0.27824199199676514, -0.4517227113246918, -3.0865159034729004], [-33.313961029052734, 67.275146484375, 51.07986068725586], [-0.060903601348400116, 0.894946277141571, 0.4562895596027374]], "brockpiece2": [[0.5802018046379089, -0.8018900156021118, -3.6764233112335205], [-4.425187587738037, 8.526737213134766, -51.99775695800781], [-0.1568758189678192, 0.8655882477760315, -0.5483085513114929]], "brockpiece3": [[0.17566491663455963, -0.4640570282936096, -3.185159921646118], [-14.167536735534668, 18.67753028869629, 50.685550689697266], [-0.22012151777744293, 0.9278489947319031, 0.3253736197948456]], "brockpiece4": [[0.2703093886375427, -0.12918603420257568, -2.7849783897399902], [-24.75051498413086, -12.542098045349121, -53.036991119384766], [-0.4135969281196594, 0.9918517470359802, 0.46200042963027954]], "brockpiece5": [[-0.04223164916038513, 0.02445054054260254, -2.407245635986328], [-5.001349449157715, 9.395845413208008, 2.250971794128418], [-0.436776340007782, 0.9646992683410645, -0.3259457051753998]], "brockpiece6": [[0.519943356513977, -0.724909782409668, -3.7579457759857178], [53.19120788574219, -4.178882122039795, 100.3436050415039], [-0.01387631893157959, 0.9064578413963318, -0.06759907305240631]], "brockpiece7": [[0.9525830149650574, -1.158406138420105, -4.183842658996582], [-161.3301544189453, 5.016892433166504, -106.31179809570312], [-0.016788214445114136, 1.2991664409637451, -0.5754176378250122]], "brockpiece8": [[1.5854203701019287, -1.0895802974700928, -5.256513595581055], [-151.000244140625, -1.9393302202224731, -109.72079467773438], [-0.10184786468744278, 1.4046438932418823, 0.10018877685070038]], "brockpiece9": [[-1.135955810546875, -0.747973620891571, -1.5927900075912476], [7.3003435134887695, -2.6329925060272217, 159.6093292236328], [0.009604007937014103, 0.8276886940002441, 0.4656519293785095]], "brockpiece10": [[0.04330360144376755, -0.25239813327789307, -1.3274000883102417], [15.005578994750977, 5.924118518829346, -174.5068359375], [0.026453230530023575, 0.7262305021286011, -0.09866398572921753]], "brockpiece11": [[-0.1336107850074768, -0.6246027946472168, -2.1281425952911377], [-14.615913391113281, -18.151111602783203, 34.92057800292969], [0.023447148501873016, 0.6883174180984497, -0.6239317655563354]], "brockpiece12": [[-0.022161826491355896, -0.14109787344932556, -1.373241662979126], [-3.0163588523864746, -8.302797317504883, 7.623441219329834], [0.057196881622076035, 0.6268966794013977, -0.06759794801473618]], "brockpiece13": [[-0.042175181210041046, -0.1400710642337799, -0.945337176322937], [-14.601713180541992, -12.519326210021973, 1.3416075706481934], [0.10751569271087646, 0.33034080266952515, -0.6997447609901428]], "brockpiece14": [[-0.10808362811803818, -0.06271317601203918, -0.9554231762886047], [2.448267698287964, -9.632380485534668, -6.786843776702881], [0.1765923947095871, 0.3738964796066284, -0.06937721371650696]], "brockpiece15": [[-0.042725831270217896, -0.0001787245273590088, -0.07553966343402863], [-8.24550625111442e-06, 4.717428207397461, 8.224090561270714e-05], [0.32439151406288147, 0.17386914789676666, 0.1606941819190979]], "brockpiece16": [[-0.11966345459222794, -0.0004278719425201416, -0.3043877184391022], [-0.004155722912400961, -7.619246006011963, 0.05938003212213516], [0.2422737032175064, 0.13469432294368744, -0.2985038757324219]], "brockpiece17": [[0.08962824195623398, 0.026044607162475586, -0.9247331023216248], [-2.458986759185791, -1.5049136877059937, 20.631420135498047], [0.05579742044210434, 0.8304786086082458, -0.06759888678789139]], "brockpiece18": [[0.05203711986541748, 8.022785186767578e-05, -0.9464821815490723], [0.00022778463608119637, -4.430787086486816, 0.00022778463608119637], [0.7751116156578064, 1.1647822856903076, 0.4550911784172058]], "brockpiece19": [[0.5904605984687805, -0.7608395218849182, -3.1871280670166016], [-153.21148681640625, -11.619470596313477, -73.34469604492188], [0.04745550453662872, 0.8352649807929993, -0.8555060029029846]], "brockpiece20": [[0.12195133417844772, -0.09906083345413208, -2.329486608505249], [29.971248626708984, -21.717172622680664, -114.0782699584961], [0.0324799083173275, 0.8903895616531372, 0.1047213077545166]], "brockpiece21": [[0.06760716438293457, 8.106231689453125e-05, -0.9935123324394226], [2.487501621246338, 8.41366958618164, 158.04537963867188], [0.15945503115653992, 1.6952928304672241, 0.277337908744812]], "brockpiece22": [[-0.2967599630355835, -1.7766332626342773, -6.500462532043457], [152.31103515625, 9.749773979187012, -31.849397659301758], [0.5310609936714172, 1.9953807592391968, -0.3219248354434967]], "brockpiece23": [[0.14873218536376953, -0.42278149724006653, -2.885190486907959], [-2.376512050628662, 26.630300521850586, 90.80451202392578], [-0.0681355819106102, 0.8056530356407166, -0.06759854406118393]], "brockpiece24": [[0.05238807201385498, -0.10705220699310303, -2.6376638412475586], [-16.82464027404785, 1.0827624797821045, -35.362762451171875], [-0.3838520646095276, 0.746596097946167, 0.4647919237613678]], "brockpiece25": [[-0.25620484352111816, -0.022942781448364258, -2.393402099609375], [-0.05018886923789978, 0.9870712161064148, -2.539726734161377], [-1.032001256942749, 0.5244100093841553, 0.6970614790916443]], "brockpiece26": [[-0.7865325808525085, -0.7519102096557617, -1.0291354656219482], [-5.407571792602539, 23.225053787231445, 159.7383270263672], [-0.012171115726232529, 0.7901149392127991, 0.14576949179172516]], "brockpiece27": [[-0.322514146566391, -0.6673585176467896, -2.913907527923584], [4.521169185638428, 3.058039665222168, -7.870364665985107], [-0.029545554891228676, 0.7074200510978699, -0.5648927092552185]], "brockpiece28": [[-1.5597506761550903, -0.8104202151298523, -1.8732630014419556], [80.50259399414062, 9.605606079101562, -66.00151062011719], [-0.05280172452330589, 0.875779390335083, 0.7411666512489319]], "brockpiece29": [[0.052670106291770935, -0.3346089720726013, -2.658930778503418], [-8.46921443939209, -5.550067901611328, -14.572270393371582], [-0.1528574824333191, 0.604702889919281, -0.03537474945187569]], "brockpiece30": [[0.04568535089492798, -0.319393515586853, -2.552424430847168], [-9.925345420837402, -6.877227783203125, -10.66663646697998], [-0.212638720870018, 0.5194345116615295, -0.6746488809585571]], "brockpiece31": [[-0.052626073360443115, -0.12336713075637817, -2.5635838508605957], [-9.925328254699707, -6.877237796783447, -10.666740417480469], [-0.3032321333885193, 0.4032418727874756, 0.2416532039642334]], "brockpiece32": [[0.07351050525903702, -0.14973437786102295, -2.4075536727905273], [35.135223388671875, 22.089000701904297, 153.0293731689453], [-0.014846060425043106, 0.7332823276519775, -0.067598357796669]], "brockpiece33": [[-0.18603071570396423, -0.00020617246627807617, -1.333119511604309], [-0.005321985110640526, -5.289627552032471, 0.011789169162511826], [-0.07364655286073685, 0.3388040363788605, 0.1644446849822998]], "brockpiece34": [[-0.05339561775326729, 0.0010921657085418701, -1.2526135444641113], [0.0892973244190216, -9.142794609069824, -0.5279685258865356], [-0.040006935596466064, 0.3192813992500305, -0.5479322671890259]], "brockpiece35": [[0.09296692907810211, -0.1470683217048645, -1.458377480506897], [19.02348518371582, -7.534763336181641, -98.42351531982422], [0.03971529006958008, 0.7414476275444031, -0.4923132658004761]], "brockpiece36": [[-0.028394127264618874, -0.169752299785614, -1.2923158407211304], [-20.70885467529297, -22.696863174438477, -153.30014038085938], [0.04695548489689827, 0.8178877234458923, 0.2522242069244385]], "brockpiece37": [[-1.3083827495574951, -0.837753415107727, -1.8620493412017822], [-105.48736572265625, -37.40269088745117, 94.82049560546875], [0.018796933814883232, 0.8953180909156799, 0.6815259456634521]],