{"brockpiece0": [[-0.17508256435394287, -0.7469104528427124, -3.4273838996887207], [98.36322021484375, 22.56136131286621, 94.18276977539062], [-0.04771063104271889, 0.8072485327720642, -0.47105833888053894]], "brockpiece1": [[0.17310725152492523, -0.28003478050231934, -3.0922036170959473], [16.75235939025879, 56.24082946777344, 121.46273040771484], [-0.060903601348400116, 0.894946277141571, 0.4562895596027374]], "brockpiece2": [[0.5836688876152039, -0.8018724918365479, -3.6739814281463623], [-4.171651840209961, 8.220876693725586, -52.55740737915039], [-0.1568758189678192, 0.8655882477760315, -0.5483085513114929]], "brockpiece3": [[0.17968083918094635, -0.4201166033744812, -3.1600286960601807], [-12.968462944030762, 21.92385482788086, 62.634925842285156], [-0.22012151777744293, 0.9278489947319031, 0.3253736197948456]], "brockpiece4": [[0.2566632628440857, -0.08614253997802734, -2.7430191040039062], [-21.741090774536133, -2.6819751262664795, -49.00070571899414], [-0.4135969281196594, 0.9918517470359802, 0.46200042963027954]], "brockpiece5": [[-0.04976391792297363, 0.02737867832183838, -2.3989078998565674], [-5.110925197601318, 8.959918975830078, 1.592148780822754], [-0.436776340007782, 0.9646992683410645, -0.3259457051753998]], "brockpiece6": [[0.44577890634536743, -0.8108879327774048, -3.747553586959839], [-30.395885467529297, 33.13042449951172, -63.741695404052734], [-0.01387631893157959, 0.9064578413963318, -0.06759907305240631]], "brockpiece7": [[0.9528193473815918, -1.1573796272277832, -4.1875], [-161.05291748046875, 4.369140625, -105.69084930419922], [-0.016788214445114136, 1.2991664409637451, -0.5754176378250122]], "brockpiece8": [[1.5442209243774414, -1.0618338584899902, -5.2694268226623535], [-151.18174743652344, -5.741869926452637, -100.32402801513672], [-0.10184786468744278, 1.4046438932418823, 0.10018877685070038]], "brockpiece9": [[-1.0407555103302002, -0.7432639002799988, -1.621241807937622], [10.685277938842773, 3.055314540863037, 35.94236373901367], [0.009604007937014103, 0.8276886940002441, 0.4656519293785095]], "brockpiece10": [[0.04602783918380737, -0.2413044273853302, -1.3275501728057861], [14.694528579711914, 5.594775676727295, -174.7574920654297], [0.026453230530023575, 0.7262305021286011, -0.09866398572921753]], "brockpiece11": [[-0.134309783577919, -0.6216177940368652, -2.126709222793579], [-10.787657737731934, -18.72772216796875, 26.320425033569336], [0.023447148501873016, 0.6883174180984497, -0.6239317655563354]], "brockpiece12": [[-0.014258120208978653, -0.13766753673553467, -1.373358130455017], [-3.05621600151062, -8.273820877075195, 7.345508098602295], [0.057196881622076035, 0.6268966794013977, -0.06759794801473618]], "brockpiece13": [[-0.037610337138175964, -0.13280999660491943, -0.9446697235107422], [-16.596410751342773, -11.92979621887207, 1.7634220123291016], [0.10751569271087646, 0.33034080266952515, -0.6997447609901428]], "brockpiece14": [[-0.09821955859661102, -0.058247655630111694, -0.95921391248703], [2.055309534072876, -9.293811798095703, -6.986709117889404], [0.1765923947095871, 0.3738964796066284, -0.06937721371650696]], "brockpiece15": [[-0.04207852482795715, -0.0001243501901626587, -0.0745484009385109], [-0.036242615431547165, 4.401741027832031, 0.15376420319080353], [0.32439151406288147, 0.17386914789676666, 0.1606941819190979]], "brockpiece16": [[-0.1250641942024231, -0.0009107440710067749, -0.3095533549785614], [-0.015222207643091679, -8.132972717285156, 0.020588360726833344], [0.2422737032175064, 0.13469432294368744, -0.2985038757324219]], "brockpiece17": [[0.07498232275247574, 0.049920737743377686, -0.9287161231040955], [-2.6064364910125732, -3.026651620864868, 11.66939640045166], [0.05579742044210434, 0.8304786086082458, -0.06759888678789139]], "brockpiece18": [[0.05168497562408447, 8.094310760498047e-05, -0.9466763734817505], [0.00020551988563966006, -4.430566310882568, 0.00037164849345572293], [0.7751116156578064, 1.1647822856903076, 0.4550911784172058]], "brockpiece19": [[0.6138561964035034, -0.7602342367172241, -3.1591076850891113], [-139.38531494140625, 7.331523418426514, -98.28660583496094], [0.04745550453662872, 0.8352649807929993, -0.8555060029029846]], "brockpiece20": [[0.10974641889333725, -0.11988258361816406, -2.274378776550293], [-5.002082824707031, -23.07203483581543, -50.316349029541016], [0.0324799083173275, 0.8903895616531372, 0.1047213077545166]], "brockpiece21": [[0.06725423038005829, 8.106231689453125e-05, -0.9937034249305725], [2.7830810722662136e-06, -4.43027925491333, 0.0004375859862193465], [0.15945503115653992, 1.6952928304672241, 0.277337908744812]], "brockpiece22": [[-0.32226836681365967, -1.7543176412582397, -6.499503135681152], [153.10667419433594, 10.518024444580078, -28.494640350341797], [0.5310609936714172, 1.9953807592391968, -0.3219248354434967]], "brockpiece23": [[0.1573072373867035, -0.44046419858932495, -2.8410181999206543], [-17.985017776489258, 19.325023651123047, 48.23872375488281], [-0.0681355819106102, 0.8056530356407166, -0.06759854406118393]], "brockpiece24": [[0.06435301899909973, -0.09287071228027344, -2.622020959854126], [-18.252254486083984, 2.029386520385742, -30.885879516601562], [-0.3838520646095276, 0.746596097946167, 0.4647919237613678]], "brockpiece25": [[-0.2566007375717163, -0.010300755500793457, -2.396392822265625], [0.14447113871574402, 0.15091155469417572, -1.1026936769485474], [-1.032001256942749, 0.5244100093841553, 0.6970614790916443]], "brockpiece26": [[-0.9435975551605225, -0.6505700945854187, -1.2635114192962646], [10.054503440856934, 20.209909439086914, -35.85478210449219], [-0.012171115726232529, 0.7901149392127991, 0.14576949179172516]], "brockpiece27": [[-0.32358020544052124, -0.6691689491271973, -2.913425922393799], [4.392399311065674, 2.772991895675659, -13.299253463745117], [-0.029545554891228676, 0.7074200510978699, -0.5648927092552185]], "brockpiece28": [[-1.383522868156433, -0.8388617038726807, -1.7370450496673584], [23.43580436706543, 35.50363540649414, -146.04481506347656], [-0.05280172452330589, 0.875779390335083, 0.7411666512489319]], "brockpiece29": [[0.05495560169219971, -0.324495792388916, -2.654954671859741], [-10.018070220947266, -4.718140602111816, -13.760547637939453], [-0.1528574824333191, 0.604702889919281, -0.03537474945187569]], "brockpiece30": [[0.04757240414619446, -0.31830310821533203, -2.550920009613037], [-9.702908515930176, -6.917564392089844, -13.6926851272583], [-0.212638720870018, 0.5194345116615295, -0.6746488809585571]], "brockpiece31": [[-0.04774761199951172, -0.11574053764343262, -2.562063217163086], [-9.702881813049316, -6.917579650878906, -13.69279956817627], [-0.3032321333885193, 0.4032418727874756, 0.2416532039642334]], "brockpiece32": [[0.05694238469004631, -0.14534622430801392, -2.402292490005493], [37.25278091430664, 19.05799102783203, 157.8308563232422], [-0.014846060425043106, 0.7332823276519775, -0.067598357796669]], "brockpiece33": [[-0.17812204360961914, -0.00025656819343566895, -1.3391375541687012], [-0.009715567342936993, -4.5662360191345215, 0.07561203092336655], [-0.07364655286073685, 0.3388040363788605, 0.1644446849822998]], "brockpiece34": [[-0.05035381391644478, 0.00421944260597229, -1.2480673789978027], [-0.3197869062423706, -8.571033477783203, -0.6029896140098572], [-0.040006935596466064, 0.3192813992500305, -0.5479322671890259]], "brockpiece35": [[-0.002914693206548691, -0.11073362827301025, -1.4924618005752563], [-16.186359405517578, 2.250810146331787, 51.18605041503906], [0.03971529006958008, 0.7414476275444031, -0.4923132658004761]], "brockpiece36": [[-0.0324762798845768, -0.1469859480857849, -1.2953470945358276], [-17.471088409423828, -24.21233367919922, -148.75640869140625], [0.04695548489689827, 0.8178877234458923, 0.2522242069244385]], "brockpiece37": [[-1.2216752767562866, -0.8645181059837341, -1.897585391998291], [-146.0134735107422, 10.07568645477295, 44.13315200805664], [0.018796933814883232, 0.8953180909156799, 0.6815259456634521]],