{"brockpiece0": [[-0.17723077535629272, -0.7649220824241638, -3.451572895050049], [101.88105010986328, 49.04578399658203, 98.28429412841797], [-0.04771063104271889, 0.8072485327720642, -0.47105833888053894]], "brockpiece1": [[0.2757202088832855, -0.451066255569458, -3.093228816986084], [-23.316713333129883, 70.43862915039062, 62.44322967529297], [-0.060903601348400116, 0.894946277141571, 0.4562895596027374]], "brockpiece2": [[0.5807780623435974, -0.8018184304237366, -3.676306962966919], [-4.517895221710205, 8.45352554321289, -52.725982666015625], [-0.1568758189678192, 0.8655882477760315, -0.5483085513114929]], "brockpiece3": [[0.1771579086780548, -0.4683963358402252, -3.188735008239746], [-14.60126781463623, 18.077211380004883, 48.87961959838867], [-0.22012151777744293, 0.9278489947319031, 0.3253736197948456]], "brockpiece4": [[0.2660496234893799, -0.13647282123565674, -2.7826716899871826], [-20.83244514465332, -13.28277587890625, -54.47959899902344], [-0.4135969281196594, 0.9918517470359802, 0.46200042963027954]], "brockpiece5": [[-0.04141587018966675, 0.024293720722198486, -2.4083030223846436], [-5.008528232574463, 9.382359504699707, 2.2476537227630615], [-0.436776340007782, 0.9646992683410645, -0.3259457051753998]], "brockpiece6": [[0.5017055869102478, -0.7088228464126587, -3.7426857948303223], [52.1168327331543, -20.45774269104004, 114.32007598876953], [-0.01387631893157959, 0.9064578413963318, -0.06759907305240631]], "brockpiece7": [[0.9522526860237122, -1.1584014892578125, -4.183799743652344], [-161.34681701660156, 5.010913372039795, -106.3143539428711], [-0.016788214445114136, 1.2991664409637451, -0.5754176378250122]], "brockpiece8": [[1.5859609842300415, -1.090287446975708, -5.257760047912598], [-150.9378662109375, -1.6125872135162354, -109.94657897949219], [-0.10184786468744278, 1.4046438932418823, 0.10018877685070038]], "brockpiece9": [[-1.1402281522750854, -0.7699447274208069, -1.5955625772476196], [10.004401206970215, 8.543231010437012, 178.30587768554688], [0.009604007937014103, 0.8276886940002441, 0.4656519293785095]], "brockpiece10": [[0.04270654916763306, -0.2558788061141968, -1.3272104263305664], [15.423129081726074, 6.035820007324219, -175.28643798828125], [0.026453230530023575, 0.7262305021286011, -0.09866398572921753]], "brockpiece11": [[-0.13531868159770966, -0.6252999901771545, -2.1289753913879395], [-15.21310043334961, -17.66329002380371, 36.6200065612793], [0.023447148501873016, 0.6883174180984497, -0.6239317655563354]], "brockpiece12": [[-0.024226229637861252, -0.1430528461933136, -1.372370958328247], [-3.213883876800537, -8.093596458435059, 8.104857444763184], [0.057196881622076035, 0.6268966794013977, -0.06759794801473618]], "brockpiece13": [[-0.04250863194465637, -0.1408057063817978, -0.946722149848938], [-14.537657737731934, -12.647103309631348, 1.6220307350158691], [0.10751569271087646, 0.33034080266952515, -0.6997447609901428]], "brockpiece14": [[-0.10998766124248505, -0.06435626745223999, -0.9538671374320984], [2.5244643688201904, -9.66390609741211, -6.889655590057373], [0.1765923947095871, 0.3738964796066284, -0.06937721371650696]], "brockpiece15": [[-0.042838484048843384, -0.00017383694648742676, -0.07559271156787872], [0.0022475398145616055, 4.7493696212768555, 0.009865936823189259], [0.32439151406288147, 0.17386914789676666, 0.1606941819190979]], "brockpiece16": [[-0.11799243837594986, -0.0007923543453216553, -0.30179181694984436], [-0.006394125055521727, -7.510413646697998, 0.04374701902270317], [0.2422737032175064, 0.13469432294368744, -0.2985038757324219]], "brockpiece17": [[0.09068601578474045, 0.023942172527313232, -0.9262136816978455], [-2.6545424461364746, -0.8737319111824036, 25.570289611816406], [0.05579742044210434, 0.8304786086082458, -0.06759888678789139]], "brockpiece18": [[0.05226480960845947, 8.726119995117188e-05, -0.9465405344963074], [-0.00045899426913820207, -4.430296897888184, 0.00010961056250380352], [0.7751116156578064, 1.1647822856903076, 0.4550911784172058]], "brockpiece19": [[0.5872302651405334, -0.7615206837654114, -3.1896109580993652], [-156.0508270263672, -12.953226089477539, -69.35477447509766], [0.04745550453662872, 0.8352649807929993, -0.8555060029029846]], "brockpiece20": [[0.11654693633317947, -0.1073535680770874, -2.3326385021209717], [27.6312313079834, -22.321191787719727, -106.48262023925781], [0.0324799083173275, 0.8903895616531372, 0.1047213077545166]], "brockpiece21": [[0.067835733294487, 8.7738037109375e-05, -0.9935715198516846], [2.48626708984375, 8.413494110107422, 158.0453338623047], [0.15945503115653992, 1.6952928304672241, 0.277337908744812]], "brockpiece22": [[-0.2970775365829468, -1.776614785194397, -6.500714302062988], [152.3060760498047, 9.755834579467773, -31.85454750061035], [0.5310609936714172, 1.9953807592391968, -0.3219248354434967]], "brockpiece23": [[0.14732466638088226, -0.42167413234710693, -2.890551805496216], [-1.219301700592041, 26.387426376342773, 93.6648941040039], [-0.0681355819106102, 0.8056530356407166, -0.06759854406118393]], "brockpiece24": [[0.05118951201438904, -0.1078101396560669, -2.640568733215332], [-16.788724899291992, 1.0473161935806274, -35.573856353759766], [-0.3838520646095276, 0.746596097946167, 0.4647919237613678]], "brockpiece25": [[-0.25753486156463623, -0.02323049306869507, -2.3930013179779053], [-0.04727623239159584, 1.0466980934143066, -2.5711989402770996], [-1.032001256942749, 0.5244100093841553, 0.6970614790916443]], "brockpiece26": [[-0.7812840342521667, -0.7456563115119934, -1.013236403465271], [2.4626588821411133, -0.07095418125391006, 147.63011169433594], [-0.012171115726232529, 0.7901149392127991, 0.14576949179172516]], "brockpiece27": [[-0.32227447628974915, -0.6671916246414185, -2.913778305053711], [4.541018009185791, 3.0618131160736084, -7.2070441246032715], [-0.029545554891228676, 0.7074200510978699, -0.5648927092552185]], "brockpiece28": [[-1.553973913192749, -0.7983893156051636, -1.8580025434494019], [39.39293670654297, -66.34528350830078, -28.913618087768555], [-0.05280172452330589, 0.875779390335083, 0.7411666512489319]], "brockpiece29": [[0.05258697271347046, -0.3352002203464508, -2.659501791000366], [-8.370664596557617, -5.685870170593262, -14.683916091918945], [-0.1528574824333191, 0.604702889919281, -0.03537474945187569]], "brockpiece30": [[0.04456661641597748, -0.3193826377391815, -2.552907943725586], [-9.982759475708008, -6.857120513916016, -10.389681816101074], [-0.212638720870018, 0.5194345116615295, -0.6746488809585571]], "brockpiece31": [[-0.053644388914108276, -0.12341931462287903, -2.564040184020996], [-9.982731819152832, -6.857141017913818, -10.389816284179688], [-0.3032321333885193, 0.4032418727874756, 0.2416532039642334]], "brockpiece32": [[0.07591931521892548, -0.1510959267616272, -2.4100706577301025], [34.815738677978516, 22.06897735595703, 152.8121337890625], [-0.014846060425043106, 0.7332823276519775, -0.067598357796669]], "brockpiece33": [[-0.18786314129829407, -9.721517562866211e-05, -1.3321118354797363], [-0.0019989667925983667, -5.392412185668945, 0.0531071275472641], [-0.07364655286073685, 0.3388040363788605, 0.1644446849822998]], "brockpiece34": [[-0.05399515852332115, 0.0007450282573699951, -1.253286361694336], [0.06700964272022247, -9.3001070022583, -0.37902793288230896], [-0.040006935596466064, 0.3192813992500305, -0.5479322671890259]], "brockpiece35": [[0.10383173823356628, -0.1545475721359253, -1.454582691192627], [18.81856918334961, -3.5137619972229004, -111.20720672607422], [0.03971529006958008, 0.7414476275444031, -0.4923132658004761]], "brockpiece36": [[-0.028616808354854584, -0.17437463998794556, -1.2884258031845093], [-19.528669357299805, -21.727230072021484, -154.6748046875], [0.04695548489689827, 0.8178877234458923, 0.2522242069244385]], "brockpiece37": [[-1.3192914724349976, -0.8349593281745911, -1.8626465797424316], [-108.1648178100586, -34.01777648925781, 97.74021911621094], [0.018796933814883232, 0.8953180909156799, 0.6815259456634521]],