{"brockpiece0": [[-0.17701035737991333, -0.7620961666107178, -3.4484663009643555], [101.07036590576172, 45.01405715942383, 97.3930892944336], [-0.04771063104271889, 0.8072485327720642, -0.47105833888053894]], "brockpiece1": [[0.2757725417613983, -0.45147329568862915, -3.0917887687683105], [-22.38909149169922, 70.36731719970703, 63.3690071105957], [-0.060903601348400116, 0.894946277141571, 0.4562895596027374]], "brockpiece2": [[0.5808083415031433, -0.8018320798873901, -3.676356554031372], [-4.522551536560059, 8.43578815460205, -52.78797149658203], [-0.1568758189678192, 0.8655882477760315, -0.5483085513114929]], "brockpiece3": [[0.1774604320526123, -0.4687778949737549, -3.1889913082122803], [-14.670568466186523, 17.971920013427734, 48.56568908691406], [-0.22012151777744293, 0.9278489947319031, 0.3253736197948456]], "brockpiece4": [[0.2658909559249878, -0.13681763410568237, -2.782252311706543], [-20.487932205200195, -13.410515785217285, -54.6192626953125], [-0.4135969281196594, 0.9918517470359802, 0.46200042963027954]], "brockpiece5": [[-0.04136347770690918, 0.024260222911834717, -2.4083330631256104], [-5.0076904296875, 9.372254371643066, 2.2424964904785156], [-0.436776340007782, 0.9646992683410645, -0.3259457051753998]], "brockpiece6": [[0.5018484592437744, -0.7089813351631165, -3.742506980895996], [51.91680145263672, -20.702468872070312, 114.52233123779297], [-0.01387631893157959, 0.9064578413963318, -0.06759907305240631]], "brockpiece7": [[0.9522011280059814, -1.1584014892578125, -4.183616638183594], [-161.34466552734375, 5.012738227844238, -106.31269073486328], [-0.016788214445114136, 1.2991664409637451, -0.5754176378250122]], "brockpiece8": [[1.5865095853805542, -1.0904405117034912, -5.257406711578369], [-150.96664428710938, -1.4919123649597168, -110.05469512939453], [-0.10184786468744278, 1.4046438932418823, 0.10018877685070038]], "brockpiece9": [[-1.1414457559585571, -0.7712246179580688, -1.5952261686325073], [8.979887962341309, 10.287561416625977, -177.2187957763672], [0.009604007937014103, 0.8276886940002441, 0.4656519293785095]], "brockpiece10": [[0.04266113042831421, -0.2560536861419678, -1.3273452520370483], [15.418659210205078, 6.074863910675049, -175.1132354736328], [0.026453230530023575, 0.7262305021286011, -0.09866398572921753]], "brockpiece11": [[-0.13566875457763672, -0.6254420280456543, -2.129154682159424], [-15.3382568359375, -17.563196182250977, 36.96849060058594], [0.023447148501873016, 0.6883174180984497, -0.6239317655563354]], "brockpiece12": [[-0.02418084442615509, -0.1431260108947754, -1.3725966215133667], [-3.1982791423797607, -8.111347198486328, 8.067581176757812], [0.057196881622076035, 0.6268966794013977, -0.06759794801473618]], "brockpiece13": [[-0.042341090738773346, -0.14089560508728027, -0.9470236301422119], [-14.441751480102539, -12.573782920837402, 1.6677902936935425], [0.10751569271087646, 0.33034080266952515, -0.6997447609901428]], "brockpiece14": [[-0.11000116914510727, -0.06438913941383362, -0.9541125893592834], [2.5471339225769043, -9.664681434631348, -7.00632905960083], [0.1765923947095871, 0.3738964796066284, -0.06937721371650696]], "brockpiece15": [[-0.04299741983413696, -0.00015400350093841553, -0.07564001530408859], [-0.009537705220282078, 4.757049083709717, 0.06165681406855583], [0.32439151406288147, 0.17386914789676666, 0.1606941819190979]], "brockpiece16": [[-0.11753307282924652, -0.0006873160600662231, -0.3012802302837372], [0.0011676099384203553, -7.4636335372924805, -0.021855661645531654], [0.2422737032175064, 0.13469432294368744, -0.2985038757324219]], "brockpiece17": [[0.09033133834600449, 0.023223400115966797, -0.9259864091873169], [-2.6777231693267822, -0.871148943901062, 25.99492073059082], [0.05579742044210434, 0.8304786086082458, -0.06759888678789139]], "brockpiece18": [[0.052240192890167236, 8.845329284667969e-05, -0.9465002417564392], [0.00030656694434583187, -4.429983615875244, -0.0002860149252228439], [0.7751116156578064, 1.1647822856903076, 0.4550911784172058]], "brockpiece19": [[0.5867918729782104, -0.7616579532623291, -3.1899914741516113], [-156.34017944335938, -13.131935119628906, -68.871826171875], [0.04745550453662872, 0.8352649807929993, -0.8555060029029846]], "brockpiece20": [[0.11623526364564896, -0.10820180177688599, -2.3330023288726807], [27.586275100708008, -22.679702758789062, -105.75108337402344], [0.0324799083173275, 0.8903895616531372, 0.1047213077545166]], "brockpiece21": [[0.0678107738494873, 9.21487808227539e-05, -0.993522584438324], [0.00021376188669819385, -4.429854869842529, 1.3701315765501931e-05], [0.15945503115653992, 1.6952928304672241, 0.277337908744812]], "brockpiece22": [[-0.2970234453678131, -1.776613712310791, -6.500851154327393], [152.3061065673828, 9.75771713256836, -31.853012084960938], [0.5310609936714172, 1.9953807592391968, -0.3219248354434967]], "brockpiece23": [[0.14757660031318665, -0.4220023453235626, -2.890864610671997], [-1.200497031211853, 26.37937355041504, 93.96148681640625], [-0.0681355819106102, 0.8056530356407166, -0.06759854406118393]], "brockpiece24": [[0.05116811394691467, -0.10780179500579834, -2.6405136585235596], [-16.790260314941406, 1.045871376991272, -35.56108093261719], [-0.3838520646095276, 0.746596097946167, 0.4647919237613678]], "brockpiece25": [[-0.25759661197662354, -0.023225724697113037, -2.392972946166992], [-0.04404854774475098, 1.0555975437164307, -2.5717926025390625], [-1.032001256942749, 0.5244100093841553, 0.6970614790916443]], "brockpiece26": [[-0.7817015647888184, -0.7448358535766602, -1.012343168258667], [4.601311206817627, -1.6946847438812256, 144.840087890625], [-0.012171115726232529, 0.7901149392127991, 0.14576949179172516]], "brockpiece27": [[-0.32216668128967285, -0.6671810150146484, -2.9137940406799316], [4.536358833312988, 3.058239459991455, -7.149221420288086], [-0.029545554891228676, 0.7074200510978699, -0.5648927092552185]], "brockpiece28": [[-1.5519028902053833, -0.7890892028808594, -1.8732995986938477], [18.771068572998047, -70.71693420410156, -11.584494590759277], [-0.05280172452330589, 0.875779390335083, 0.7411666512489319]], "brockpiece29": [[0.05265094339847565, -0.33516791462898254, -2.6596224308013916], [-8.369194984436035, -5.696883678436279, -14.684319496154785], [-0.1528574824333191, 0.604702889919281, -0.03537474945187569]], "brockpiece30": [[0.04453164339065552, -0.31936657428741455, -2.552774429321289], [-9.986808776855469, -6.855457305908203, -10.37375259399414], [-0.212638720870018, 0.5194345116615295, -0.6746488809585571]], "brockpiece31": [[-0.05366337299346924, -0.1233963668346405, -2.5639026165008545], [-9.986776351928711, -6.85547399520874, -10.373867988586426], [-0.3032321333885193, 0.4032418727874756, 0.2416532039642334]], "brockpiece32": [[0.07599269598722458, -0.1514226198196411, -2.4101672172546387], [34.7746696472168, 22.170961380004883, 152.6696319580078], [-0.014846060425043106, 0.7332823276519775, -0.067598357796669]], "brockpiece33": [[-0.18794134259223938, -5.415081977844238e-05, -1.3321163654327393], [-0.006202820222824812, -5.407710552215576, 0.04645055532455444], [-0.07364655286073685, 0.3388040363788605, 0.1644446849822998]], "brockpiece34": [[-0.05409451946616173, 0.0007397234439849854, -1.2532691955566406], [0.056360967457294464, -9.27195930480957, -0.3605017364025116], [-0.040006935596466064, 0.3192813992500305, -0.5479322671890259]], "brockpiece35": [[0.10447850823402405, -0.15456217527389526, -1.4543300867080688], [18.585512161254883, -3.198277711868286, -111.50121307373047], [0.03971529006958008, 0.7414476275444031, -0.4923132658004761]], "brockpiece36": [[-0.02810549922287464, -0.1744551658630371, -1.2872310876846313], [-18.887630462646484, -21.774707794189453, -154.79396057128906], [0.04695548489689827, 0.8178877234458923, 0.2522242069244385]], "brockpiece37": [[-1.319921612739563, -0.8367573022842407, -1.8609676361083984], [-108.51250457763672, -34.95117950439453, 98.10787963867188], [0.018796933814883232, 0.8953180909156799, 0.6815259456634521]],