{"brockpiece0": [[-5.938485264778137e-05, 6.079673767089844e-06, 0.00014868378639221191], [0.00014642222959082574, -0.0005836879136040807, 0.00018441517022438347], [-0.04771063104271889, 0.8072485327720642, -0.47105833888053894]], "brockpiece1": [[-6.704404950141907e-05, 7.808208465576172e-06, 0.00014847517013549805], [0.0001617901580175385, -0.0006181323551572859, -0.00010416042641736567], [-0.060903601348400116, 0.894946277141571, 0.4562895596027374]], "brockpiece2": [[-5.8710575103759766e-05, 6.198883056640625e-06, 0.00014764070510864258], [0.00015271882875822484, -0.0005902779521420598, 9.05000269995071e-05], [-0.1568758189678192, 0.8655882477760315, -0.5483085513114929]], "brockpiece3": [[-6.593763828277588e-05, 7.987022399902344e-06, 0.00014725327491760254], [0.0001494104362791404, -0.0005894775385968387, 9.73302376223728e-05], [-0.22012151777744293, 0.9278489947319031, 0.3253736197948456]], "brockpiece4": [[-6.729364395141602e-05, 7.62939453125e-06, 0.00014650821685791016], [0.00010672174539649859, -0.0005703209899365902, 0.00010416041914140806], [-0.4135969281196594, 0.9918517470359802, 0.46200042963027954]], "brockpiece5": [[-6.0677528381347656e-05, 6.079673767089844e-06, 0.00014531612396240234], [0.00015026421169750392, -0.0005850485758855939, 9.733024489833042e-05], [-0.436776340007782, 0.9646992683410645, -0.3259457051753998]], "brockpiece6": [[-6.272830069065094e-05, 7.152557373046875e-06, 0.00014897435903549194], [0.00014725599612575024, -0.0005658386508002877, 0.00010245288285659626], [-0.01387631893157959, 0.9064578413963318, -0.06759907305240631]], "brockpiece7": [[-5.8706849813461304e-05, 5.602836608886719e-06, 0.00014847517013549805], [0.0001485033135395497, -0.0005899578100070357, 0.00010373354598414153], [-0.016788214445114136, 1.2991664409637451, -0.5754176378250122]], "brockpiece8": [[-6.432831287384033e-05, 6.794929504394531e-06, 0.00014729052782058716], [0.00016285738092847168, -0.0006057526334188879, 0.00027576895081438124], [-0.10184786468744278, 1.4046438932418823, 0.10018877685070038]], "brockpiece9": [[-6.708689033985138e-05, 7.987022399902344e-06, 0.0001493394374847412], [0.00014535500667989254, -0.0005856355419382453, 0.00013489628327079117], [0.009604007937014103, 0.8276886940002441, 0.4656519293785095]], "brockpiece10": [[2.468004822731018e-05, -0.00020831823348999023, 0.00017430633306503296], [0.022676026448607445, 0.019918546080589294, 0.0812297835946083], [0.026453230530023575, 0.7262305021286011, -0.09866398572921753]], "brockpiece11": [[-5.807913839817047e-05, 5.9604644775390625e-06, 0.00014925003051757812], [0.00013931190187577158, -0.0005910249892622232, 0.00010330664372304454], [0.023447148501873016, 0.6883174180984497, -0.6239317655563354]], "brockpiece12": [[-6.261840462684631e-05, 6.794929504394531e-06, 0.00015028566122055054], [0.00015335915668401867, -0.000598068640101701, 3.415095852687955e-05], [0.057196881622076035, 0.6268966794013977, -0.06759794801473618]], "brockpiece13": [[-5.733221769332886e-05, 5.692243576049805e-06, 0.00015085935592651367], [0.00014962389832362533, -0.0005908115417696536, 0.00010416041914140806], [0.10751569271087646, 0.33034080266952515, -0.6997447609901428]], "brockpiece14": [[-6.251037120819092e-05, 7.0035457611083984e-06, 0.00015159696340560913], [0.0001277726114494726, -0.0005911851185373962, 0.00010672173084458336], [0.1765923947095871, 0.3738964796066284, -0.06937721371650696]], "brockpiece15": [[0.00010180473327636719, -0.0002955496311187744, 0.0004892647266387939], [-0.0025374162942171097, 0.0038444374222308397, -0.011005147360265255], [0.32439151406288147, 0.17386914789676666, 0.1606941819190979]], "brockpiece16": [[0.00013321638107299805, -0.00021824240684509277, 0.0002212226390838623], [-0.0009519579471088946, -0.0035190426278859377, 0.0055529456585645676], [0.2422737032175064, 0.13469432294368744, -0.2985038757324219]], "brockpiece17": [[-6.271153688430786e-05, 6.9141387939453125e-06, 0.00014973431825637817], [0.00012678542407229543, -0.0006411842186935246, -0.00014343400835059583], [0.05579742044210434, 0.8304786086082458, -0.06759888678789139]], "brockpiece18": [[-6.693601608276367e-05, 8.225440979003906e-06, 0.00015500187873840332], [0.0002407642750767991, -0.0007607126026414335, 0.0003398020635358989], [0.7751116156578064, 1.1647822856903076, 0.4550911784172058]], "brockpiece19": [[-5.623325705528259e-05, 5.4836273193359375e-06, 0.00014954805374145508], [0.00017182201554533094, -0.0006458800053223968, 0.0004781134193763137], [0.04745550453662872, 0.8352649807929993, -0.8555060029029846]], "brockpiece20": [[-6.414204835891724e-05, 7.510185241699219e-06, 0.0001494884490966797], [0.00017320939514320344, -0.0007372337859123945, -0.0009135382133536041], [0.0324799083173275, 0.8903895616531372, 0.1047213077545166]], "brockpiece21": [[-6.587803363800049e-05, 8.106231689453125e-06, 0.000148773193359375], [0.8277555108070374, 4.302000045776367, 158.2293701171875], [0.15945503115653992, 1.6952928304672241, 0.277337908744812]], "brockpiece22": [[-6.103515625e-05, 7.62939453125e-06, 0.00015163421630859375], [0.00014556846872437745, -0.0006010568467900157, 0.00010928306437563151], [0.5310609936714172, 1.9953807592391968, -0.3219248354434967]], "brockpiece23": [[-6.26593828201294e-05, 6.67572021484375e-06, 0.0001487433910369873], [0.00014556846872437745, -0.0005771511932834983, 7.513209857279435e-05], [-0.0681355819106102, 0.8056530356407166, -0.06759854406118393]], "brockpiece24": [[-6.696581840515137e-05, 7.569789886474609e-06, 0.0001468062400817871], [0.00014941045083105564, -0.0005899578100070357, 9.562266495777294e-05], [-0.3838520646095276, 0.746596097946167, 0.4647919237613678]], "brockpiece25": [[-6.878376007080078e-05, 8.106231689453125e-06, 0.00014197826385498047], [0.00014684911002404988, -0.000592519121710211, 9.647644037613645e-05], [-1.032001256942749, 0.5244100093841553, 0.6970614790916443]], "brockpiece26": [[-6.44410029053688e-05, 7.3909759521484375e-06, 0.0001491457223892212], [0.00013797786959912628, -0.0005835277843289077, 0.00010757552809081972], [-0.012171115726232529, 0.7901149392127991, 0.14576949179172516]], "brockpiece27": [[-5.8554112911224365e-05, 5.662441253662109e-06, 0.00014901161193847656], [0.00014989070768933743, -0.0005901712574996054, 0.00010757551353890449], [-0.029545554891228676, 0.7074200510978699, -0.5648927092552185]], "brockpiece28": [[-6.941333413124084e-05, 8.821487426757812e-06, 0.00014895200729370117], [0.00017929253226611763, -0.0005976417451165617, 0.00011952835484407842], [-0.05280172452330589, 0.875779390335083, 0.7411666512489319]], "brockpiece29": [[-6.280839443206787e-05, 6.67572021484375e-06, 0.0001484900712966919], [0.0001465289678890258, -0.0005792856100015342, 0.00018270761938765645], [-0.1528574824333191, 0.604702889919281, -0.03537474945187569]], "brockpiece30": [[-5.7578086853027344e-05, 5.543231964111328e-06, 0.0001481175422668457], [0.00015581375919282436, -0.0005942266434431076, 8.110853377729654e-05], [-0.212638720870018, 0.5194345116615295, -0.6746488809585571]], "brockpiece31": [[-6.496906280517578e-05, 7.539987564086914e-06, 0.0001481473445892334], [0.00016179017256945372, -0.0005869696033187211, -1.1952835848205723e-05], [-0.3032321333885193, 0.4032418727874756, 0.2416532039642334]], "brockpiece32": [[-6.267894059419632e-05, 6.496906280517578e-06, 0.00014932453632354736], [0.00014466130232904106, -0.000562530301976949, -7.577243377454579e-05], [-0.014846060425043106, 0.7332823276519775, -0.067598357796669]], "brockpiece33": [[-6.442517042160034e-05, 7.331371307373047e-06, 0.00014992058277130127], [0.00015326577704399824, -0.0006055391859263182, 4.396935037220828e-05], [-0.07364655286073685, 0.3388040363788605, 0.1644446849822998]], "brockpiece34": [[-5.856156349182129e-05, 5.9604644775390625e-06, 0.00015020370483398438], [0.00015238529886119068, -0.0005878233350813389, 0.00010608141747070476], [-0.040006935596466064, 0.3192813992500305, -0.5479322671890259]],