{"brockpiece0": [[-0.17124220728874207, -0.7246714234352112, -3.371370792388916], [96.5380859375, -21.958740234375, 90.62523651123047], [-0.04771063104271889, 0.8072485327720642, -0.47105833888053894]], "brockpiece1": [[0.27495333552360535, -0.4533393979072571, -3.0884320735931396], [-12.722513198852539, 70.80802154541016, 73.84434509277344], [-0.060903601348400116, 0.894946277141571, 0.4562895596027374]], "brockpiece2": [[0.5776766538619995, -0.8019967675209045, -3.6760404109954834], [-4.3436279296875, 8.646771430969238, -51.13330078125], [-0.1568758189678192, 0.8655882477760315, -0.5483085513114929]], "brockpiece3": [[0.179758220911026, -0.4738199710845947, -3.1936328411102295], [-15.113372802734375, 17.20770835876465, 46.35087203979492], [-0.22012151777744293, 0.9278489947319031, 0.3253736197948456]], "brockpiece4": [[0.26224833726882935, -0.1493127942085266, -2.7813963890075684], [-13.939679145812988, -13.58388614654541, -58.56635665893555], [-0.4135969281196594, 0.9918517470359802, 0.46200042963027954]], "brockpiece5": [[-0.04057082533836365, 0.02392524480819702, -2.409963846206665], [-5.002925872802734, 9.337246894836426, 2.2522618770599365], [-0.436776340007782, 0.9646992683410645, -0.3259457051753998]], "brockpiece6": [[0.5003651976585388, -0.7076519727706909, -3.73934268951416], [49.715354919433594, -24.118309020996094, 118.04192352294922], [-0.01387631893157959, 0.9064578413963318, -0.06759907305240631]], "brockpiece7": [[0.9518457055091858, -1.1584089994430542, -4.182923793792725], [-161.3643798828125, 5.007719039916992, -106.31546020507812], [-0.016788214445114136, 1.2991664409637451, -0.5754176378250122]], "brockpiece8": [[1.584611415863037, -1.0910269021987915, -5.262382984161377], [-150.79762268066406, -2.2477898597717285, -109.23821258544922], [-0.10184786468744278, 1.4046438932418823, 0.10018877685070038]], "brockpiece9": [[-1.1041337251663208, -0.7739406824111938, -1.5498061180114746], [37.84890365600586, -5.373868465423584, -52.19645690917969], [0.009604007937014103, 0.8276886940002441, 0.4656519293785095]], "brockpiece10": [[0.04213424772024155, -0.25800517201423645, -1.3271558284759521], [15.850567817687988, 6.064163684844971, -174.19000244140625], [0.026453230530023575, 0.7262305021286011, -0.09866398572921753]], "brockpiece11": [[-0.1350594460964203, -0.6255583167076111, -2.1291797161102295], [-15.467819213867188, -17.54652214050293, 37.24454116821289], [0.023447148501873016, 0.6883174180984497, -0.6239317655563354]], "brockpiece12": [[-0.026132190600037575, -0.14353522658348083, -1.3722203969955444], [-3.256922721862793, -8.001218795776367, 8.332792282104492], [0.057196881622076035, 0.6268966794013977, -0.06759794801473618]], "brockpiece13": [[-0.04241566359996796, -0.14459629356861115, -0.9453191757202148], [-13.61395263671875, -12.511448860168457, 1.8252224922180176], [0.10751569271087646, 0.33034080266952515, -0.6997447609901428]], "brockpiece14": [[-0.11241617053747177, -0.06530389189720154, -0.9518751502037048], [2.6543924808502197, -9.790721893310547, -6.555583477020264], [0.1765923947095871, 0.3738964796066284, -0.06937721371650696]], "brockpiece15": [[-0.042518287897109985, -0.00017081201076507568, -0.07583102583885193], [-0.003962400835007429, 4.802208423614502, -0.014006664976477623], [0.32439151406288147, 0.17386914789676666, 0.1606941819190979]], "brockpiece16": [[-0.11563058197498322, -0.000645563006401062, -0.29869791865348816], [-0.006628607865422964, -7.297676086425781, 0.01720459759235382], [0.2422737032175064, 0.13469432294368744, -0.2985038757324219]], "brockpiece17": [[0.09130220860242844, 0.01948237419128418, -0.927153468132019], [-2.7534801959991455, -0.5612210631370544, 29.046918869018555], [0.05579742044210434, 0.8304786086082458, -0.06759888678789139]], "brockpiece18": [[0.05240887403488159, 8.0108642578125e-05, -0.9465832710266113], [0.00021237075270619243, -4.431302547454834, 0.00039562617894262075], [0.7751116156578064, 1.1647822856903076, 0.4550911784172058]], "brockpiece19": [[0.5796251893043518, -0.7633538246154785, -3.193885326385498], [-161.31085205078125, -15.022356033325195, -61.096336364746094], [0.04745550453662872, 0.8352649807929993, -0.8555060029029846]], "brockpiece20": [[0.11305134743452072, -0.11827534437179565, -2.3382046222686768], [26.168201446533203, -22.636886596679688, -98.41204833984375], [0.0324799083173275, 0.8903895616531372, 0.1047213077545166]], "brockpiece21": [[0.06798215210437775, 8.153915405273438e-05, -0.9936179518699646], [4.70983422928839e-06, -4.431057453155518, 9.67656887951307e-05], [0.15945503115653992, 1.6952928304672241, 0.277337908744812]], "brockpiece22": [[-0.29746073484420776, -1.7766129970550537, -6.501251697540283], [152.28134155273438, 9.793156623840332, -31.859073638916016], [0.5310609936714172, 1.9953807592391968, -0.3219248354434967]], "brockpiece23": [[0.15136194229125977, -0.42634841799736023, -2.894881010055542], [-1.4734718799591064, 26.276025772094727, 94.38915252685547], [-0.0681355819106102, 0.8056530356407166, -0.06759854406118393]], "brockpiece24": [[0.051068663597106934, -0.10814422369003296, -2.641322135925293], [-16.874116897583008, 1.1673775911331177, -35.6114501953125], [-0.3838520646095276, 0.746596097946167, 0.4647919237613678]], "brockpiece25": [[-0.259138822555542, -0.023837685585021973, -2.3919997215270996], [-0.05134155973792076, 1.0877749919891357, -2.6367106437683105], [-1.032001256942749, 0.5244100093841553, 0.6970614790916443]], "brockpiece26": [[-0.7471765279769897, -0.7207976579666138, -1.0022941827774048], [27.212764739990234, -10.161033630371094, 104.73521423339844], [-0.012171115726232529, 0.7901149392127991, 0.14576949179172516]], "brockpiece27": [[-0.32208067178726196, -0.6668714284896851, -2.9142632484436035], [4.572362422943115, 3.082646131515503, -6.111136436462402], [-0.029545554891228676, 0.7074200510978699, -0.5648927092552185]], "brockpiece28": [[-1.543365240097046, -0.8125932812690735, -1.989931583404541], [-103.19011688232422, 11.073189735412598, 66.41619873046875], [-0.05280172452330589, 0.875779390335083, 0.7411666512489319]], "brockpiece29": [[0.05338487774133682, -0.335601270198822, -2.6601521968841553], [-8.278968811035156, -5.853672981262207, -14.74405288696289], [-0.1528574824333191, 0.604702889919281, -0.03537474945187569]], "brockpiece30": [[0.0437508225440979, -0.31937268376350403, -2.552626132965088], [-10.024643898010254, -6.842183589935303, -10.194303512573242], [-0.212638720870018, 0.5194345116615295, -0.6746488809585571]], "brockpiece31": [[-0.05437549948692322, -0.12343204021453857, -2.563737154006958], [-10.024622917175293, -6.84220552444458, -10.19440746307373], [-0.3032321333885193, 0.4032418727874756, 0.2416532039642334]], "brockpiece32": [[0.07868608832359314, -0.1541563868522644, -2.4125232696533203], [34.59584045410156, 22.275150299072266, 152.5294952392578], [-0.014846060425043106, 0.7332823276519775, -0.067598357796669]], "brockpiece33": [[-0.18996977806091309, -0.0001932084560394287, -1.3301351070404053], [0.0031938219908624887, -5.576487064361572, 0.007148328237235546], [-0.07364655286073685, 0.3388040363788605, 0.1644446849822998]], "brockpiece34": [[-0.05472714081406593, 0.00039514899253845215, -1.2532846927642822], [0.03465188294649124, -9.4111328125, -0.20829394459724426], [-0.040006935596466064, 0.3192813992500305, -0.5479322671890259]], "brockpiece35": [[0.11380267143249512, -0.160647451877594, -1.4522777795791626], [17.952194213867188, -0.8614527583122253, -119.01351928710938], [0.03971529006958008, 0.7414476275444031, -0.4923132658004761]], "brockpiece36": [[-0.02195851318538189, -0.18010032176971436, -1.2807960510253906], [-16.679147720336914, -14.7688570022583, -151.32398986816406], [0.04695548489689827, 0.8178877234458923, 0.2522242069244385]], "brockpiece37": [[-1.3225816488265991, -0.8359928727149963, -1.860414743423462], [-110.19049835205078, -36.8096923828125, 100.45374298095703], [0.018796933814883232, 0.8953180909156799, 0.6815259456634521]],