{"brockpiece0": [[-0.1785566806793213, -0.7904267311096191, -3.475346565246582], [-117.7799072265625, 77.53301239013672, -120.818359375], [-0.04771063104271889, 0.8072485327720642, -0.47105833888053894]], "brockpiece1": [[0.28113052248954773, -0.4527384638786316, -3.08225417137146], [-40.43341064453125, 63.72027587890625, 42.66401290893555], [-0.060903601348400116, 0.894946277141571, 0.4562895596027374]], "brockpiece2": [[0.5805779099464417, -0.8018518090248108, -3.6764843463897705], [-4.438821792602539, 8.482016563415527, -52.28499221801758], [-0.1568758189678192, 0.8655882477760315, -0.5483085513114929]], "brockpiece3": [[0.1744273602962494, -0.46028831601142883, -3.181954860687256], [-14.033804893493652, 18.96502113342285, 51.30957794189453], [-0.22012151777744293, 0.9278489947319031, 0.3253736197948456]], "brockpiece4": [[0.2697851061820984, -0.12075400352478027, -2.7854912281036377], [-27.328413009643555, -12.865652084350586, -50.97963333129883], [-0.4135969281196594, 0.9918517470359802, 0.46200042963027954]], "brockpiece5": [[-0.042882442474365234, 0.024126946926116943, -2.4064934253692627], [-4.963689804077148, 9.363786697387695, 2.251849412918091], [-0.436776340007782, 0.9646992683410645, -0.3259457051753998]], "brockpiece6": [[0.538555920124054, -0.7457561492919922, -3.768357515335083], [49.92378234863281, 8.86400318145752, 85.19400024414062], [-0.01387631893157959, 0.9064578413963318, -0.06759907305240631]], "brockpiece7": [[0.9528604745864868, -1.1584075689315796, -4.184607982635498], [-161.349365234375, 5.010072231292725, -106.31342315673828], [-0.016788214445114136, 1.2991664409637451, -0.5754176378250122]], "brockpiece8": [[1.5960350036621094, -1.0914517641067505, -5.243953704833984], [-151.61166381835938, 1.8042311668395996, -113.341796875], [-0.10184786468744278, 1.4046438932418823, 0.10018877685070038]], "brockpiece9": [[-0.973778486251831, -0.6995190382003784, -1.5772656202316284], [5.834283351898193, -10.084511756896973, 56.5506706237793], [0.009604007937014103, 0.8276886940002441, 0.4656519293785095]], "brockpiece10": [[0.04322569817304611, -0.2507243752479553, -1.3275022506713867], [14.71670150756836, 5.670241355895996, -174.36083984375], [0.026453230530023575, 0.7262305021286011, -0.09866398572921753]], "brockpiece11": [[-0.13367657363414764, -0.6246556043624878, -2.128203868865967], [-14.672821044921875, -18.131162643432617, 34.994659423828125], [0.023447148501873016, 0.6883174180984497, -0.6239317655563354]], "brockpiece12": [[-0.02141110599040985, -0.14077723026275635, -1.3731755018234253], [-3.1105892658233643, -8.248353958129883, 7.719997406005859], [0.057196881622076035, 0.6268966794013977, -0.06759794801473618]], "brockpiece13": [[-0.041626475751399994, -0.14026415348052979, -0.9445854425430298], [-14.654184341430664, -12.505751609802246, 1.6736043691635132], [0.10751569271087646, 0.33034080266952515, -0.6997447609901428]], "brockpiece14": [[-0.10737426578998566, -0.06202003359794617, -0.9552944302558899], [2.359307050704956, -9.619209289550781, -6.788748741149902], [0.1765923947095871, 0.3738964796066284, -0.06937721371650696]], "brockpiece15": [[-0.04264971613883972, -0.0002371370792388916, -0.07561276853084564], [0.004871481563895941, 4.662846088409424, -0.006813468877226114], [0.32439151406288147, 0.17386914789676666, 0.1606941819190979]], "brockpiece16": [[-0.1210690587759018, -0.0005117952823638916, -0.3044937551021576], [0.004957056138664484, -7.751418590545654, 0.01162534300237894], [0.2422737032175064, 0.13469432294368744, -0.2985038757324219]], "brockpiece17": [[0.08872836083173752, 0.02813136577606201, -0.9240625500679016], [-2.335528612136841, -1.8034932613372803, 18.058378219604492], [0.05579742044210434, 0.8304786086082458, -0.06759888678789139]], "brockpiece18": [[0.05190420150756836, 8.535385131835938e-05, -0.9466142058372498], [0.00020894542103633285, -4.431304454803467, 0.00040247684228233993], [0.7751116156578064, 1.1647822856903076, 0.4550911784172058]], "brockpiece19": [[0.5961789488792419, -0.760100245475769, -3.183002471923828], [-151.9853515625, -8.4241304397583, -78.56829071044922], [0.04745550453662872, 0.8352649807929993, -0.8555060029029846]], "brockpiece20": [[0.12320160120725632, -0.09221482276916504, -2.3306288719177246], [32.814788818359375, -22.281225204467773, -119.1385269165039], [0.0324799083173275, 0.8903895616531372, 0.1047213077545166]], "brockpiece21": [[0.06747759878635406, 8.7738037109375e-05, -0.9936482310295105], [1.0275999557052273e-05, -4.430851459503174, 9.933465480571613e-05], [0.15945503115653992, 1.6952928304672241, 0.277337908744812]], "brockpiece22": [[-0.2969819903373718, -1.7763986587524414, -6.500892162322998], [152.27793884277344, 9.72360610961914, -31.893753051757812], [0.5310609936714172, 1.9953807592391968, -0.3219248354434967]], "brockpiece23": [[0.14757978916168213, -0.4205970764160156, -2.883111000061035], [-2.5885348320007324, 26.69671058654785, 89.62736511230469], [-0.0681355819106102, 0.8056530356407166, -0.06759854406118393]], "brockpiece24": [[0.053897082805633545, -0.10654497146606445, -2.635960578918457], [-16.96497917175293, 1.208647608757019, -34.881717681884766], [-0.3838520646095276, 0.746596097946167, 0.4647919237613678]], "brockpiece25": [[-0.255338191986084, -0.02217656373977661, -2.3937368392944336], [-0.04094565659761429, 0.937856137752533, -2.4575557708740234], [-1.032001256942749, 0.5244100093841553, 0.6970614790916443]], "brockpiece26": [[-0.7916290163993835, -0.7490965127944946, -1.0877987146377563], [-23.821664810180664, 37.32207107543945, 141.90342712402344], [-0.012171115726232529, 0.7901149392127991, 0.14576949179172516]], "brockpiece27": [[-0.3223867416381836, -0.6674675345420837, -2.9136998653411865], [4.500411510467529, 3.100517749786377, -8.314642906188965], [-0.029545554891228676, 0.7074200510978699, -0.5648927092552185]], "brockpiece28": [[-1.5564875602722168, -0.8356257081031799, -1.8788199424743652], [80.24869537353516, 50.48483657836914, -88.2403564453125], [-0.05280172452330589, 0.875779390335083, 0.7411666512489319]], "brockpiece29": [[0.05291346460580826, -0.3337066173553467, -2.6584348678588867], [-8.599761962890625, -5.361225605010986, -14.242839813232422], [-0.1528574824333191, 0.604702889919281, -0.03537474945187569]], "brockpiece30": [[0.04671370983123779, -0.3194408416748047, -2.5519700050354004], [-9.872397422790527, -6.88602876663208, -10.929781913757324], [-0.212638720870018, 0.5194345116615295, -0.6746488809585571]], "brockpiece31": [[-0.05153217911720276, -0.12335765361785889, -2.5631203651428223], [-9.872367858886719, -6.886045932769775, -10.929890632629395], [-0.3032321333885193, 0.4032418727874756, 0.2416532039642334]], "brockpiece32": [[0.07169114798307419, -0.14866942167282104, -2.407039165496826], [35.17832946777344, 22.181394577026367, 153.00094604492188], [-0.014846060425043106, 0.7332823276519775, -0.067598357796669]], "brockpiece33": [[-0.18484193086624146, -0.00010609626770019531, -1.3331513404846191], [0.00021668213594239205, -5.27439546585083, 0.04117126762866974], [-0.07364655286073685, 0.3388040363788605, 0.1644446849822998]], "brockpiece34": [[-0.0530959852039814, 0.0013477504253387451, -1.2524914741516113], [0.09586124867200851, -9.101385116577148, -0.622470498085022], [-0.040006935596466064, 0.3192813992500305, -0.5479322671890259]], "brockpiece35": [[0.07267555594444275, -0.14024269580841064, -1.4627426862716675], [18.181259155273438, -12.246923446655273, -80.7398910522461], [0.03971529006958008, 0.7414476275444031, -0.4923132658004761]], "brockpiece36": [[-0.03038586676120758, -0.16669869422912598, -1.294250726699829], [-22.319934844970703, -23.94905662536621, -152.5381317138672], [0.04695548489689827, 0.8178877234458923, 0.2522242069244385]], "brockpiece37": [[-1.3096574544906616, -0.8373406529426575, -1.8647592067718506], [-104.45108032226562, -33.158409118652344, 94.53973388671875], [0.018796933814883232, 0.8953180909156799, 0.6815259456634521]],