{"brockpiece0": [[-0.1658359169960022, -0.7215512990951538, -3.3067331314086914], [103.72249603271484, -69.2819595336914, 80.22561645507812], [-0.04771063104271889, 0.8072485327720642, -0.47105833888053894]], "brockpiece1": [[0.27419769763946533, -0.45295819640159607, -3.0931899547576904], [-5.869400501251221, 71.68097686767578, 81.51575469970703], [-0.060903601348400116, 0.894946277141571, 0.4562895596027374]], "brockpiece2": [[0.5717631578445435, -0.8028699159622192, -3.6746952533721924], [-3.717745065689087, 9.334728240966797, -45.43573760986328], [-0.1568758189678192, 0.8655882477760315, -0.5483085513114929]], "brockpiece3": [[0.1831684559583664, -0.4778364896774292, -3.2009801864624023], [-14.946146011352539, 17.025936126708984, 46.22541046142578], [-0.22012151777744293, 0.9278489947319031, 0.3253736197948456]], "brockpiece4": [[0.2637687921524048, -0.16125476360321045, -2.787623405456543], [-10.26784896850586, -12.930018424987793, -61.86768341064453], [-0.4135969281196594, 0.9918517470359802, 0.46200042963027954]], "brockpiece5": [[-0.03921392560005188, 0.023671627044677734, -2.4110817909240723], [-5.0048112869262695, 9.339781761169434, 2.2514657974243164], [-0.436776340007782, 0.9646992683410645, -0.3259457051753998]], "brockpiece6": [[0.5003191828727722, -0.7072398662567139, -3.7426581382751465], [49.327693939208984, -23.63335609436035, 117.68683624267578], [-0.01387631893157959, 0.9064578413963318, -0.06759907305240631]], "brockpiece7": [[0.9512627720832825, -1.158400535583496, -4.181771755218506], [-161.35023498535156, 5.011397838592529, -106.3150863647461], [-0.016788214445114136, 1.2991664409637451, -0.5754176378250122]], "brockpiece8": [[1.58548104763031, -1.0919638872146606, -5.264055252075195], [-150.78636169433594, -2.2448883056640625, -109.14352416992188], [-0.10184786468744278, 1.4046438932418823, 0.10018877685070038]], "brockpiece9": [[-1.047475814819336, -0.7841228246688843, -1.5494410991668701], [52.95647048950195, 31.698768615722656, -101.5541763305664], [0.009604007937014103, 0.8276886940002441, 0.4656519293785095]], "brockpiece10": [[0.04002371430397034, -0.25991091132164, -1.328535556793213], [16.583925247192383, 6.345062732696533, -174.7823944091797], [0.026453230530023575, 0.7262305021286011, -0.09866398572921753]], "brockpiece11": [[-0.13467590510845184, -0.6257721781730652, -2.129288673400879], [-15.758727073669434, -17.578887939453125, 37.784034729003906], [0.023447148501873016, 0.6883174180984497, -0.6239317655563354]], "brockpiece12": [[-0.029470710083842278, -0.14397692680358887, -1.3718876838684082], [-3.2349677085876465, -7.764339923858643, 8.352973937988281], [0.057196881622076035, 0.6268966794013977, -0.06759794801473618]], "brockpiece13": [[-0.04420320689678192, -0.14508067071437836, -0.948253870010376], [-13.541071891784668, -12.89138126373291, 1.9066364765167236], [0.10751569271087646, 0.33034080266952515, -0.6997447609901428]], "brockpiece14": [[-0.11557777225971222, -0.06701838970184326, -0.9509658217430115], [2.7252345085144043, -9.733049392700195, -6.169933319091797], [0.1765923947095871, 0.3738964796066284, -0.06937721371650696]], "brockpiece15": [[-0.04261454939842224, -0.0001761019229888916, -0.07629620283842087], [-0.0035886461846530437, 4.905998706817627, -0.012721736915409565], [0.32439151406288147, 0.17386914789676666, 0.1606941819190979]], "brockpiece16": [[-0.11225925385951996, -0.0005125552415847778, -0.29619160294532776], [-0.0041143386624753475, -6.959098815917969, -0.01089587900787592], [0.2422737032175064, 0.13469432294368744, -0.2985038757324219]], "brockpiece17": [[0.0916367843747139, 0.015691637992858887, -0.9289475679397583], [-2.7810239791870117, -0.056751642376184464, 32.13839340209961], [0.05579742044210434, 0.8304786086082458, -0.06759888678789139]], "brockpiece18": [[0.05257195234298706, 9.262561798095703e-05, -0.9465321898460388], [-0.0006062844186089933, -4.431461334228516, -4.2816704080905765e-05], [0.7751116156578064, 1.1647822856903076, 0.4550911784172058]], "brockpiece19": [[0.5692185759544373, -0.7648974061012268, -3.1967825889587402], [-163.3251953125, -16.642831802368164, -52.14257049560547], [0.04745550453662872, 0.8352649807929993, -0.8555060029029846]], "brockpiece20": [[0.10945577174425125, -0.12799394130706787, -2.3395802974700928], [25.152591705322266, -19.786970138549805, -93.65457153320312], [0.0324799083173275, 0.8903895616531372, 0.1047213077545166]], "brockpiece21": [[0.06814979016780853, 9.500980377197266e-05, -0.9935729503631592], [-0.0008177986601367593, -4.43117094039917, 0.00015157106099650264], [0.15945503115653992, 1.6952928304672241, 0.277337908744812]], "brockpiece22": [[-0.29808878898620605, -1.7766132354736328, -6.501834869384766], [152.2622528076172, 9.824297904968262, -31.862197875976562], [0.5310609936714172, 1.9953807592391968, -0.3219248354434967]], "brockpiece23": [[0.15315628051757812, -0.4261236786842346, -2.9016525745391846], [-1.8467768430709839, 25.133480072021484, 94.11056518554688], [-0.0681355819106102, 0.8056530356407166, -0.06759854406118393]], "brockpiece24": [[0.05165863037109375, -0.10847586393356323, -2.6420814990997314], [-16.946949005126953, 1.2943512201309204, -35.7091178894043], [-0.3838520646095276, 0.746596097946167, 0.4647919237613678]], "brockpiece25": [[-0.2607179880142212, -0.024698615074157715, -2.3906097412109375], [-0.05276342108845711, 1.1396976709365845, -2.7311227321624756], [-1.032001256942749, 0.5244100093841553, 0.6970614790916443]], "brockpiece26": [[-0.6837279796600342, -0.7064008116722107, -1.0316277742385864], [31.03125, 12.896944046020508, 56.60791778564453], [-0.012171115726232529, 0.7901149392127991, 0.14576949179172516]], "brockpiece27": [[-0.3215418756008148, -0.6668156981468201, -2.9145443439483643], [4.578379154205322, 3.0548672676086426, -5.8676347732543945], [-0.029545554891228676, 0.7074200510978699, -0.5648927092552185]], "brockpiece28": [[-1.5389386415481567, -0.8339974284172058, -2.001633405685425], [-141.4117889404297, 45.24425506591797, 31.733097076416016], [-0.05280172452330589, 0.875779390335083, 0.7411666512489319]], "brockpiece29": [[0.053913019597530365, -0.33578574657440186, -2.6608316898345947], [-8.222577095031738, -5.948209285736084, -14.756476402282715], [-0.1528574824333191, 0.604702889919281, -0.03537474945187569]], "brockpiece30": [[0.04356670379638672, -0.3193337321281433, -2.5525126457214355], [-10.053445816040039, -6.8444504737854, -10.04404067993164], [-0.212638720870018, 0.5194345116615295, -0.6746488809585571]], "brockpiece31": [[-0.05471992492675781, -0.12342613935470581, -2.563652992248535], [-10.053424835205078, -6.844465255737305, -10.044133186340332], [-0.3032321333885193, 0.4032418727874756, 0.2416532039642334]], "brockpiece32": [[0.07753950357437134, -0.1548789143562317, -2.415722608566284], [35.16228103637695, 21.40457534790039, 155.15704345703125], [-0.014846060425043106, 0.7332823276519775, -0.067598357796669]], "brockpiece33": [[-0.19181504845619202, -8.854269981384277e-05, -1.328383207321167], [-0.0013120186049491167, -5.7370195388793945, 0.029980167746543884], [-0.07364655286073685, 0.3388040363788605, 0.1644446849822998]], "brockpiece34": [[-0.05586538836359978, 0.0008060336112976074, -1.2541429996490479], [0.06224558874964714, -9.788060188293457, -0.3721552789211273], [-0.040006935596466064, 0.3192813992500305, -0.5479322671890259]], "brockpiece35": [[0.12499471008777618, -0.17184913158416748, -1.447979211807251], [15.573962211608887, 2.213264226913452, -131.57809448242188], [0.03971529006958008, 0.7414476275444031, -0.4923132658004761]], "brockpiece36": [[-0.01936173066496849, -0.18774282932281494, -1.277634620666504], [-14.298133850097656, -13.549507141113281, -153.7517547607422], [0.04695548489689827, 0.8178877234458923, 0.2522242069244385]], "brockpiece37": [[-1.3204513788223267, -0.8371961712837219, -1.8648090362548828], [-110.30860900878906, -33.20899200439453, 98.09740447998047], [0.018796933814883232, 0.8953180909156799, 0.6815259456634521]],