{"brockpiece0": [[-0.17244413495063782, -0.7291505932807922, -3.385941505432129], [96.72784423828125, -11.582632064819336, 91.42540740966797], [-0.04771063104271889, 0.8072485327720642, -0.47105833888053894]], "brockpiece1": [[0.27499157190322876, -0.4533896744251251, -3.0882787704467773], [-14.083905220031738, 70.62548065185547, 72.31478881835938], [-0.060903601348400116, 0.894946277141571, 0.4562895596027374]], "brockpiece2": [[0.580022394657135, -0.8017536401748657, -3.676480531692505], [-4.546034812927246, 8.371767044067383, -53.228546142578125], [-0.1568758189678192, 0.8655882477760315, -0.5483085513114929]], "brockpiece3": [[0.1790982186794281, -0.4732944965362549, -3.191727876663208], [-15.199359893798828, 17.249242782592773, 46.2895622253418], [-0.22012151777744293, 0.9278489947319031, 0.3253736197948456]], "brockpiece4": [[0.262407124042511, -0.14624536037445068, -2.780386209487915], [-15.11100959777832, -13.800332069396973, -57.77180099487305], [-0.4135969281196594, 0.9918517470359802, 0.46200042963027954]], "brockpiece5": [[-0.04110327363014221, 0.02394735813140869, -2.4097352027893066], [-5.00200080871582, 9.318796157836914, 2.2541768550872803], [-0.436776340007782, 0.9646992683410645, -0.3259457051753998]], "brockpiece6": [[0.5003268122673035, -0.7071833610534668, -3.7397234439849854], [50.08454132080078, -23.69600486755371, 117.49612426757812], [-0.01387631893157959, 0.9064578413963318, -0.06759907305240631]], "brockpiece7": [[0.9521262645721436, -1.1584069728851318, -4.183168888092041], [-161.3386688232422, 5.011735439300537, -106.30974578857422], [-0.016788214445114136, 1.2991664409637451, -0.5754176378250122]], "brockpiece8": [[1.584473729133606, -1.0907055139541626, -5.262082099914551], [-150.81739807128906, -2.346086025238037, -109.13290405273438], [-0.10184786468744278, 1.4046438932418823, 0.10018877685070038]], "brockpiece9": [[-1.1072508096694946, -0.791080117225647, -1.5633060932159424], [35.95781326293945, -1.0168861150741577, -62.7716064453125], [0.009604007937014103, 0.8276886940002441, 0.4656519293785095]], "brockpiece10": [[0.04207221418619156, -0.25765368342399597, -1.326820731163025], [15.925080299377441, 6.0715131759643555, -174.00601196289062], [0.026453230530023575, 0.7262305021286011, -0.09866398572921753]], "brockpiece11": [[-0.13549385964870453, -0.6256179809570312, -2.1293210983276367], [-15.50770378112793, -17.523038864135742, 37.34901809692383], [0.023447148501873016, 0.6883174180984497, -0.6239317655563354]], "brockpiece12": [[-0.02589244768023491, -0.1437070071697235, -1.3719873428344727], [-3.2733616828918457, -8.0285062789917, 8.26636028289795], [0.057196881622076035, 0.6268966794013977, -0.06759794801473618]], "brockpiece13": [[-0.042402565479278564, -0.1429683268070221, -0.9463620185852051], [-14.027467727661133, -12.581254959106445, 1.8093581199645996], [0.10751569271087646, 0.33034080266952515, -0.6997447609901428]], "brockpiece14": [[-0.11220727860927582, -0.0652289092540741, -0.9521713852882385], [2.637456178665161, -9.763461112976074, -6.704402923583984], [0.1765923947095871, 0.3738964796066284, -0.06937721371650696]], "brockpiece15": [[-0.04260069131851196, -9.846687316894531e-05, -0.07577665150165558], [-0.0014303176430985332, 4.789921760559082, -0.017825879156589508], [0.32439151406288147, 0.17386914789676666, 0.1606941819190979]], "brockpiece16": [[-0.11589129269123077, -0.0006955713033676147, -0.2986566722393036], [0.011251334100961685, -7.301176071166992, 0.0069359480403363705], [0.2422737032175064, 0.13469432294368744, -0.2985038757324219]], "brockpiece17": [[0.09131813794374466, 0.019997239112854004, -0.9275131225585938], [-2.7709951400756836, -0.5961261987686157, 28.662471771240234], [0.05579742044210434, 0.8304786086082458, -0.06759888678789139]], "brockpiece18": [[0.05241328477859497, 8.26120376586914e-05, -0.9465442299842834], [0.00029457855271175504, -4.430671215057373, 0.0002140832511940971], [0.7751116156578064, 1.1647822856903076, 0.4550911784172058]], "brockpiece19": [[0.5813992619514465, -0.7630146145820618, -3.193124771118164], [-160.36776733398438, -14.702313423156738, -62.65901565551758], [0.04745550453662872, 0.8352649807929993, -0.8555060029029846]], "brockpiece20": [[0.11401993781328201, -0.11697471141815186, -2.337944507598877], [26.272001266479492, -23.126413345336914, -99.34306335449219], [0.0324799083173275, 0.8903895616531372, 0.1047213077545166]], "brockpiece21": [[0.06798548996448517, 8.571147918701172e-05, -0.9935712218284607], [0.0004889660631306469, -4.430385589599609, 0.00019438753952272236], [0.15945503115653992, 1.6952928304672241, 0.277337908744812]], "brockpiece22": [[-0.2973789572715759, -1.7766131162643433, -6.501213073730469], [152.284423828125, 9.789338111877441, -31.85829734802246], [0.5310609936714172, 1.9953807592391968, -0.3219248354434967]], "brockpiece23": [[0.15008445084095, -0.4246613085269928, -2.8937060832977295], [-1.2345247268676758, 26.234169006347656, 94.93180847167969], [-0.0681355819106102, 0.8056530356407166, -0.06759854406118393]], "brockpiece24": [[0.05086037516593933, -0.10808110237121582, -2.6412501335144043], [-16.867305755615234, 1.1415166854858398, -35.56100082397461], [-0.3838520646095276, 0.746596097946167, 0.4647919237613678]], "brockpiece25": [[-0.2590581178665161, -0.02379000186920166, -2.392103672027588], [-0.04696439206600189, 1.0922974348068237, -2.6323230266571045], [-1.032001256942749, 0.5244100093841553, 0.6970614790916443]], "brockpiece26": [[-0.752869188785553, -0.7239062786102295, -1.0010943412780762], [23.44623374938965, -11.899788856506348, 111.11939239501953], [-0.012171115726232529, 0.7901149392127991, 0.14576949179172516]], "brockpiece27": [[-0.3221319317817688, -0.6668906211853027, -2.9140472412109375], [4.570788860321045, 3.0766849517822266, -6.289273738861084], [-0.029545554891228676, 0.7074200510978699, -0.5648927092552185]], "brockpiece28": [[-1.5429329872131348, -0.8049207329750061, -1.985060691833496], [-95.76892852783203, 0.6154769659042358, 69.40219116210938], [-0.05280172452330589, 0.875779390335083, 0.7411666512489319]], "brockpiece29": [[0.05316827446222305, -0.33560189604759216, -2.66007924079895], [-8.285687446594238, -5.848927021026611, -14.787335395812988], [-0.1528574824333191, 0.604702889919281, -0.03537474945187569]], "brockpiece30": [[0.04362371563911438, -0.3193987011909485, -2.552689552307129], [-10.025169372558594, -6.837100028991699, -10.20450496673584], [-0.212638720870018, 0.5194345116615295, -0.6746488809585571]], "brockpiece31": [[-0.05440762639045715, -0.12343049049377441, -2.563783884048462], [-10.025150299072266, -6.837118625640869, -10.204617500305176], [-0.3032321333885193, 0.4032418727874756, 0.2416532039642334]], "brockpiece32": [[0.07826706767082214, -0.15407013893127441, -2.412435293197632], [34.67979049682617, 22.144014358520508, 152.64198303222656], [-0.014846060425043106, 0.7332823276519775, -0.067598357796669]], "brockpiece33": [[-0.1897413432598114, -0.00016880035400390625, -1.3304429054260254], [-0.0010168877197429538, -5.549073696136475, 0.017884571105241776], [-0.07364655286073685, 0.3388040363788605, 0.1644446849822998]], "brockpiece34": [[-0.054624903947114944, 0.0003975033760070801, -1.2532687187194824], [0.033367056399583817, -9.37450885772705, -0.2042035460472107], [-0.040006935596466064, 0.3192813992500305, -0.5479322671890259]], "brockpiece35": [[0.11224599182605743, -0.1601054072380066, -1.4520090818405151], [18.06554412841797, -1.1104216575622559, -118.05831909179688], [0.03971529006958008, 0.7414476275444031, -0.4923132658004761]], "brockpiece36": [[-0.022575408220291138, -0.18033891916275024, -1.281657338142395], [-17.063390731811523, -15.22926139831543, -151.86183166503906], [0.04695548489689827, 0.8178877234458923, 0.2522242069244385]], "brockpiece37": [[-1.3220391273498535, -0.8361828923225403, -1.8613691329956055], [-109.98872375488281, -36.585784912109375, 100.07537841796875], [0.018796933814883232, 0.8953180909156799, 0.6815259456634521]],