{"brockpiece0": [[-0.16547125577926636, -0.7221983075141907, -3.3037233352661133], [105.14637756347656, -71.46387481689453, 78.63037109375], [-0.04771063104271889, 0.8072485327720642, -0.47105833888053894]], "brockpiece1": [[0.27418628334999084, -0.4531780779361725, -3.094046115875244], [-3.8712449073791504, 71.7143783569336, 83.61190032958984], [-0.060903601348400116, 0.894946277141571, 0.4562895596027374]], "brockpiece2": [[0.5714510083198547, -0.8028850555419922, -3.674492120742798], [-3.672205924987793, 9.386322975158691, -45.03903579711914], [-0.1568758189678192, 0.8655882477760315, -0.5483085513114929]], "brockpiece3": [[0.18393239378929138, -0.47876402735710144, -3.2023661136627197], [-14.890769004821777, 16.954164505004883, 46.03360366821289], [-0.22012151777744293, 0.9278489947319031, 0.3253736197948456]], "brockpiece4": [[0.2641461491584778, -0.16294562816619873, -2.788649320602417], [-10.420334815979004, -12.920476913452148, -61.750240325927734], [-0.4135969281196594, 0.9918517470359802, 0.46200042963027954]], "brockpiece5": [[-0.03889870643615723, 0.023439526557922363, -2.41119122505188], [-4.98689603805542, 9.350066184997559, 2.2511041164398193], [-0.436776340007782, 0.9646992683410645, -0.3259457051753998]], "brockpiece6": [[0.5005204677581787, -0.7076103687286377, -3.743319272994995], [49.199378967285156, -23.647340774536133, 117.74809265136719], [-0.01387631893157959, 0.9064578413963318, -0.06759907305240631]], "brockpiece7": [[0.9511871933937073, -1.1584055423736572, -4.181714057922363], [-161.3567657470703, 5.008762359619141, -106.31575775146484], [-0.016788214445114136, 1.2991664409637451, -0.5754176378250122]], "brockpiece8": [[1.5855566263198853, -1.0921645164489746, -5.264611721038818], [-150.7707061767578, -2.223538637161255, -109.14034271240234], [-0.10184786468744278, 1.4046438932418823, 0.10018877685070038]], "brockpiece9": [[-1.020026683807373, -0.7848497629165649, -1.537322759628296], [58.60287094116211, 35.2544059753418, -101.59241485595703], [0.009604007937014103, 0.8276886940002441, 0.4656519293785095]], "brockpiece10": [[0.03970729559659958, -0.2605538070201874, -1.328039288520813], [16.80067253112793, 6.5281453132629395, -175.0496826171875], [0.026453230530023575, 0.7262305021286011, -0.09866398572921753]], "brockpiece11": [[-0.13442769646644592, -0.6257308721542358, -2.1292452812194824], [-15.702985763549805, -17.531705856323242, 37.68673324584961], [0.023447148501873016, 0.6883174180984497, -0.6239317655563354]], "brockpiece12": [[-0.030250752344727516, -0.14414110779762268, -1.3714009523391724], [-3.2473456859588623, -7.735217571258545, 8.391523361206055], [0.057196881622076035, 0.6268966794013977, -0.06759794801473618]], "brockpiece13": [[-0.04479464888572693, -0.14564260840415955, -0.9481402635574341], [-13.317083358764648, -13.036272048950195, 1.6509145498275757], [0.10751569271087646, 0.33034080266952515, -0.6997447609901428]], "brockpiece14": [[-0.11630195379257202, -0.06728902459144592, -0.9504562020301819], [2.771333932876587, -9.749608993530273, -6.117717742919922], [0.1765923947095871, 0.3738964796066284, -0.06937721371650696]], "brockpiece15": [[-0.04261845350265503, -0.00019887089729309082, -0.07631661742925644], [0.0023665286134928465, 4.921501159667969, -0.006224763114005327], [0.32439151406288147, 0.17386914789676666, 0.1606941819190979]], "brockpiece16": [[-0.11212970316410065, -0.0005678236484527588, -0.29544302821159363], [-0.013678967021405697, -6.906746864318848, 0.10410313308238983], [0.2422737032175064, 0.13469432294368744, -0.2985038757324219]], "brockpiece17": [[0.0913601890206337, 0.01457911729812622, -0.9288928508758545], [-2.7590839862823486, 0.0013933590380474925, 32.77922058105469], [0.05579742044210434, 0.8304786086082458, -0.06759888678789139]], "brockpiece18": [[0.05261296033859253, 7.653236389160156e-05, -0.9465395212173462], [0.00021065825421828777, -4.43186092376709, 0.00027060171123594046], [0.7751116156578064, 1.1647822856903076, 0.4550911784172058]], "brockpiece19": [[0.5715481638908386, -0.764580249786377, -3.1967625617980957], [-163.32275390625, -16.681196212768555, -54.04248809814453], [0.04745550453662872, 0.8352649807929993, -0.8555060029029846]], "brockpiece20": [[0.11057446151971817, -0.12797939777374268, -2.340447187423706], [25.455669403076172, -19.65137481689453, -94.50882720947266], [0.0324799083173275, 0.8903895616531372, 0.1047213077545166]], "brockpiece21": [[0.068189337849617, 7.593631744384766e-05, -0.9935831427574158], [-0.000553513178601861, -4.431886672973633, 0.00017897393263410777], [0.15945503115653992, 1.6952928304672241, 0.277337908744812]], "brockpiece22": [[-0.29832160472869873, -1.7766135931015015, -6.5021233558654785], [152.25694274902344, 9.832207679748535, -31.863365173339844], [0.5310609936714172, 1.9953807592391968, -0.3219248354434967]], "brockpiece23": [[0.15406906604766846, -0.42699679732322693, -2.901820421218872], [-2.0342037677764893, 25.01812744140625, 93.65621185302734], [-0.0681355819106102, 0.8056530356407166, -0.06759854406118393]], "brockpiece24": [[0.05199804902076721, -0.10880374908447266, -2.6425716876983643], [-16.9301700592041, 1.2881767749786377, -35.7243766784668], [-0.3838520646095276, 0.746596097946167, 0.4647919237613678]], "brockpiece25": [[-0.26110732555389404, -0.024809658527374268, -2.3904314041137695], [-0.05251748114824295, 1.139540672302246, -2.742403507232666], [-1.032001256942749, 0.5244100093841553, 0.6970614790916443]], "brockpiece26": [[-0.666478157043457, -0.7069169878959656, -1.0418943166732788], [26.681455612182617, 18.61577033996582, 43.4440803527832], [-0.012171115726232529, 0.7901149392127991, 0.14576949179172516]], "brockpiece27": [[-0.32142016291618347, -0.6667770743370056, -2.91457462310791], [4.583576202392578, 3.0258212089538574, -5.866982460021973], [-0.029545554891228676, 0.7074200510978699, -0.5648927092552185]], "brockpiece28": [[-1.539206624031067, -0.833862841129303, -2.000931739807129], [-140.128662109375, 44.67128372192383, 33.00338363647461], [-0.05280172452330589, 0.875779390335083, 0.7411666512489319]], "brockpiece29": [[0.05393847078084946, -0.33592891693115234, -2.660902738571167], [-8.197037696838379, -5.9932098388671875, -14.79060173034668], [-0.1528574824333191, 0.604702889919281, -0.03537474945187569]], "brockpiece30": [[0.04336519539356232, -0.3193395435810089, -2.552555561065674], [-10.06412410736084, -6.844662189483643, -9.976516723632812], [-0.212638720870018, 0.5194345116615295, -0.6746488809585571]], "brockpiece31": [[-0.054987579584121704, -0.1234847903251648, -2.563704490661621], [-10.064114570617676, -6.844679832458496, -9.976603507995605], [-0.3032321333885193, 0.4032418727874756, 0.2416532039642334]], "brockpiece32": [[0.07787246257066727, -0.15492063760757446, -2.4155797958374023], [35.16162109375, 21.43317222595215, 155.39157104492188], [-0.014846060425043106, 0.7332823276519775, -0.067598357796669]], "brockpiece33": [[-0.19239336252212524, -0.00011819601058959961, -1.327805757522583], [-0.004251193255186081, -5.763493061065674, 0.03471018746495247], [-0.07364655286073685, 0.3388040363788605, 0.1644446849822998]], "brockpiece34": [[-0.056190524250268936, 0.0007575750350952148, -1.2540762424468994], [0.06378238648176193, -9.8388090133667, -0.3524659276008606], [-0.040006935596466064, 0.3192813992500305, -0.5479322671890259]], "brockpiece35": [[0.13116349279880524, -0.17799115180969238, -1.444916009902954], [13.910590171813965, 3.595324993133545, -137.38047790527344], [0.03971529006958008, 0.7414476275444031, -0.4923132658004761]], "brockpiece36": [[-0.019074469804763794, -0.19065827131271362, -1.2774301767349243], [-13.534826278686523, -13.467562675476074, -155.43515014648438], [0.04695548489689827, 0.8178877234458923, 0.2522242069244385]], "brockpiece37": [[-1.3187108039855957, -0.8381551504135132, -1.867297649383545], [-109.89830017089844, -30.858034133911133, 96.16094207763672], [0.018796933814883232, 0.8953180909156799, 0.6815259456634521]],