{"brockpiece0": [[-0.17864000797271729, -0.7911732792854309, -3.4773478507995605], [-106.55884552001953, 71.0085678100586, -109.61930847167969], [-0.04771063104271889, 0.8072485327720642, -0.47105833888053894]], "brockpiece1": [[0.2845951318740845, -0.4494224488735199, -3.0892364978790283], [-44.429359436035156, 64.54239654541016, 36.71622848510742], [-0.060903601348400116, 0.894946277141571, 0.4562895596027374]], "brockpiece2": [[0.5841692686080933, -0.8014646768569946, -3.67781662940979], [-4.7517619132995605, 7.957911014556885, -56.00404357910156], [-0.1568758189678192, 0.8655882477760315, -0.5483085513114929]], "brockpiece3": [[0.17345449328422546, -0.4566868543624878, -3.1804728507995605], [-13.852643966674805, 19.332183837890625, 52.17549133300781], [-0.22012151777744293, 0.9278489947319031, 0.3253736197948456]], "brockpiece4": [[0.2687397003173828, -0.11419779062271118, -2.7865257263183594], [-29.4077205657959, -12.772308349609375, -49.55128860473633], [-0.4135969281196594, 0.9918517470359802, 0.46200042963027954]], "brockpiece5": [[-0.04455450177192688, 0.023479044437408447, -2.405344009399414], [-4.894161224365234, 9.25471019744873, 2.2549731731414795], [-0.436776340007782, 0.9646992683410645, -0.3259457051753998]], "brockpiece6": [[0.5582454800605774, -0.7652860283851624, -3.7717673778533936], [43.81644821166992, 21.023653030395508, 63.04378890991211], [-0.01387631893157959, 0.9064578413963318, -0.06759907305240631]], "brockpiece7": [[0.9526419639587402, -1.1583961248397827, -4.18497371673584], [-161.34739685058594, 5.0099196434021, -106.31208038330078], [-0.016788214445114136, 1.2991664409637451, -0.5754176378250122]], "brockpiece8": [[1.6065891981124878, -1.0947238206863403, -5.2305731773376465], [-152.5126190185547, 5.7558488845825195, -117.25201416015625], [-0.10184786468744278, 1.4046438932418823, 0.10018877685070038]], "brockpiece9": [[-0.894900381565094, -0.7898116707801819, -1.6098530292510986], [18.604534149169922, 25.04615592956543, -126.24557495117188], [0.009604007937014103, 0.8276886940002441, 0.4656519293785095]], "brockpiece10": [[0.043476276099681854, -0.24966979026794434, -1.327890396118164], [14.616842269897461, 5.6859660148620605, -175.16796875], [0.026453230530023575, 0.7262305021286011, -0.09866398572921753]], "brockpiece11": [[-0.13486793637275696, -0.6250637173652649, -2.1286611557006836], [-14.951480865478516, -17.736513137817383, 36.05783462524414], [0.023447148501873016, 0.6883174180984497, -0.6239317655563354]], "brockpiece12": [[-0.02073955535888672, -0.1401292383670807, -1.3733433485031128], [-3.0900814533233643, -8.221314430236816, 7.642226219177246], [0.057196881622076035, 0.6268966794013977, -0.06759794801473618]], "brockpiece13": [[-0.041103705763816833, -0.13805228471755981, -0.9448966979980469], [-15.354738235473633, -12.179798126220703, 2.1635589599609375], [0.10751569271087646, 0.33034080266952515, -0.6997447609901428]], "brockpiece14": [[-0.10585878044366837, -0.061304450035095215, -0.956207811832428], [2.302290678024292, -9.509261131286621, -6.71087646484375], [0.1765923947095871, 0.3738964796066284, -0.06937721371650696]], "brockpiece15": [[-0.04279601573944092, -0.00011651217937469482, -0.07553762942552567], [-0.01273130439221859, 4.621641635894775, 0.05426987260580063], [0.32439151406288147, 0.17386914789676666, 0.1606941819190979]], "brockpiece16": [[-0.12163332849740982, -0.0005941838026046753, -0.3054320514202118], [0.002046150155365467, -7.786037445068359, 0.06015138328075409], [0.2422737032175064, 0.13469432294368744, -0.2985038757324219]], "brockpiece17": [[0.08492674678564072, 0.03348428010940552, -0.92474365234375], [-2.5906519889831543, -2.053342580795288, 17.187223434448242], [0.05579742044210434, 0.8304786086082458, -0.06759888678789139]], "brockpiece18": [[0.051881492137908936, 8.273124694824219e-05, -0.9466172456741333], [-4.110406371182762e-05, -4.4321160316467285, 0.0002654637210071087], [0.7751116156578064, 1.1647822856903076, 0.4550911784172058]], "brockpiece19": [[0.601033627986908, -0.7597746253013611, -3.1797704696655273], [-151.1539764404297, -6.031798839569092, -82.4305191040039], [0.04745550453662872, 0.8352649807929993, -0.8555060029029846]], "brockpiece20": [[0.13101491332054138, -0.08231419324874878, -2.3334009647369385], [38.51316833496094, -18.7490234375, -130.06874084472656], [0.0324799083173275, 0.8903895616531372, 0.1047213077545166]], "brockpiece21": [[0.06745855510234833, 8.428096771240234e-05, -0.9936627745628357], [2.487043619155884, 8.415250778198242, 158.0453338623047], [0.15945503115653992, 1.6952928304672241, 0.277337908744812]], "brockpiece22": [[-0.2963988184928894, -1.7748253345489502, -6.502837657928467], [151.99562072753906, 9.621127128601074, -32.223148345947266], [0.5310609936714172, 1.9953807592391968, -0.3219248354434967]], "brockpiece23": [[0.14745593070983887, -0.41972509026527405, -2.881382942199707], [-3.2437844276428223, 26.744800567626953, 87.58041381835938], [-0.0681355819106102, 0.8056530356407166, -0.06759854406118393]], "brockpiece24": [[0.054781198501586914, -0.10574698448181152, -2.6340301036834717], [-17.15735626220703, 1.3178505897521973, -33.97105407714844], [-0.3838520646095276, 0.746596097946167, 0.4647919237613678]], "brockpiece25": [[-0.2539292573928833, -0.02257639169692993, -2.394864559173584], [-0.0400988906621933, 0.9633055329322815, -2.5008556842803955], [-1.032001256942749, 0.5244100093841553, 0.6970614790916443]], "brockpiece26": [[-0.7739583253860474, -0.7415692806243896, -1.0890238285064697], [-26.877302169799805, 34.68449783325195, 133.24008178710938], [-0.012171115726232529, 0.7901149392127991, 0.14576949179172516]], "brockpiece27": [[-0.3224198520183563, -0.6676250100135803, -2.9136335849761963], [4.472649097442627, 3.1294991970062256, -8.588032722473145], [-0.029545554891228676, 0.7074200510978699, -0.5648927092552185]], "brockpiece28": [[-1.5525895357131958, -0.8330726027488708, -1.8742804527282715], [-29.146305084228516, 68.13710021972656, 137.18643188476562], [-0.05280172452330589, 0.875779390335083, 0.7411666512489319]], "brockpiece29": [[0.053019143640995026, -0.33229294419288635, -2.658597469329834], [-8.785274505615234, -5.192294120788574, -13.89237117767334], [-0.1528574824333191, 0.604702889919281, -0.03537474945187569]], "brockpiece30": [[0.047671183943748474, -0.3195502460002899, -2.551898956298828], [-9.818410873413086, -6.8955488204956055, -11.190958023071289], [-0.212638720870018, 0.5194345116615295, -0.6746488809585571]], "brockpiece31": [[-0.05052921175956726, -0.1234298050403595, -2.563044786453247], [-9.818392753601074, -6.895561218261719, -11.191061973571777], [-0.3032321333885193, 0.4032418727874756, 0.2416532039642334]], "brockpiece32": [[0.07116618007421494, -0.14825481176376343, -2.406702756881714], [34.79069519042969, 22.82737159729004, 151.63780212402344], [-0.014846060425043106, 0.7332823276519775, -0.067598357796669]], "brockpiece33": [[-0.18351617455482483, -4.231929779052734e-06, -1.333927869796753], [-0.008523283526301384, -5.234326362609863, 0.07235299050807953], [-0.07364655286073685, 0.3388040363788605, 0.1644446849822998]], "brockpiece34": [[-0.05296573415398598, 0.002136826515197754, -1.2524561882019043], [-0.017109764739871025, -9.040348052978516, -0.6072606444358826], [-0.040006935596466064, 0.3192813992500305, -0.5479322671890259]], "brockpiece35": [[0.04234795644879341, -0.13759642839431763, -1.4738149642944336], [7.1512885093688965, -20.438934326171875, -48.22584915161133], [0.03971529006958008, 0.7414476275444031, -0.4923132658004761]], "brockpiece36": [[-0.030629057437181473, -0.1619584560394287, -1.2984447479248047], [-23.10820960998535, -25.970172882080078, -150.7711944580078], [0.04695548489689827, 0.8178877234458923, 0.2522242069244385]], "brockpiece37": [[-1.3061715364456177, -0.839737594127655, -1.8722450733184814], [-103.19281768798828, -27.238319396972656, 90.2610092163086], [0.018796933814883232, 0.8953180909156799, 0.6815259456634521]],