{"brockpiece0": [[-0.17089778184890747, -0.724916398525238, -3.3720273971557617], [96.49310302734375, -21.30571174621582, 90.69496154785156], [-0.04771063104271889, 0.8072485327720642, -0.47105833888053894]], "brockpiece1": [[0.15390630066394806, -0.26619088649749756, -3.0813167095184326], [13.621867179870605, 49.31224060058594, 116.78031921386719], [-0.060903601348400116, 0.894946277141571, 0.4562895596027374]], "brockpiece2": [[0.5978033542633057, -0.7705663442611694, -3.681433916091919], [-9.042716979980469, 11.698197364807129, -34.83823013305664], [-0.1568758189678192, 0.8655882477760315, -0.5483085513114929]], "brockpiece3": [[0.20017533004283905, -0.419524610042572, -3.161191463470459], [-22.191173553466797, 14.593467712402344, 37.940467834472656], [-0.22012151777744293, 0.9278489947319031, 0.3253736197948456]], "brockpiece4": [[0.24340833723545074, -0.06118577718734741, -2.7422127723693848], [-14.658286094665527, 9.468648910522461, -41.10104751586914], [-0.4135969281196594, 0.9918517470359802, 0.46200042963027954]], "brockpiece5": [[-0.061720192432403564, 0.045631468296051025, -2.431288242340088], [-5.869298458099365, 8.1639986038208, -0.7939066290855408], [-0.436776340007782, 0.9646992683410645, -0.3259457051753998]], "brockpiece6": [[0.41833260655403137, -0.8088209629058838, -3.732018232345581], [-34.24528121948242, 30.465953826904297, -69.40472412109375], [-0.01387631893157959, 0.9064578413963318, -0.06759907305240631]], "brockpiece7": [[0.9535345435142517, -1.1577163934707642, -4.186503887176514], [-161.15237426757812, 4.586696624755859, -105.9007568359375], [-0.016788214445114136, 1.2991664409637451, -0.5754176378250122]], "brockpiece8": [[1.5817136764526367, -1.0622150897979736, -5.244605541229248], [-148.6103973388672, 1.706352949142456, -114.70164489746094], [-0.10184786468744278, 1.4046438932418823, 0.10018877685070038]], "brockpiece9": [[-1.0855271816253662, -0.7538323998451233, -1.779931664466858], [4.787362575531006, 5.169377326965332, 63.7763671875], [0.009604007937014103, 0.8276886940002441, 0.4656519293785095]], "brockpiece10": [[0.04660664498806, -0.24155747890472412, -1.3316212892532349], [14.596713066101074, 5.2087225914001465, -174.82298278808594], [0.026453230530023575, 0.7262305021286011, -0.09866398572921753]], "brockpiece11": [[-0.09662005305290222, -0.6146286129951477, -2.1097378730773926], [3.39108943939209, -21.046125411987305, -8.996944427490234], [0.023447148501873016, 0.6883174180984497, -0.6239317655563354]], "brockpiece12": [[-0.01384425163269043, -0.1384015679359436, -1.376954197883606], [-3.472926139831543, -7.8772172927856445, 7.866040229797363], [0.057196881622076035, 0.6268966794013977, -0.06759794801473618]], "brockpiece13": [[-0.03821641951799393, -0.12907899916172028, -0.9468967914581299], [-17.403505325317383, -11.744215965270996, 2.1374363899230957], [0.10751569271087646, 0.33034080266952515, -0.6997447609901428]], "brockpiece14": [[-0.09601185470819473, -0.05750337243080139, -0.9645702242851257], [1.8829410076141357, -9.180902481079102, -7.087366580963135], [0.1765923947095871, 0.3738964796066284, -0.06937721371650696]], "brockpiece15": [[-0.0413571298122406, -0.00024370849132537842, -0.07422064244747162], [-0.10671491175889969, 4.140928745269775, 0.5814298987388611], [0.32439151406288147, 0.17386914789676666, 0.1606941819190979]], "brockpiece16": [[-0.1262246072292328, -0.0005352646112442017, -0.3126046359539032], [0.024478819221258163, -8.382684707641602, -0.08773370832204819], [0.2422737032175064, 0.13469432294368744, -0.2985038757324219]], "brockpiece17": [[0.07523860782384872, 0.05150282382965088, -0.932002604007721], [-2.8202664852142334, -3.3054511547088623, 9.905256271362305], [0.05579742044210434, 0.8304786086082458, -0.06759888678789139]], "brockpiece18": [[0.051510751247406006, 5.078315734863281e-05, -0.9466468095779419], [-0.0008991490467451513, -4.430205345153809, 0.001094392966479063], [0.7751116156578064, 1.1647822856903076, 0.4550911784172058]], "brockpiece19": [[0.6194795966148376, -0.7629649639129639, -3.1490888595581055], [-142.55679321289062, 16.380958557128906, -106.46063232421875], [0.04745550453662872, 0.8352649807929993, -0.8555060029029846]], "brockpiece20": [[0.11008884757757187, -0.14528828859329224, -2.2745563983917236], [-10.028450965881348, -13.009140968322754, -31.271669387817383], [0.0324799083173275, 0.8903895616531372, 0.1047213077545166]], "brockpiece21": [[0.06707769632339478, 4.482269287109375e-05, -0.993679940700531], [-0.0014366044197231531, -4.429999828338623, 0.00029029662255197763], [0.15945503115653992, 1.6952928304672241, 0.277337908744812]], "brockpiece22": [[-0.32255953550338745, -1.7531509399414062, -6.503187656402588], [152.86868286132812, 11.110404014587402, -28.450950622558594], [0.5310609936714172, 1.9953807592391968, -0.3219248354434967]], "brockpiece23": [[0.15063875913619995, -0.4475049674510956, -2.832149028778076], [-23.04666519165039, 11.53126335144043, 31.56215476989746], [-0.0681355819106102, 0.8056530356407166, -0.06759854406118393]], "brockpiece24": [[0.0582675039768219, -0.07372945547103882, -2.639258861541748], [-18.274250030517578, 0.8017215728759766, -33.32024002075195], [-0.3838520646095276, 0.746596097946167, 0.4647919237613678]], "brockpiece25": [[-0.2615697383880615, 0.007138729095458984, -2.407658576965332], [0.5400035381317139, -1.761042594909668, -1.0168507099151611], [-1.032001256942749, 0.5244100093841553, 0.6970614790916443]], "brockpiece26": [[-0.9302136301994324, -0.7005792856216431, -1.322372555732727], [-16.743377685546875, -16.020105361938477, -168.3499298095703], [-0.012171115726232529, 0.7901149392127991, 0.14576949179172516]], "brockpiece27": [[-0.30685341358184814, -0.6765413284301758, -2.9128434658050537], [4.261402606964111, 1.5267674922943115, -45.8292121887207], [-0.029545554891228676, 0.7074200510978699, -0.5648927092552185]], "brockpiece28": [[-1.2990977764129639, -0.804736316204071, -1.7217483520507812], [6.463556289672852, 26.629528045654297, 107.7799301147461], [-0.05280172452330589, 0.875779390335083, 0.7411666512489319]], "brockpiece29": [[0.05439169704914093, -0.318142294883728, -2.662409782409668], [-10.991456031799316, -4.587446212768555, -13.76852798461914], [-0.1528574824333191, 0.604702889919281, -0.03537474945187569]], "brockpiece30": [[0.0440962016582489, -0.3142682611942291, -2.558664321899414], [-10.824984550476074, -6.524780750274658, -13.140450477600098], [-0.212638720870018, 0.5194345116615295, -0.6746488809585571]], "brockpiece31": [[-0.04178762435913086, -0.09734794497489929, -2.569404125213623], [-10.824971199035645, -6.524791717529297, -13.14054012298584], [-0.3032321333885193, 0.4032418727874756, 0.2416532039642334]], "brockpiece32": [[0.028676480054855347, -0.14329183101654053, -2.404660940170288], [39.930599212646484, 12.954726219177246, 169.61241149902344], [-0.014846060425043106, 0.7332823276519775, -0.067598357796669]], "brockpiece33": [[-0.17488373816013336, -0.0006412267684936523, -1.3437657356262207], [-0.027355264872312546, -4.49457311630249, 0.06579266488552094], [-0.07364655286073685, 0.3388040363788605, 0.1644446849822998]], "brockpiece34": [[-0.052165765315294266, 0.007332801818847656, -1.2519161701202393], [-0.8901475667953491, -8.284101486206055, -0.32234659790992737], [-0.040006935596466064, 0.3192813992500305, -0.5479322671890259]], "brockpiece35": [[-0.005555775016546249, -0.1108054518699646, -1.4975149631500244], [-14.062298774719238, 2.2578892707824707, 51.28117370605469], [0.03971529006958008, 0.7414476275444031, -0.4923132658004761]], "brockpiece36": [[-0.03481164947152138, -0.14565110206604004, -1.2989730834960938], [-15.92326831817627, -24.163278579711914, -150.79244995117188], [0.04695548489689827, 0.8178877234458923, 0.2522242069244385]], "brockpiece37": [[-1.2354015111923218, -0.8689867854118347, -2.267057418823242], [-145.67245483398438, 13.466333389282227, 42.39877700805664], [0.018796933814883232, 0.8953180909156799, 0.6815259456634521]],