{"brockpiece0": [[-0.1755504012107849, -0.7473523020744324, -3.4283738136291504], [98.42071533203125, 23.252328872680664, 94.25628662109375], [-0.04771063104271889, 0.8072485327720642, -0.47105833888053894]], "brockpiece1": [[0.276081383228302, -0.4527031183242798, -3.0887374877929688], [-20.495529174804688, 70.02608489990234, 65.2997817993164], [-0.060903601348400116, 0.894946277141571, 0.4562895596027374]], "brockpiece2": [[0.5808006525039673, -0.8017451763153076, -3.6762306690216064], [-4.53926420211792, 8.37404727935791, -53.176116943359375], [-0.1568758189678192, 0.8655882477760315, -0.5483085513114929]], "brockpiece3": [[0.17865552008152008, -0.47107481956481934, -3.18979549407959], [-15.092568397521973, 17.399946212768555, 46.838409423828125], [-0.22012151777744293, 0.9278489947319031, 0.3253736197948456]], "brockpiece4": [[0.26503458619117737, -0.1395396590232849, -2.781813144683838], [-18.691211700439453, -13.864624977111816, -55.3791389465332], [-0.4135969281196594, 0.9918517470359802, 0.46200042963027954]], "brockpiece5": [[-0.04133930802345276, 0.02405703067779541, -2.409390687942505], [-5.0024542808532715, 9.333142280578613, 2.2508790493011475], [-0.436776340007782, 0.9646992683410645, -0.3259457051753998]], "brockpiece6": [[0.5027263164520264, -0.7088667154312134, -3.743683099746704], [51.495201110839844, -21.045169830322266, 114.76512908935547], [-0.01387631893157959, 0.9064578413963318, -0.06759907305240631]], "brockpiece7": [[0.9521393775939941, -1.158400058746338, -4.183394432067871], [-161.3417205810547, 5.013582229614258, -106.31440734863281], [-0.016788214445114136, 1.2991664409637451, -0.5754176378250122]], "brockpiece8": [[1.5874500274658203, -1.090824842453003, -5.257652759552002], [-150.9893341064453, -1.34231436252594, -110.16577911376953], [-0.10184786468744278, 1.4046438932418823, 0.10018877685070038]], "brockpiece9": [[-1.1395400762557983, -0.7763063311576843, -1.5927189588546753], [13.211713790893555, 21.419042587280273, -134.14822387695312], [0.009604007937014103, 0.8276886940002441, 0.4656519293785095]], "brockpiece10": [[0.04248764365911484, -0.25682681798934937, -1.327691674232483], [15.706387519836426, 6.1024169921875, -174.77667236328125], [0.026453230530023575, 0.7262305021286011, -0.09866398572921753]], "brockpiece11": [[-0.1356649249792099, -0.6255137920379639, -2.129284143447876], [-15.361566543579102, -17.491540908813477, 37.12202453613281], [0.023447148501873016, 0.6883174180984497, -0.6239317655563354]], "brockpiece12": [[-0.02497926726937294, -0.14326006174087524, -1.372284173965454], [-3.2443888187408447, -8.080008506774902, 8.186304092407227], [0.057196881622076035, 0.6268966794013977, -0.06759794801473618]], "brockpiece13": [[-0.04261624813079834, -0.14118967950344086, -0.9472694396972656], [-14.394213676452637, -12.705370903015137, 1.581369161605835], [0.10751569271087646, 0.33034080266952515, -0.6997447609901428]], "brockpiece14": [[-0.11099771410226822, -0.06453049182891846, -0.9536176323890686], [2.583287477493286, -9.697126388549805, -6.8322343826293945], [0.1765923947095871, 0.3738964796066284, -0.06937721371650696]], "brockpiece15": [[-0.04274836182594299, -0.0001207590103149414, -0.07568570971488953], [-0.001807579305022955, 4.77600622177124, 0.004960574675351381], [0.32439151406288147, 0.17386914789676666, 0.1606941819190979]], "brockpiece16": [[-0.11702494323253632, -0.0004844069480895996, -0.3005833327770233], [0.0068879639729857445, -7.398505210876465, -0.011466019786894321], [0.2422737032175064, 0.13469432294368744, -0.2985038757324219]], "brockpiece17": [[0.09131664782762527, 0.021935641765594482, -0.9265769124031067], [-2.7273192405700684, -0.7373683452606201, 27.31380271911621], [0.05579742044210434, 0.8304786086082458, -0.06759888678789139]], "brockpiece18": [[0.05234783887863159, 7.855892181396484e-05, -0.9465474486351013], [0.00021065771579742432, -4.429948806762695, 0.0004144648846704513], [0.7751116156578064, 1.1647822856903076, 0.4550911784172058]], "brockpiece19": [[0.5845727920532227, -0.7621175050735474, -3.1914052963256836], [-157.82275390625, -13.884688377380371, -66.50257110595703], [0.04745550453662872, 0.8352649807929993, -0.8555060029029846]], "brockpiece20": [[0.1151982769370079, -0.11085641384124756, -2.3358840942382812], [27.031713485717773, -24.07466697692871, -102.60600280761719], [0.0324799083173275, 0.8903895616531372, 0.1047213077545166]], "brockpiece21": [[0.06791512668132782, 7.87973403930664e-05, -0.9935688972473145], [2.237167973362375e-05, -4.429953575134277, 0.000261181325186044], [0.15945503115653992, 1.6952928304672241, 0.277337908744812]], "brockpiece22": [[-0.29696255922317505, -1.7766245603561401, -6.500852584838867], [152.29867553710938, 9.76656723022461, -31.856409072875977], [0.5310609936714172, 1.9953807592391968, -0.3219248354434967]], "brockpiece23": [[0.14973168075084686, -0.4247995615005493, -2.8912711143493652], [-1.6091067790985107, 26.353939056396484, 93.66156768798828], [-0.0681355819106102, 0.8056530356407166, -0.06759854406118393]], "brockpiece24": [[0.05102798342704773, -0.10793459415435791, -2.6409125328063965], [-16.815202713012695, 1.0671519041061401, -35.528961181640625], [-0.3838520646095276, 0.746596097946167, 0.4647919237613678]], "brockpiece25": [[-0.2581881284713745, -0.02342045307159424, -2.392603874206543], [-0.052693888545036316, 1.0711560249328613, -2.597797155380249], [-1.032001256942749, 0.5244100093841553, 0.6970614790916443]], "brockpiece26": [[-0.7690780758857727, -0.7355022430419922, -1.0042904615402222], [10.38692855834961, -9.723851203918457, 132.4617156982422], [-0.012171115726232529, 0.7901149392127991, 0.14576949179172516]], "brockpiece27": [[-0.3220796287059784, -0.6670886874198914, -2.9140045642852783], [4.5447678565979, 3.05582857131958, -6.902585029602051], [-0.029545554891228676, 0.7074200510978699, -0.5648927092552185]], "brockpiece28": [[-1.5589814186096191, -0.7750865817070007, -1.937179684638977], [-70.96422576904297, -47.75379943847656, 74.31361389160156], [-0.05280172452330589, 0.875779390335083, 0.7411666512489319]], "brockpiece29": [[0.05277975648641586, -0.3352678418159485, -2.659964084625244], [-8.344963073730469, -5.747889995574951, -14.716405868530273], [-0.1528574824333191, 0.604702889919281, -0.03537474945187569]], "brockpiece30": [[0.044318124651908875, -0.3193560838699341, -2.552722930908203], [-9.997902870178223, -6.855252742767334, -10.315672874450684], [-0.212638720870018, 0.5194345116615295, -0.6746488809585571]], "brockpiece31": [[-0.05392146110534668, -0.12340226769447327, -2.563859462738037], [-9.997882843017578, -6.855268955230713, -10.315763473510742], [-0.3032321333885193, 0.4032418727874756, 0.2416532039642334]], "brockpiece32": [[0.07653671503067017, -0.15287762880325317, -2.411184549331665], [34.96214294433594, 21.90423583984375, 153.21231079101562], [-0.014846060425043106, 0.7332823276519775, -0.067598357796669]], "brockpiece33": [[-0.18874919414520264, 6.377696990966797e-06, -1.3315143585205078], [-0.0054522231221199036, -5.467950344085693, 0.0675373300909996], [-0.07364655286073685, 0.3388040363788605, 0.1644446849822998]], "brockpiece34": [[-0.054313864558935165, 0.0006029903888702393, -1.2532763481140137], [0.05054768919944763, -9.33263874053955, -0.2994253635406494], [-0.040006935596466064, 0.3192813992500305, -0.5479322671890259]], "brockpiece35": [[0.10674601793289185, -0.1563326120376587, -1.4535703659057617], [18.04901695251465, -2.2698473930358887, -113.79562377929688], [0.03971529006958008, 0.7414476275444031, -0.4923132658004761]], "brockpiece36": [[-0.025426853448152542, -0.17576879262924194, -1.2865923643112183], [-18.101909637451172, -19.24289894104004, -153.30343627929688], [0.04695548489689827, 0.8178877234458923, 0.2522242069244385]], "brockpiece37": [[-1.322361707687378, -0.8363354802131653, -1.8602745532989502], [-110.40131378173828, -36.46316146850586, 100.02388763427734], [0.018796933814883232, 0.8953180909156799, 0.6815259456634521]],