{"brockpiece0": [[-0.17216289043426514, -0.7298924326896667, -3.3877105712890625], [96.72557067871094, -10.073497772216797, 91.54972076416016], [-0.04771063104271889, 0.8072485327720642, -0.47105833888053894]], "brockpiece1": [[0.15242889523506165, -0.2677919864654541, -3.0831570625305176], [14.509392738342285, 49.81983184814453, 119.89017486572266], [-0.060903601348400116, 0.894946277141571, 0.4562895596027374]], "brockpiece2": [[0.5898725986480713, -0.779009997844696, -3.6779983043670654], [-7.689005374908447, 9.548209190368652, -41.93106460571289], [-0.1568758189678192, 0.8655882477760315, -0.5483085513114929]], "brockpiece3": [[0.19687342643737793, -0.42061543464660645, -3.160996913909912], [-19.683765411376953, 17.085643768310547, 45.334320068359375], [-0.22012151777744293, 0.9278489947319031, 0.3253736197948456]], "brockpiece4": [[0.2517990171909332, -0.06462281942367554, -2.7379579544067383], [-16.0296688079834, 6.3712968826293945, -43.32624435424805], [-0.4135969281196594, 0.9918517470359802, 0.46200042963027954]], "brockpiece5": [[-0.05649331212043762, 0.04102212190628052, -2.424409866333008], [-5.7561540603637695, 8.8511381149292, 0.5048443675041199], [-0.436776340007782, 0.9646992683410645, -0.3259457051753998]], "brockpiece6": [[0.42293843626976013, -0.8090274333953857, -3.7323644161224365], [-34.41044998168945, 29.544967651367188, -70.37765502929688], [-0.01387631893157959, 0.9064578413963318, -0.06759907305240631]], "brockpiece7": [[0.9540358185768127, -1.1580886840820312, -4.185880184173584], [-161.21934509277344, 4.8314313888549805, -106.1239242553711], [-0.016788214445114136, 1.2991664409637451, -0.5754176378250122]], "brockpiece8": [[1.5704249143600464, -1.0780367851257324, -5.246282577514648], [-149.085205078125, -2.5852842330932617, -109.07527160644531], [-0.10184786468744278, 1.4046438932418823, 0.10018877685070038]], "brockpiece9": [[-1.0821471214294434, -0.756686806678772, -1.7764004468917847], [4.409190654754639, 5.86079216003418, 56.21172332763672], [0.009604007937014103, 0.8276886940002441, 0.4656519293785095]], "brockpiece10": [[0.047445036470890045, -0.2435344159603119, -1.3294954299926758], [15.409002304077148, 5.325802326202393, -175.13050842285156], [0.026453230530023575, 0.7262305021286011, -0.09866398572921753]], "brockpiece11": [[-0.10687293112277985, -0.6155431866645813, -2.1143686771392822], [-0.47615474462509155, -21.257591247558594, 0.4003872871398926], [0.023447148501873016, 0.6883174180984497, -0.6239317655563354]], "brockpiece12": [[-0.014290671795606613, -0.13840270042419434, -1.3755773305892944], [-3.3816025257110596, -7.909581184387207, 7.828178882598877], [0.057196881622076035, 0.6268966794013977, -0.06759794801473618]], "brockpiece13": [[-0.03873644024133682, -0.1300399750471115, -0.9462562799453735], [-17.156253814697266, -12.03857707977295, 1.4516000747680664], [0.10751569271087646, 0.33034080266952515, -0.6997447609901428]], "brockpiece14": [[-0.09651517122983932, -0.05774775147438049, -0.9622843861579895], [1.9459582567214966, -9.150845527648926, -7.125622749328613], [0.1765923947095871, 0.3738964796066284, -0.06937721371650696]], "brockpiece15": [[-0.04106801748275757, 0.0001163482666015625, -0.07422938197851181], [-0.003124925075098872, 4.355311393737793, -0.08020977675914764], [0.32439151406288147, 0.17386914789676666, 0.1606941819190979]], "brockpiece16": [[-0.1249898225069046, -0.0008622109889984131, -0.31167343258857727], [-0.004626717418432236, -8.180120468139648, -0.01526368223130703], [0.2422737032175064, 0.13469432294368744, -0.2985038757324219]], "brockpiece17": [[0.0743451789021492, 0.052220284938812256, -0.9318472146987915], [-2.622356653213501, -3.470212459564209, 9.4691162109375], [0.05579742044210434, 0.8304786086082458, -0.06759888678789139]], "brockpiece18": [[0.05159217119216919, 8.20159912109375e-05, -0.9466335773468018], [0.0005189370131120086, -4.429619789123535, 0.0004264532763045281], [0.7751116156578064, 1.1647822856903076, 0.4550911784172058]], "brockpiece19": [[0.6204895973205566, -0.7631217241287231, -3.149386405944824], [-141.5079803466797, 16.162504196166992, -106.88139343261719], [0.04745550453662872, 0.8352649807929993, -0.8555060029029846]], "brockpiece20": [[0.10894302278757095, -0.1369696855545044, -2.269960403442383], [-9.077454566955566, -15.187743186950684, -36.01292419433594], [0.0324799083173275, 0.8903895616531372, 0.1047213077545166]], "brockpiece21": [[0.06715960800647736, 8.404254913330078e-05, -0.9936485886573792], [7.139665103750303e-05, -4.429381847381592, -0.00025261781411245465], [0.15945503115653992, 1.6952928304672241, 0.277337908744812]], "brockpiece22": [[-0.3293642997741699, -1.743769645690918, -6.500006675720215], [153.39501953125, 11.184507369995117, -26.970138549804688], [0.5310609936714172, 1.9953807592391968, -0.3219248354434967]], "brockpiece23": [[0.15183813869953156, -0.4444466829299927, -2.8343868255615234], [-21.67426300048828, 13.328633308410645, 34.47605514526367], [-0.0681355819106102, 0.8056530356407166, -0.06759854406118393]], "brockpiece24": [[0.06439730525016785, -0.07727289199829102, -2.6344807147979736], [-18.192991256713867, 0.8980806469917297, -32.85759353637695], [-0.3838520646095276, 0.746596097946167, 0.4647919237613678]], "brockpiece25": [[-0.2580556869506836, -0.004602253437042236, -2.400223731994629], [0.9329935908317566, -1.7494378089904785, -0.9229515194892883], [-1.032001256942749, 0.5244100093841553, 0.6970614790916443]], "brockpiece26": [[-0.935937762260437, -0.6846585273742676, -1.3121122121810913], [-24.616857528686523, 0.9993401765823364, -139.01295471191406], [-0.012171115726232529, 0.7901149392127991, 0.14576949179172516]], "brockpiece27": [[-0.31184470653533936, -0.6747880578041077, -2.9126768112182617], [4.486823558807373, 1.5828558206558228, -36.360233306884766], [-0.029545554891228676, 0.7074200510978699, -0.5648927092552185]], "brockpiece28": [[-1.3256641626358032, -0.8140456080436707, -1.7295135259628296], [12.246054649353027, 32.44914245605469, 135.6898956298828], [-0.05280172452330589, 0.875779390335083, 0.7411666512489319]], "brockpiece29": [[0.05543231964111328, -0.31977665424346924, -2.6603379249572754], [-10.757665634155273, -4.676162242889404, -13.939480781555176], [-0.1528574824333191, 0.604702889919281, -0.03537474945187569]], "brockpiece30": [[0.046358197927474976, -0.3149999976158142, -2.5566935539245605], [-10.554858207702637, -6.663765907287598, -13.505097389221191], [-0.212638720870018, 0.5194345116615295, -0.6746488809585571]], "brockpiece31": [[-0.04206109046936035, -0.10066503286361694, -2.5676450729370117], [-10.554831504821777, -6.6637797355651855, -13.505203247070312], [-0.3032321333885193, 0.4032418727874756, 0.2416532039642334]], "brockpiece32": [[0.03552009537816048, -0.14350271224975586, -2.403838634490967], [39.53041076660156, 14.073049545288086, 167.35914611816406], [-0.014846060425043106, 0.7332823276519775, -0.067598357796669]], "brockpiece33": [[-0.17553415894508362, -0.0003209710121154785, -1.3421975374221802], [-0.011268683709204197, -4.507915019989014, 0.0565650574862957], [-0.07364655286073685, 0.3388040363788605, 0.1644446849822998]], "brockpiece34": [[-0.051461730152368546, 0.00688210129737854, -1.2506248950958252], [-0.7253211140632629, -8.48442554473877, -0.5370176434516907], [-0.040006935596466064, 0.3192813992500305, -0.5479322671890259]], "brockpiece35": [[-0.002814922481775284, -0.11175179481506348, -1.4951705932617188], [-13.949551582336426, 1.8867253065109253, 50.945457458496094], [0.03971529006958008, 0.7414476275444031, -0.4923132658004761]], "brockpiece36": [[-0.03302280977368355, -0.14645236730575562, -1.2973113059997559], [-16.040185928344727, -24.551570892333984, -150.34432983398438], [0.04695548489689827, 0.8178877234458923, 0.2522242069244385]], "brockpiece37": [[-1.227220892906189, -0.886816143989563, -2.248879909515381], [-145.0100555419922, 14.841949462890625, 41.56064987182617], [0.018796933814883232, 0.8953180909156799, 0.6815259456634521]],