{"brockpiece0": [[-0.1652413010597229, -0.7225045561790466, -3.302161693572998], [105.88213348388672, -72.51229095458984, 77.81488037109375], [-0.04771063104271889, 0.8072485327720642, -0.47105833888053894]], "brockpiece1": [[0.27440404891967773, -0.4535258114337921, -3.0936458110809326], [-3.5295066833496094, 71.592529296875, 84.0097885131836], [-0.060903601348400116, 0.894946277141571, 0.4562895596027374]], "brockpiece2": [[0.5712130069732666, -0.8029614090919495, -3.6743695735931396], [-3.6207213401794434, 9.433292388916016, -44.6186408996582], [-0.1568758189678192, 0.8655882477760315, -0.5483085513114929]], "brockpiece3": [[0.18447698652744293, -0.47886407375335693, -3.2043843269348145], [-14.67737102508545, 17.08462142944336, 46.575103759765625], [-0.22012151777744293, 0.9278489947319031, 0.3253736197948456]], "brockpiece4": [[0.26290035247802734, -0.1652073860168457, -2.791635036468506], [-10.749466896057129, -12.783696174621582, -61.11255645751953], [-0.4135969281196594, 0.9918517470359802, 0.46200042963027954]], "brockpiece5": [[-0.038406163454055786, 0.023543357849121094, -2.411475896835327], [-5.001270294189453, 9.369338035583496, 2.250979423522949], [-0.436776340007782, 0.9646992683410645, -0.3259457051753998]], "brockpiece6": [[0.5012328624725342, -0.7075740098953247, -3.7423763275146484], [48.972137451171875, -23.8652286529541, 117.99071502685547], [-0.01387631893157959, 0.9064578413963318, -0.06759907305240631]], "brockpiece7": [[0.9510394930839539, -1.1584069728851318, -4.181584358215332], [-161.35720825195312, 5.009114742279053, -106.31472778320312], [-0.016788214445114136, 1.2991664409637451, -0.5754176378250122]], "brockpiece8": [[1.5855598449707031, -1.0922771692276, -5.264852523803711], [-150.76364135742188, -2.216233491897583, -109.13468170166016], [-0.10184786468744278, 1.4046438932418823, 0.10018877685070038]], "brockpiece9": [[-0.9979571104049683, -0.7873737812042236, -1.5280451774597168], [65.2227554321289, 33.5742073059082, -96.76773834228516], [0.009604007937014103, 0.8276886940002441, 0.4656519293785095]], "brockpiece10": [[0.03928004205226898, -0.2614165246486664, -1.3273038864135742], [17.361997604370117, 6.735132217407227, -174.9582977294922], [0.026453230530023575, 0.7262305021286011, -0.09866398572921753]], "brockpiece11": [[-0.13450779020786285, -0.6257604956626892, -2.129317045211792], [-15.719404220581055, -17.488609313964844, 37.793731689453125], [0.023447148501873016, 0.6883174180984497, -0.6239317655563354]], "brockpiece12": [[-0.030849451199173927, -0.14439550042152405, -1.3708254098892212], [-3.2202019691467285, -7.700984477996826, 8.288126945495605], [0.057196881622076035, 0.6268966794013977, -0.06759794801473618]], "brockpiece13": [[-0.0448247492313385, -0.14701813459396362, -0.9475862979888916], [-12.969093322753906, -13.116324424743652, 1.6255370378494263], [0.10751569271087646, 0.33034080266952515, -0.6997447609901428]], "brockpiece14": [[-0.116819828748703, -0.06761100888252258, -0.949463427066803], [2.7669942378997803, -9.764904975891113, -5.907123565673828], [0.1765923947095871, 0.3738964796066284, -0.06937721371650696]], "brockpiece15": [[-0.0427609384059906, -0.00024515390396118164, -0.07631291449069977], [-0.008727854117751122, 4.961275577545166, 0.007042700424790382], [0.32439151406288147, 0.17386914789676666, 0.1606941819190979]], "brockpiece16": [[-0.11110679805278778, -0.0007401853799819946, -0.294903963804245], [0.0012563440250232816, -6.85468864440918, 0.05400647222995758], [0.2422737032175064, 0.13469432294368744, -0.2985038757324219]], "brockpiece17": [[0.09128469973802567, 0.01417386531829834, -0.9287773966789246], [-2.7535502910614014, 0.03965182602405548, 33.050750732421875], [0.05579742044210434, 0.8304786086082458, -0.06759888678789139]], "brockpiece18": [[0.05259662866592407, 8.499622344970703e-05, -0.9465646147727966], [-9.933490946423262e-05, -4.4327216148376465, 0.0004041903594043106], [0.7751116156578064, 1.1647822856903076, 0.4550911784172058]], "brockpiece19": [[0.5748171210289001, -0.7643453478813171, -3.1958603858947754], [-162.80674743652344, -16.04376220703125, -56.863128662109375], [0.04745550453662872, 0.8352649807929993, -0.8555060029029846]], "brockpiece20": [[0.1110709086060524, -0.12775486707687378, -2.341585159301758], [25.835153579711914, -19.420103073120117, -95.45729064941406], [0.0324799083173275, 0.8903895616531372, 0.1047213077545166]], "brockpiece21": [[0.06817783415317535, 8.71419906616211e-05, -0.9936150908470154], [-0.00039305788232013583, -4.432487964630127, -0.00016869801038410515], [0.15945503115653992, 1.6952928304672241, 0.277337908744812]], "brockpiece22": [[-0.29835665225982666, -1.776664137840271, -6.501953601837158], [152.2513427734375, 9.842097282409668, -31.86687660217285], [0.5310609936714172, 1.9953807592391968, -0.3219248354434967]], "brockpiece23": [[0.1540822982788086, -0.42682382464408875, -2.9031789302825928], [-1.8280540704727173, 25.000926971435547, 94.26619720458984], [-0.0681355819106102, 0.8056530356407166, -0.06759854406118393]], "brockpiece24": [[0.052441030740737915, -0.10883671045303345, -2.6427993774414062], [-16.95663070678711, 1.323783278465271, -35.7918701171875], [-0.3838520646095276, 0.746596097946167, 0.4647919237613678]], "brockpiece25": [[-0.2613164186477661, -0.024878233671188354, -2.3902206420898438], [-0.048973843455314636, 1.1522490978240967, -2.752242088317871], [-1.032001256942749, 0.5244100093841553, 0.6970614790916443]], "brockpiece26": [[-0.6500788331031799, -0.7083653211593628, -1.0518414974212646], [20.803659439086914, 22.732784271240234, 29.986419677734375], [-0.012171115726232529, 0.7901149392127991, 0.14576949179172516]], "brockpiece27": [[-0.32134783267974854, -0.6667662858963013, -2.9145569801330566], [4.585063934326172, 3.0332775115966797, -5.825305461883545], [-0.029545554891228676, 0.7074200510978699, -0.5648927092552185]], "brockpiece28": [[-1.5400687456130981, -0.8333867192268372, -1.998285174369812], [-136.2710723876953, 42.6031494140625, 36.82477951049805], [-0.05280172452330589, 0.875779390335083, 0.7411666512489319]], "brockpiece29": [[0.05413287878036499, -0.33603334426879883, -2.660853862762451], [-8.181174278259277, -6.037990570068359, -14.855523109436035], [-0.1528574824333191, 0.604702889919281, -0.03537474945187569]], "brockpiece30": [[0.04330602288246155, -0.3193206191062927, -2.5525550842285156], [-10.07089900970459, -6.844313144683838, -9.953656196594238], [-0.212638720870018, 0.5194345116615295, -0.6746488809585571]], "brockpiece31": [[-0.0550537109375, -0.12343519926071167, -2.5637073516845703], [-10.070880889892578, -6.844323635101318, -9.953737258911133], [-0.3032321333885193, 0.4032418727874756, 0.2416532039642334]], "brockpiece32": [[0.07761570811271667, -0.15502631664276123, -2.4161746501922607], [35.22809982299805, 21.33699607849121, 155.77447509765625], [-0.014846060425043106, 0.7332823276519775, -0.067598357796669]], "brockpiece33": [[-0.19269633293151855, -0.00015988945960998535, -1.3272672891616821], [0.001053849351592362, -5.782052516937256, 0.016104280948638916], [-0.07364655286073685, 0.3388040363788605, 0.1644446849822998]], "brockpiece34": [[-0.05620388314127922, 0.0007525980472564697, -1.2542915344238281], [0.06023557856678963, -9.913619995117188, -0.3487998843193054], [-0.040006935596466064, 0.3192813992500305, -0.5479322671890259]], "brockpiece35": [[0.1351465880870819, -0.1819172501564026, -1.4428118467330933], [12.930359840393066, 4.173050403594971, -142.676025390625], [0.03971529006958008, 0.7414476275444031, -0.4923132658004761]], "brockpiece36": [[-0.017346294596791267, -0.19054800271987915, -1.2763185501098633], [-13.235306739807129, -12.672319412231445, -153.77366638183594], [0.04695548489689827, 0.8178877234458923, 0.2522242069244385]], "brockpiece37": [[-1.3166882991790771, -0.8392525315284729, -1.8702857494354248], [-109.52964782714844, -27.973085403442383, 93.97232055664062], [0.018796933814883232, 0.8953180909156799, 0.6815259456634521]],