{"brockpiece0": [[-0.17589658498764038, -0.7503178715705872, -3.4330453872680664], [98.8166732788086, 27.819141387939453, 94.76319885253906], [-0.04771063104271889, 0.8072485327720642, -0.47105833888053894]], "brockpiece1": [[0.2759091854095459, -0.4523187577724457, -3.0896878242492676], [-20.91499137878418, 70.15433502197266, 64.8717269897461], [-0.060903601348400116, 0.894946277141571, 0.4562895596027374]], "brockpiece2": [[0.5807846188545227, -0.8017544150352478, -3.676243543624878], [-4.534084796905518, 8.377944946289062, -53.1429443359375], [-0.1568758189678192, 0.8655882477760315, -0.5483085513114929]], "brockpiece3": [[0.17817284166812897, -0.47061535716056824, -3.1896071434020996], [-14.983510971069336, 17.548315048217773, 47.21934127807617], [-0.22012151777744293, 0.9278489947319031, 0.3253736197948456]], "brockpiece4": [[0.26516929268836975, -0.13896727561950684, -2.7818987369537354], [-19.08931541442871, -13.77184772491455, -55.19781494140625], [-0.4135969281196594, 0.9918517470359802, 0.46200042963027954]], "brockpiece5": [[-0.041395604610443115, 0.024067938327789307, -2.4091479778289795], [-5.000256061553955, 9.33846664428711, 2.2463841438293457], [-0.436776340007782, 0.9646992683410645, -0.3259457051753998]], "brockpiece6": [[0.5028738975524902, -0.7089842557907104, -3.743382215499878], [51.60204315185547, -20.88956069946289, 114.63514709472656], [-0.01387631893157959, 0.9064578413963318, -0.06759907305240631]], "brockpiece7": [[0.9522688984870911, -1.1584112644195557, -4.1833319664001465], [-161.339111328125, 5.012042999267578, -106.31078338623047], [-0.016788214445114136, 1.2991664409637451, -0.5754176378250122]], "brockpiece8": [[1.5875375270843506, -1.0907326936721802, -5.2572340965271], [-151.00100708007812, -1.315369725227356, -110.2038345336914], [-0.10184786468744278, 1.4046438932418823, 0.10018877685070038]], "brockpiece9": [[-1.1412150859832764, -0.7759588956832886, -1.595384955406189], [10.775830268859863, 18.82700538635254, -146.43150329589844], [0.009604007937014103, 0.8276886940002441, 0.4656519293785095]], "brockpiece10": [[0.042473189532756805, -0.2564871311187744, -1.3276562690734863], [15.647272109985352, 6.119300365447998, -174.9473114013672], [0.026453230530023575, 0.7262305021286011, -0.09866398572921753]], "brockpiece11": [[-0.1356821358203888, -0.6255133152008057, -2.1292946338653564], [-15.375276565551758, -17.48483657836914, 37.14474105834961], [0.023447148501873016, 0.6883174180984497, -0.6239317655563354]], "brockpiece12": [[-0.025062132626771927, -0.14283347129821777, -1.3722485303878784], [-3.203458309173584, -8.070878028869629, 8.179832458496094], [0.057196881622076035, 0.6268966794013977, -0.06759794801473618]], "brockpiece13": [[-0.04252791404724121, -0.14122971892356873, -0.9473404884338379], [-14.431400299072266, -12.686439514160156, 1.7047747373580933], [0.10751569271087646, 0.33034080266952515, -0.6997447609901428]], "brockpiece14": [[-0.11088550835847855, -0.0645226538181305, -0.9538763165473938], [2.5831594467163086, -9.693809509277344, -6.838901519775391], [0.1765923947095871, 0.3738964796066284, -0.06937721371650696]], "brockpiece15": [[-0.042890578508377075, -0.00010648369789123535, -0.07571837306022644], [-0.014544009231030941, 4.776147365570068, 0.03359998017549515], [0.32439151406288147, 0.17386914789676666, 0.1606941819190979]], "brockpiece16": [[-0.11706104874610901, -0.0006063282489776611, -0.30086520314216614], [-0.014655400067567825, -7.399139881134033, 0.030210483819246292], [0.2422737032175064, 0.13469432294368744, -0.2985038757324219]], "brockpiece17": [[0.0911109521985054, 0.0221368670463562, -0.9263914823532104], [-2.716428518295288, -0.7558771967887878, 27.15188217163086], [0.05579742044210434, 0.8304786086082458, -0.06759888678789139]], "brockpiece18": [[0.05232059955596924, 8.153915405273438e-05, -0.9465649724006653], [0.0002603250031825155, -4.430018901824951, 0.00026375032030045986], [0.7751116156578064, 1.1647822856903076, 0.4550911784172058]], "brockpiece19": [[0.585030198097229, -0.7620214819908142, -3.1910223960876465], [-157.45692443847656, -13.739156723022461, -66.93972778320312], [0.04745550453662872, 0.8352649807929993, -0.8555060029029846]], "brockpiece20": [[0.1151495948433876, -0.11034661531448364, -2.335505962371826], [27.0842342376709, -23.864559173583984, -103.0755615234375], [0.0324799083173275, 0.8903895616531372, 0.1047213077545166]], "brockpiece21": [[0.06788884103298187, 8.33272933959961e-05, -0.9935861229896545], [2.487151622772217, 8.413213729858398, 158.04531860351562], [0.15945503115653992, 1.6952928304672241, 0.277337908744812]], "brockpiece22": [[-0.29690223932266235, -1.7766642570495605, -6.500686168670654], [152.2989959716797, 9.765997886657715, -31.85908317565918], [0.5310609936714172, 1.9953807592391968, -0.3219248354434967]], "brockpiece23": [[0.14892813563346863, -0.42386072874069214, -2.89145827293396], [-1.5280535221099854, 26.25503921508789, 93.68081665039062], [-0.0681355819106102, 0.8056530356407166, -0.06759854406118393]], "brockpiece24": [[0.05106595158576965, -0.10791033506393433, -2.6407506465911865], [-16.811626434326172, 1.0625996589660645, -35.534751892089844], [-0.3838520646095276, 0.746596097946167, 0.4647919237613678]], "brockpiece25": [[-0.2580057382583618, -0.023378193378448486, -2.392651081085205], [-0.04528509080410004, 1.0601574182510376, -2.588794708251953], [-1.032001256942749, 0.5244100093841553, 0.6970614790916443]], "brockpiece26": [[-0.7697364687919617, -0.7373259663581848, -1.0056520700454712], [8.83089828491211, -8.486821174621582, 135.27671813964844], [-0.012171115726232529, 0.7901149392127991, 0.14576949179172516]], "brockpiece27": [[-0.322102427482605, -0.6671111583709717, -2.9139366149902344], [4.542662620544434, 3.0565459728240967, -7.016214370727539], [-0.029545554891228676, 0.7074200510978699, -0.5648927092552185]], "brockpiece28": [[-1.5569617748260498, -0.7827558517456055, -1.9279863834381104], [-64.27610778808594, -55.800621032714844, 68.39898681640625], [-0.05280172452330589, 0.875779390335083, 0.7411666512489319]], "brockpiece29": [[0.052752718329429626, -0.33522796630859375, -2.659958600997925], [-8.362879753112793, -5.724351406097412, -14.669417381286621], [-0.1528574824333191, 0.604702889919281, -0.03537474945187569]], "brockpiece30": [[0.04439869523048401, -0.319379597902298, -2.5526976585388184], [-9.993888854980469, -6.856578826904297, -10.335345268249512], [-0.212638720870018, 0.5194345116615295, -0.6746488809585571]], "brockpiece31": [[-0.0538460910320282, -0.12342077493667603, -2.563835382461548], [-9.993861198425293, -6.856590270996094, -10.335454940795898], [-0.3032321333885193, 0.4032418727874756, 0.2416532039642334]], "brockpiece32": [[0.07647311687469482, -0.15228575468063354, -2.410834789276123], [34.93198013305664, 21.94550132751465, 153.0899658203125], [-0.014846060425043106, 0.7332823276519775, -0.067598357796669]], "brockpiece33": [[-0.18861910700798035, -9.626150131225586e-06, -1.3317153453826904], [-0.008716419339179993, -5.461417198181152, 0.07345578819513321], [-0.07364655286073685, 0.3388040363788605, 0.1644446849822998]], "brockpiece34": [[-0.05430101975798607, 0.0006409287452697754, -1.2534165382385254], [0.05152513086795807, -9.333819389343262, -0.31386351585388184], [-0.040006935596466064, 0.3192813992500305, -0.5479322671890259]], "brockpiece35": [[0.1060764342546463, -0.1553056836128235, -1.4536712169647217], [17.978498458862305, -2.560535192489624, -113.3292007446289], [0.03971529006958008, 0.7414476275444031, -0.4923132658004761]], "brockpiece36": [[-0.026291435584425926, -0.17770862579345703, -1.2868342399597168], [-18.226943969726562, -19.279682159423828, -154.8720245361328], [0.04695548489689827, 0.8178877234458923, 0.2522242069244385]], "brockpiece37": [[-1.3223309516906738, -0.836388885974884, -1.8603997230529785], [-110.1875991821289, -36.53492736816406, 99.88907623291016], [0.018796933814883232, 0.8953180909156799, 0.6815259456634521]],