{"brockpiece0": [[-0.16534706950187683, -0.7223387360572815, -3.303030014038086], [105.47277069091797, -71.92826843261719, 78.26951599121094], [-0.04771063104271889, 0.8072485327720642, -0.47105833888053894]], "brockpiece1": [[0.274042546749115, -0.4531882405281067, -3.09411883354187], [-3.273164749145508, 71.72225952148438, 84.27021789550781], [-0.060903601348400116, 0.894946277141571, 0.4562895596027374]], "brockpiece2": [[0.5714529752731323, -0.8028997778892517, -3.6744916439056396], [-3.6601784229278564, 9.410234451293945, -44.877132415771484], [-0.1568758189678192, 0.8655882477760315, -0.5483085513114929]], "brockpiece3": [[0.18419085443019867, -0.4788912534713745, -3.2028422355651855], [-14.843106269836426, 17.004833221435547, 46.180362701416016], [-0.22012151777744293, 0.9278489947319031, 0.3253736197948456]], "brockpiece4": [[0.2639000713825226, -0.16360843181610107, -2.7894270420074463], [-10.514887809753418, -12.893752098083496, -61.56087875366211], [-0.4135969281196594, 0.9918517470359802, 0.46200042963027954]], "brockpiece5": [[-0.038817763328552246, 0.0235559344291687, -2.4113543033599854], [-4.998813629150391, 9.354814529418945, 2.251230001449585], [-0.436776340007782, 0.9646992683410645, -0.3259457051753998]], "brockpiece6": [[0.5004945397377014, -0.7076605558395386, -3.742966651916504], [49.11371612548828, -23.73305892944336, 117.83543395996094], [-0.01387631893157959, 0.9064578413963318, -0.06759907305240631]], "brockpiece7": [[0.9511480331420898, -1.1584107875823975, -4.181730270385742], [-161.35678100585938, 5.005495071411133, -106.31146240234375], [-0.016788214445114136, 1.2991664409637451, -0.5754176378250122]], "brockpiece8": [[1.585541844367981, -1.0922093391418457, -5.264726638793945], [-150.7639617919922, -2.217576742172241, -109.13971710205078], [-0.10184786468744278, 1.4046438932418823, 0.10018877685070038]], "brockpiece9": [[-1.0112955570220947, -0.784358561038971, -1.533104658126831], [60.69390106201172, 36.08762741088867, -100.97993469238281], [0.009604007937014103, 0.8276886940002441, 0.4656519293785095]], "brockpiece10": [[0.03969816863536835, -0.2613002061843872, -1.3278340101242065], [16.98536491394043, 6.584062099456787, -175.4718475341797], [0.026453230530023575, 0.7262305021286011, -0.09866398572921753]], "brockpiece11": [[-0.13443773984909058, -0.6257330179214478, -2.1292521953582764], [-15.698671340942383, -17.52413558959961, 37.685123443603516], [0.023447148501873016, 0.6883174180984497, -0.6239317655563354]], "brockpiece12": [[-0.030639169737696648, -0.14418599009513855, -1.3710399866104126], [-3.2686643600463867, -7.690369606018066, 8.45224380493164], [0.057196881622076035, 0.6268966794013977, -0.06759794801473618]], "brockpiece13": [[-0.04469747096300125, -0.14606565237045288, -0.9479091167449951], [-13.212615013122559, -12.994485855102539, 1.666892409324646], [0.10751569271087646, 0.33034080266952515, -0.6997447609901428]], "brockpiece14": [[-0.11617020517587662, -0.06708657741546631, -0.9502792954444885], [2.7358968257904053, -9.733240127563477, -5.988129615783691], [0.1765923947095871, 0.3738964796066284, -0.06937721371650696]], "brockpiece15": [[-0.04268801212310791, -0.0001766979694366455, -0.07630660384893417], [4.006254312116653e-05, 4.936591625213623, 0.0023823289666324854], [0.32439151406288147, 0.17386914789676666, 0.1606941819190979]], "brockpiece16": [[-0.11180005967617035, -0.0005307048559188843, -0.2952200472354889], [-0.0021229570265859365, -6.909078121185303, 0.01868993602693081], [0.2422737032175064, 0.13469432294368744, -0.2985038757324219]], "brockpiece17": [[0.09139461070299149, 0.01428002119064331, -0.9289968609809875], [-2.751161813735962, 0.021092912182211876, 32.92509078979492], [0.05579742044210434, 0.8304786086082458, -0.06759888678789139]], "brockpiece18": [[0.052651941776275635, 8.225440979003906e-05, -0.9465551376342773], [-8.56334954733029e-05, -4.432374477386475, 0.0003990521654486656], [0.7751116156578064, 1.1647822856903076, 0.4550911784172058]], "brockpiece19": [[0.5726553201675415, -0.7643944025039673, -3.1971311569213867], [-163.47525024414062, -16.925865173339844, -54.91098403930664], [0.04745550453662872, 0.8352649807929993, -0.8555060029029846]], "brockpiece20": [[0.11080989986658096, -0.12792283296585083, -2.3408491611480713], [25.588077545166016, -19.44732093811035, -94.85823059082031], [0.0324799083173275, 0.8903895616531372, 0.1047213077545166]], "brockpiece21": [[0.06823055446147919, 8.296966552734375e-05, -0.9936012625694275], [2.487795829772949, 8.414981842041016, 158.0455780029297], [0.15945503115653992, 1.6952928304672241, 0.277337908744812]], "brockpiece22": [[-0.29844459891319275, -1.776616096496582, -6.502093315124512], [152.25494384765625, 9.833955764770508, -31.864198684692383], [0.5310609936714172, 1.9953807592391968, -0.3219248354434967]], "brockpiece23": [[0.1542300581932068, -0.4272784888744354, -2.9021430015563965], [-2.003873586654663, 25.049970626831055, 93.78195190429688], [-0.0681355819106102, 0.8056530356407166, -0.06759854406118393]], "brockpiece24": [[0.052090615034103394, -0.10869717597961426, -2.6426522731781006], [-16.947044372558594, 1.2917182445526123, -35.72468948364258], [-0.3838520646095276, 0.746596097946167, 0.4647919237613678]], "brockpiece25": [[-0.2612725496292114, -0.024851083755493164, -2.3904643058776855], [-0.050850704312324524, 1.1457573175430298, -2.7415597438812256], [-1.032001256942749, 0.5244100093841553, 0.6970614790916443]], "brockpiece26": [[-0.6608627438545227, -0.7071719765663147, -1.0452911853790283], [24.830429077148438, 20.169431686401367, 38.9582633972168], [-0.012171115726232529, 0.7901149392127991, 0.14576949179172516]], "brockpiece27": [[-0.3214654326438904, -0.6667656898498535, -2.914573907852173], [4.584481239318848, 3.032259941101074, -5.767661094665527], [-0.029545554891228676, 0.7074200510978699, -0.5648927092552185]], "brockpiece28": [[-1.539413571357727, -0.8337345719337463, -2.000253438949585], [-139.1137237548828, 44.15501403808594, 34.012794494628906], [-0.05280172452330589, 0.875779390335083, 0.7411666512489319]], "brockpiece29": [[0.05396347492933273, -0.33599454164505005, -2.66087007522583], [-8.19058609008789, -6.015317916870117, -14.81640338897705], [-0.1528574824333191, 0.604702889919281, -0.03537474945187569]], "brockpiece30": [[0.04328623414039612, -0.31932443380355835, -2.552583694458008], [-10.069218635559082, -6.845701694488525, -9.960992813110352], [-0.212638720870018, 0.5194345116615295, -0.6746488809585571]], "brockpiece31": [[-0.05508977174758911, -0.12343734502792358, -2.563739061355591], [-10.069197654724121, -6.845712184906006, -9.96108341217041], [-0.3032321333885193, 0.4032418727874756, 0.2416532039642334]], "brockpiece32": [[0.07786551117897034, -0.15502524375915527, -2.415684461593628], [35.168418884277344, 21.420040130615234, 155.4510955810547], [-0.014846060425043106, 0.7332823276519775, -0.067598357796669]], "brockpiece33": [[-0.19261318445205688, -7.727742195129395e-05, -1.3276351690292358], [-0.0046365344896912575, -5.769535541534424, 0.04800800979137421], [-0.07364655286073685, 0.3388040363788605, 0.1644446849822998]], "brockpiece34": [[-0.056261997669935226, 0.0006828010082244873, -1.2541513442993164], [0.05811390280723572, -9.864670753479004, -0.3268948197364807], [-0.040006935596466064, 0.3192813992500305, -0.5479322671890259]], "brockpiece35": [[0.13309206068515778, -0.1801149845123291, -1.4441274404525757], [13.434916496276855, 3.95475435256958, -139.69143676757812], [0.03971529006958008, 0.7414476275444031, -0.4923132658004761]], "brockpiece36": [[-0.017413893714547157, -0.19034260511398315, -1.278185248374939], [-12.847526550292969, -14.430756568908691, -155.72259521484375], [0.04695548489689827, 0.8178877234458923, 0.2522242069244385]], "brockpiece37": [[-1.3180843591690063, -0.8384627103805542, -1.8682706356048584], [-109.76036834716797, -29.930227279663086, 95.47654724121094], [0.018796933814883232, 0.8953180909156799, 0.6815259456634521]],