{"brockpiece0": [[-0.17864403128623962, -0.7911403775215149, -3.477248191833496], [-106.94286346435547, 71.3721694946289, -110.00128173828125], [-0.04771063104271889, 0.8072485327720642, -0.47105833888053894]], "brockpiece1": [[0.27896544337272644, -0.45187920331954956, -3.079143762588501], [-41.95005798339844, 63.77683639526367, 39.69534683227539], [-0.060903601348400116, 0.894946277141571, 0.4562895596027374]], "brockpiece2": [[0.5837718844413757, -0.8015064001083374, -3.6774709224700928], [-4.701161861419678, 8.004871368408203, -55.59321212768555], [-0.1568758189678192, 0.8655882477760315, -0.5483085513114929]], "brockpiece3": [[0.17381612956523895, -0.4573204815387726, -3.1806178092956543], [-13.920822143554688, 19.223602294921875, 51.87279510498047], [-0.22012151777744293, 0.9278489947319031, 0.3253736197948456]], "brockpiece4": [[0.26929759979248047, -0.11537802219390869, -2.7865023612976074], [-29.11440086364746, -12.767472267150879, -49.7657470703125], [-0.4135969281196594, 0.9918517470359802, 0.46200042963027954]], "brockpiece5": [[-0.04419445991516113, 0.023629069328308105, -2.40549898147583], [-4.910368919372559, 9.27665901184082, 2.253178119659424], [-0.436776340007782, 0.9646992683410645, -0.3259457051753998]], "brockpiece6": [[0.555611789226532, -0.7635461091995239, -3.771162748336792], [44.862342834472656, 19.52816390991211, 66.71239471435547], [-0.01387631893157959, 0.9064578413963318, -0.06759907305240631]], "brockpiece7": [[0.9526947140693665, -1.158398985862732, -4.184790134429932], [-161.3470458984375, 5.010848522186279, -106.3140640258789], [-0.016788214445114136, 1.2991664409637451, -0.5754176378250122]], "brockpiece8": [[1.6050118207931519, -1.094109296798706, -5.232667922973633], [-152.35227966308594, 5.111192226409912, -116.60661315917969], [-0.10184786468744278, 1.4046438932418823, 0.10018877685070038]], "brockpiece9": [[-0.8910565972328186, -0.7683224081993103, -1.6080880165100098], [22.64580726623535, 20.33990478515625, -93.4706039428711], [0.009604007937014103, 0.8276886940002441, 0.4656519293785095]], "brockpiece10": [[0.043640121817588806, -0.24998188018798828, -1.3277326822280884], [14.742949485778809, 5.700143814086914, -174.89675903320312], [0.026453230530023575, 0.7262305021286011, -0.09866398572921753]], "brockpiece11": [[-0.134548619389534, -0.6249521374702454, -2.128551959991455], [-14.908525466918945, -17.866918563842773, 35.807655334472656], [0.023447148501873016, 0.6883174180984497, -0.6239317655563354]], "brockpiece12": [[-0.020752713084220886, -0.14020738005638123, -1.3733900785446167], [-3.134103536605835, -8.226478576660156, 7.654571533203125], [0.057196881622076035, 0.6268966794013977, -0.06759794801473618]], "brockpiece13": [[-0.04120858758687973, -0.13837754726409912, -0.9448060989379883], [-15.27073860168457, -12.207734107971191, 2.1626148223876953], [0.10751569271087646, 0.33034080266952515, -0.6997447609901428]], "brockpiece14": [[-0.10628357529640198, -0.06140735745429993, -0.9563398957252502], [2.3277807235717773, -9.55502700805664, -6.804527759552002], [0.1765923947095871, 0.3738964796066284, -0.06937721371650696]], "brockpiece15": [[-0.04262080788612366, -0.0001646578311920166, -0.07551214843988419], [-0.010235636495053768, 4.626999855041504, 0.012039883062243462], [0.32439151406288147, 0.17386914789676666, 0.1606941819190979]], "brockpiece16": [[-0.12196619063615799, -0.0003612786531448364, -0.3054700791835785], [-0.01549871638417244, -7.793663501739502, 0.0940152257680893], [0.2422737032175064, 0.13469432294368744, -0.2985038757324219]], "brockpiece17": [[0.08549224585294724, 0.03261667490005493, -0.9243505597114563], [-2.540299415588379, -1.9982572793960571, 17.3077449798584], [0.05579742044210434, 0.8304786086082458, -0.06759888678789139]], "brockpiece18": [[0.05188584327697754, 7.724761962890625e-05, -0.9466112852096558], [0.00021922164887655526, -4.432042598724365, 0.0004315926635172218], [0.7751116156578064, 1.1647822856903076, 0.4550911784172058]], "brockpiece19": [[0.6004774570465088, -0.7597972750663757, -3.1801185607910156], [-151.32896423339844, -6.290399074554443, -81.97986602783203], [0.04745550453662872, 0.8352649807929993, -0.8555060029029846]], "brockpiece20": [[0.12891247868537903, -0.08483487367630005, -2.332648754119873], [37.308074951171875, -19.92247772216797, -127.81156921386719], [0.0324799083173275, 0.8903895616531372, 0.1047213077545166]], "brockpiece21": [[0.06746083498001099, 7.867813110351562e-05, -0.9936524033546448], [-0.00019428083032835275, -4.431666374206543, 0.00035024070530198514], [0.15945503115653992, 1.6952928304672241, 0.277337908744812]], "brockpiece22": [[-0.2972465753555298, -1.7764074802398682, -6.501722812652588], [152.2457275390625, 9.775426864624023, -31.89881134033203], [0.5310609936714172, 1.9953807592391968, -0.3219248354434967]], "brockpiece23": [[0.14760039746761322, -0.4199793338775635, -2.8817474842071533], [-3.059812545776367, 26.794830322265625, 88.09931182861328], [-0.0681355819106102, 0.8056530356407166, -0.06759854406118393]], "brockpiece24": [[0.054702937602996826, -0.10586392879486084, -2.6344985961914062], [-17.11652183532715, 1.3052284717559814, -34.145103454589844], [-0.3838520646095276, 0.746596097946167, 0.4647919237613678]], "brockpiece25": [[-0.2540806531906128, -0.02262258529663086, -2.3947556018829346], [-0.041419047862291336, 0.9665504097938538, -2.5057246685028076], [-1.032001256942749, 0.5244100093841553, 0.6970614790916443]], "brockpiece26": [[-0.7745953798294067, -0.7429051399230957, -1.0894910097122192], [-26.54936981201172, 35.01407241821289, 134.20184326171875], [-0.012171115726232529, 0.7901149392127991, 0.14576949179172516]], "brockpiece27": [[-0.32247573137283325, -0.6675443649291992, -2.913632392883301], [4.494262218475342, 3.129664182662964, -8.49667739868164], [-0.029545554891228676, 0.7074200510978699, -0.5648927092552185]], "brockpiece28": [[-1.5513732433319092, -0.8361150026321411, -1.8733859062194824], [-8.736821174621582, 74.33706665039062, 162.39028930664062], [-0.05280172452330589, 0.875779390335083, 0.7411666512489319]], "brockpiece29": [[0.053115084767341614, -0.3326163589954376, -2.6584692001342773], [-8.746098518371582, -5.227121829986572, -13.984238624572754], [-0.1528574824333191, 0.604702889919281, -0.03537474945187569]], "brockpiece30": [[0.047670990228652954, -0.3194670081138611, -2.5519676208496094], [-9.82690715789795, -6.897092342376709, -11.14307689666748], [-0.212638720870018, 0.5194345116615295, -0.6746488809585571]], "brockpiece31": [[-0.050593286752700806, -0.12336549162864685, -2.563124895095825], [-9.82689094543457, -6.8971123695373535, -11.143168449401855], [-0.3032321333885193, 0.4032418727874756, 0.2416532039642334]], "brockpiece32": [[0.07121444493532181, -0.14843064546585083, -2.4069137573242188], [34.88731002807617, 22.647113800048828, 151.9647674560547], [-0.014846060425043106, 0.7332823276519775, -0.067598357796669]], "brockpiece33": [[-0.18366146087646484, -7.465481758117676e-05, -1.3337006568908691], [-0.0062768724747002125, -5.23484992980957, 0.04562173783779144], [-0.07364655286073685, 0.3388040363788605, 0.1644446849822998]], "brockpiece34": [[-0.052944716066122055, 0.0020272433757781982, -1.2524042129516602], [0.017615118995308876, -9.062963485717773, -0.6559739112854004], [-0.040006935596466064, 0.3192813992500305, -0.5479322671890259]], "brockpiece35": [[0.04866161569952965, -0.1384543776512146, -1.4717634916305542], [9.398970603942871, -19.91142463684082, -54.14597702026367], [0.03971529006958008, 0.7414476275444031, -0.4923132658004761]], "brockpiece36": [[-0.030909603461623192, -0.16281992197036743, -1.2976197004318237], [-23.78695297241211, -24.32082176208496, -150.50326538085938], [0.04695548489689827, 0.8178877234458923, 0.2522242069244385]], "brockpiece37": [[-1.3072518110275269, -0.8389538526535034, -1.8706161975860596], [-103.53038024902344, -28.307323455810547, 91.27000427246094], [0.018796933814883232, 0.8953180909156799, 0.6815259456634521]],