{"brockpiece0": [[-0.17829903960227966, -0.7879343628883362, -3.470935821533203], [159.3798828125, 82.94364929199219, 156.3786163330078], [-0.04771063104271889, 0.8072485327720642, -0.47105833888053894]], "brockpiece1": [[0.2889491021633148, -0.44228339195251465, -3.1202621459960938], [-36.02207946777344, 74.63410186767578, 46.06661605834961], [-0.060903601348400116, 0.894946277141571, 0.4562895596027374]], "brockpiece2": [[0.5860121250152588, -0.8012973666191101, -3.676893472671509], [-4.652251720428467, 7.520162105560303, -57.92625427246094], [-0.1568758189678192, 0.8655882477760315, -0.5483085513114929]], "brockpiece3": [[0.1739993393421173, -0.44594427943229675, -3.1722097396850586], [-13.179092407226562, 20.394412994384766, 55.79916763305664], [-0.22012151777744293, 0.9278489947319031, 0.3253736197948456]], "brockpiece4": [[0.26349443197250366, -0.10128569602966309, -2.781386375427246], [-31.91976547241211, -10.985942840576172, -46.06365966796875], [-0.4135969281196594, 0.9918517470359802, 0.46200042963027954]], "brockpiece5": [[-0.048027992248535156, 0.022852957248687744, -2.4039385318756104], [-4.785684585571289, 8.893192291259766, 1.841185450553894], [-0.436776340007782, 0.9646992683410645, -0.3259457051753998]], "brockpiece6": [[0.5107824206352234, -0.8134424686431885, -3.7654285430908203], [-2.428010940551758, 44.966087341308594, -20.11952018737793], [-0.01387631893157959, 0.9064578413963318, -0.06759907305240631]], "brockpiece7": [[0.9536772966384888, -1.1584126949310303, -4.185081481933594], [-161.3221893310547, 5.015699863433838, -106.30885314941406], [-0.016788214445114136, 1.2991664409637451, -0.5754176378250122]], "brockpiece8": [[1.5985147953033447, -1.0918959379196167, -5.236441135406494], [-152.10069274902344, 3.857253313064575, -115.49179077148438], [-0.10184786468744278, 1.4046438932418823, 0.10018877685070038]], "brockpiece9": [[-0.9250034689903259, -0.7987473011016846, -1.5839608907699585], [10.620163917541504, 9.518528938293457, -66.47807312011719], [0.009604007937014103, 0.8276886940002441, 0.4656519293785095]], "brockpiece10": [[0.04586218297481537, -0.24260085821151733, -1.3278231620788574], [14.523260116577148, 5.479735374450684, -172.70755004882812], [0.026453230530023575, 0.7262305021286011, -0.09866398572921753]], "brockpiece11": [[-0.13518981635570526, -0.6247236728668213, -2.128357172012329], [-14.289188385009766, -17.55718231201172, 34.95361328125], [0.023447148501873016, 0.6883174180984497, -0.6239317655563354]], "brockpiece12": [[-0.015258491039276123, -0.13756808638572693, -1.372785210609436], [-3.0067288875579834, -8.357876777648926, 7.725078105926514], [0.057196881622076035, 0.6268966794013977, -0.06759794801473618]], "brockpiece13": [[-0.038007766008377075, -0.1329440474510193, -0.9452934265136719], [-16.59365463256836, -12.005961418151855, 1.9297282695770264], [0.10751569271087646, 0.33034080266952515, -0.6997447609901428]], "brockpiece14": [[-0.10133657604455948, -0.05962318181991577, -0.956788957118988], [2.2507405281066895, -9.44130802154541, -7.004458904266357], [0.1765923947095871, 0.3738964796066284, -0.06937721371650696]], "brockpiece15": [[-0.04196608066558838, -7.987022399902344e-05, -0.07504109293222427], [-0.002251772675663233, 4.497629165649414, -0.02346566878259182], [0.32439151406288147, 0.17386914789676666, 0.1606941819190979]], "brockpiece16": [[-0.1222664937376976, -0.0006149113178253174, -0.30662021040916443], [-0.004395556170493364, -7.861359119415283, 0.025199465453624725], [0.2422737032175064, 0.13469432294368744, -0.2985038757324219]], "brockpiece17": [[0.07837828248739243, 0.045333683490753174, -0.9262215495109558], [-3.1352996826171875, -2.227762222290039, 16.954492568969727], [0.05579742044210434, 0.8304786086082458, -0.06759888678789139]], "brockpiece18": [[0.051704227924346924, 8.189678192138672e-05, -0.9467669725418091], [0.0002877273072954267, -4.429191589355469, 0.0002688880485948175], [0.7751116156578064, 1.1647822856903076, 0.4550911784172058]], "brockpiece19": [[0.6082814335823059, -0.75975102186203, -3.172623634338379], [-147.91064453125, -0.6630368232727051, -90.24313354492188], [0.04745550453662872, 0.8352649807929993, -0.8555060029029846]], "brockpiece20": [[0.13670343160629272, -0.0744825005531311, -2.3322396278381348], [41.210994720458984, -18.67951774597168, -133.09339904785156], [0.0324799083173275, 0.8903895616531372, 0.1047213077545166]], "brockpiece21": [[0.06726928055286407, 8.26120376586914e-05, -0.9937806725502014], [-5.608968058368191e-05, -4.428955554962158, 0.00015842122957110405], [0.15945503115653992, 1.6952928304672241, 0.277337908744812]], "brockpiece22": [[-0.2958208918571472, -1.7703726291656494, -6.508652210235596], [151.14671325683594, 9.391352653503418, -33.163841247558594], [0.5310609936714172, 1.9953807592391968, -0.3219248354434967]], "brockpiece23": [[0.14890137314796448, -0.4205230176448822, -2.8720617294311523], [-6.059333324432373, 26.002534866333008, 80.19575500488281], [-0.0681355819106102, 0.8056530356407166, -0.06759854406118393]], "brockpiece24": [[0.05592450499534607, -0.103870689868927, -2.629709243774414], [-17.425411224365234, 1.4288389682769775, -32.357948303222656], [-0.3838520646095276, 0.746596097946167, 0.4647919237613678]], "brockpiece25": [[-0.25152504444122314, -0.02180647850036621, -2.395491361618042], [-0.08344020694494247, 0.8592156767845154, -2.4187862873077393], [-1.032001256942749, 0.5244100093841553, 0.6970614790916443]], "brockpiece26": [[-0.7827445268630981, -0.7156003713607788, -1.0786627531051636], [-35.301822662353516, 12.110776901245117, 115.61747741699219], [-0.012171115726232529, 0.7901149392127991, 0.14576949179172516]], "brockpiece27": [[-0.32273629307746887, -0.6676469445228577, -2.913278818130493], [4.466533184051514, 3.1982154846191406, -8.872031211853027], [-0.029545554891228676, 0.7074200510978699, -0.5648927092552185]], "brockpiece28": [[-1.4334672689437866, -0.7832088470458984, -1.766785740852356], [-6.434040546417236, -23.305767059326172, 18.945919036865234], [-0.05280172452330589, 0.875779390335083, 0.7411666512489319]], "brockpiece29": [[0.05284629762172699, -0.3296394348144531, -2.657650947570801], [-9.144146919250488, -5.008406162261963, -13.413435935974121], [-0.1528574824333191, 0.604702889919281, -0.03537474945187569]], "brockpiece30": [[0.04920931160449982, -0.3195699155330658, -2.5515146255493164], [-9.74051284790039, -6.929652690887451, -11.548797607421875], [-0.212638720870018, 0.5194345116615295, -0.6746488809585571]], "brockpiece31": [[-0.049273908138275146, -0.12339165806770325, -2.5627260208129883], [-9.740504264831543, -6.9296650886535645, -11.5488862991333], [-0.3032321333885193, 0.4032418727874756, 0.2416532039642334]], "brockpiece32": [[0.07174383848905563, -0.14881372451782227, -2.403653383255005], [33.60652160644531, 24.301979064941406, 147.94195556640625], [-0.014846060425043106, 0.7332823276519775, -0.067598357796669]], "brockpiece33": [[-0.17988651990890503, -8.872151374816895e-05, -1.3370498418807983], [-0.014715392142534256, -4.9058356285095215, 0.10014106333255768], [-0.07364655286073685, 0.3388040363788605, 0.1644446849822998]], "brockpiece34": [[-0.05140598490834236, 0.0028249621391296387, -1.2489233016967773], [-0.24293769896030426, -8.399843215942383, -0.34296494722366333], [-0.040006935596466064, 0.3192813992500305, -0.5479322671890259]], "brockpiece35": [[-0.0031165070831775665, -0.12919145822525024, -1.491344690322876], [-19.298635482788086, -6.419311046600342, 27.849462509155273], [0.03971529006958008, 0.7414476275444031, -0.4923132658004761]], "brockpiece36": [[-0.032155077904462814, -0.15283125638961792, -1.2935868501663208], [-20.064632415771484, -24.922155380249023, -149.64901733398438], [0.04695548489689827, 0.8178877234458923, 0.2522242069244385]], "brockpiece37": [[-1.2860506772994995, -0.8499839305877686, -1.8935368061065674], [-104.48072814941406, 2.115776300430298, 74.99394226074219], [0.018796933814883232, 0.8953180909156799, 0.6815259456634521]],