{"brockpiece0": [[-0.17861324548721313, -0.7908633351325989, -3.4763998985290527], [-110.80520629882812, 74.22998809814453, -113.85517883300781], [-0.04771063104271889, 0.8072485327720642, -0.47105833888053894]], "brockpiece1": [[0.2814735174179077, -0.4533040225505829, -3.0803582668304443], [-41.87696075439453, 62.6650390625, 40.84706497192383], [-0.060903601348400116, 0.894946277141571, 0.4562895596027374]], "brockpiece2": [[0.5822441577911377, -0.8016993999481201, -3.676957368850708], [-4.56884765625, 8.294622421264648, -53.678009033203125], [-0.1568758189678192, 0.8655882477760315, -0.5483085513114929]], "brockpiece3": [[0.17374174296855927, -0.4588984549045563, -3.1817262172698975], [-13.95263385772705, 19.07427978515625, 51.60429000854492], [-0.22012151777744293, 0.9278489947319031, 0.3253736197948456]], "brockpiece4": [[0.26919710636138916, -0.11853235960006714, -2.7860662937164307], [-28.095983505249023, -12.782543182373047, -50.441349029541016], [-0.4135969281196594, 0.9918517470359802, 0.46200042963027954]], "brockpiece5": [[-0.043385863304138184, 0.023911714553833008, -2.406080484390259], [-4.940512657165527, 9.339387893676758, 2.2517001628875732], [-0.436776340007782, 0.9646992683410645, -0.3259457051753998]], "brockpiece6": [[0.5462955236434937, -0.7547297477722168, -3.7689802646636963], [48.156951904296875, 13.141714096069336, 78.3283462524414], [-0.01387631893157959, 0.9064578413963318, -0.06759907305240631]], "brockpiece7": [[0.9528127908706665, -1.1584064960479736, -4.184614181518555], [-161.34893798828125, 5.010647296905518, -106.31378173828125], [-0.016788214445114136, 1.2991664409637451, -0.5754176378250122]], "brockpiece8": [[1.5997573137283325, -1.092426061630249, -5.239218711853027], [-151.9014892578125, 3.154914617538452, -114.66566467285156], [-0.10184786468744278, 1.4046438932418823, 0.10018877685070038]], "brockpiece9": [[-0.9106336832046509, -0.747913122177124, -1.5803446769714355], [18.893089294433594, -5.879051685333252, -7.304781436920166], [0.009604007937014103, 0.8276886940002441, 0.4656519293785095]], "brockpiece10": [[0.043111592531204224, -0.24976983666419983, -1.3273569345474243], [14.883366584777832, 5.713883876800537, -174.27511596679688], [0.026453230530023575, 0.7262305021286011, -0.09866398572921753]], "brockpiece11": [[-0.13391074538230896, -0.6247383952140808, -2.1283118724823], [-14.755091667175293, -18.075538635253906, 35.231163024902344], [0.023447148501873016, 0.6883174180984497, -0.6239317655563354]], "brockpiece12": [[-0.021081704646348953, -0.14043059945106506, -1.373311161994934], [-3.101372003555298, -8.204864501953125, 7.715767860412598], [0.057196881622076035, 0.6268966794013977, -0.06759794801473618]], "brockpiece13": [[-0.04166054725646973, -0.13918374478816986, -0.9450980424880981], [-15.021021842956543, -12.258960723876953, 1.9692552089691162], [0.10751569271087646, 0.33034080266952515, -0.6997447609901428]], "brockpiece14": [[-0.10692157596349716, -0.06184029579162598, -0.9556199908256531], [2.3615357875823975, -9.563165664672852, -6.869219779968262], [0.1765923947095871, 0.3738964796066284, -0.06937721371650696]], "brockpiece15": [[-0.042698055505752563, -9.402632713317871e-05, -0.07561362534761429], [-0.006012291647493839, 4.646363258361816, 0.010049503296613693], [0.32439151406288147, 0.17386914789676666, 0.1606941819190979]], "brockpiece16": [[-0.121436208486557, -0.0005978643894195557, -0.3046351373195648], [-0.00032271177042275667, -7.783852577209473, -0.032464202493429184], [0.2422737032175064, 0.13469432294368744, -0.2985038757324219]], "brockpiece17": [[0.08718236535787582, 0.030257344245910645, -0.9240962266921997], [-2.4355642795562744, -1.8954061269760132, 17.773170471191406], [0.05579742044210434, 0.8304786086082458, -0.06759888678789139]], "brockpiece18": [[0.0518956184387207, 7.37905502319336e-05, -0.9465973377227783], [0.00022435940627474338, -4.43111515045166, 0.0003699361113831401], [0.7751116156578064, 1.1647822856903076, 0.4550911784172058]], "brockpiece19": [[0.5982495546340942, -0.759943425655365, -3.1816601753234863], [-151.73739624023438, -7.425417900085449, -80.19904327392578], [0.04745550453662872, 0.8352649807929993, -0.8555060029029846]], "brockpiece20": [[0.12454276531934738, -0.0894620418548584, -2.331389904022217], [34.12778854370117, -22.08423614501953, -121.83454132080078], [0.0324799083173275, 0.8903895616531372, 0.1047213077545166]], "brockpiece21": [[0.06746643781661987, 7.343292236328125e-05, -0.99363112449646], [-0.0001684836024651304, -4.431034088134766, 0.00017383570957463235], [0.15945503115653992, 1.6952928304672241, 0.277337908744812]], "brockpiece22": [[-0.2974018454551697, -1.7765501737594604, -6.500701427459717], [152.31134033203125, 9.747251510620117, -31.85575294494629], [0.5310609936714172, 1.9953807592391968, -0.3219248354434967]], "brockpiece23": [[0.14806127548217773, -0.4204231798648834, -2.8827099800109863], [-2.796870231628418, 26.80477523803711, 89.23993682861328], [-0.0681355819106102, 0.8056530356407166, -0.06759854406118393]], "brockpiece24": [[0.05397176742553711, -0.10626828670501709, -2.635413408279419], [-17.03407096862793, 1.258223295211792, -34.583702087402344], [-0.3838520646095276, 0.746596097946167, 0.4647919237613678]], "brockpiece25": [[-0.254691481590271, -0.022626221179962158, -2.394655704498291], [-0.03956291079521179, 0.9858997464179993, -2.5077011585235596], [-1.032001256942749, 0.5244100093841553, 0.6970614790916443]], "brockpiece26": [[-0.7778091430664062, -0.7439077496528625, -1.0896973609924316], [-26.409751892089844, 35.24504470825195, 138.3851318359375], [-0.012171115726232529, 0.7901149392127991, 0.14576949179172516]], "brockpiece27": [[-0.32251352071762085, -0.6674553155899048, -2.913611650466919], [4.502490520477295, 3.1132946014404297, -8.240285873413086], [-0.029545554891228676, 0.7074200510978699, -0.5648927092552185]], "brockpiece28": [[-1.557173490524292, -0.8383273482322693, -1.882476806640625], [69.1408462524414, 66.42999267578125, -107.25514221191406], [-0.05280172452330589, 0.875779390335083, 0.7411666512489319]], "brockpiece29": [[0.0532710924744606, -0.3334796726703644, -2.6583802700042725], [-8.631196975708008, -5.389861106872559, -14.305020332336426], [-0.1528574824333191, 0.604702889919281, -0.03537474945187569]], "brockpiece30": [[0.04690183699131012, -0.3195618987083435, -2.55210018157959], [-9.859541893005371, -6.884337902069092, -11.013643264770508], [-0.212638720870018, 0.5194345116615295, -0.6746488809585571]], "brockpiece31": [[-0.05124121904373169, -0.12341058254241943, -2.5632355213165283], [-9.85951042175293, -6.884350776672363, -11.013751029968262], [-0.3032321333885193, 0.4032418727874756, 0.2416532039642334]], "brockpiece32": [[0.07105361670255661, -0.14848577976226807, -2.4071598052978516], [35.10431671142578, 22.301610946655273, 152.78359985351562], [-0.014846060425043106, 0.7332823276519775, -0.067598357796669]], "brockpiece33": [[-0.18428367376327515, -0.00016161799430847168, -1.333237648010254], [-0.003520459635183215, -5.243322372436523, 0.007918590679764748], [-0.07364655286073685, 0.3388040363788605, 0.1644446849822998]], "brockpiece34": [[-0.05315736308693886, 0.001659303903579712, -1.252544641494751], [0.08839555829763412, -9.084961891174316, -0.6877333521842957], [-0.040006935596466064, 0.3192813992500305, -0.5479322671890259]], "brockpiece35": [[0.0632108598947525, -0.13786005973815918, -1.4666284322738647], [15.411980628967285, -15.971903800964355, -71.38188934326172], [0.03971529006958008, 0.7414476275444031, -0.4923132658004761]], "brockpiece36": [[-0.030767861753702164, -0.1654408574104309, -1.2962610721588135], [-23.002466201782227, -24.87043571472168, -152.2723388671875], [0.04695548489689827, 0.8178877234458923, 0.2522242069244385]], "brockpiece37": [[-1.3091750144958496, -0.8379763960838318, -1.8664073944091797], [-104.16133880615234, -31.61356544494629, 93.45388793945312], [0.018796933814883232, 0.8953180909156799, 0.6815259456634521]],