{"brockpiece0": [[-1.6439706087112427e-05, -4.172325134277344e-07, 0.00011968612670898438], [-0.00013121437223162502, -0.00023388069530483335, 8.708493987796828e-05], [-0.04771063104271889, 0.8072485327720642, -0.47105833888053894]], "brockpiece1": [[-1.8388032913208008e-05, 5.662441253662109e-06, 0.00011926889419555664], [-0.00013788448995910585, -0.0002215543354395777, 0.00019466043158899993], [-0.060903601348400116, 0.894946277141571, 0.4562895596027374]], "brockpiece2": [[-1.634657382965088e-05, -8.940696716308594e-07, 0.00011879205703735352], [-0.00013276186655275524, -0.00023308028175961226, 0.00011099061521235853], [-0.1568758189678192, 0.8655882477760315, -0.5483085513114929]], "brockpiece3": [[-1.811981201171875e-05, 4.589557647705078e-06, 0.00011852383613586426], [-0.00013532316370401531, -0.0002323332300875336, 0.0001144057241617702], [-0.22012151777744293, 0.9278489947319031, 0.3253736197948456]], "brockpiece4": [[-1.8477439880371094e-05, 5.185604095458984e-06, 0.00011867284774780273], [-0.0001803597406251356, -0.0002144039754057303, 0.00011269817332504317], [-0.4135969281196594, 0.9918517470359802, 0.46200042963027954]], "brockpiece5": [[-1.6868114471435547e-05, -1.7881393432617188e-07, 0.00011798739433288574], [-0.00013404249330051243, -0.00022881141921970993, 0.000122943427413702], [-0.436776340007782, 0.9646992683410645, -0.3259457051753998]], "brockpiece6": [[-1.732073724269867e-05, 2.384185791015625e-06, 0.00011927634477615356], [-0.0001380512403557077, -0.00019898268510587513, 0.0002467407030053437], [-0.01387631893157959, 0.9064578413963318, -0.06759907305240631]], "brockpiece7": [[-1.6573816537857056e-05, -1.1920928955078125e-06, 0.00011688470840454102], [-0.00013062742073088884, -0.0002317996259080246, 0.00011824769171653315], [-0.016788214445114136, 1.2991664409637451, -0.5754176378250122]], "brockpiece8": [[-1.8008053302764893e-05, 3.337860107421875e-06, 0.00011561810970306396], [-0.0001212358838529326, -0.0002522901922930032, 0.00029455198091454804], [-0.10184786468744278, 1.4046438932418823, 0.10018877685070038]], "brockpiece9": [[-1.8343329429626465e-05, 6.139278411865234e-06, 0.00011983513832092285], [-0.00012182287173345685, -0.0002549582568462938, 1.7075478808692424e-06], [0.009604007937014103, 0.8276886940002441, 0.4656519293785095]], "brockpiece10": [[6.067194044589996e-05, -0.00017005205154418945, 0.00014227628707885742], [0.013520363718271255, 0.0037779496051371098, 0.04173247143626213], [0.026453230530023575, 0.7262305021286011, -0.09866398572921753]], "brockpiece11": [[-1.6070902347564697e-05, -1.5497207641601562e-06, 0.00012058019638061523], [-0.00014196660777088255, -0.00023489455634262413, 0.00011696704314090312], [0.023447148501873016, 0.6883174180984497, -0.6239317655563354]], "brockpiece12": [[-1.7158687114715576e-05, 1.9073486328125e-06, 0.00012145936489105225], [-0.00013676390517503023, -0.0002368155401200056, 7.854719297029078e-05], [0.057196881622076035, 0.6268966794013977, -0.06759794801473618]], "brockpiece13": [[-1.566857099533081e-05, -2.0563602447509766e-06, 0.0001233220100402832], [-0.00013276186655275524, -0.00023051897005643696, 0.00012123589840484783], [0.10751569271087646, 0.33034080266952515, -0.6997447609901428]], "brockpiece14": [[-1.6942620277404785e-05, 2.384185791015625e-06, 0.00012334436178207397], [-0.00015259874635376036, -0.00023404078092426062, 0.00012721233360935003], [0.1765923947095871, 0.3738964796066284, -0.06937721371650696]], "brockpiece15": [[4.70578670501709e-05, -0.00022839009761810303, 0.0003744959831237793], [-0.0027921609580516815, 0.00040287457522936165, 0.010289683938026428], [0.32439151406288147, 0.17386914789676666, 0.1606941819190979]], "brockpiece16": [[6.0692429542541504e-05, -0.0002406984567642212, 0.00011247396469116211], [0.0007910215645097196, -0.0033796641509979963, -0.00018783027189783752], [0.2422737032175064, 0.13469432294368744, -0.2985038757324219]], "brockpiece17": [[-1.728534698486328e-05, 2.384185791015625e-06, 0.0001200065016746521], [-0.0001517583295935765, -0.00030522418092004955, -0.0003056511050090194], [0.05579742044210434, 0.8304786086082458, -0.06759888678789139]], "brockpiece18": [[-1.8417835235595703e-05, 6.4373016357421875e-06, 0.00011909008026123047], [-7.85472002462484e-05, -0.00041066526318900287, 0.00030735862674191594], [0.7751116156578064, 1.1647822856903076, 0.4550911784172058]], "brockpiece19": [[-1.5713274478912354e-05, -2.9802322387695312e-06, 0.00011992454528808594], [-0.00011718047608155757, -0.0002890024916268885, 0.0004934813478030264], [0.04745550453662872, 0.8352649807929993, -0.8555060029029846]], "brockpiece20": [[-1.765042543411255e-05, 3.337860107421875e-06, 0.00011965632438659668], [-0.0001164334244094789, -0.00032614165684208274, -0.000520802044775337], [0.0324799083173275, 0.8903895616531372, 0.1047213077545166]], "brockpiece21": [[-1.8551945686340332e-05, 4.887580871582031e-06, 0.00011414289474487305], [-8.74051038408652e-05, -0.0001056545224855654, 0.0004422549100127071], [0.15945503115653992, 1.6952928304672241, 0.277337908744812]], "brockpiece22": [[-1.7464160919189453e-05, 2.0265579223632812e-06, 0.00011321902275085449], [-0.00013617693912237883, -0.00024247179680969566, 0.00011782081855926663], [0.5310609936714172, 1.9953807592391968, -0.3219248354434967]], "brockpiece23": [[-1.7240643501281738e-05, 2.1457672119140625e-06, 0.00011987239122390747], [-0.00014044581621419638, -0.00021045526955276728, 0.00019466046069283038], [-0.0681355819106102, 0.8056530356407166, -0.06759854406118393]], "brockpiece24": [[-1.8328428268432617e-05, 5.781650543212891e-06, 0.00012055039405822754], [-0.0001272123190574348, -0.00023137273092288524, 0.00011440570960985497], [-0.3838520646095276, 0.746596097946167, 0.4647919237613678]], "brockpiece25": [[-1.8715858459472656e-05, 6.854534149169922e-06, 0.00012058019638061523], [-0.00013489625416696072, -0.00023734915885142982, 0.00011355193419149145], [-1.032001256942749, 0.5244100093841553, 0.6970614790916443]], "brockpiece26": [[-1.7682090401649475e-05, 3.874301910400391e-06, 0.00012010335922241211], [-0.00014507488231174648, -0.0002281710912939161, 0.00011440570960985497], [-0.012171115726232529, 0.7901149392127991, 0.14576949179172516]], "brockpiece27": [[-1.619197428226471e-05, -1.4901161193847656e-06, 0.00012040138244628906], [-0.00013206816220190376, -0.00023329372925218195, 0.00011952835484407842], [-0.029545554891228676, 0.7074200510978699, -0.5648927092552185]], "brockpiece28": [[-1.8943101167678833e-05, 8.046627044677734e-06, 0.0001195073127746582], [-9.903776663122699e-05, -0.00023734915885142982, 0.00014001892122905701], [-0.05280172452330589, 0.875779390335083, 0.7411666512489319]], "brockpiece29": [[-1.7121434211730957e-05, 2.3245811462402344e-06, 0.00012115761637687683], [-0.00013649712491314858, -0.00022454254212789237, 0.0002014906203839928], [-0.1528574824333191, 0.604702889919281, -0.03537474945187569]], "brockpiece30": [[-1.5810132026672363e-05, -2.086162567138672e-06, 0.00012165307998657227], [-0.00013382906035985798, -0.00023051897005643696, 0.00012038212298648432], [-0.212638720870018, 0.5194345116615295, -0.6746488809585571]], "brockpiece31": [[-1.7642974853515625e-05, 4.380941390991211e-06, 0.00012256205081939697], [-0.00012166278611402959, -0.0002317996259080246, 1.7075478808692424e-06], [-0.3032321333885193, 0.4032418727874756, 0.2416532039642334]], "brockpiece32": [[-1.721549779176712e-05, 2.0265579223632812e-06, 0.00012042373418807983], [-0.00013792450772598386, -0.00022198123042471707, -0.0001810000539990142], [-0.014846060425043106, 0.7332823276519775, -0.067598357796669]], "brockpiece33": [[-1.7426908016204834e-05, 3.7848949432373047e-06, 0.00012320280075073242], [-0.00013433599087875336, -0.0002514364314265549, 5.421464811661281e-05], [-0.07364655286073685, 0.3388040363788605, 0.1644446849822998]],