{"brockpiece0": [[-0.1715351939201355, -0.7272197008132935, -3.3799314498901367], [96.58853149414062, -15.731071472167969, 91.11894226074219], [-0.04771063104271889, 0.8072485327720642, -0.47105833888053894]], "brockpiece1": [[0.15158045291900635, -0.26621556282043457, -3.0823798179626465], [13.857419967651367, 49.421913146972656, 118.33880615234375], [-0.060903601348400116, 0.894946277141571, 0.4562895596027374]], "brockpiece2": [[0.5935284495353699, -0.7719644904136658, -3.6802170276641846], [-8.797367095947266, 10.321595191955566, -38.68071746826172], [-0.1568758189678192, 0.8655882477760315, -0.5483085513114929]], "brockpiece3": [[0.19880223274230957, -0.41941362619400024, -3.1613950729370117], [-20.97083854675293, 15.915861129760742, 41.50358581542969], [-0.22012151777744293, 0.9278489947319031, 0.3253736197948456]], "brockpiece4": [[0.24745769798755646, -0.06310915946960449, -2.738194465637207], [-15.289360046386719, 7.988190650939941, -42.150882720947266], [-0.4135969281196594, 0.9918517470359802, 0.46200042963027954]], "brockpiece5": [[-0.059128135442733765, 0.0429421067237854, -2.4275124073028564], [-5.7821173667907715, 8.518950462341309, -0.12415973842144012], [-0.436776340007782, 0.9646992683410645, -0.3259457051753998]], "brockpiece6": [[0.4196135103702545, -0.808644711971283, -3.7325520515441895], [-34.27097702026367, 29.89915657043457, -69.92599487304688], [-0.01387631893157959, 0.9064578413963318, -0.06759907305240631]], "brockpiece7": [[0.9536248445510864, -1.157787561416626, -4.186385631561279], [-161.16278076171875, 4.634138107299805, -105.94156646728516], [-0.016788214445114136, 1.2991664409637451, -0.5754176378250122]], "brockpiece8": [[1.5767364501953125, -1.069331169128418, -5.245930194854736], [-148.72268676757812, -0.6314981579780579, -112.0637435913086], [-0.10184786468744278, 1.4046438932418823, 0.10018877685070038]], "brockpiece9": [[-1.085771918296814, -0.7593122124671936, -1.7781081199645996], [4.119384765625, 5.77189302444458, 60.8311882019043], [0.009604007937014103, 0.8276886940002441, 0.4656519293785095]], "brockpiece10": [[0.04734550416469574, -0.2441280484199524, -1.3305305242538452], [14.880597114562988, 5.469006061553955, -175.16847229003906], [0.026453230530023575, 0.7262305021286011, -0.09866398572921753]], "brockpiece11": [[-0.10183930397033691, -0.6149734854698181, -2.112086772918701], [1.443382978439331, -21.23040199279785, -4.2411017417907715], [0.023447148501873016, 0.6883174180984497, -0.6239317655563354]], "brockpiece12": [[-0.014507666230201721, -0.13839218020439148, -1.3764311075210571], [-3.341148614883423, -7.904232978820801, 7.646912574768066], [0.057196881622076035, 0.6268966794013977, -0.06759794801473618]], "brockpiece13": [[-0.03886733204126358, -0.12969815731048584, -0.9467053413391113], [-17.43570899963379, -11.908638000488281, 1.8557811975479126], [0.10751569271087646, 0.33034080266952515, -0.6997447609901428]], "brockpiece14": [[-0.09669550508260727, -0.058239370584487915, -0.963440477848053], [1.8653799295425415, -9.153374671936035, -6.911135673522949], [0.1765923947095871, 0.3738964796066284, -0.06937721371650696]], "brockpiece15": [[-0.041732579469680786, -2.2709369659423828e-05, -0.07428597658872604], [-0.023800212889909744, 4.342974662780762, 0.10742300003767014], [0.32439151406288147, 0.17386914789676666, 0.1606941819190979]], "brockpiece16": [[-0.1252092570066452, -0.0012477338314056396, -0.3123278319835663], [-0.01194706279784441, -8.290698051452637, -0.02879822440445423], [0.2422737032175064, 0.13469432294368744, -0.2985038757324219]], "brockpiece17": [[0.07453090697526932, 0.05179959535598755, -0.9322107434272766], [-2.661100387573242, -3.393378734588623, 9.725053787231445], [0.05579742044210434, 0.8304786086082458, -0.06759888678789139]], "brockpiece18": [[0.05154448747634888, 8.499622344970703e-05, -0.9466556906700134], [0.00032369361724704504, -4.430104732513428, 0.00016099050117190927], [0.7751116156578064, 1.1647822856903076, 0.4550911784172058]], "brockpiece19": [[0.6198262572288513, -0.7628757953643799, -3.1491761207580566], [-142.05618286132812, 16.360027313232422, -106.53207397460938], [0.04745550453662872, 0.8352649807929993, -0.8555060029029846]], "brockpiece20": [[0.10858321934938431, -0.14038395881652832, -2.270689010620117], [-9.330002784729004, -14.202486038208008, -34.402496337890625], [0.0324799083173275, 0.8903895616531372, 0.1047213077545166]], "brockpiece21": [[0.06711404025554657, 8.690357208251953e-05, -0.9936766028404236], [-0.00013305258471518755, -4.4297051429748535, 0.0001652720820857212], [0.15945503115653992, 1.6952928304672241, 0.277337908744812]], "brockpiece22": [[-0.32701659202575684, -1.747580647468567, -6.502016544342041], [153.0684356689453, 11.112367630004883, -27.578012466430664], [0.5310609936714172, 1.9953807592391968, -0.3219248354434967]], "brockpiece23": [[0.15089577436447144, -0.4462689459323883, -2.833428382873535], [-22.422794342041016, 12.352145195007324, 32.604034423828125], [-0.0681355819106102, 0.8056530356407166, -0.06759854406118393]], "brockpiece24": [[0.06159394979476929, -0.07541877031326294, -2.6359007358551025], [-18.25187110900879, 0.8885786533355713, -32.976261138916016], [-0.3838520646095276, 0.746596097946167, 0.4647919237613678]], "brockpiece25": [[-0.26078855991363525, -0.004289031028747559, -2.404489278793335], [0.8843618035316467, -1.630918264389038, -1.039946436882019], [-1.032001256942749, 0.5244100093841553, 0.6970614790916443]], "brockpiece26": [[-0.9330919981002808, -0.6914894580841064, -1.3168284893035889], [-22.486204147338867, -8.001190185546875, -153.15882873535156], [-0.012171115726232529, 0.7901149392127991, 0.14576949179172516]], "brockpiece27": [[-0.3092266321182251, -0.6757404208183289, -2.9127285480499268], [4.441887855529785, 1.5689102411270142, -41.0810546875], [-0.029545554891228676, 0.7074200510978699, -0.5648927092552185]], "brockpiece28": [[-1.3132433891296387, -0.8081289529800415, -1.7263426780700684], [8.954545021057129, 30.16554069519043, 121.46051788330078], [-0.05280172452330589, 0.875779390335083, 0.7411666512489319]], "brockpiece29": [[0.0549110472202301, -0.318848580121994, -2.6623010635375977], [-10.875576972961426, -4.612180233001709, -13.755233764648438], [-0.1528574824333191, 0.604702889919281, -0.03537474945187569]], "brockpiece30": [[0.04547235369682312, -0.314680814743042, -2.557652473449707], [-10.688864707946777, -6.605388164520264, -13.267938613891602], [-0.212638720870018, 0.5194345116615295, -0.6746488809585571]], "brockpiece31": [[-0.04194450378417969, -0.09920388460159302, -2.5685312747955322], [-10.688843727111816, -6.605398654937744, -13.26803207397461], [-0.3032321333885193, 0.4032418727874756, 0.2416532039642334]], "brockpiece32": [[0.031336553394794464, -0.14331376552581787, -2.404578685760498], [39.757450103759766, 13.491402626037598, 168.6365203857422], [-0.014846060425043106, 0.7332823276519775, -0.067598357796669]], "brockpiece33": [[-0.17525187134742737, -0.0007553696632385254, -1.3430440425872803], [-0.013044919818639755, -4.483999252319336, 0.05281602963805199], [-0.07364655286073685, 0.3388040363788605, 0.1644446849822998]], "brockpiece34": [[-0.05221274122595787, 0.0072126686573028564, -1.2516202926635742], [-0.8194634318351746, -8.396211624145508, -0.4390678405761719], [-0.040006935596466064, 0.3192813992500305, -0.5479322671890259]], "brockpiece35": [[-0.004554685205221176, -0.11162912845611572, -1.4967809915542603], [-14.013290405273438, 1.8354430198669434, 50.519065856933594], [0.03971529006958008, 0.7414476275444031, -0.4923132658004761]], "brockpiece36": [[-0.0338846892118454, -0.14611315727233887, -1.2983229160308838], [-15.740581512451172, -24.555727005004883, -150.79110717773438], [0.04695548489689827, 0.8178877234458923, 0.2522242069244385]], "brockpiece37": [[-1.229278802871704, -0.8743205070495605, -2.2500226497650146], [-144.8328857421875, 14.013537406921387, 40.808956146240234], [0.018796933814883232, 0.8953180909156799, 0.6815259456634521]],