{"brockpiece0": [[-0.16706126928329468, -0.7195842266082764, -3.318542957305908], [99.8834228515625, -60.36497497558594, 84.69480895996094], [-0.04771063104271889, 0.8072485327720642, -0.47105833888053894]], "brockpiece1": [[0.2739468812942505, -0.4531625211238861, -3.091500997543335], [-7.565262794494629, 71.45209503173828, 79.564697265625], [-0.060903601348400116, 0.894946277141571, 0.4562895596027374]], "brockpiece2": [[0.5724316835403442, -0.8027008175849915, -3.6749165058135986], [-3.768009662628174, 9.230339050292969, -46.10712814331055], [-0.1568758189678192, 0.8655882477760315, -0.5483085513114929]], "brockpiece3": [[0.18195535242557526, -0.47579827904701233, -3.199225902557373], [-14.786722183227539, 17.333669662475586, 47.14213562011719], [-0.22012151777744293, 0.9278489947319031, 0.3253736197948456]], "brockpiece4": [[0.2611028552055359, -0.15906620025634766, -2.78499436378479], [-10.406021118164062, -12.796731948852539, -60.985084533691406], [-0.4135969281196594, 0.9918517470359802, 0.46200042963027954]], "brockpiece5": [[-0.03950667381286621, 0.023735642433166504, -2.4109597206115723], [-5.003546714782715, 9.347646713256836, 2.2509500980377197], [-0.436776340007782, 0.9646992683410645, -0.3259457051753998]], "brockpiece6": [[0.5001874566078186, -0.7075133323669434, -3.743039846420288], [49.466224670410156, -23.506179809570312, 117.56004333496094], [-0.01387631893157959, 0.9064578413963318, -0.06759907305240631]], "brockpiece7": [[0.9514317512512207, -1.158402919769287, -4.18205451965332], [-161.35935974121094, 5.00706672668457, -106.31570434570312], [-0.016788214445114136, 1.2991664409637451, -0.5754176378250122]], "brockpiece8": [[1.5851349830627441, -1.0917017459869385, -5.263495922088623], [-150.78411865234375, -2.260885715484619, -109.15087127685547], [-0.10184786468744278, 1.4046438932418823, 0.10018877685070038]], "brockpiece9": [[-1.085580825805664, -0.8008397221565247, -1.5488431453704834], [42.77741622924805, -3.8022139072418213, -67.27728271484375], [0.009604007937014103, 0.8276886940002441, 0.4656519293785095]], "brockpiece10": [[0.04033004492521286, -0.25895509123802185, -1.3280861377716064], [16.06254005432129, 6.33249044418335, -176.09828186035156], [0.026453230530023575, 0.7262305021286011, -0.09866398572921753]], "brockpiece11": [[-0.13485725224018097, -0.625726580619812, -2.129178524017334], [-15.742510795593262, -17.592987060546875, 37.714454650878906], [0.023447148501873016, 0.6883174180984497, -0.6239317655563354]], "brockpiece12": [[-0.028836902230978012, -0.14323359727859497, -1.3718500137329102], [-3.2366364002227783, -7.800254821777344, 8.326054573059082], [0.057196881622076035, 0.6268966794013977, -0.06759794801473618]], "brockpiece13": [[-0.04394974559545517, -0.14548592269420624, -0.9478799104690552], [-13.333747863769531, -12.849287986755371, 1.6038631200790405], [0.10751569271087646, 0.33034080266952515, -0.6997447609901428]], "brockpiece14": [[-0.1147339940071106, -0.06611058115959167, -0.9517571330070496], [2.6773829460144043, -9.738030433654785, -6.130856037139893], [0.1765923947095871, 0.3738964796066284, -0.06937721371650696]], "brockpiece15": [[-0.042817920446395874, -0.00010024011135101318, -0.07613088190555573], [-0.015654588118195534, 4.867614269256592, 0.06239859014749527], [0.32439151406288147, 0.17386914789676666, 0.1606941819190979]], "brockpiece16": [[-0.11390666663646698, -0.0006454586982727051, -0.2981320321559906], [0.008322439156472683, -7.103764057159424, -0.0028736635576933622], [0.2422737032175064, 0.13469432294368744, -0.2985038757324219]], "brockpiece17": [[0.09144078940153122, 0.017638742923736572, -0.928633451461792], [-2.8000760078430176, -0.25824999809265137, 30.74896240234375], [0.05579742044210434, 0.8304786086082458, -0.06759888678789139]], "brockpiece18": [[0.05244046449661255, 7.665157318115234e-05, -0.9465961456298828], [0.00022435933351516724, -4.4309587478637695, 0.00039391336031258106], [0.7751116156578064, 1.1647822856903076, 0.4550911784172058]], "brockpiece19": [[0.5692949295043945, -0.7645300030708313, -3.1963553428649902], [-163.049072265625, -16.436561584472656, -52.25230026245117], [0.04745550453662872, 0.8352649807929993, -0.8555060029029846]], "brockpiece20": [[0.10926594585180283, -0.1257939338684082, -2.3385818004608154], [25.42890739440918, -20.317890167236328, -94.47998046875], [0.0324799083173275, 0.8903895616531372, 0.1047213077545166]], "brockpiece21": [[0.06801243126392365, 7.677078247070312e-05, -0.9936277866363525], [-8.34924776427215e-06, -4.430689334869385, 0.00044015521416440606], [0.15945503115653992, 1.6952928304672241, 0.277337908744812]], "brockpiece22": [[-0.2978355288505554, -1.776615858078003, -6.5016865730285645], [152.2690887451172, 9.81212043762207, -31.861705780029297], [0.5310609936714172, 1.9953807592391968, -0.3219248354434967]], "brockpiece23": [[0.1523303985595703, -0.4259176254272461, -2.9003543853759766], [-1.6557741165161133, 25.532958984375, 94.38768768310547], [-0.0681355819106102, 0.8056530356407166, -0.06759854406118393]], "brockpiece24": [[0.05152884125709534, -0.10833501815795898, -2.641552686691284], [-16.89369773864746, 1.2236510515213013, -35.68899917602539], [-0.3838520646095276, 0.746596097946167, 0.4647919237613678]], "brockpiece25": [[-0.2602066993713379, -0.024466365575790405, -2.3909664154052734], [-0.05251359939575195, 1.1134203672409058, -2.7059707641601562], [-1.032001256942749, 0.5244100093841553, 0.6970614790916443]], "brockpiece26": [[-0.7099975943565369, -0.7085599899291992, -1.0169658660888672], [34.13163757324219, 2.938704490661621, 75.52315521240234], [-0.012171115726232529, 0.7901149392127991, 0.14576949179172516]], "brockpiece27": [[-0.32162579894065857, -0.6668387651443481, -2.9142541885375977], [4.576056957244873, 3.0581603050231934, -6.074418067932129], [-0.029545554891228676, 0.7074200510978699, -0.5648927092552185]], "brockpiece28": [[-1.5395244359970093, -0.8307812213897705, -1.9990744590759277], [-136.14671325683594, 41.592891693115234, 37.760536193847656], [-0.05280172452330589, 0.875779390335083, 0.7411666512489319]], "brockpiece29": [[0.053945086896419525, -0.3357706367969513, -2.660825252532959], [-8.238231658935547, -5.95172119140625, -14.805402755737305], [-0.1528574824333191, 0.604702889919281, -0.03537474945187569]], "brockpiece30": [[0.04372444748878479, -0.31933343410491943, -2.5525617599487305], [-10.043899536132812, -6.846630573272705, -10.088512420654297], [-0.212638720870018, 0.5194345116615295, -0.6746488809585571]], "brockpiece31": [[-0.05456167459487915, -0.12342450022697449, -2.5637030601501465], [-10.043879508972168, -6.846638202667236, -10.088603019714355], [-0.3032321333885193, 0.4032418727874756, 0.2416532039642334]], "brockpiece32": [[0.07783068716526031, -0.15477406978607178, -2.415327787399292], [34.96882629394531, 21.669357299804688, 154.2178497314453], [-0.014846060425043106, 0.7332823276519775, -0.067598357796669]], "brockpiece33": [[-0.19113299250602722, -6.946921348571777e-05, -1.3289258480072021], [-0.0022228516172617674, -5.672091960906982, 0.0383596196770668], [-0.07364655286073685, 0.3388040363788605, 0.1644446849822998]], "brockpiece34": [[-0.05559510365128517, 0.0007028281688690186, -1.254178762435913], [0.05675802379846573, -9.69397258758545, -0.34037259221076965], [-0.040006935596466064, 0.3192813992500305, -0.5479322671890259]], "brockpiece35": [[0.11782504618167877, -0.16534703969955444, -1.4502580165863037], [17.075008392333984, 0.6285063028335571, -124.98973083496094], [0.03971529006958008, 0.7414476275444031, -0.4923132658004761]], "brockpiece36": [[-0.020408406853675842, -0.18437939882278442, -1.2800216674804688], [-15.402478218078613, -13.998220443725586, -152.65567016601562], [0.04695548489689827, 0.8178877234458923, 0.2522242069244385]], "brockpiece37": [[-1.3225533962249756, -0.8361193537712097, -1.8618254661560059], [-110.83853149414062, -36.18802261352539, 100.52590942382812], [0.018796933814883232, 0.8953180909156799, 0.6815259456634521]],