{"brockpiece0": [[-0.17546823620796204, -0.7502291798591614, -3.4326462745666504], [98.80852508544922, 27.681344985961914, 94.74980163574219], [-0.04771063104271889, 0.8072485327720642, -0.47105833888053894]], "brockpiece1": [[0.17723813652992249, -0.2823182940483093, -3.094545841217041], [16.203235626220703, 57.738380432128906, 120.22891235351562], [-0.060903601348400116, 0.894946277141571, 0.4562895596027374]], "brockpiece2": [[0.5841744542121887, -0.8017517328262329, -3.674463987350464], [-4.246194839477539, 8.146448135375977, -53.18852996826172], [-0.1568758189678192, 0.8655882477760315, -0.5483085513114929]], "brockpiece3": [[0.1788337379693985, -0.42082488536834717, -3.161027431488037], [-12.860021591186523, 21.933176040649414, 62.865970611572266], [-0.22012151777744293, 0.9278489947319031, 0.3253736197948456]], "brockpiece4": [[0.25541847944259644, -0.08709615468978882, -2.745926856994629], [-22.613231658935547, -3.802187442779541, -49.23154067993164], [-0.4135969281196594, 0.9918517470359802, 0.46200042963027954]], "brockpiece5": [[-0.050283461809158325, 0.02953237295150757, -2.396045684814453], [-4.80916166305542, 8.831932067871094, 1.4459158182144165], [-0.436776340007782, 0.9646992683410645, -0.3259457051753998]], "brockpiece6": [[0.44927236437797546, -0.8116282820701599, -3.7479805946350098], [-29.705711364746094, 33.82366180419922, -62.436161041259766], [-0.01387631893157959, 0.9064578413963318, -0.06759907305240631]], "brockpiece7": [[0.9520002603530884, -1.1569288969039917, -4.188198089599609], [-160.96800231933594, 4.070658206939697, -105.41653442382812], [-0.016788214445114136, 1.2991664409637451, -0.5754176378250122]], "brockpiece8": [[1.5453022718429565, -1.0643388032913208, -5.268713474273682], [-151.21934509277344, -5.512056827545166, -100.57876586914062], [-0.10184786468744278, 1.4046438932418823, 0.10018877685070038]], "brockpiece9": [[-1.0142656564712524, -0.7477012872695923, -1.595592975616455], [11.404900550842285, 4.878402233123779, 30.222484588623047], [0.009604007937014103, 0.8276886940002441, 0.4656519293785095]], "brockpiece10": [[0.046266108751297, -0.24192270636558533, -1.3275092840194702], [14.29614543914795, 5.456637382507324, -173.86801147460938], [0.026453230530023575, 0.7262305021286011, -0.09866398572921753]], "brockpiece11": [[-0.13693641126155853, -0.6225687861442566, -2.127079486846924], [-12.171607971191406, -17.969852447509766, 29.988239288330078], [0.023447148501873016, 0.6883174180984497, -0.6239317655563354]], "brockpiece12": [[-0.014410220086574554, -0.13752901554107666, -1.3733606338500977], [-3.036513090133667, -8.304524421691895, 7.342386722564697], [0.057196881622076035, 0.6268966794013977, -0.06759794801473618]], "brockpiece13": [[-0.03784435987472534, -0.13284848630428314, -0.9447208642959595], [-16.644899368286133, -11.924967765808105, 2.0329203605651855], [0.10751569271087646, 0.33034080266952515, -0.6997447609901428]], "brockpiece14": [[-0.09863712638616562, -0.058246463537216187, -0.9592029452323914], [2.051374673843384, -9.314013481140137, -7.000494956970215], [0.1765923947095871, 0.3738964796066284, -0.06937721371650696]], "brockpiece15": [[-0.04169073700904846, -7.751584053039551e-05, -0.07449868321418762], [-0.005248819477856159, 4.412615776062012, -0.007073139306157827], [0.32439151406288147, 0.17386914789676666, 0.1606941819190979]], "brockpiece16": [[-0.12476221472024918, -0.0006839185953140259, -0.3092215359210968], [0.0015738726360723376, -8.10873794555664, -0.018400080502033234], [0.2422737032175064, 0.13469432294368744, -0.2985038757324219]], "brockpiece17": [[0.07485098391771317, 0.04997521638870239, -0.9283477663993835], [-2.661220073699951, -2.958434581756592, 12.212078094482422], [0.05579742044210434, 0.8304786086082458, -0.06759888678789139]], "brockpiece18": [[0.05167287588119507, 8.034706115722656e-05, -0.9466349482536316], [0.0005771676078438759, -4.429583549499512, 0.0003716480277944356], [0.7751116156578064, 1.1647822856903076, 0.4550911784172058]], "brockpiece19": [[0.6127778887748718, -0.7603156566619873, -3.159834384918213], [-139.81967163085938, 7.009840488433838, -96.78373718261719], [0.04745550453662872, 0.8352649807929993, -0.8555060029029846]], "brockpiece20": [[0.10957136005163193, -0.11566239595413208, -2.276597738265991], [-3.7084896564483643, -24.853357315063477, -53.79240417480469], [0.0324799083173275, 0.8903895616531372, 0.1047213077545166]], "brockpiece21": [[0.06723909080028534, 8.237361907958984e-05, -0.9936503767967224], [2.486766815185547, 8.41268253326416, 158.04542541503906], [0.15945503115653992, 1.6952928304672241, 0.277337908744812]], "brockpiece22": [[-0.3176065683364868, -1.761794924736023, -6.50046968460083], [152.8255157470703, 10.276779174804688, -29.644134521484375], [0.5310609936714172, 1.9953807592391968, -0.3219248354434967]], "brockpiece23": [[0.15718983113765717, -0.4402576684951782, -2.8421599864959717], [-17.455379486083984, 20.598621368408203, 50.93041229248047], [-0.0681355819106102, 0.8056530356407166, -0.06759854406118393]], "brockpiece24": [[0.06272664666175842, -0.09379047155380249, -2.621248960494995], [-18.261938095092773, 2.2032721042633057, -30.648656845092773], [-0.3838520646095276, 0.746596097946167, 0.4647919237613678]], "brockpiece25": [[-0.2569749355316162, -0.0061768293380737305, -2.3974545001983643], [-0.6087717413902283, -0.09326118230819702, -0.6853169202804565], [-1.032001256942749, 0.5244100093841553, 0.6970614790916443]], "brockpiece26": [[-0.9191005825996399, -0.6446003913879395, -1.2149925231933594], [15.28618335723877, 15.243498802185059, -18.455585479736328], [-0.012171115726232529, 0.7901149392127991, 0.14576949179172516]], "brockpiece27": [[-0.3240375220775604, -0.6687673330307007, -2.913475751876831], [4.411518573760986, 2.8156354427337646, -12.748907089233398], [-0.029545554891228676, 0.7074200510978699, -0.5648927092552185]], "brockpiece28": [[-1.3911006450653076, -0.8397039175033569, -1.7368500232696533], [24.434406280517578, 37.21077346801758, -133.75637817382812], [-0.05280172452330589, 0.875779390335083, 0.7411666512489319]], "brockpiece29": [[0.05366867780685425, -0.3250215947628021, -2.6543822288513184], [-9.950723648071289, -4.725693702697754, -13.813421249389648], [-0.1528574824333191, 0.604702889919281, -0.03537474945187569]], "brockpiece30": [[0.04780454933643341, -0.3171082139015198, -2.5500316619873047], [-9.632296562194824, -6.935305118560791, -13.484331130981445], [-0.212638720870018, 0.5194345116615295, -0.6746488809585571]], "brockpiece31": [[-0.04837167263031006, -0.11626133322715759, -2.5611891746520996], [-9.632272720336914, -6.9353227615356445, -13.484430313110352], [-0.3032321333885193, 0.4032418727874756, 0.2416532039642334]], "brockpiece32": [[0.05910957604646683, -0.14562207460403442, -2.402167558670044], [36.784603118896484, 19.86825180053711, 156.2871856689453], [-0.014846060425043106, 0.7332823276519775, -0.067598357796669]], "brockpiece33": [[-0.17852771282196045, -9.447336196899414e-06, -1.3388745784759521], [-0.012546001002192497, -4.570433139801025, 0.1037454679608345], [-0.07364655286073685, 0.3388040363788605, 0.1644446849822998]], "brockpiece34": [[-0.050779569894075394, 0.003979086875915527, -1.2481377124786377], [-0.30284807085990906, -8.550893783569336, -0.5924078226089478], [-0.040006935596466064, 0.3192813992500305, -0.5479322671890259]], "brockpiece35": [[-0.0032399706542491913, -0.11127316951751709, -1.4928933382034302], [-16.379043579101562, 2.130396604537964, 50.169254302978516], [0.03971529006958008, 0.7414476275444031, -0.4923132658004761]], "brockpiece36": [[-0.0323791541159153, -0.1468563675880432, -1.295211911201477], [-17.657203674316406, -24.093942642211914, -148.30413818359375], [0.04695548489689827, 0.8178877234458923, 0.2522242069244385]], "brockpiece37": [[-1.263777494430542, -0.8593862652778625, -1.8818297386169434], [-142.5308380126953, 11.890554428100586, 44.83458709716797], [0.018796933814883232, 0.8953180909156799, 0.6815259456634521]],