{"brockpiece0": [[-0.1770121455192566, -0.7668889760971069, -3.453354835510254], [102.59898376464844, 51.83479309082031, 99.04532623291016], [-0.04771063104271889, 0.8072485327720642, -0.47105833888053894]], "brockpiece1": [[0.21252354979515076, -0.31097328662872314, -3.108038902282715], [11.37183666229248, 67.39411163330078, 107.780029296875], [-0.060903601348400116, 0.894946277141571, 0.4562895596027374]], "brockpiece2": [[0.585991621017456, -0.8013843894004822, -3.6765592098236084], [-4.613010883331299, 7.717096328735352, -56.757713317871094], [-0.1568758189678192, 0.8655882477760315, -0.5483085513114929]], "brockpiece3": [[0.17838703095912933, -0.42107468843460083, -3.1602423191070557], [-11.81879997253418, 22.013286590576172, 64.59231567382812], [-0.22012151777744293, 0.9278489947319031, 0.3253736197948456]], "brockpiece4": [[0.2546493709087372, -0.09049075841903687, -2.757967472076416], [-27.930824279785156, -9.4158353805542, -49.303192138671875], [-0.4135969281196594, 0.9918517470359802, 0.46200042963027954]], "brockpiece5": [[-0.05013936758041382, 0.026491105556488037, -2.402188301086426], [-5.004491806030273, 8.644375801086426, 1.1501621007919312], [-0.436776340007782, 0.9646992683410645, -0.3259457051753998]], "brockpiece6": [[0.46881914138793945, -0.814439058303833, -3.7483551502227783], [-25.815876007080078, 36.88436508178711, -55.73949432373047], [-0.01387631893157959, 0.9064578413963318, -0.06759907305240631]], "brockpiece7": [[0.9544281959533691, -1.1585240364074707, -4.18494176864624], [-161.30258178710938, 4.975080966949463, -106.25263977050781], [-0.016788214445114136, 1.2991664409637451, -0.5754176378250122]], "brockpiece8": [[1.5690727233886719, -1.082239031791687, -5.259174823760986], [-150.79209899902344, -3.205698013305664, -107.12226867675781], [-0.10184786468744278, 1.4046438932418823, 0.10018877685070038]], "brockpiece9": [[-0.9664907455444336, -0.7709907293319702, -1.5830094814300537], [10.295024871826172, 8.238445281982422, -7.020851135253906], [0.009604007937014103, 0.8276886940002441, 0.4656519293785095]], "brockpiece10": [[0.0455494225025177, -0.243775874376297, -1.3263990879058838], [14.251562118530273, 5.357084274291992, -173.54013061523438], [0.026453230530023575, 0.7262305021286011, -0.09866398572921753]], "brockpiece11": [[-0.13827632367610931, -0.6241747736930847, -2.127305507659912], [-13.354641914367676, -17.3588809967041, 33.343563079833984], [0.023447148501873016, 0.6883174180984497, -0.6239317655563354]], "brockpiece12": [[-0.015661295503377914, -0.13791808485984802, -1.3723458051681519], [-2.9678080081939697, -8.325122833251953, 7.474339962005615], [0.057196881622076035, 0.6268966794013977, -0.06759794801473618]], "brockpiece13": [[-0.038667961955070496, -0.13173063099384308, -0.944035530090332], [-16.8631591796875, -11.847138404846191, 1.8062968254089355], [0.10751569271087646, 0.33034080266952515, -0.6997447609901428]], "brockpiece14": [[-0.10007768869400024, -0.05906227231025696, -0.9574571251869202], [2.1101887226104736, -9.316203117370605, -6.883680820465088], [0.1765923947095871, 0.3738964796066284, -0.06937721371650696]], "brockpiece15": [[-0.041868776082992554, -8.368492126464844e-05, -0.07470312714576721], [-0.01134863868355751, 4.432648658752441, 0.040925972163677216], [0.32439151406288147, 0.17386914789676666, 0.1606941819190979]], "brockpiece16": [[-0.12373245507478714, -0.0009112805128097534, -0.3071087896823883], [-0.0008099728729575872, -7.9845991134643555, -0.017758192494511604], [0.2422737032175064, 0.13469432294368744, -0.2985038757324219]], "brockpiece17": [[0.07583507150411606, 0.04850369691848755, -0.9267691969871521], [-2.953680992126465, -2.4104185104370117, 14.270522117614746], [0.05579742044210434, 0.8304786086082458, -0.06759888678789139]], "brockpiece18": [[0.05162888765335083, 8.380413055419922e-05, -0.9466614723205566], [0.0005309251137077808, -4.428814888000488, 0.00031512975692749023], [0.7751116156578064, 1.1647822856903076, 0.4550911784172058]], "brockpiece19": [[0.6117314100265503, -0.760111927986145, -3.167208671569824], [-143.63185119628906, 3.655426263809204, -94.97586822509766], [0.04745550453662872, 0.8352649807929993, -0.8555060029029846]], "brockpiece20": [[0.10939448326826096, -0.0989309549331665, -2.293243646621704], [9.701937675476074, -32.3603401184082, -79.54288482666016], [0.0324799083173275, 0.8903895616531372, 0.1047213077545166]], "brockpiece21": [[0.06719274818897247, 8.64267349243164e-05, -0.9936684966087341], [0.0005980398273095489, -4.428511142730713, 0.00018668005941435695], [0.15945503115653992, 1.6952928304672241, 0.277337908744812]], "brockpiece22": [[-0.2942938804626465, -1.7656021118164062, -6.512232780456543], [150.38328552246094, 8.890382766723633, -34.15542984008789], [0.5310609936714172, 1.9953807592391968, -0.3219248354434967]], "brockpiece23": [[0.15432395040988922, -0.4305727183818817, -2.851045846939087], [-12.04306411743164, 24.150108337402344, 65.6855239868164], [-0.0681355819106102, 0.8056530356407166, -0.06759854406118393]], "brockpiece24": [[0.057118237018585205, -0.09662610292434692, -2.6238410472869873], [-17.796947479248047, 1.59909987449646, -31.465269088745117], [-0.3838520646095276, 0.746596097946167, 0.4647919237613678]], "brockpiece25": [[-0.24714410305023193, -0.016266465187072754, -2.3886446952819824], [0.5913610458374023, 0.2964555621147156, -2.101789951324463], [-1.032001256942749, 0.5244100093841553, 0.6970614790916443]], "brockpiece26": [[-0.8832228779792786, -0.6507499814033508, -1.111822247505188], [13.82752513885498, -18.545896530151367, 52.31184768676758], [-0.012171115726232529, 0.7901149392127991, 0.14576949179172516]], "brockpiece27": [[-0.3224533498287201, -0.6676221489906311, -2.912930727005005], [4.457647800445557, 3.204313039779663, -9.579412460327148], [-0.029545554891228676, 0.7074200510978699, -0.5648927092552185]], "brockpiece28": [[-1.3942102193832397, -0.7952772378921509, -1.7230377197265625], [42.69422912597656, 20.850067138671875, -68.03498840332031], [-0.05280172452330589, 0.875779390335083, 0.7411666512489319]], "brockpiece29": [[0.05140426754951477, -0.32552483677864075, -2.654416561126709], [-9.566571235656738, -4.906113147735596, -13.4527587890625], [-0.1528574824333191, 0.604702889919281, -0.03537474945187569]], "brockpiece30": [[0.0463954359292984, -0.3176727294921875, -2.5494580268859863], [-9.770101547241211, -6.918655872344971, -12.389888763427734], [-0.212638720870018, 0.5194345116615295, -0.6746488809585571]], "brockpiece31": [[-0.05061885714530945, -0.11830019950866699, -2.560652494430542], [-9.770082473754883, -6.918670654296875, -12.389989852905273], [-0.3032321333885193, 0.4032418727874756, 0.2416532039642334]], "brockpiece32": [[0.06861945241689682, -0.1484091877937317, -2.4015438556671143], [33.67124938964844, 24.237550735473633, 147.59619140625], [-0.014846060425043106, 0.7332823276519775, -0.067598357796669]], "brockpiece33": [[-0.18033242225646973, 0.00048592686653137207, -1.3374065160751343], [-0.0061231814324855804, -4.611068248748779, 0.19691523909568787], [-0.07364655286073685, 0.3388040363788605, 0.1644446849822998]], "brockpiece34": [[-0.05257416144013405, 0.0030407607555389404, -1.247354507446289], [-0.3685714602470398, -8.27663803100586, -0.16983908414840698], [-0.040006935596466064, 0.3192813992500305, -0.5479322671890259]], "brockpiece35": [[-0.006774917244911194, -0.11792969703674316, -1.491094946861267], [-16.853811264038086, -0.2735348343849182, 43.4301643371582], [0.03971529006958008, 0.7414476275444031, -0.4923132658004761]], "brockpiece36": [[-0.032868750393390656, -0.1494484543800354, -1.2946555614471436], [-19.601760864257812, -23.971242904663086, -147.67575073242188], [0.04695548489689827, 0.8178877234458923, 0.2522242069244385]], "brockpiece37": [[-1.2816017866134644, -0.8563197255134583, -1.8974123001098633], [-121.04073333740234, 19.053367614746094, 58.75098419189453], [0.018796933814883232, 0.8953180909156799, 0.6815259456634521]],