{"brockpiece0": [[-0.177453875541687, -0.7731389999389648, -3.459291458129883], [105.65216827392578, 60.81344985961914, 102.26909637451172], [-0.04771063104271889, 0.8072485327720642, -0.47105833888053894]], "brockpiece1": [[0.2323649376630783, -0.3416075110435486, -3.1137919425964355], [3.709346055984497, 71.57342529296875, 96.22553253173828], [-0.060903601348400116, 0.894946277141571, 0.4562895596027374]], "brockpiece2": [[0.5871829986572266, -0.8013260364532471, -3.6776978969573975], [-4.711909770965576, 7.498388290405273, -58.335906982421875], [-0.1568758189678192, 0.8655882477760315, -0.5483085513114929]], "brockpiece3": [[0.18121139705181122, -0.42602241039276123, -3.163020610809326], [-12.059288024902344, 21.541345596313477, 63.215518951416016], [-0.22012151777744293, 0.9278489947319031, 0.3253736197948456]], "brockpiece4": [[0.2578505277633667, -0.09063315391540527, -2.767764091491699], [-30.166418075561523, -11.269392967224121, -48.42843246459961], [-0.4135969281196594, 0.9918517470359802, 0.46200042963027954]], "brockpiece5": [[-0.04906502366065979, 0.025606393814086914, -2.4037671089172363], [-4.960858345031738, 8.776546478271484, 1.3912231922149658], [-0.436776340007782, 0.9646992683410645, -0.3259457051753998]], "brockpiece6": [[0.4806693494319916, -0.8153828382492065, -3.7479894161224365], [-22.934778213500977, 39.04701232910156, -50.67262649536133], [-0.01387631893157959, 0.9064578413963318, -0.06759907305240631]], "brockpiece7": [[0.9542571902275085, -1.1583747863769531, -4.184689044952393], [-161.31610107421875, 5.021114349365234, -106.3214340209961], [-0.016788214445114136, 1.2991664409637451, -0.5754176378250122]], "brockpiece8": [[1.581946849822998, -1.0832186937332153, -5.253824710845947], [-150.68226623535156, -1.5843393802642822, -110.58080291748047], [-0.10184786468744278, 1.4046438932418823, 0.10018877685070038]], "brockpiece9": [[-0.9541525840759277, -0.7790061831474304, -1.583606481552124], [10.069188117980957, 8.830148696899414, -21.856931686401367], [0.009604007937014103, 0.8276886940002441, 0.4656519293785095]], "brockpiece10": [[0.04563131928443909, -0.24312546849250793, -1.326637625694275], [14.269686698913574, 5.360600471496582, -173.475830078125], [0.026453230530023575, 0.7262305021286011, -0.09866398572921753]], "brockpiece11": [[-0.13550123572349548, -0.6241854429244995, -2.127756357192993], [-13.510214805603027, -17.603410720825195, 33.38633346557617], [0.023447148501873016, 0.6883174180984497, -0.6239317655563354]], "brockpiece12": [[-0.01591413840651512, -0.13783210515975952, -1.3723658323287964], [-3.0569677352905273, -8.268805503845215, 7.820687770843506], [0.057196881622076035, 0.6268966794013977, -0.06759794801473618]], "brockpiece13": [[-0.03850065916776657, -0.13180696964263916, -0.9451229572296143], [-16.89410400390625, -11.94064712524414, 1.9378373622894287], [0.10751569271087646, 0.33034080266952515, -0.6997447609901428]], "brockpiece14": [[-0.10032480955123901, -0.058957815170288086, -0.957375705242157], [2.157381772994995, -9.318502426147461, -7.0114593505859375], [0.1765923947095871, 0.3738964796066284, -0.06937721371650696]], "brockpiece15": [[-0.04190078377723694, -0.00010794401168823242, -0.07481616735458374], [-0.015352881513535976, 4.446413040161133, 0.03890061378479004], [0.32439151406288147, 0.17386914789676666, 0.1606941819190979]], "brockpiece16": [[-0.12360527366399765, -0.0006832629442214966, -0.3071255385875702], [0.006709931883960962, -7.955799579620361, 0.012881068512797356], [0.2422737032175064, 0.13469432294368744, -0.2985038757324219]], "brockpiece17": [[0.0760602131485939, 0.04827737808227539, -0.9264505505561829], [-3.064141273498535, -2.3454911708831787, 15.07012939453125], [0.05579742044210434, 0.8304786086082458, -0.06759888678789139]], "brockpiece18": [[0.05161398649215698, 8.225440979003906e-05, -0.9466807842254639], [0.00027916382532566786, -4.4287190437316895, 0.00018839277618099004], [0.7751116156578064, 1.1647822856903076, 0.4550911784172058]], "brockpiece19": [[0.6117371916770935, -0.7599871158599854, -3.1682658195495605], [-145.1602325439453, 2.375368118286133, -93.79496002197266], [0.04745550453662872, 0.8352649807929993, -0.8555060029029846]], "brockpiece20": [[0.11511097103357315, -0.08970892429351807, -2.3058300018310547], [19.54214859008789, -33.525482177734375, -95.15313720703125], [0.0324799083173275, 0.8903895616531372, 0.1047213077545166]], "brockpiece21": [[0.06717701256275177, 8.308887481689453e-05, -0.9936885237693787], [-0.0001021174102788791, -4.4284796714782715, 0.0001584211568115279], [0.15945503115653992, 1.6952928304672241, 0.277337908744812]], "brockpiece22": [[-0.29176968336105347, -1.7628799676895142, -6.514358043670654], [149.94493103027344, 8.593022346496582, -34.72734832763672], [0.5310609936714172, 1.9953807592391968, -0.3219248354434967]], "brockpiece23": [[0.15402650833129883, -0.4284195005893707, -2.857778549194336], [-10.223870277404785, 25.233810424804688, 70.53842163085938], [-0.0681355819106102, 0.8056530356407166, -0.06759854406118393]], "brockpiece24": [[0.057142019271850586, -0.09874361753463745, -2.6262173652648926], [-17.547771453857422, 1.2646468877792358, -31.974096298217773], [-0.3838520646095276, 0.746596097946167, 0.4647919237613678]], "brockpiece25": [[-0.2479383945465088, -0.016555488109588623, -2.388239860534668], [0.8710557222366333, 0.5706292390823364, -2.274224281311035], [-1.032001256942749, 0.5244100093841553, 0.6970614790916443]], "brockpiece26": [[-0.8686531782150269, -0.6517124772071838, -1.1030081510543823], [-2.38236403465271, -23.32143211364746, 78.99006652832031], [-0.012171115726232529, 0.7901149392127991, 0.14576949179172516]], "brockpiece27": [[-0.3228418231010437, -0.6677521467208862, -2.913118600845337], [4.445311069488525, 3.2696597576141357, -9.25319766998291], [-0.029545554891228676, 0.7074200510978699, -0.5648927092552185]], "brockpiece28": [[-1.3946022987365723, -0.7895899415016174, -1.720959186553955], [42.25984573364258, 4.852877140045166, -47.315425872802734], [-0.05280172452330589, 0.875779390335083, 0.7411666512489319]], "brockpiece29": [[0.05285045504570007, -0.3272646963596344, -2.6557905673980713], [-9.465917587280273, -4.99800968170166, -13.238797187805176], [-0.1528574824333191, 0.604702889919281, -0.03537474945187569]], "brockpiece30": [[0.048069149255752563, -0.31885337829589844, -2.550332546234131], [-9.807784080505371, -6.957967758178711, -12.082603454589844], [-0.212638720870018, 0.5194345116615295, -0.6746488809585571]], "brockpiece31": [[-0.04986560344696045, -0.11976549029350281, -2.5616917610168457], [-9.807756423950195, -6.957981109619141, -12.082714080810547], [-0.3032321333885193, 0.4032418727874756, 0.2416532039642334]], "brockpiece32": [[0.07093214988708496, -0.1492626667022705, -2.4017374515533447], [32.86273193359375, 25.141252517700195, 145.68548583984375], [-0.014846060425043106, 0.7332823276519775, -0.067598357796669]], "brockpiece33": [[-0.18044328689575195, 0.0003153979778289795, -1.3371858596801758], [-0.014231144450604916, -4.673599720001221, 0.24333283305168152], [-0.07364655286073685, 0.3388040363788605, 0.1644446849822998]], "brockpiece34": [[-0.052407171577215195, 0.0027104318141937256, -1.2476866245269775], [-0.33091238141059875, -8.309869766235352, -0.13328039646148682], [-0.040006935596466064, 0.3192813992500305, -0.5479322671890259]], "brockpiece35": [[-0.007300857454538345, -0.11768269538879395, -1.4920753240585327], [-17.997413635253906, -0.5861474275588989, 41.960208892822266], [0.03971529006958008, 0.7414476275444031, -0.4923132658004761]], "brockpiece36": [[-0.03284911811351776, -0.15121978521347046, -1.2948384284973145], [-19.10209083557129, -25.463001251220703, -149.4275665283203], [0.04695548489689827, 0.8178877234458923, 0.2522242069244385]], "brockpiece37": [[-1.2825456857681274, -0.8542577028274536, -1.8990325927734375], [-114.35577392578125, 17.42689323425293, 64.13694763183594], [0.018796933814883232, 0.8953180909156799, 0.6815259456634521]],