{"brockpiece0": [[-0.17859336733818054, -0.791118860244751, -3.4771151542663574], [-107.39781188964844, 71.69525146484375, -110.4532699584961], [-0.04771063104271889, 0.8072485327720642, -0.47105833888053894]], "brockpiece1": [[0.2965512275695801, -0.44576364755630493, -3.107813596725464], [-48.303707122802734, 66.49410247802734, 31.789630889892578], [-0.060903601348400116, 0.894946277141571, 0.4562895596027374]], "brockpiece2": [[0.5861239433288574, -0.8013144135475159, -3.676734209060669], [-4.784395217895508, 7.705851078033447, -57.40083312988281], [-0.1568758189678192, 0.8655882477760315, -0.5483085513114929]], "brockpiece3": [[0.17264172434806824, -0.45442235469818115, -3.179199695587158], [-13.588203430175781, 19.68853187561035, 53.17776107788086], [-0.22012151777744293, 0.9278489947319031, 0.3253736197948456]], "brockpiece4": [[0.26798877120018005, -0.11127656698226929, -2.7864742279052734], [-30.322731018066406, -12.549097061157227, -48.84982681274414], [-0.4135969281196594, 0.9918517470359802, 0.46200042963027954]], "brockpiece5": [[-0.0455528199672699, 0.023296654224395752, -2.405097723007202], [-4.875034809112549, 9.188206672668457, 2.2547364234924316], [-0.436776340007782, 0.9646992683410645, -0.3259457051753998]], "brockpiece6": [[0.5548807382583618, -0.7817223072052002, -3.7720582485198975], [39.24870681762695, 28.501544952392578, 48.57572555541992], [-0.01387631893157959, 0.9064578413963318, -0.06759907305240631]], "brockpiece7": [[0.9532009363174438, -1.1584038734436035, -4.184952735900879], [-161.34620666503906, 5.010655879974365, -106.31194305419922], [-0.016788214445114136, 1.2991664409637451, -0.5754176378250122]], "brockpiece8": [[1.6096612215042114, -1.0937029123306274, -5.223540306091309], [-153.121337890625, 7.4610595703125, -118.29338836669922], [-0.10184786468744278, 1.4046438932418823, 0.10018877685070038]], "brockpiece9": [[-0.9066238403320312, -0.8034952878952026, -1.5914974212646484], [20.42047691345215, 13.922303199768066, -124.49940490722656], [0.009604007937014103, 0.8276886940002441, 0.4656519293785095]], "brockpiece10": [[0.043563589453697205, -0.24929991364479065, -1.3279087543487549], [14.418661117553711, 5.601494312286377, -174.110107421875], [0.026453230530023575, 0.7262305021286011, -0.09866398572921753]], "brockpiece11": [[-0.13511720299720764, -0.6251114010810852, -2.128671169281006], [-14.825508117675781, -17.570430755615234, 36.00733947753906], [0.023447148501873016, 0.6883174180984497, -0.6239317655563354]], "brockpiece12": [[-0.020163726061582565, -0.14031487703323364, -1.3736507892608643], [-3.066861391067505, -8.418132781982422, 7.195341110229492], [0.057196881622076035, 0.6268966794013977, -0.06759794801473618]], "brockpiece13": [[-0.040838465094566345, -0.13523463904857635, -0.9459155797958374], [-16.10411262512207, -12.234552383422852, 2.2594752311706543], [0.10751569271087646, 0.33034080266952515, -0.6997447609901428]], "brockpiece14": [[-0.10497221350669861, -0.0608806312084198, -0.9560819268226624], [2.2411577701568604, -9.447168350219727, -6.576366901397705], [0.1765923947095871, 0.3738964796066284, -0.06937721371650696]], "brockpiece15": [[-0.04268130660057068, -8.501112461090088e-05, -0.07543110847473145], [-0.015185056254267693, 4.590491771697998, 0.0599667951464653], [0.32439151406288147, 0.17386914789676666, 0.1606941819190979]], "brockpiece16": [[-0.12195773422718048, -0.0009256899356842041, -0.3058728873729706], [-0.021358801051974297, -7.774066925048828, -0.013258018530905247], [0.2422737032175064, 0.13469432294368744, -0.2985038757324219]], "brockpiece17": [[0.08349777013063431, 0.03641641139984131, -0.9249140620231628], [-2.753528118133545, -2.0665669441223145, 17.327495574951172], [0.05579742044210434, 0.8304786086082458, -0.06759888678789139]], "brockpiece18": [[0.05180400609970093, 7.450580596923828e-05, -0.9466087818145752], [0.0001935316395247355, -4.432123184204102, 0.0005480542895384133], [0.7751116156578064, 1.1647822856903076, 0.4550911784172058]], "brockpiece19": [[0.6020218133926392, -0.7597414255142212, -3.179042339324951], [-150.22267150878906, -5.552833557128906, -83.3399658203125], [0.04745550453662872, 0.8352649807929993, -0.8555060029029846]], "brockpiece20": [[0.13719192147254944, -0.07625097036361694, -2.3352108001708984], [41.23090362548828, -15.231156349182129, -135.93370056152344], [0.0324799083173275, 0.8903895616531372, 0.1047213077545166]], "brockpiece21": [[0.06738005578517914, 7.486343383789062e-05, -0.9936527609825134], [2.4879724979400635, 8.414894104003906, 158.04513549804688], [0.15945503115653992, 1.6952928304672241, 0.277337908744812]], "brockpiece22": [[-0.29683077335357666, -1.774391770362854, -6.503118991851807], [151.93157958984375, 9.581579208374023, -32.30611038208008], [0.5310609936714172, 1.9953807592391968, -0.3219248354434967]], "brockpiece23": [[0.14660437405109406, -0.41908007860183716, -2.8801426887512207], [-3.638361930847168, 26.58637809753418, 86.37055206298828], [-0.0681355819106102, 0.8056530356407166, -0.06759854406118393]], "brockpiece24": [[0.05489668250083923, -0.10521149635314941, -2.633002281188965], [-17.213890075683594, 1.339113473892212, -33.6004524230957], [-0.3838520646095276, 0.746596097946167, 0.4647919237613678]], "brockpiece25": [[-0.25375688076019287, -0.022587895393371582, -2.395087242126465], [-0.04182715341448784, 0.961333155632019, -2.4986112117767334], [-1.032001256942749, 0.5244100093841553, 0.6970614790916443]], "brockpiece26": [[-0.7757665514945984, -0.7390244007110596, -1.0859112739562988], [-29.587238311767578, 31.849245071411133, 133.49964904785156], [-0.012171115726232529, 0.7901149392127991, 0.14576949179172516]], "brockpiece27": [[-0.3225887417793274, -0.6676083207130432, -2.913541793823242], [4.47323751449585, 3.165916919708252, -8.799368858337402], [-0.029545554891228676, 0.7074200510978699, -0.5648927092552185]], "brockpiece28": [[-1.5393121242523193, -0.8280871510505676, -1.8595460653305054], [-40.63130569458008, 45.53486633300781, 105.4204330444336], [-0.05280172452330589, 0.875779390335083, 0.7411666512489319]], "brockpiece29": [[0.052583709359169006, -0.3315920829772949, -2.6586828231811523], [-8.876237869262695, -5.059818267822266, -13.587560653686523], [-0.1528574824333191, 0.604702889919281, -0.03537474945187569]], "brockpiece30": [[0.04792065918445587, -0.3195159435272217, -2.551954746246338], [-9.804669380187988, -6.900356769561768, -11.254682540893555], [-0.212638720870018, 0.5194345116615295, -0.6746488809585571]], "brockpiece31": [[-0.050309717655181885, -0.12338751554489136, -2.563108444213867], [-9.804648399353027, -6.900371551513672, -11.254776954650879], [-0.3032321333885193, 0.4032418727874756, 0.2416532039642334]], "brockpiece32": [[0.07057822495698929, -0.14840352535247803, -2.4065122604370117], [34.60650634765625, 23.0384521484375, 151.00421142578125], [-0.014846060425043106, 0.7332823276519775, -0.067598357796669]], "brockpiece33": [[-0.18313807249069214, 0.00018671154975891113, -1.3344069719314575], [-0.011765183880925179, -5.22846794128418, 0.16223914921283722], [-0.07364655286073685, 0.3388040363788605, 0.1644446849822998]], "brockpiece34": [[-0.052918847650289536, 0.0024690330028533936, -1.2519867420196533], [-0.11331299692392349, -8.984173774719238, -0.5013899803161621], [-0.040006935596466064, 0.3192813992500305, -0.5479322671890259]], "brockpiece35": [[0.027216989547014236, -0.13756835460662842, -1.478918433189392], [0.9514864683151245, -21.047494888305664, -32.759864807128906], [0.03971529006958008, 0.7414476275444031, -0.4923132658004761]], "brockpiece36": [[-0.030685238540172577, -0.16096770763397217, -1.298584222793579], [-23.617782592773438, -25.918743133544922, -150.26348876953125], [0.04695548489689827, 0.8178877234458923, 0.2522242069244385]], "brockpiece37": [[-1.2988321781158447, -0.8384389281272888, -1.8741509914398193], [-101.74609375, -22.896928787231445, 87.38308715820312], [0.018796933814883232, 0.8953180909156799, 0.6815259456634521]],