{"brockpiece0": [[-0.1781330406665802, -0.782914400100708, -3.467280387878418], [118.6866683959961, 75.3121566772461, 115.58415985107422], [-0.04771063104271889, 0.8072485327720642, -0.47105833888053894]], "brockpiece1": [[0.27665019035339355, -0.4512430429458618, -3.0897562503814697], [-29.838794708251953, 68.8129653930664, 55.248779296875], [-0.060903601348400116, 0.894946277141571, 0.4562895596027374]], "brockpiece2": [[0.580356776714325, -0.8018600940704346, -3.676504373550415], [-4.4537506103515625, 8.523831367492676, -52.13814926147461], [-0.1568758189678192, 0.8655882477760315, -0.5483085513114929]], "brockpiece3": [[0.17565159499645233, -0.4644801914691925, -3.1873998641967773], [-14.037748336791992, 18.701356887817383, 50.89652633666992], [-0.22012151777744293, 0.9278489947319031, 0.3253736197948456]], "brockpiece4": [[0.2692962884902954, -0.13173514604568481, -2.7845985889434814], [-23.74913787841797, -12.319637298583984, -53.438690185546875], [-0.4135969281196594, 0.9918517470359802, 0.46200042963027954]], "brockpiece5": [[-0.04175803065299988, 0.024464964866638184, -2.407531261444092], [-5.0076212882995605, 9.423910140991211, 2.2505016326904297], [-0.436776340007782, 0.9646992683410645, -0.3259457051753998]], "brockpiece6": [[0.5111376643180847, -0.7179864048957825, -3.752699613571167], [53.8109245300293, -10.098213195800781, 105.53520965576172], [-0.01387631893157959, 0.9064578413963318, -0.06759907305240631]], "brockpiece7": [[0.9525443911552429, -1.1583973169326782, -4.183757781982422], [-161.33551025390625, 5.014688014984131, -106.31285095214844], [-0.016788214445114136, 1.2991664409637451, -0.5754176378250122]], "brockpiece8": [[1.581061601638794, -1.0869133472442627, -5.259673118591309], [-150.9057159423828, -2.714749813079834, -108.58673095703125], [-0.10184786468744278, 1.4046438932418823, 0.10018877685070038]], "brockpiece9": [[-1.1380480527877808, -0.7600922584533691, -1.5975819826126099], [12.171622276306152, 0.627302885055542, 161.9764404296875], [0.009604007937014103, 0.8276886940002441, 0.4656519293785095]], "brockpiece10": [[0.043133169412612915, -0.2531391382217407, -1.3282829523086548], [14.920256614685059, 5.897737503051758, -175.16773986816406], [0.026453230530023575, 0.7262305021286011, -0.09866398572921753]], "brockpiece11": [[-0.1337742656469345, -0.6246829032897949, -2.128246307373047], [-14.683639526367188, -18.086395263671875, 35.07968521118164], [0.023447148501873016, 0.6883174180984497, -0.6239317655563354]], "brockpiece12": [[-0.022856976836919785, -0.14137420058250427, -1.373334527015686], [-3.1123244762420654, -8.203278541564941, 7.833341121673584], [0.057196881622076035, 0.6268966794013977, -0.06759794801473618]], "brockpiece13": [[-0.042087554931640625, -0.13999336957931519, -0.9456360340118408], [-14.686660766601562, -12.39738941192627, 1.59011971950531], [0.10751569271087646, 0.33034080266952515, -0.6997447609901428]], "brockpiece14": [[-0.10849906504154205, -0.06270268559455872, -0.9554453492164612], [2.4535934925079346, -9.64380168914795, -6.811397552490234], [0.1765923947095871, 0.3738964796066284, -0.06937721371650696]], "brockpiece15": [[-0.042695432901382446, -9.503960609436035e-05, -0.07550708204507828], [-0.008531835861504078, 4.716166019439697, 0.007662097457796335], [0.32439151406288147, 0.17386914789676666, 0.1606941819190979]], "brockpiece16": [[-0.11946003884077072, -0.0005521178245544434, -0.3041534721851349], [0.01738567277789116, -7.6199870109558105, -0.0317298099398613], [0.2422737032175064, 0.13469432294368744, -0.2985038757324219]], "brockpiece17": [[0.08993906527757645, 0.025650858879089355, -0.9251977801322937], [-2.5128283500671387, -1.3692859411239624, 21.810922622680664], [0.05579742044210434, 0.8304786086082458, -0.06759888678789139]], "brockpiece18": [[0.0520671010017395, 7.665157318115234e-05, -0.9465057849884033], [0.00023977317323442549, -4.430479526519775, 0.0003922005125787109], [0.7751116156578064, 1.1647822856903076, 0.4550911784172058]], "brockpiece19": [[0.5896931886672974, -0.7611417770385742, -3.1879777908325195], [-154.0455322265625, -12.086362838745117, -72.17869567871094], [0.04745550453662872, 0.8352649807929993, -0.8555060029029846]], "brockpiece20": [[0.12097670882940292, -0.10108906030654907, -2.3296351432800293], [28.99831199645996, -21.630327224731445, -112.08328247070312], [0.0324799083173275, 0.8903895616531372, 0.1047213077545166]], "brockpiece21": [[0.06763528287410736, 7.76052474975586e-05, -0.9935305118560791], [2.487151622772217, 8.413213729858398, 158.04531860351562], [0.15945503115653992, 1.6952928304672241, 0.277337908744812]], "brockpiece22": [[-0.2968222498893738, -1.7766222953796387, -6.500403881072998], [152.31118774414062, 9.744697570800781, -31.853418350219727], [0.5310609936714172, 1.9953807592391968, -0.3219248354434967]], "brockpiece23": [[0.14901751279830933, -0.4234674572944641, -2.885951042175293], [-2.4142277240753174, 26.675146102905273, 90.6944808959961], [-0.0681355819106102, 0.8056530356407166, -0.06759854406118393]], "brockpiece24": [[0.05214792490005493, -0.10732191801071167, -2.638632297515869], [-16.78700828552246, 1.049888253211975, -35.49063491821289], [-0.3838520646095276, 0.746596097946167, 0.4647919237613678]], "brockpiece25": [[-0.256618857383728, -0.023055553436279297, -2.393167734146118], [-0.04312210902571678, 0.9968945384025574, -2.5485801696777344], [-1.032001256942749, 0.5244100093841553, 0.6970614790916443]], "brockpiece26": [[-0.7836974263191223, -0.7507104873657227, -1.0277756452560425], [-0.9207873940467834, 18.19440460205078, 158.00413513183594], [-0.012171115726232529, 0.7901149392127991, 0.14576949179172516]], "brockpiece27": [[-0.32242485880851746, -0.6673583388328552, -2.9137885570526123], [4.515904426574707, 3.058257818222046, -7.7945170402526855], [-0.029545554891228676, 0.7074200510978699, -0.5648927092552185]], "brockpiece28": [[-1.5594274997711182, -0.7916121482849121, -1.86178457736969], [79.31954193115234, -6.7502522468566895, -57.25539016723633], [-0.05280172452330589, 0.875779390335083, 0.7411666512489319]], "brockpiece29": [[0.05263204127550125, -0.3349097669124603, -2.6590704917907715], [-8.428528785705566, -5.629909038543701, -14.682112693786621], [-0.1528574824333191, 0.604702889919281, -0.03537474945187569]], "brockpiece30": [[0.045053333044052124, -0.3194490671157837, -2.5527915954589844], [-9.951641082763672, -6.862351417541504, -10.556092262268066], [-0.212638720870018, 0.5194345116615295, -0.6746488809585571]], "brockpiece31": [[-0.053100764751434326, -0.12341457605361938, -2.563918352127075], [-9.951624870300293, -6.862365245819092, -10.556192398071289], [-0.3032321333885193, 0.4032418727874756, 0.2416532039642334]], "brockpiece32": [[0.07381216436624527, -0.14983141422271729, -2.407958745956421], [35.12529373168945, 21.907283782958984, 153.14828491210938], [-0.014846060425043106, 0.7332823276519775, -0.067598357796669]], "brockpiece33": [[-0.18653610348701477, -9.289383888244629e-05, -1.3326306343078613], [-0.005449731834232807, -5.306736469268799, 0.034254662692546844], [-0.07364655286073685, 0.3388040363788605, 0.1644446849822998]], "brockpiece34": [[-0.0536467470228672, 0.0009747445583343506, -1.2528555393218994], [0.0703536793589592, -9.188652992248535, -0.47102585434913635], [-0.040006935596466064, 0.3192813992500305, -0.5479322671890259]], "brockpiece35": [[0.0957544595003128, -0.14871907234191895, -1.4576412439346313], [19.405517578125, -5.862740516662598, -102.8064956665039], [0.03971529006958008, 0.7414476275444031, -0.4923132658004761]], "brockpiece36": [[-0.028264548629522324, -0.16970866918563843, -1.2915394306182861], [-20.236257553100586, -22.559879302978516, -153.17108154296875], [0.04695548489689827, 0.8178877234458923, 0.2522242069244385]], "brockpiece37": [[-1.307722568511963, -0.838962733745575, -1.8612377643585205], [-105.56216430664062, -35.54052734375, 93.10249328613281], [0.018796933814883232, 0.8953180909156799, 0.6815259456634521]],