{"brockpiece0": [[-0.1677747666835785, -0.7191383242607117, -3.330677032470703], [97.65805053710938, -50.60014343261719, 87.44606018066406], [-0.04771063104271889, 0.8072485327720642, -0.47105833888053894]], "brockpiece1": [[0.2740428149700165, -0.4532991051673889, -3.0903232097625732], [-8.243873596191406, 71.35020446777344, 78.80400085449219], [-0.060903601348400116, 0.894946277141571, 0.4562895596027374]], "brockpiece2": [[0.5730316638946533, -0.802708089351654, -3.6749765872955322], [-3.8278019428253174, 9.174031257629395, -46.60565185546875], [-0.1568758189678192, 0.8655882477760315, -0.5483085513114929]], "brockpiece3": [[0.18132439255714417, -0.47548142075538635, -3.19714617729187], [-14.995084762573242, 17.230144500732422, 46.66138458251953], [-0.22012151777744293, 0.9278489947319031, 0.3253736197948456]], "brockpiece4": [[0.2614317834377289, -0.15574008226394653, -2.7834994792938232], [-11.258487701416016, -13.127967834472656, -60.3365592956543], [-0.4135969281196594, 0.9918517470359802, 0.46200042963027954]], "brockpiece5": [[-0.03971147537231445, 0.02376490831375122, -2.410672903060913], [-5.002299785614014, 9.348122596740723, 2.251891851425171], [-0.436776340007782, 0.9646992683410645, -0.3259457051753998]], "brockpiece6": [[0.4999118149280548, -0.7069279551506042, -3.742365837097168], [49.39896774291992, -23.918508529663086, 118.1139144897461], [-0.01387631893157959, 0.9064578413963318, -0.06759907305240631]], "brockpiece7": [[0.9515891075134277, -1.1583994626998901, -4.1824774742126465], [-161.361572265625, 5.006752014160156, -106.31549835205078], [-0.016788214445114136, 1.2991664409637451, -0.5754176378250122]], "brockpiece8": [[1.5848679542541504, -1.0914188623428345, -5.263316631317139], [-150.78057861328125, -2.2784316539764404, -109.16157531738281], [-0.10184786468744278, 1.4046438932418823, 0.10018877685070038]], "brockpiece9": [[-1.0862559080123901, -0.7900804877281189, -1.5469197034835815], [36.06365203857422, -17.778650283813477, -44.418216705322266], [0.009604007937014103, 0.8276886940002441, 0.4656519293785095]], "brockpiece10": [[0.04106226563453674, -0.25883588194847107, -1.328117847442627], [15.98817253112793, 6.244531154632568, -175.53713989257812], [0.026453230530023575, 0.7262305021286011, -0.09866398572921753]], "brockpiece11": [[-0.13489387929439545, -0.6256603002548218, -2.1291885375976562], [-15.652290344238281, -17.617671966552734, 37.52143096923828], [0.023447148501873016, 0.6883174180984497, -0.6239317655563354]], "brockpiece12": [[-0.027972940355539322, -0.14335116744041443, -1.3722845315933228], [-3.245492935180664, -7.869579315185547, 8.334451675415039], [0.057196881622076035, 0.6268966794013977, -0.06759794801473618]], "brockpiece13": [[-0.04372216761112213, -0.1456674337387085, -0.9466979503631592], [-13.316920280456543, -12.835713386535645, 1.6321460008621216], [0.10751569271087646, 0.33034080266952515, -0.6997447609901428]], "brockpiece14": [[-0.11392458528280258, -0.06578707695007324, -0.9522098898887634], [2.6766364574432373, -9.75854206085205, -6.285781383514404], [0.1765923947095871, 0.3738964796066284, -0.06937721371650696]], "brockpiece15": [[-0.042567431926727295, -4.553794860839844e-05, -0.0760074257850647], [0.0015514325350522995, 4.855645656585693, -0.02533189207315445], [0.32439151406288147, 0.17386914789676666, 0.1606941819190979]], "brockpiece16": [[-0.11444981396198273, -0.0005167275667190552, -0.29852351546287537], [-0.011471140198409557, -7.126779556274414, 0.028691617771983147], [0.2422737032175064, 0.13469432294368744, -0.2985038757324219]], "brockpiece17": [[0.09106621891260147, 0.018270671367645264, -0.9284759759902954], [-2.796963691711426, -0.4069385528564453, 29.921525955200195], [0.05579742044210434, 0.8304786086082458, -0.06759888678789139]], "brockpiece18": [[0.052358269691467285, 7.653236389160156e-05, -0.9466029405593872], [0.00057031778851524, -4.430746555328369, 0.00018496795382816344], [0.7751116156578064, 1.1647822856903076, 0.4550911784172058]], "brockpiece19": [[0.5714634656906128, -0.7644010186195374, -3.1973319053649902], [-163.43898010253906, -17.133546829223633, -53.88279724121094], [0.04745550453662872, 0.8352649807929993, -0.8555060029029846]], "brockpiece20": [[0.11022736877202988, -0.12368106842041016, -2.3383381366729736], [25.623422622680664, -21.171627044677734, -95.4886245727539], [0.0324799083173275, 0.8903895616531372, 0.1047213077545166]], "brockpiece21": [[0.06792815029621124, 7.76052474975586e-05, -0.9936301112174988], [2.4872934818267822, 8.413597106933594, 158.0452880859375], [0.15945503115653992, 1.6952928304672241, 0.277337908744812]], "brockpiece22": [[-0.2976859211921692, -1.7766146659851074, -6.501506328582764], [152.27120971679688, 9.811517715454102, -31.859899520874023], [0.5310609936714172, 1.9953807592391968, -0.3219248354434967]], "brockpiece23": [[0.15281501412391663, -0.42665204405784607, -2.8981714248657227], [-1.7444411516189575, 25.86734962463379, 94.10869598388672], [-0.0681355819106102, 0.8056530356407166, -0.06759854406118393]], "brockpiece24": [[0.05143091082572937, -0.1082887053489685, -2.641533851623535], [-16.89185333251953, 1.2109020948410034, -35.67967987060547], [-0.3838520646095276, 0.746596097946167, 0.4647919237613678]], "brockpiece25": [[-0.2596343755722046, -0.0241735577583313, -2.3912882804870605], [-0.0469985194504261, 1.0900379419326782, -2.674574375152588], [-1.032001256942749, 0.5244100093841553, 0.6970614790916443]], "brockpiece26": [[-0.7237806916236877, -0.7119091153144836, -1.0100162029266357], [34.014556884765625, -2.4118168354034424, 85.52140808105469], [-0.012171115726232529, 0.7901149392127991, 0.14576949179172516]], "brockpiece27": [[-0.3217216432094574, -0.6668017506599426, -2.9142448902130127], [4.5843000411987305, 3.0577471256256104, -5.995426654815674], [-0.029545554891228676, 0.7074200510978699, -0.5648927092552185]], "brockpiece28": [[-1.538250207901001, -0.8301330804824829, -1.9977740049362183], [-126.78156280517578, 34.596927642822266, 44.600399017333984], [-0.05280172452330589, 0.875779390335083, 0.7411666512489319]], "brockpiece29": [[0.053970493376255035, -0.33576899766921997, -2.6605236530303955], [-8.24516487121582, -5.960751056671143, -14.872404098510742], [-0.1528574824333191, 0.604702889919281, -0.03537474945187569]], "brockpiece30": [[0.04378332197666168, -0.3193460702896118, -2.552554130554199], [-10.032983779907227, -6.846325397491455, -10.143649101257324], [-0.212638720870018, 0.5194345116615295, -0.6746488809585571]], "brockpiece31": [[-0.054453492164611816, -0.12342885136604309, -2.563685894012451], [-10.032978057861328, -6.846345901489258, -10.143725395202637], [-0.3032321333885193, 0.4032418727874756, 0.2416532039642334]], "brockpiece32": [[0.07832808792591095, -0.15462183952331543, -2.4143993854522705], [34.81689453125, 21.905946731567383, 153.5793914794922], [-0.014846060425043106, 0.7332823276519775, -0.067598357796669]], "brockpiece33": [[-0.19078320264816284, -0.00011947751045227051, -1.3295091390609741], [-0.00794301275163889, -5.645994186401367, 0.04391860589385033], [-0.07364655286073685, 0.3388040363788605, 0.1644446849822998]], "brockpiece34": [[-0.05543890967965126, 0.0007897317409515381, -1.2538115978240967], [0.053793422877788544, -9.622603416442871, -0.34541380405426025], [-0.040006935596466064, 0.3192813992500305, -0.5479322671890259]], "brockpiece35": [[0.11702272295951843, -0.16403067111968994, -1.451390266418457], [17.326181411743164, 0.3451021909713745, -123.44609832763672], [0.03971529006958008, 0.7414476275444031, -0.4923132658004761]], "brockpiece36": [[-0.019984176382422447, -0.18268567323684692, -1.2808809280395508], [-15.423909187316895, -15.096063613891602, -152.76800537109375], [0.04695548489689827, 0.8178877234458923, 0.2522242069244385]], "brockpiece37": [[-1.3228280544281006, -0.835901141166687, -1.8600897789001465], [-110.76032257080078, -36.871681213378906, 100.95396423339844], [0.018796933814883232, 0.8953180909156799, 0.6815259456634521]],