{"brockpiece0": [[-0.1694139838218689, -0.7204917669296265, -3.3491687774658203], [96.54122924804688, -36.93968200683594, 89.38346862792969], [-0.04771063104271889, 0.8072485327720642, -0.47105833888053894]], "brockpiece1": [[0.27427783608436584, -0.4533078372478485, -3.0896146297454834], [-10.427577018737793, 71.1285629272461, 76.41007995605469], [-0.060903601348400116, 0.894946277141571, 0.4562895596027374]], "brockpiece2": [[0.5740993618965149, -0.802463710308075, -3.675424337387085], [-3.9671247005462646, 9.06252670288086, -47.698299407958984], [-0.1568758189678192, 0.8655882477760315, -0.5483085513114929]], "brockpiece3": [[0.1802438348531723, -0.4747360944747925, -3.1953306198120117], [-15.1107177734375, 17.19935417175293, 46.466678619384766], [-0.22012151777744293, 0.9278489947319031, 0.3253736197948456]], "brockpiece4": [[0.2614269256591797, -0.1525694727897644, -2.7822494506835938], [-12.492197036743164, -13.383649826049805, -59.69254684448242], [-0.4135969281196594, 0.9918517470359802, 0.46200042963027954]], "brockpiece5": [[-0.04013937711715698, 0.023823261260986328, -2.4104597568511963], [-5.002284049987793, 9.343426704406738, 2.251847267150879], [-0.436776340007782, 0.9646992683410645, -0.3259457051753998]], "brockpiece6": [[0.5002737641334534, -0.706314206123352, -3.740180015563965], [49.42131423950195, -24.152719497680664, 118.20223236083984], [-0.01387631893157959, 0.9064578413963318, -0.06759907305240631]], "brockpiece7": [[0.9515464305877686, -1.15840482711792, -4.182675361633301], [-161.365478515625, 5.0060858726501465, -106.314697265625], [-0.016788214445114136, 1.2991664409637451, -0.5754176378250122]], "brockpiece8": [[1.5845361948013306, -1.0912522077560425, -5.263017654418945], [-150.77651977539062, -2.2765817642211914, -109.17915344238281], [-0.10184786468744278, 1.4046438932418823, 0.10018877685070038]], "brockpiece9": [[-1.0923765897750854, -0.7801883220672607, -1.5417474508285522], [35.38737106323242, -16.483591079711914, -41.85065460205078], [0.009604007937014103, 0.8276886940002441, 0.4656519293785095]], "brockpiece10": [[0.0413147509098053, -0.2578805387020111, -1.3275834321975708], [16.128278732299805, 6.2641472816467285, -174.865234375], [0.026453230530023575, 0.7262305021286011, -0.09866398572921753]], "brockpiece11": [[-0.13493792712688446, -0.6255381107330322, -2.1290555000305176], [-15.484864234924316, -17.581483840942383, 37.26523971557617], [0.023447148501873016, 0.6883174180984497, -0.6239317655563354]], "brockpiece12": [[-0.02706262469291687, -0.1433345377445221, -1.3719072341918945], [-3.2815561294555664, -7.952141761779785, 8.356948852539062], [0.057196881622076035, 0.6268966794013977, -0.06759794801473618]], "brockpiece13": [[-0.042916394770145416, -0.1452012062072754, -0.946271538734436], [-13.426705360412598, -12.723977088928223, 1.6422187089920044], [0.10751569271087646, 0.33034080266952515, -0.6997447609901428]], "brockpiece14": [[-0.11339778453111649, -0.06545743346214294, -0.9516792893409729], [2.6530070304870605, -9.789129257202148, -6.380051612854004], [0.1765923947095871, 0.3738964796066284, -0.06937721371650696]], "brockpiece15": [[-0.042561888694763184, -0.00017566978931427002, -0.07589779049158096], [-0.010743345133960247, 4.829362392425537, 0.014116897247731686], [0.32439151406288147, 0.17386914789676666, 0.1606941819190979]], "brockpiece16": [[-0.11463350057601929, -0.0004311203956604004, -0.2984660565853119], [-0.006056251469999552, -7.1724138259887695, -0.02746395580470562], [0.2422737032175064, 0.13469432294368744, -0.2985038757324219]], "brockpiece17": [[0.09130708128213882, 0.018852412700653076, -0.9278432726860046], [-2.742924690246582, -0.5078412294387817, 29.35572624206543], [0.05579742044210434, 0.8304786086082458, -0.06759888678789139]], "brockpiece18": [[0.05238288640975952, 8.296966552734375e-05, -0.9466009140014648], [0.0002877284132409841, -4.432133197784424, 0.00032540716347284615], [0.7751116156578064, 1.1647822856903076, 0.4550911784172058]], "brockpiece19": [[0.5757225751876831, -0.7643241286277771, -3.1957998275756836], [-162.5404510498047, -16.225191116333008, -57.63423538208008], [0.04745550453662872, 0.8352649807929993, -0.8555060029029846]], "brockpiece20": [[0.1114986464381218, -0.12051266431808472, -2.337858200073242], [25.840965270996094, -21.63343620300293, -97.00128936767578], [0.0324799083173275, 0.8903895616531372, 0.1047213077545166]], "brockpiece21": [[0.06795968115329742, 8.547306060791016e-05, -0.9936419129371643], [0.0007206053123809397, -4.431734561920166, 0.00039391376776620746], [0.15945503115653992, 1.6952928304672241, 0.277337908744812]], "brockpiece22": [[-0.2974027693271637, -1.7766242027282715, -6.501251220703125], [152.2769317626953, 9.800997734069824, -31.860103607177734], [0.5310609936714172, 1.9953807592391968, -0.3219248354434967]], "brockpiece23": [[0.15218818187713623, -0.42686140537261963, -2.896212100982666], [-1.7935494184494019, 26.05472755432129, 93.88903045654297], [-0.0681355819106102, 0.8056530356407166, -0.06759854406118393]], "brockpiece24": [[0.051227957010269165, -0.10829591751098633, -2.6414506435394287], [-16.881694793701172, 1.1825377941131592, -35.65702438354492], [-0.3838520646095276, 0.746596097946167, 0.4647919237613678]], "brockpiece25": [[-0.25937366485595703, -0.024002552032470703, -2.3917829990386963], [-0.041929639875888824, 1.092994213104248, -2.650757074356079], [-1.032001256942749, 0.5244100093841553, 0.6970614790916443]], "brockpiece26": [[-0.7364903688430786, -0.7160370349884033, -1.004644751548767], [31.392677307128906, -7.17502498626709, 95.10491943359375], [-0.012171115726232529, 0.7901149392127991, 0.14576949179172516]], "brockpiece27": [[-0.32178300619125366, -0.6668106913566589, -2.9141950607299805], [4.580413341522217, 3.0534071922302246, -5.979153156280518], [-0.029545554891228676, 0.7074200510978699, -0.5648927092552185]], "brockpiece28": [[-1.5397906303405762, -0.8223921060562134, -1.993200659751892], [-115.48705291748047, 23.699602127075195, 57.47690963745117], [-0.05280172452330589, 0.875779390335083, 0.7411666512489319]], "brockpiece29": [[0.053545743227005005, -0.335628867149353, -2.660315990447998], [-8.263711929321289, -5.88858699798584, -14.760405540466309], [-0.1528574824333191, 0.604702889919281, -0.03537474945187569]], "brockpiece30": [[0.043662115931510925, -0.31936466693878174, -2.552626609802246], [-10.031402587890625, -6.840784549713135, -10.150214195251465], [-0.212638720870018, 0.5194345116615295, -0.6746488809585571]], "brockpiece31": [[-0.05448383092880249, -0.12346616387367249, -2.5637385845184326], [-10.031389236450195, -6.840795516967773, -10.150304794311523], [-0.3032321333885193, 0.4032418727874756, 0.2416532039642334]], "brockpiece32": [[0.0782928392291069, -0.15437692403793335, -2.4133095741271973], [34.70573806762695, 22.090097427368164, 153.05735778808594], [-0.014846060425043106, 0.7332823276519775, -0.067598357796669]], "brockpiece33": [[-0.19045349955558777, -0.0001373291015625, -1.3296209573745728], [-0.005482485517859459, -5.615455627441406, 0.03146228566765785], [-0.07364655286073685, 0.3388040363788605, 0.1644446849822998]], "brockpiece34": [[-0.05498499050736427, 0.00044593214988708496, -1.2534101009368896], [0.033116865903139114, -9.500765800476074, -0.21895204484462738], [-0.040006935596466064, 0.3192813992500305, -0.5479322671890259]], "brockpiece35": [[0.11517317593097687, -0.16214758157730103, -1.4516998529434204], [17.62031364440918, -0.37129563093185425, -120.85259246826172], [0.03971529006958008, 0.7414476275444031, -0.4923132658004761]], "brockpiece36": [[-0.020514681935310364, -0.18197280168533325, -1.28094482421875], [-15.733263969421387, -14.819194793701172, -152.36363220214844], [0.04695548489689827, 0.8178877234458923, 0.2522242069244385]], "brockpiece37": [[-1.3231785297393799, -0.835766077041626, -1.859395980834961], [-110.9369125366211, -36.898067474365234, 101.11841583251953], [0.018796933814883232, 0.8953180909156799, 0.6815259456634521]],