{"brockpiece0": [[-0.17824703454971313, -0.7854288220405579, -3.468987464904785], [128.3602294921875, 78.98306274414062, 125.33038330078125], [-0.04771063104271889, 0.8072485327720642, -0.47105833888053894]], "brockpiece1": [[0.27755290269851685, -0.45159316062927246, -3.088317632675171], [-31.656455993652344, 68.10338592529297, 53.154048919677734], [-0.060903601348400116, 0.894946277141571, 0.4562895596027374]], "brockpiece2": [[0.5802853107452393, -0.8019793629646301, -3.676435708999634], [-4.434138774871826, 8.531484603881836, -52.07688903808594], [-0.1568758189678192, 0.8655882477760315, -0.5483085513114929]], "brockpiece3": [[0.1757364273071289, -0.464445024728775, -3.1863207817077637], [-14.111865043640137, 18.670745849609375, 50.73384475708008], [-0.22012151777744293, 0.9278489947319031, 0.3253736197948456]], "brockpiece4": [[0.2699940800666809, -0.1306334137916565, -2.7846508026123047], [-24.221240997314453, -12.414325714111328, -53.301658630371094], [-0.4135969281196594, 0.9918517470359802, 0.46200042963027954]], "brockpiece5": [[-0.04202541708946228, 0.024470746517181396, -2.4073963165283203], [-5.006763935089111, 9.40932559967041, 2.2500741481781006], [-0.436776340007782, 0.9646992683410645, -0.3259457051753998]], "brockpiece6": [[0.5155190229415894, -0.7211894989013672, -3.7553300857543945], [53.554161071777344, -7.129244804382324, 103.01158905029297], [-0.01387631893157959, 0.9064578413963318, -0.06759907305240631]], "brockpiece7": [[0.9525477886199951, -1.158409595489502, -4.183775424957275], [-161.333984375, 5.012495040893555, -106.30976867675781], [-0.016788214445114136, 1.2991664409637451, -0.5754176378250122]], "brockpiece8": [[1.5829920768737793, -1.0875813961029053, -5.259085178375244], [-150.9082794189453, -2.6201260089874268, -109.0051498413086], [-0.10184786468744278, 1.4046438932418823, 0.10018877685070038]], "brockpiece9": [[-1.1374621391296387, -0.755078136920929, -1.5935355424880981], [9.567730903625488, -0.9468980431556702, 160.63235473632812], [0.009604007937014103, 0.8276886940002441, 0.4656519293785095]], "brockpiece10": [[0.043316811323165894, -0.25302278995513916, -1.3283624649047852], [14.818799018859863, 5.859423637390137, -174.98492431640625], [0.026453230530023575, 0.7262305021286011, -0.09866398572921753]], "brockpiece11": [[-0.1336740106344223, -0.6246294975280762, -2.12819242477417], [-14.648136138916016, -18.12109375, 34.98432540893555], [0.023447148501873016, 0.6883174180984497, -0.6239317655563354]], "brockpiece12": [[-0.02252556011080742, -0.1414024829864502, -1.3734040260314941], [-3.057126522064209, -8.248706817626953, 7.699234485626221], [0.057196881622076035, 0.6268966794013977, -0.06759794801473618]], "brockpiece13": [[-0.042410045862197876, -0.13984481990337372, -0.945676326751709], [-14.619179725646973, -12.664568901062012, 1.192437767982483], [0.10751569271087646, 0.33034080266952515, -0.6997447609901428]], "brockpiece14": [[-0.10838302224874496, -0.06289467215538025, -0.9554256796836853], [2.442317247390747, -9.642210006713867, -6.799952983856201], [0.1765923947095871, 0.3738964796066284, -0.06937721371650696]], "brockpiece15": [[-0.042787790298461914, -0.00016604363918304443, -0.07551489770412445], [-0.0064131831750273705, 4.723132610321045, 0.026015756651759148], [0.32439151406288147, 0.17386914789676666, 0.1606941819190979]], "brockpiece16": [[-0.11949839442968369, -0.0004553496837615967, -0.3040783703327179], [-0.001734409830532968, -7.624949932098389, 0.00484101427718997], [0.2422737032175064, 0.13469432294368744, -0.2985038757324219]], "brockpiece17": [[0.08977664262056351, 0.02578336000442505, -0.9249864816665649], [-2.475188732147217, -1.4423154592514038, 21.21909523010254], [0.05579742044210434, 0.8304786086082458, -0.06759888678789139]], "brockpiece18": [[0.05206263065338135, 8.654594421386719e-05, -0.9465159773826599], [0.0002192212123190984, -4.430523872375488, 0.00028944050427526236], [0.7751116156578064, 1.1647822856903076, 0.4550911784172058]], "brockpiece19": [[0.5900812149047852, -0.7610026001930237, -3.1875171661376953], [-153.66981506347656, -11.890191078186035, -72.69910430908203], [0.04745550453662872, 0.8352649807929993, -0.8555060029029846]], "brockpiece20": [[0.12155822664499283, -0.0997551679611206, -2.3294777870178223], [29.47995948791504, -21.68845558166504, -113.0572280883789], [0.0324799083173275, 0.8903895616531372, 0.1047213077545166]], "brockpiece21": [[0.06763361394405365, 8.96453857421875e-05, -0.9935433864593506], [2.4874677658081055, 8.413551330566406, 158.0452117919922], [0.15945503115653992, 1.6952928304672241, 0.277337908744812]], "brockpiece22": [[-0.29672884941101074, -1.7766495943069458, -6.500485897064209], [152.30601501464844, 9.747188568115234, -31.846113204956055], [0.5310609936714172, 1.9953807592391968, -0.3219248354434967]], "brockpiece23": [[0.14878679811954498, -0.42289674282073975, -2.885746717453003], [-2.3600711822509766, 26.607744216918945, 90.80145263671875], [-0.0681355819106102, 0.8056530356407166, -0.06759854406118393]], "brockpiece24": [[0.052285224199295044, -0.10719466209411621, -2.638204336166382], [-16.806001663208008, 1.0630770921707153, -35.44047927856445], [-0.3838520646095276, 0.746596097946167, 0.4647919237613678]], "brockpiece25": [[-0.2563828229904175, -0.022941172122955322, -2.3932459354400635], [-0.03949990123510361, 1.0012203454971313, -2.5430667400360107], [-1.032001256942749, 0.5244100093841553, 0.6970614790916443]], "brockpiece26": [[-0.7908902764320374, -0.7551038265228271, -1.0314236879348755], [-2.7166013717651367, 20.414411544799805, 158.61325073242188], [-0.012171115726232529, 0.7901149392127991, 0.14576949179172516]], "brockpiece27": [[-0.32244357466697693, -0.6674005389213562, -2.913776159286499], [4.50875997543335, 3.050682544708252, -7.8291192054748535], [-0.029545554891228676, 0.7074200510978699, -0.5648927092552185]], "brockpiece28": [[-1.5578761100769043, -0.8000568151473999, -1.8668467998504639], [80.12220001220703, 1.7480403184890747, -61.11798095703125], [-0.05280172452330589, 0.875779390335083, 0.7411666512489319]], "brockpiece29": [[0.052682600915431976, -0.3348012864589691, -2.6591174602508545], [-8.442791938781738, -5.594550132751465, -14.634522438049316], [-0.1528574824333191, 0.604702889919281, -0.03537474945187569]], "brockpiece30": [[0.04535511136054993, -0.31941044330596924, -2.552663803100586], [-9.94058895111084, -6.871042728424072, -10.599376678466797], [-0.212638720870018, 0.5194345116615295, -0.6746488809585571]], "brockpiece31": [[-0.05290740728378296, -0.12338301539421082, -2.5638136863708496], [-9.940568923950195, -6.871060848236084, -10.5994873046875], [-0.3032321333885193, 0.4032418727874756, 0.2416532039642334]], "brockpiece32": [[0.07385765761137009, -0.1498568058013916, -2.40773344039917], [35.14041519165039, 22.054542541503906, 152.97915649414062], [-0.014846060425043106, 0.7332823276519775, -0.067598357796669]], "brockpiece33": [[-0.18629595637321472, -0.00017499923706054688, -1.3328218460083008], [-0.0019937525503337383, -5.297132968902588, 0.025612032040953636], [-0.07364655286073685, 0.3388040363788605, 0.1644446849822998]], "brockpiece34": [[-0.05357856675982475, 0.001063913106918335, -1.2527742385864258], [0.08492177724838257, -9.17426586151123, -0.5139254331588745], [-0.040006935596466064, 0.3192813992500305, -0.5479322671890259]], "brockpiece35": [[0.09399142861366272, -0.14796453714370728, -1.4584388732910156], [19.361886978149414, -6.711941242218018, -101.03770446777344], [0.03971529006958008, 0.7414476275444031, -0.4923132658004761]], "brockpiece36": [[-0.028662506490945816, -0.17081445455551147, -1.2918429374694824], [-20.47527313232422, -22.3219051361084, -153.8221893310547], [0.04695548489689827, 0.8178877234458923, 0.2522242069244385]], "brockpiece37": [[-1.3079622983932495, -0.8364253640174866, -1.862424373626709], [-105.43763732910156, -37.05027770996094, 92.91626739501953], [0.018796933814883232, 0.8953180909156799, 0.6815259456634521]],