{"brockpiece0": [[-0.16520148515701294, -0.7225790023803711, -3.301788806915283], [106.06023406982422, -72.7610092163086, 77.61710357666016], [-0.04771063104271889, 0.8072485327720642, -0.47105833888053894]], "brockpiece1": [[0.27501198649406433, -0.4538035988807678, -3.092719316482544], [-4.440019130706787, 71.35405731201172, 83.02426147460938], [-0.060903601348400116, 0.894946277141571, 0.4562895596027374]], "brockpiece2": [[0.5709960460662842, -0.8029726147651672, -3.674323320388794], [-3.5716896057128906, 9.43087100982666, -44.38047409057617], [-0.1568758189678192, 0.8655882477760315, -0.5483085513114929]], "brockpiece3": [[0.18498212099075317, -0.47966259717941284, -3.204789638519287], [-14.711137771606445, 17.052072525024414, 46.45178985595703], [-0.22012151777744293, 0.9278489947319031, 0.3253736197948456]], "brockpiece4": [[0.2628343105316162, -0.16639524698257446, -2.792466402053833], [-10.846559524536133, -12.772812843322754, -61.234886169433594], [-0.4135969281196594, 0.9918517470359802, 0.46200042963027954]], "brockpiece5": [[-0.03834444284439087, 0.023484230041503906, -2.4116172790527344], [-5.000152587890625, 9.370847702026367, 2.2501912117004395], [-0.436776340007782, 0.9646992683410645, -0.3259457051753998]], "brockpiece6": [[0.5016072392463684, -0.707778811454773, -3.7423417568206787], [48.87520217895508, -23.844013214111328, 117.96068572998047], [-0.01387631893157959, 0.9064578413963318, -0.06759907305240631]], "brockpiece7": [[0.9509934186935425, -1.158402919769287, -4.181610584259033], [-161.35696411132812, 5.009532928466797, -106.3153305053711], [-0.016788214445114136, 1.2991664409637451, -0.5754176378250122]], "brockpiece8": [[1.5856026411056519, -1.0923521518707275, -5.265093803405762], [-150.75929260253906, -2.2052876949310303, -109.13673400878906], [-0.10184786468744278, 1.4046438932418823, 0.10018877685070038]], "brockpiece9": [[-0.9842408895492554, -0.7939242720603943, -1.5249806642532349], [69.0908203125, 25.009920120239258, -90.57752990722656], [0.009604007937014103, 0.8276886940002441, 0.4656519293785095]], "brockpiece10": [[0.03862183541059494, -0.26158395409584045, -1.3268073797225952], [17.219045639038086, 6.826054573059082, -175.41864013671875], [0.026453230530023575, 0.7262305021286011, -0.09866398572921753]], "brockpiece11": [[-0.1344982087612152, -0.6258086562156677, -2.1293301582336426], [-15.777141571044922, -17.488019943237305, 37.909515380859375], [0.023447148501873016, 0.6883174180984497, -0.6239317655563354]], "brockpiece12": [[-0.03144584596157074, -0.14438998699188232, -1.370710849761963], [-3.134749174118042, -7.7368364334106445, 8.140392303466797], [0.057196881622076035, 0.6268966794013977, -0.06759794801473618]], "brockpiece13": [[-0.04467107355594635, -0.14779020845890045, -0.9472968578338623], [-12.833169937133789, -12.974077224731445, 1.7385770082473755], [0.10751569271087646, 0.33034080266952515, -0.6997447609901428]], "brockpiece14": [[-0.11729006469249725, -0.0677291750907898, -0.94890958070755], [2.7628026008605957, -9.765629768371582, -5.7350172996521], [0.1765923947095871, 0.3738964796066284, -0.06937721371650696]], "brockpiece15": [[-0.04268157482147217, -0.00015562772750854492, -0.07624873518943787], [-0.0036980598233640194, 4.953494548797607, 0.00990319810807705], [0.32439151406288147, 0.17386914789676666, 0.1606941819190979]], "brockpiece16": [[-0.11065998673439026, -0.000616610050201416, -0.29427370429039], [-0.0017408154672011733, -6.828935623168945, -0.005341538693755865], [0.2422737032175064, 0.13469432294368744, -0.2985038757324219]], "brockpiece17": [[0.09096673876047134, 0.01269984245300293, -0.9287366271018982], [-2.7069578170776367, 0.07270997017621994, 33.236690521240234], [0.05579742044210434, 0.8304786086082458, -0.06759888678789139]], "brockpiece18": [[0.05261784791946411, 8.45193862915039e-05, -0.9465190172195435], [0.00018325579003430903, -4.432690620422363, 0.00026546401204541326], [0.7751116156578064, 1.1647822856903076, 0.4550911784172058]], "brockpiece19": [[0.5770596265792847, -0.7639078497886658, -3.1949806213378906], [-162.39877319335938, -15.49815559387207, -58.76441955566406], [0.04745550453662872, 0.8352649807929993, -0.8555060029029846]], "brockpiece20": [[0.1118207797408104, -0.12785714864730835, -2.342421531677246], [26.09799575805664, -19.39348602294922, -96.17816162109375], [0.0324799083173275, 0.8903895616531372, 0.1047213077545166]], "brockpiece21": [[0.06819875538349152, 8.618831634521484e-05, -0.9935699105262756], [-0.0006774681387469172, -4.432521820068359, 8.820252696750686e-05], [0.15945503115653992, 1.6952928304672241, 0.277337908744812]], "brockpiece22": [[-0.29853299260139465, -1.7766145467758179, -6.502224922180176], [152.2484588623047, 9.846269607543945, -31.86450958251953], [0.5310609936714172, 1.9953807592391968, -0.3219248354434967]], "brockpiece23": [[0.15441012382507324, -0.42655429244041443, -2.903671979904175], [-1.8489984273910522, 24.84618377685547, 94.36209106445312], [-0.0681355819106102, 0.8056530356407166, -0.06759854406118393]], "brockpiece24": [[0.052367210388183594, -0.10886961221694946, -2.6428520679473877], [-16.96179962158203, 1.3298885822296143, -35.790794372558594], [-0.3838520646095276, 0.746596097946167, 0.4647919237613678]], "brockpiece25": [[-0.2617870569229126, -0.025073647499084473, -2.389986991882324], [-0.056324828416109085, 1.162583589553833, -2.7712326049804688], [-1.032001256942749, 0.5244100093841553, 0.6970614790916443]], "brockpiece26": [[-0.6399078965187073, -0.7102908492088318, -1.0579556226730347], [16.531721115112305, 24.58533477783203, 21.0688419342041], [-0.012171115726232529, 0.7901149392127991, 0.14576949179172516]], "brockpiece27": [[-0.3213237226009369, -0.6667536497116089, -2.9146199226379395], [4.587369441986084, 3.016058921813965, -5.7865824699401855], [-0.029545554891228676, 0.7074200510978699, -0.5648927092552185]], "brockpiece28": [[-1.5410544872283936, -0.8327924609184265, -1.9954569339752197], [-132.53089904785156, 40.2275390625, 40.58203887939453], [-0.05280172452330589, 0.875779390335083, 0.7411666512489319]], "brockpiece29": [[0.054054029285907745, -0.33601075410842896, -2.6609549522399902], [-8.174273490905762, -6.041925430297852, -14.8131742477417], [-0.1528574824333191, 0.604702889919281, -0.03537474945187569]], "brockpiece30": [[0.04316827654838562, -0.31933340430259705, -2.5526247024536133], [-10.079648971557617, -6.845655918121338, -9.913811683654785], [-0.212638720870018, 0.5194345116615295, -0.6746488809585571]], "brockpiece31": [[-0.05524265766143799, -0.12343689799308777, -2.563788414001465], [-10.079627990722656, -6.845674991607666, -9.913914680480957], [-0.3032321333885193, 0.4032418727874756, 0.2416532039642334]], "brockpiece32": [[0.07737530767917633, -0.15509480237960815, -2.416287660598755], [35.28427505493164, 21.296974182128906, 156.10389709472656], [-0.014846060425043106, 0.7332823276519775, -0.067598357796669]], "brockpiece33": [[-0.19319042563438416, -0.00010773539543151855, -1.3269168138504028], [-0.0024839991237968206, -5.807828426361084, 0.05000438541173935], [-0.07364655286073685, 0.3388040363788605, 0.1644446849822998]], "brockpiece34": [[-0.0564240999519825, 0.0006567537784576416, -1.2543635368347168], [0.05241330713033676, -9.956768035888672, -0.3074154555797577], [-0.040006935596466064, 0.3192813992500305, -0.5479322671890259]], "brockpiece35": [[0.13506051898002625, -0.1836875081062317, -1.4430426359176636], [12.835296630859375, 3.9412639141082764, -143.4464874267578], [0.03971529006958008, 0.7414476275444031, -0.4923132658004761]], "brockpiece36": [[-0.017309095710515976, -0.19175750017166138, -1.2759594917297363], [-12.917057037353516, -12.506587982177734, -154.18988037109375], [0.04695548489689827, 0.8178877234458923, 0.2522242069244385]], "brockpiece37": [[-1.3151837587356567, -0.8401145935058594, -1.8724849224090576], [-109.35935974121094, -25.770322799682617, 92.36450958251953], [0.018796933814883232, 0.8953180909156799, 0.6815259456634521]],