{"brockpiece0": [[-0.16637560725212097, -0.7206712365150452, -3.312422752380371], [101.52713775634766, -64.9777603149414, 82.70076751708984], [-0.04771063104271889, 0.8072485327720642, -0.47105833888053894]], "brockpiece1": [[0.2740591764450073, -0.4530746340751648, -3.0921404361724854], [-6.857453346252441, 71.54313659667969, 80.38839721679688], [-0.060903601348400116, 0.894946277141571, 0.4562895596027374]], "brockpiece2": [[0.5722947120666504, -0.8028049468994141, -3.6747114658355713], [-3.7450456619262695, 9.280959129333496, -45.82255172729492], [-0.1568758189678192, 0.8655882477760315, -0.5483085513114929]], "brockpiece3": [[0.182381272315979, -0.4765560030937195, -3.199913263320923], [-14.842352867126465, 17.25191879272461, 46.885223388671875], [-0.22012151777744293, 0.9278489947319031, 0.3253736197948456]], "brockpiece4": [[0.26235663890838623, -0.15976065397262573, -2.785991907119751], [-10.323753356933594, -12.860621452331543, -61.424041748046875], [-0.4135969281196594, 0.9918517470359802, 0.46200042963027954]], "brockpiece5": [[-0.0393008291721344, 0.023732542991638184, -2.411004066467285], [-5.006961822509766, 9.346126556396484, 2.25081729888916], [-0.436776340007782, 0.9646992683410645, -0.3259457051753998]], "brockpiece6": [[0.5003904700279236, -0.7076049447059631, -3.743032932281494], [49.4066276550293, -23.478437423706055, 117.51441192626953], [-0.01387631893157959, 0.9064578413963318, -0.06759907305240631]], "brockpiece7": [[0.9512979388237, -1.158414363861084, -4.181839942932129], [-161.3577117919922, 5.005908489227295, -106.31255340576172], [-0.016788214445114136, 1.2991664409637451, -0.5754176378250122]], "brockpiece8": [[1.585312843322754, -1.0918231010437012, -5.2636637687683105], [-150.79388427734375, -2.2582685947418213, -109.14818572998047], [-0.10184786468744278, 1.4046438932418823, 0.10018877685070038]], "brockpiece9": [[-1.0751125812530518, -0.7987582087516785, -1.5523533821105957], [48.337562561035156, 10.633177757263184, -85.08438873291016], [0.009604007937014103, 0.8276886940002441, 0.4656519293785095]], "brockpiece10": [[0.03988001495599747, -0.25898632407188416, -1.3281711339950562], [16.550827026367188, 6.429957866668701, -175.13479614257812], [0.026453230530023575, 0.7262305021286011, -0.09866398572921753]], "brockpiece11": [[-0.13478176295757294, -0.6256881952285767, -2.129157066345215], [-15.702970504760742, -17.579177856445312, 37.6648063659668], [0.023447148501873016, 0.6883174180984497, -0.6239317655563354]], "brockpiece12": [[-0.029268143698573112, -0.14352485537528992, -1.3715832233428955], [-3.210857391357422, -7.797259330749512, 8.293913841247559], [0.057196881622076035, 0.6268966794013977, -0.06759794801473618]], "brockpiece13": [[-0.04387221485376358, -0.1450277417898178, -0.9478274583816528], [-13.583829879760742, -12.686344146728516, 2.0392308235168457], [0.10751569271087646, 0.33034080266952515, -0.6997447609901428]], "brockpiece14": [[-0.11510242521762848, -0.0665203332901001, -0.9515917897224426], [2.685666561126709, -9.743544578552246, -6.0703444480896], [0.1765923947095871, 0.3738964796066284, -0.06937721371650696]], "brockpiece15": [[-0.042834311723709106, -0.00012770295143127441, -0.0762423723936081], [-0.018116788938641548, 4.881526470184326, 0.05632971599698067], [0.32439151406288147, 0.17386914789676666, 0.1606941819190979]], "brockpiece16": [[-0.11345693469047546, -0.0006699562072753906, -0.29725906252861023], [-0.011570577509701252, -7.043465614318848, 0.01604740135371685], [0.2422737032175064, 0.13469432294368744, -0.2985038757324219]], "brockpiece17": [[0.09161291271448135, 0.016969740390777588, -0.9285889863967896], [-2.77213716506958, -0.16682596504688263, 31.384695053100586], [0.05579742044210434, 0.8304786086082458, -0.06759888678789139]], "brockpiece18": [[0.05250227451324463, 7.653236389160156e-05, -0.9465566873550415], [0.0004658453690353781, -4.430931091308594, 0.00038706266786903143], [0.7751116156578064, 1.1647822856903076, 0.4550911784172058]], "brockpiece19": [[0.5685441493988037, -0.7646019458770752, -3.1973280906677246], [-163.60633850097656, -17.041475296020508, -51.5024528503418], [0.04745550453662872, 0.8352649807929993, -0.8555060029029846]], "brockpiece20": [[0.10877875238656998, -0.12664854526519775, -2.3386831283569336], [25.297861099243164, -19.801822662353516, -93.91236114501953], [0.0324799083173275, 0.8903895616531372, 0.1047213077545166]], "brockpiece21": [[0.06807553768157959, 7.665157318115234e-05, -0.9935917258262634], [-1.0168959306611214e-05, -4.430892467498779, 0.00044186803279444575], [0.15945503115653992, 1.6952928304672241, 0.277337908744812]], "brockpiece22": [[-0.2978200316429138, -1.7766510248184204, -6.501598834991455], [152.25970458984375, 9.815271377563477, -31.86743927001953], [0.5310609936714172, 1.9953807592391968, -0.3219248354434967]], "brockpiece23": [[0.15273624658584595, -0.4262772798538208, -2.9007511138916016], [-1.776928424835205, 25.410722732543945, 94.13663482666016], [-0.0681355819106102, 0.8056530356407166, -0.06759854406118393]], "brockpiece24": [[0.05162322521209717, -0.10831910371780396, -2.6417081356048584], [-16.91819190979004, 1.2504290342330933, -35.693233489990234], [-0.3838520646095276, 0.746596097946167, 0.4647919237613678]], "brockpiece25": [[-0.2603647708892822, -0.02459615468978882, -2.3908462524414062], [-0.05536429584026337, 1.1269398927688599, -2.71368670463562], [-1.032001256942749, 0.5244100093841553, 0.6970614790916443]], "brockpiece26": [[-0.6998993754386902, -0.70704585313797, -1.0223568677902222], [33.430179595947266, 6.781131744384766, 68.35322570800781], [-0.012171115726232529, 0.7901149392127991, 0.14576949179172516]], "brockpiece27": [[-0.3216027617454529, -0.6668195128440857, -2.914402961730957], [4.5794267654418945, 3.0636179447174072, -6.069721221923828], [-0.029545554891228676, 0.7074200510978699, -0.5648927092552185]], "brockpiece28": [[-1.539404034614563, -0.8337094783782959, -1.999730110168457], [-139.573486328125, 43.68021011352539, 33.35778045654297], [-0.05280172452330589, 0.875779390335083, 0.7411666512489319]], "brockpiece29": [[0.05391951650381088, -0.3357350528240204, -2.661018133163452], [-8.235698699951172, -5.941771984100342, -14.774489402770996], [-0.1528574824333191, 0.604702889919281, -0.03537474945187569]], "brockpiece30": [[0.043672725558280945, -0.3193347752094269, -2.552635669708252], [-10.046893119812012, -6.8438897132873535, -10.079537391662598], [-0.212638720870018, 0.5194345116615295, -0.6746488809585571]], "brockpiece31": [[-0.054574817419052124, -0.12341544032096863, -2.5637688636779785], [-10.046882629394531, -6.843902587890625, -10.079630851745605], [-0.3032321333885193, 0.4032418727874756, 0.2416532039642334]], "brockpiece32": [[0.07771266251802444, -0.15475893020629883, -2.4155430793762207], [35.04263687133789, 21.581199645996094, 154.585205078125], [-0.014846060425043106, 0.7332823276519775, -0.067598357796669]], "brockpiece33": [[-0.19140616059303284, -7.930397987365723e-05, -1.3287841081619263], [-0.00784537848085165, -5.700006484985352, 0.052777018398046494], [-0.07364655286073685, 0.3388040363788605, 0.1644446849822998]], "brockpiece34": [[-0.05572459474205971, 0.000781327486038208, -1.2542343139648438], [0.06471777707338333, -9.738287925720215, -0.36529186367988586], [-0.040006935596466064, 0.3192813992500305, -0.5479322671890259]], "brockpiece35": [[0.11999101936817169, -0.1671704649925232, -1.4496784210205078], [16.631526947021484, 1.2311040163040161, -127.09465026855469], [0.03971529006958008, 0.7414476275444031, -0.4923132658004761]], "brockpiece36": [[-0.019799919798970222, -0.18637484312057495, -1.2787277698516846], [-14.797840118408203, -13.86599349975586, -153.55714416503906], [0.04695548489689827, 0.8178877234458923, 0.2522242069244385]], "brockpiece37": [[-1.3218650817871094, -0.836502194404602, -1.8627643585205078], [-110.7096939086914, -35.137115478515625, 99.69941711425781], [0.018796933814883232, 0.8953180909156799, 0.6815259456634521]],