{"brockpiece0": [[-0.1706356704235077, -0.7229412198066711, -3.3639750480651855], [96.4985580444336, -27.034000396728516, 90.22371673583984], [-0.04771063104271889, 0.8072485327720642, -0.47105833888053894]], "brockpiece1": [[0.27469515800476074, -0.4531247913837433, -3.0893025398254395], [-12.179935455322266, 71.00281524658203, 74.49864196777344], [-0.060903601348400116, 0.894946277141571, 0.4562895596027374]], "brockpiece2": [[0.5763515830039978, -0.8021561503410339, -3.6758358478546143], [-4.214913368225098, 8.800875663757324, -49.90614700317383], [-0.1568758189678192, 0.8655882477760315, -0.5483085513114929]], "brockpiece3": [[0.17995870113372803, -0.47421807050704956, -3.1940858364105225], [-15.165960311889648, 17.158220291137695, 46.235225677490234], [-0.22012151777744293, 0.9278489947319031, 0.3253736197948456]], "brockpiece4": [[0.26195716857910156, -0.15015769004821777, -2.7815282344818115], [-13.430217742919922, -13.537638664245605, -58.94785690307617], [-0.4135969281196594, 0.9918517470359802, 0.46200042963027954]], "brockpiece5": [[-0.04047083854675293, 0.02390390634536743, -2.410088539123535], [-5.004566669464111, 9.339451789855957, 2.250138521194458], [-0.436776340007782, 0.9646992683410645, -0.3259457051753998]], "brockpiece6": [[0.5005869269371033, -0.7067780494689941, -3.739471912384033], [49.626888275146484, -24.169204711914062, 118.13439178466797], [-0.01387631893157959, 0.9064578413963318, -0.06759907305240631]], "brockpiece7": [[0.9515307545661926, -1.1584055423736572, -4.182838439941406], [-161.36619567871094, 5.0034942626953125, -106.31199645996094], [-0.016788214445114136, 1.2991664409637451, -0.5754176378250122]], "brockpiece8": [[1.5844084024429321, -1.091140627861023, -5.262740612030029], [-150.779296875, -2.2469608783721924, -109.21698760986328], [-0.10184786468744278, 1.4046438932418823, 0.10018877685070038]], "brockpiece9": [[-1.101236343383789, -0.769463837146759, -1.5462725162506104], [37.996376037597656, -8.692559242248535, -47.278629302978516], [0.009604007937014103, 0.8276886940002441, 0.4656519293785095]], "brockpiece10": [[0.04199855774641037, -0.2579863369464874, -1.3274167776107788], [16.054731369018555, 6.176285266876221, -174.40345764160156], [0.026453230530023575, 0.7262305021286011, -0.09866398572921753]], "brockpiece11": [[-0.13502855598926544, -0.6255183815956116, -2.129133701324463], [-15.440126419067383, -17.5375919342041, 37.202938079833984], [0.023447148501873016, 0.6883174180984497, -0.6239317655563354]], "brockpiece12": [[-0.026415644213557243, -0.14329856634140015, -1.3720142841339111], [-3.23331880569458, -7.972843170166016, 8.324913024902344], [0.057196881622076035, 0.6268966794013977, -0.06759794801473618]], "brockpiece13": [[-0.04242686927318573, -0.14504151046276093, -0.945677638053894], [-13.562368392944336, -12.571292877197266, 1.8589192628860474], [0.10751569271087646, 0.33034080266952515, -0.6997447609901428]], "brockpiece14": [[-0.11268787831068039, -0.06551861763000488, -0.9520419239997864], [2.6705739498138428, -9.787424087524414, -6.463814735412598], [0.1765923947095871, 0.3738964796066284, -0.06937721371650696]], "brockpiece15": [[-0.04266011714935303, -0.00022363662719726562, -0.07586620002985], [-0.0029069806914776564, 4.8087544441223145, 0.03616167604923248], [0.32439151406288147, 0.17386914789676666, 0.1606941819190979]], "brockpiece16": [[-0.1151656061410904, -0.0007152706384658813, -0.2988862693309784], [-0.011205103248357773, -7.224942207336426, 0.015707802027463913], [0.2422737032175064, 0.13469432294368744, -0.2985038757324219]], "brockpiece17": [[0.09115777164697647, 0.019043564796447754, -0.9273328185081482], [-2.7281928062438965, -0.5594918727874756, 29.22399139404297], [0.05579742044210434, 0.8304786086082458, -0.06759888678789139]], "brockpiece18": [[0.05235326290130615, 6.99758529663086e-05, -0.9466193318367004], [0.0002260723995277658, -4.432169437408447, 0.00038363804924301803], [0.7751116156578064, 1.1647822856903076, 0.4550911784172058]], "brockpiece19": [[0.5785099864006042, -0.763620913028717, -3.1944189071655273], [-161.70814514160156, -15.338313102722168, -60.102256774902344], [0.04745550453662872, 0.8352649807929993, -0.8555060029029846]], "brockpiece20": [[0.11246544867753983, -0.11858260631561279, -2.3380794525146484], [26.061542510986328, -22.197021484375, -97.97898864746094], [0.0324799083173275, 0.8903895616531372, 0.1047213077545166]], "brockpiece21": [[0.06792742013931274, 6.866455078125e-05, -0.9936625361442566], [7.557151548098773e-05, -4.431872844696045, 0.0003682238457258791], [0.15945503115653992, 1.6952928304672241, 0.277337908744812]], "brockpiece22": [[-0.2973272204399109, -1.7766169309616089, -6.501153469085693], [152.2770538330078, 9.802633285522461, -31.85831069946289], [0.5310609936714172, 1.9953807592391968, -0.3219248354434967]], "brockpiece23": [[0.1517026275396347, -0.42648106813430786, -2.8952560424804688], [-1.6409657001495361, 26.167438507080078, 94.19683837890625], [-0.0681355819106102, 0.8056530356407166, -0.06759854406118393]], "brockpiece24": [[0.05114978551864624, -0.10814017057418823, -2.6413373947143555], [-16.876131057739258, 1.178715467453003, -35.623252868652344], [-0.3838520646095276, 0.746596097946167, 0.4647919237613678]], "brockpiece25": [[-0.25917088985443115, -0.023864328861236572, -2.3919780254364014], [-0.05107522010803223, 1.0927962064743042, -2.640519380569458], [-1.032001256942749, 0.5244100093841553, 0.6970614790916443]], "brockpiece26": [[-0.7425566911697388, -0.7192577123641968, -1.0031718015670776], [28.60259246826172, -9.554911613464355, 101.60299682617188], [-0.012171115726232529, 0.7901149392127991, 0.14576949179172516]], "brockpiece27": [[-0.32192832231521606, -0.6668530702590942, -2.9142227172851562], [4.581916332244873, 3.0663809776306152, -5.989978313446045], [-0.029545554891228676, 0.7074200510978699, -0.5648927092552185]], "brockpiece28": [[-1.5427714586257935, -0.813877522945404, -1.9914826154708862], [-107.09412384033203, 15.656245231628418, 64.51055145263672], [-0.05280172452330589, 0.875779390335083, 0.7411666512489319]], "brockpiece29": [[0.05343462526798248, -0.33558928966522217, -2.660228729248047], [-8.275739669799805, -5.850671291351318, -14.737678527832031], [-0.1528574824333191, 0.604702889919281, -0.03537474945187569]], "brockpiece30": [[0.043761953711509705, -0.319349467754364, -2.5526328086853027], [-10.024237632751465, -6.841474533081055, -10.195514678955078], [-0.212638720870018, 0.5194345116615295, -0.6746488809585571]], "brockpiece31": [[-0.05435267090797424, -0.1234135627746582, -2.563741683959961], [-10.024210929870605, -6.841489315032959, -10.195612907409668], [-0.3032321333885193, 0.4032418727874756, 0.2416532039642334]], "brockpiece32": [[0.07853192836046219, -0.15418267250061035, -2.41274094581604], [34.63203430175781, 22.21526336669922, 152.69549560546875], [-0.014846060425043106, 0.7332823276519775, -0.067598357796669]], "brockpiece33": [[-0.19003745913505554, -0.0002238452434539795, -1.329883098602295], [0.0030752462334930897, -5.585279941558838, -0.004005285911262035], [-0.07364655286073685, 0.3388040363788605, 0.1644446849822998]], "brockpiece34": [[-0.05473250523209572, 0.00046578049659729004, -1.2532546520233154], [0.04137265309691429, -9.44737434387207, -0.23431427776813507], [-0.040006935596466064, 0.3192813992500305, -0.5479322671890259]], "brockpiece35": [[0.11369024217128754, -0.16048038005828857, -1.452318549156189], [17.79662322998047, -0.7016754746437073, -119.39363098144531], [0.03971529006958008, 0.7414476275444031, -0.4923132658004761]], "brockpiece36": [[-0.020998522639274597, -0.18168342113494873, -1.2817548513412476], [-15.784955024719238, -15.539322853088379, -152.99000549316406], [0.04695548489689827, 0.8178877234458923, 0.2522242069244385]], "brockpiece37": [[-1.3226780891418457, -0.8359504342079163, -1.8599936962127686], [-110.54241943359375, -36.95204162597656, 100.71955108642578], [0.018796933814883232, 0.8953180909156799, 0.6815259456634521]],