{"brockpiece0": [[-0.17184332013130188, -0.7267404794692993, -3.3787074089050293], [96.61465454101562, -16.806846618652344, 91.02387237548828], [-0.04771063104271889, 0.8072485327720642, -0.47105833888053894]], "brockpiece1": [[0.27501267194747925, -0.4533848166465759, -3.088197708129883], [-13.342596054077148, 70.73680877685547, 73.18130493164062], [-0.060903601348400116, 0.894946277141571, 0.4562895596027374]], "brockpiece2": [[0.5788924694061279, -0.8018596172332764, -3.6762516498565674], [-4.457528591156006, 8.505287170410156, -52.2404670715332], [-0.1568758189678192, 0.8655882477760315, -0.5483085513114929]], "brockpiece3": [[0.1792289763689041, -0.4734063148498535, -3.192610740661621], [-15.152305603027344, 17.199878692626953, 46.238285064697266], [-0.22012151777744293, 0.9278489947319031, 0.3253736197948456]], "brockpiece4": [[0.2622431814670563, -0.1476626992225647, -2.7806148529052734], [-14.508064270019531, -13.68359088897705, -58.182247161865234], [-0.4135969281196594, 0.9918517470359802, 0.46200042963027954]], "brockpiece5": [[-0.04085075855255127, 0.023946166038513184, -2.409775495529175], [-5.002439975738525, 9.32908821105957, 2.2527401447296143], [-0.436776340007782, 0.9646992683410645, -0.3259457051753998]], "brockpiece6": [[0.5003078579902649, -0.7070341110229492, -3.739269495010376], [49.863616943359375, -23.96402931213379, 117.8755111694336], [-0.01387631893157959, 0.9064578413963318, -0.06759907305240631]], "brockpiece7": [[0.952048659324646, -1.1584104299545288, -4.183133125305176], [-161.3542938232422, 5.007177352905273, -106.31368255615234], [-0.016788214445114136, 1.2991664409637451, -0.5754176378250122]], "brockpiece8": [[1.5845146179199219, -1.0909825563430786, -5.262216091156006], [-150.8069305419922, -2.277869462966919, -109.21412658691406], [-0.10184786468744278, 1.4046438932418823, 0.10018877685070038]], "brockpiece9": [[-1.1056028604507446, -0.7816178202629089, -1.5564337968826294], [37.033409118652344, -2.8347039222717285, -57.48832321166992], [0.009604007937014103, 0.8276886940002441, 0.4656519293785095]], "brockpiece10": [[0.042064033448696136, -0.2579137086868286, -1.3267303705215454], [15.833918571472168, 6.030118465423584, -174.05030822753906], [0.026453230530023575, 0.7262305021286011, -0.09866398572921753]], "brockpiece11": [[-0.13528472185134888, -0.6256033182144165, -2.1292495727539062], [-15.492392539978027, -17.543542861938477, 37.30646514892578], [0.023447148501873016, 0.6883174180984497, -0.6239317655563354]], "brockpiece12": [[-0.026024367660284042, -0.14368730783462524, -1.3720879554748535], [-3.2585649490356445, -8.01546573638916, 8.318119049072266], [0.057196881622076035, 0.6268966794013977, -0.06759794801473618]], "brockpiece13": [[-0.04230758547782898, -0.14348101615905762, -0.9459227323532104], [-13.92270278930664, -12.470654487609863, 1.8992875814437866], [0.10751569271087646, 0.33034080266952515, -0.6997447609901428]], "brockpiece14": [[-0.11233022063970566, -0.06538641452789307, -0.9520288109779358], [2.652050495147705, -9.795702934265137, -6.622800350189209], [0.1765923947095871, 0.3738964796066284, -0.06937721371650696]], "brockpiece15": [[-0.04274022579193115, -0.0001644343137741089, -0.07586576789617538], [-0.01127930823713541, 4.795290946960449, 0.026599369943141937], [0.32439151406288147, 0.17386914789676666, 0.1606941819190979]], "brockpiece16": [[-0.11598630249500275, -0.0006740987300872803, -0.2985430657863617], [-0.008220518939197063, -7.295605659484863, 0.0498473159968853], [0.2422737032175064, 0.13469432294368744, -0.2985038757324219]], "brockpiece17": [[0.09112746268510818, 0.019439280033111572, -0.9270040392875671], [-2.7583858966827393, -0.5950249433517456, 28.89600372314453], [0.05579742044210434, 0.8304786086082458, -0.06759888678789139]], "brockpiece18": [[0.052435219287872314, 8.90493392944336e-05, -0.9465529918670654], [0.000349383830325678, -4.430577278137207, -0.0004315918777137995], [0.7751116156578064, 1.1647822856903076, 0.4550911784172058]], "brockpiece19": [[0.5804884433746338, -0.7631325125694275, -3.1934890747070312], [-160.8547821044922, -14.80667495727539, -61.954097747802734], [0.04745550453662872, 0.8352649807929993, -0.8555060029029846]], "brockpiece20": [[0.1135270819067955, -0.11753690242767334, -2.337782859802246], [26.2294979095459, -22.88157081604004, -98.89749908447266], [0.0324799083173275, 0.8903895616531372, 0.1047213077545166]], "brockpiece21": [[0.06801028549671173, 9.500980377197266e-05, -0.993581235408783], [0.0005623967736028135, -4.430716514587402, -0.00014129496412351727], [0.15945503115653992, 1.6952928304672241, 0.277337908744812]], "brockpiece22": [[-0.29747408628463745, -1.7766129970550537, -6.501219749450684], [152.28225708007812, 9.793279647827148, -31.858295440673828], [0.5310609936714172, 1.9953807592391968, -0.3219248354434967]], "brockpiece23": [[0.15062522888183594, -0.42526552081108093, -2.8945865631103516], [-1.2721117734909058, 26.264833450317383, 94.79666137695312], [-0.0681355819106102, 0.8056530356407166, -0.06759854406118393]], "brockpiece24": [[0.05093502998352051, -0.10809248685836792, -2.6412346363067627], [-16.86841583251953, 1.1573940515518188, -35.58548355102539], [-0.3838520646095276, 0.746596097946167, 0.4647919237613678]], "brockpiece25": [[-0.2590693235397339, -0.023805558681488037, -2.391947031021118], [-0.04095780476927757, 1.0880858898162842, -2.637903928756714], [-1.032001256942749, 0.5244100093841553, 0.6970614790916443]], "brockpiece26": [[-0.7506420016288757, -0.7223891615867615, -1.0012723207473755], [25.369287490844727, -11.19596004486084, 107.87994384765625], [-0.012171115726232529, 0.7901149392127991, 0.14576949179172516]], "brockpiece27": [[-0.3220745921134949, -0.6669111251831055, -2.9141645431518555], [4.5660481452941895, 3.0737249851226807, -6.1969685554504395], [-0.029545554891228676, 0.7074200510978699, -0.5648927092552185]], "brockpiece28": [[-1.5432969331741333, -0.8118067383766174, -1.9873504638671875], [-99.49931335449219, 6.021470069885254, 67.46905517578125], [-0.05280172452330589, 0.875779390335083, 0.7411666512489319]], "brockpiece29": [[0.05326031148433685, -0.3355618119239807, -2.660085678100586], [-8.283202171325684, -5.847651958465576, -14.758363723754883], [-0.1528574824333191, 0.604702889919281, -0.03537474945187569]], "brockpiece30": [[0.04362756013870239, -0.3193398714065552, -2.5526371002197266], [-10.025528907775879, -6.835988998413086, -10.19436264038086], [-0.212638720870018, 0.5194345116615295, -0.6746488809585571]], "brockpiece31": [[-0.05439960956573486, -0.12340256571769714, -2.563728094100952], [-10.02549934387207, -6.836004257202148, -10.194477081298828], [-0.3032321333885193, 0.4032418727874756, 0.2416532039642334]], "brockpiece32": [[0.07852781563997269, -0.15407538414001465, -2.4124484062194824], [34.65412521362305, 22.1845703125, 152.5918731689453], [-0.014846060425043106, 0.7332823276519775, -0.067598357796669]], "brockpiece33": [[-0.18988224864006042, -0.000244140625, -1.3303940296173096], [-0.0003086565702687949, -5.571332931518555, 0.017794746905565262], [-0.07364655286073685, 0.3388040363788605, 0.1644446849822998]], "brockpiece34": [[-0.0546734593808651, 0.00036847591400146484, -1.2533271312713623], [0.02861611731350422, -9.396109580993652, -0.2038021832704544], [-0.040006935596466064, 0.3192813992500305, -0.5479322671890259]], "brockpiece35": [[0.11289635300636292, -0.1602078080177307, -1.4518717527389526], [18.02736473083496, -0.9826881289482117, -118.45716094970703], [0.03971529006958008, 0.7414476275444031, -0.4923132658004761]], "brockpiece36": [[-0.0219295471906662, -0.18002253770828247, -1.2812745571136475], [-16.719783782958984, -15.448348045349121, -151.7236785888672], [0.04695548489689827, 0.8178877234458923, 0.2522242069244385]], "brockpiece37": [[-1.3219443559646606, -0.8360289931297302, -1.861738681793213], [-109.77843475341797, -36.70838928222656, 100.13032531738281], [0.018796933814883232, 0.8953180909156799, 0.6815259456634521]],