{"brockpiece0": [[-0.16573405265808105, -0.7218385338783264, -3.3054561614990234], [104.23739624023438, -70.20004272460938, 79.63146209716797], [-0.04771063104271889, 0.8072485327720642, -0.47105833888053894]], "brockpiece1": [[0.274124413728714, -0.4531049132347107, -3.0930979251861572], [-5.026036739349365, 71.67317199707031, 82.41853332519531], [-0.060903601348400116, 0.894946277141571, 0.4562895596027374]], "brockpiece2": [[0.5716202259063721, -0.8028351068496704, -3.6746623516082764], [-3.6975817680358887, 9.353808403015137, -45.275882720947266], [-0.1568758189678192, 0.8655882477760315, -0.5483085513114929]], "brockpiece3": [[0.18345165252685547, -0.47805240750312805, -3.2014546394348145], [-14.919597625732422, 16.995967864990234, 46.13119888305664], [-0.22012151777744293, 0.9278489947319031, 0.3253736197948456]], "brockpiece4": [[0.26430732011795044, -0.16163241863250732, -2.7878572940826416], [-10.279006958007812, -12.922809600830078, -61.89277267456055], [-0.4135969281196594, 0.9918517470359802, 0.46200042963027954]], "brockpiece5": [[-0.03911682963371277, 0.023619890213012695, -2.411113739013672], [-5.001273155212402, 9.342662811279297, 2.251735210418701], [-0.436776340007782, 0.9646992683410645, -0.3259457051753998]], "brockpiece6": [[0.5002040863037109, -0.7076773643493652, -3.7429285049438477], [49.319515228271484, -23.559457778930664, 117.7173843383789], [-0.01387631893157959, 0.9064578413963318, -0.06759907305240631]], "brockpiece7": [[0.9512322545051575, -1.1584067344665527, -4.181797981262207], [-161.35128784179688, 5.008720397949219, -106.31283569335938], [-0.016788214445114136, 1.2991664409637451, -0.5754176378250122]], "brockpiece8": [[1.585487723350525, -1.092038869857788, -5.264225482940674], [-150.77334594726562, -2.216712713241577, -109.15930938720703], [-0.10184786468744278, 1.4046438932418823, 0.10018877685070038]], "brockpiece9": [[-1.0358035564422607, -0.7823209762573242, -1.5501395463943481], [54.67622756958008, 34.219825744628906, -102.60419464111328], [0.009604007937014103, 0.8276886940002441, 0.4656519293785095]], "brockpiece10": [[0.03969787806272507, -0.2601585388183594, -1.3280359506607056], [16.721773147583008, 6.448370933532715, -174.8491668701172], [0.026453230530023575, 0.7262305021286011, -0.09866398572921753]], "brockpiece11": [[-0.13452103734016418, -0.625760555267334, -2.1292731761932373], [-15.730539321899414, -17.54926300048828, 37.75198745727539], [0.023447148501873016, 0.6883174180984497, -0.6239317655563354]], "brockpiece12": [[-0.029908809810876846, -0.14413869380950928, -1.3715571165084839], [-3.220043420791626, -7.766928195953369, 8.288433074951172], [0.057196881622076035, 0.6268966794013977, -0.06759794801473618]], "brockpiece13": [[-0.044453077018260956, -0.14556989073753357, -0.9480177164077759], [-13.374504089355469, -13.052177429199219, 1.7699846029281616], [0.10751569271087646, 0.33034080266952515, -0.6997447609901428]], "brockpiece14": [[-0.11597277224063873, -0.06706145405769348, -0.9505129456520081], [2.71201229095459, -9.74948501586914, -6.093316078186035], [0.1765923947095871, 0.3738964796066284, -0.06937721371650696]], "brockpiece15": [[-0.04271700978279114, -0.00013913214206695557, -0.07629100978374481], [-0.002159271389245987, 4.925692558288574, -0.004399523604661226], [0.32439151406288147, 0.17386914789676666, 0.1606941819190979]], "brockpiece16": [[-0.11229710280895233, -0.0006653517484664917, -0.2957793176174164], [0.008113604038953781, -6.944754600524902, 0.10254444926977158], [0.2422737032175064, 0.13469432294368744, -0.2985038757324219]], "brockpiece17": [[0.09174948185682297, 0.015513479709625244, -0.9289004802703857], [-2.7879321575164795, -0.01961161382496357, 32.347110748291016], [0.05579742044210434, 0.8304786086082458, -0.06759888678789139]], "brockpiece18": [[0.05258297920227051, 8.58306884765625e-05, -0.946520984172821], [0.0005960084381513298, -4.431493759155273, 0.00020380747446324676], [0.7751116156578064, 1.1647822856903076, 0.4550911784172058]], "brockpiece19": [[0.5698938965797424, -0.7644689083099365, -3.196211338043213], [-163.044921875, -16.289196014404297, -52.77351379394531], [0.04745550453662872, 0.8352649807929993, -0.8555060029029846]], "brockpiece20": [[0.10994509607553482, -0.12818658351898193, -2.339707136154175], [25.202741622924805, -19.75312042236328, -93.8419189453125], [0.0324799083173275, 0.8903895616531372, 0.1047213077545166]], "brockpiece21": [[0.06815946102142334, 8.928775787353516e-05, -0.9935552477836609], [4.602793069352629e-06, -4.431056976318359, 0.00010276002285536379], [0.15945503115653992, 1.6952928304672241, 0.277337908744812]], "brockpiece22": [[-0.2981796860694885, -1.7766128778457642, -6.501834869384766], [152.2600555419922, 9.828557014465332, -31.862028121948242], [0.5310609936714172, 1.9953807592391968, -0.3219248354434967]], "brockpiece23": [[0.15358802676200867, -0.4267819821834564, -2.9016523361206055], [-1.98776113986969, 25.10010528564453, 93.6522445678711], [-0.0681355819106102, 0.8056530356407166, -0.06759854406118393]], "brockpiece24": [[0.052006274461746216, -0.1085968017578125, -2.6422882080078125], [-16.939416885375977, 1.2872579097747803, -35.72464370727539], [-0.3838520646095276, 0.746596097946167, 0.4647919237613678]], "brockpiece25": [[-0.26088082790374756, -0.02476400136947632, -2.3904731273651123], [-0.05433805286884308, 1.1372332572937012, -2.737916946411133], [-1.032001256942749, 0.5244100093841553, 0.6970614790916443]], "brockpiece26": [[-0.6779397130012512, -0.7066309452056885, -1.0349812507629395], [29.835464477539062, 14.879133224487305, 52.348358154296875], [-0.012171115726232529, 0.7901149392127991, 0.14576949179172516]], "brockpiece27": [[-0.3214462399482727, -0.6667947769165039, -2.9144785404205322], [4.581212997436523, 3.039370536804199, -5.903311252593994], [-0.029545554891228676, 0.7074200510978699, -0.5648927092552185]], "brockpiece28": [[-1.5389386415481567, -0.8339978456497192, -2.001622200012207], [-141.2823944091797, 45.221134185791016, 31.865442276000977], [-0.05280172452330589, 0.875779390335083, 0.7411666512489319]], "brockpiece29": [[0.05396341532468796, -0.3358226716518402, -2.6608128547668457], [-8.2142915725708, -5.9546217918396, -14.738877296447754], [-0.1528574824333191, 0.604702889919281, -0.03537474945187569]], "brockpiece30": [[0.043502360582351685, -0.3193276524543762, -2.552521228790283], [-10.057073593139648, -6.843720436096191, -10.023670196533203], [-0.212638720870018, 0.5194345116615295, -0.6746488809585571]], "brockpiece31": [[-0.054790765047073364, -0.12343171238899231, -2.563662528991699], [-10.05705451965332, -6.843743324279785, -10.023772239685059], [-0.3032321333885193, 0.4032418727874756, 0.2416532039642334]], "brockpiece32": [[0.07765809446573257, -0.15487420558929443, -2.4155290126800537], [35.14683532714844, 21.43610954284668, 155.1721649169922], [-0.014846060425043106, 0.7332823276519775, -0.067598357796669]], "brockpiece33": [[-0.19205400347709656, -7.480382919311523e-05, -1.3280441761016846], [-0.001864528632722795, -5.751035213470459, 0.05029454827308655], [-0.07364655286073685, 0.3388040363788605, 0.1644446849822998]], "brockpiece34": [[-0.056003864854574203, 0.0007047057151794434, -1.2540955543518066], [0.06788182258605957, -9.824780464172363, -0.3738729953765869], [-0.040006935596466064, 0.3192813992500305, -0.5479322671890259]], "brockpiece35": [[0.1271660327911377, -0.17389506101608276, -1.4470163583755493], [15.19461441040039, 2.547614812850952, -133.693359375], [0.03971529006958008, 0.7414476275444031, -0.4923132658004761]], "brockpiece36": [[-0.018892211839556694, -0.18677747249603271, -1.2774945497512817], [-14.004995346069336, -14.053045272827148, -153.57135009765625], [0.04695548489689827, 0.8178877234458923, 0.2522242069244385]], "brockpiece37": [[-1.319920301437378, -0.8374816179275513, -1.8656060695648193], [-110.16497039794922, -32.461734771728516, 97.49243927001953], [0.018796933814883232, 0.8953180909156799, 0.6815259456634521]],