{"brockpiece0": [[-0.17270657420158386, -0.7322188019752502, -3.3952293395996094], [96.9012451171875, -4.426758766174316, 91.92961883544922], [-0.04771063104271889, 0.8072485327720642, -0.47105833888053894]], "brockpiece1": [[0.15508054196834564, -0.2693408727645874, -3.083916187286377], [15.691533088684082, 50.47303771972656, 121.52428436279297], [-0.060903601348400116, 0.894946277141571, 0.4562895596027374]], "brockpiece2": [[0.586277186870575, -0.786797285079956, -3.6771600246429443], [-6.520020961761475, 9.074342727661133, -44.794883728027344], [-0.1568758189678192, 0.8655882477760315, -0.5483085513114929]], "brockpiece3": [[0.1934715211391449, -0.42217695713043213, -3.160658597946167], [-18.255390167236328, 18.25833511352539, 49.3848991394043], [-0.22012151777744293, 0.9278489947319031, 0.3253736197948456]], "brockpiece4": [[0.2552312910556793, -0.06943291425704956, -2.7382113933563232], [-16.949607849121094, 4.64923620223999, -44.418521881103516], [-0.4135969281196594, 0.9918517470359802, 0.46200042963027954]], "brockpiece5": [[-0.05440568923950195, 0.038606226444244385, -2.4198741912841797], [-5.658267021179199, 9.130599021911621, 1.0259350538253784], [-0.436776340007782, 0.9646992683410645, -0.3259457051753998]], "brockpiece6": [[0.4250205159187317, -0.8095088601112366, -3.7343733310699463], [-34.55952072143555, 29.144451141357422, -70.77320098876953], [-0.01387631893157959, 0.9064578413963318, -0.06759907305240631]], "brockpiece7": [[0.9547393918037415, -1.1584681272506714, -4.185244560241699], [-161.25283813476562, 4.999974727630615, -106.41949462890625], [-0.016788214445114136, 1.2991664409637451, -0.5754176378250122]], "brockpiece8": [[1.5651980638504028, -1.0786644220352173, -5.248473167419434], [-149.70672607421875, -3.2274420261383057, -106.53240966796875], [-0.10184786468744278, 1.4046438932418823, 0.10018877685070038]], "brockpiece9": [[-1.0779786109924316, -0.7509958744049072, -1.7655298709869385], [3.2574522495269775, 7.358913421630859, 53.44279479980469], [0.009604007937014103, 0.8276886940002441, 0.4656519293785095]], "brockpiece10": [[0.04655681550502777, -0.24324601888656616, -1.3281611204147339], [15.217951774597168, 5.537178993225098, -174.466796875], [0.026453230530023575, 0.7262305021286011, -0.09866398572921753]], "brockpiece11": [[-0.11176023632287979, -0.6162511110305786, -2.1166088581085205], [-2.36371111869812, -21.139596939086914, 4.927759647369385], [0.023447148501873016, 0.6883174180984497, -0.6239317655563354]], "brockpiece12": [[-0.014355849474668503, -0.13823631405830383, -1.3754053115844727], [-3.3730130195617676, -7.985743045806885, 7.636621952056885], [0.057196881622076035, 0.6268966794013977, -0.06759794801473618]], "brockpiece13": [[-0.0387997180223465, -0.13091179728507996, -0.9461941719055176], [-16.967947006225586, -12.084916114807129, 1.3983871936798096], [0.10751569271087646, 0.33034080266952515, -0.6997447609901428]], "brockpiece14": [[-0.09717641025781631, -0.058075010776519775, -0.9620724320411682], [1.9277666807174683, -9.18627643585205, -6.855937957763672], [0.1765923947095871, 0.3738964796066284, -0.06937721371650696]], "brockpiece15": [[-0.04182100296020508, -0.00014643371105194092, -0.07433748990297318], [-0.029456794261932373, 4.3631391525268555, 0.15808893740177155], [0.32439151406288147, 0.17386914789676666, 0.1606941819190979]], "brockpiece16": [[-0.12497444450855255, -0.0008087456226348877, -0.3117363750934601], [-0.021480320021510124, -8.21655559539795, 0.005586383398622274], [0.2422737032175064, 0.13469432294368744, -0.2985038757324219]], "brockpiece17": [[0.07472122460603714, 0.0521470308303833, -0.9301795363426208], [-2.4938879013061523, -3.441033363342285, 9.272266387939453], [0.05579742044210434, 0.8304786086082458, -0.06759888678789139]], "brockpiece18": [[0.05160963535308838, 8.475780487060547e-05, -0.9466251730918884], [0.00046926987124606967, -4.429692268371582, 0.0005617536371573806], [0.7751116156578064, 1.1647822856903076, 0.4550911784172058]], "brockpiece19": [[0.6167982220649719, -0.7617095112800598, -3.1494131088256836], [-142.1287841796875, 15.830944061279297, -103.49050903320312], [0.04745550453662872, 0.8352649807929993, -0.8555060029029846]], "brockpiece20": [[0.1091993972659111, -0.13367795944213867, -2.2711033821105957], [-8.540960311889648, -16.32041358947754, -38.23474884033203], [0.0324799083173275, 0.8903895616531372, 0.1047213077545166]], "brockpiece21": [[0.06717739999294281, 8.71419906616211e-05, -0.9936408400535583], [2.487264633178711, 8.412541389465332, 158.04507446289062], [0.15945503115653992, 1.6952928304672241, 0.277337908744812]], "brockpiece22": [[-0.33036649227142334, -1.7417316436767578, -6.499530792236328], [153.4674072265625, 11.128707885742188, -26.569135665893555], [0.5310609936714172, 1.9953807592391968, -0.3219248354434967]], "brockpiece23": [[0.15336370468139648, -0.44344067573547363, -2.83488392829895], [-21.092384338378906, 14.461462020874023, 36.646705627441406], [-0.0681355819106102, 0.8056530356407166, -0.06759854406118393]], "brockpiece24": [[0.06693434715270996, -0.07947826385498047, -2.6318869590759277], [-18.20123863220215, 1.0081943273544312, -32.563323974609375], [-0.3838520646095276, 0.746596097946167, 0.4647919237613678]], "brockpiece25": [[-0.26667916774749756, 0.0036680102348327637, -2.400357484817505], [0.39267751574516296, -1.747618317604065, 0.2290560007095337], [-1.032001256942749, 0.5244100093841553, 0.6970614790916443]], "brockpiece26": [[-0.9390882849693298, -0.6795768737792969, -1.3082975149154663], [-23.45606803894043, 9.725564956665039, -124.7168960571289], [-0.012171115726232529, 0.7901149392127991, 0.14576949179172516]], "brockpiece27": [[-0.3145400285720825, -0.6737126708030701, -2.912639617919922], [4.527395248413086, 1.5933444499969482, -31.652278900146484], [-0.029545554891228676, 0.7074200510978699, -0.5648927092552185]], "brockpiece28": [[-1.3366131782531738, -0.821020245552063, -1.7317047119140625], [15.567695617675781, 33.54998779296875, 150.00799560546875], [-0.05280172452330589, 0.875779390335083, 0.7411666512489319]], "brockpiece29": [[0.05530266463756561, -0.3210277259349823, -2.6584577560424805], [-10.631926536560059, -4.831292152404785, -14.37317180633545], [-0.1528574824333191, 0.604702889919281, -0.03537474945187569]], "brockpiece30": [[0.04658396542072296, -0.3155505061149597, -2.5555434226989746], [-10.39660358428955, -6.713632583618164, -13.633445739746094], [-0.212638720870018, 0.5194345116615295, -0.6746488809585571]], "brockpiece31": [[-0.042997896671295166, -0.10310038924217224, -2.5665249824523926], [-10.396580696105957, -6.713660717010498, -13.633556365966797], [-0.3032321333885193, 0.4032418727874756, 0.2416532039642334]], "brockpiece32": [[0.0401950404047966, -0.14365154504776, -2.4031553268432617], [39.27914047241211, 14.702547073364258, 165.98721313476562], [-0.014846060425043106, 0.7332823276519775, -0.067598357796669]], "brockpiece33": [[-0.1760888248682022, -0.0002066195011138916, -1.3416823148727417], [0.0005003571859560907, -4.534978866577148, 0.0531640388071537], [-0.07364655286073685, 0.3388040363788605, 0.1644446849822998]], "brockpiece34": [[-0.051111433655023575, 0.006575524806976318, -1.249875783920288], [-0.6307929754257202, -8.586213111877441, -0.665959894657135], [-0.040006935596466064, 0.3192813992500305, -0.5479322671890259]], "brockpiece35": [[-0.002129495143890381, -0.11155498027801514, -1.4942965507507324], [-14.362399101257324, 1.9598968029022217, 51.9180908203125], [0.03971529006958008, 0.7414476275444031, -0.4923132658004761]], "brockpiece36": [[-0.03260072320699692, -0.1454588770866394, -1.296836495399475], [-16.805423736572266, -23.925264358520508, -149.05722045898438], [0.04695548489689827, 0.8178877234458923, 0.2522242069244385]], "brockpiece37": [[-1.2252637147903442, -0.8960461020469666, -2.2415616512298584], [-143.12705993652344, 12.396044731140137, 45.637271881103516], [0.018796933814883232, 0.8953180909156799, 0.6815259456634521]],