{"brockpiece0": [[-0.17323917150497437, -0.7347772717475891, -3.402413845062256], [97.11168670654297, 1.1463227272033691, 92.33137512207031], [-0.04771063104271889, 0.8072485327720642, -0.47105833888053894]], "brockpiece1": [[0.15799956023693085, -0.2715227007865906, -3.0863614082336426], [17.050983428955078, 51.21723556518555, 123.1478042602539], [-0.060903601348400116, 0.894946277141571, 0.4562895596027374]], "brockpiece2": [[0.5825320482254028, -0.7954839468002319, -3.6749632358551025], [-5.187201976776123, 8.935050964355469, -47.353580474853516], [-0.1568758189678192, 0.8655882477760315, -0.5483085513114929]], "brockpiece3": [[0.189914733171463, -0.4232367277145386, -3.1606245040893555], [-16.682151794433594, 19.22037124633789, 53.5846061706543], [-0.22012151777744293, 0.9278489947319031, 0.3253736197948456]], "brockpiece4": [[0.2562987208366394, -0.07787567377090454, -2.741588592529297], [-18.039813995361328, 2.8664536476135254, -45.38768768310547], [-0.4135969281196594, 0.9918517470359802, 0.46200042963027954]], "brockpiece5": [[-0.05324634909629822, 0.035688936710357666, -2.416776180267334], [-5.521674156188965, 9.077203750610352, 1.2188464403152466], [-0.436776340007782, 0.9646992683410645, -0.3259457051753998]], "brockpiece6": [[0.4285615086555481, -0.809628427028656, -3.739528179168701], [-34.32510757446289, 29.21066665649414, -70.58338928222656], [-0.01387631893157959, 0.9064578413963318, -0.06759907305240631]], "brockpiece7": [[0.9546652436256409, -1.1584758758544922, -4.186056137084961], [-161.2361602783203, 4.979185581207275, -106.24943542480469], [-0.016788214445114136, 1.2991664409637451, -0.5754176378250122]], "brockpiece8": [[1.5593335628509521, -1.0735328197479248, -5.254439830780029], [-150.15830993652344, -3.911050796508789, -104.44794464111328], [-0.10184786468744278, 1.4046438932418823, 0.10018877685070038]], "brockpiece9": [[-1.0876035690307617, -0.779757559299469, -1.7579951286315918], [2.1672749519348145, 3.2719242572784424, 51.305233001708984], [0.009604007937014103, 0.8276886940002441, 0.4656519293785095]], "brockpiece10": [[0.046712636947631836, -0.24353009462356567, -1.3272625207901], [14.677338600158691, 5.3667097091674805, -174.45870971679688], [0.026453230530023575, 0.7262305021286011, -0.09866398572921753]], "brockpiece11": [[-0.11652696877717972, -0.6170569658279419, -2.1187360286712646], [-4.162939071655273, -20.892200469970703, 9.366177558898926], [0.023447148501873016, 0.6883174180984497, -0.6239317655563354]], "brockpiece12": [[-0.014331672340631485, -0.13757002353668213, -1.3745280504226685], [-3.3332693576812744, -8.129636764526367, 7.385409355163574], [0.057196881622076035, 0.6268966794013977, -0.06759794801473618]], "brockpiece13": [[-0.038666799664497375, -0.13145969808101654, -0.945934534072876], [-16.74704933166504, -12.205148696899414, 1.1622954607009888], [0.10751569271087646, 0.33034080266952515, -0.6997447609901428]], "brockpiece14": [[-0.09752277284860611, -0.05746528506278992, -0.9613599181175232], [1.9515231847763062, -9.227450370788574, -6.887472629547119], [0.1765923947095871, 0.3738964796066284, -0.06937721371650696]], "brockpiece15": [[-0.04206541180610657, -0.00014454126358032227, -0.07444876432418823], [-0.04745139926671982, 4.374462127685547, 0.20486094057559967], [0.32439151406288147, 0.17386914789676666, 0.1606941819190979]], "brockpiece16": [[-0.12584465742111206, -0.0005681216716766357, -0.31108877062797546], [0.0038373777642846107, -8.213841438293457, -0.0028708085883408785], [0.2422737032175064, 0.13469432294368744, -0.2985038757324219]], "brockpiece17": [[0.0740598514676094, 0.05200397968292236, -0.9307641983032227], [-2.523040771484375, -3.489643096923828, 9.441357612609863], [0.05579742044210434, 0.8304786086082458, -0.06759888678789139]], "brockpiece18": [[0.05163639783859253, 9.59634780883789e-05, -0.9466009140014648], [-0.0005257877055555582, -4.4296112060546875, -0.00023120960395317525], [0.7751116156578064, 1.1647822856903076, 0.4550911784172058]], "brockpiece19": [[0.6143417358398438, -0.760826826095581, -3.151808261871338], [-141.18223571777344, 14.053400993347168, -101.08323669433594], [0.04745550453662872, 0.8352649807929993, -0.8555060029029846]], "brockpiece20": [[0.10929041355848312, -0.13157421350479126, -2.2734670639038086], [-8.060827255249023, -17.386383056640625, -40.22628402709961], [0.0324799083173275, 0.8903895616531372, 0.1047213077545166]], "brockpiece21": [[0.06720854341983795, 0.0001004934310913086, -0.9936230182647705], [2.486222743988037, 8.412981033325195, 158.044921875], [0.15945503115653992, 1.6952928304672241, 0.277337908744812]], "brockpiece22": [[-0.33125007152557373, -1.7410343885421753, -6.498740196228027], [153.54095458984375, 11.074289321899414, -26.46071434020996], [0.5310609936714172, 1.9953807592391968, -0.3219248354434967]], "brockpiece23": [[0.1545962393283844, -0.44143712520599365, -2.8366141319274902], [-20.124664306640625, 15.729717254638672, 39.61533737182617], [-0.0681355819106102, 0.8056530356407166, -0.06759854406118393]], "brockpiece24": [[0.06682837009429932, -0.08203929662704468, -2.6287424564361572], [-18.24344253540039, 1.3232537508010864, -31.92287826538086], [-0.3838520646095276, 0.746596097946167, 0.4647919237613678]], "brockpiece25": [[-0.2714684009552002, 0.008520543575286865, -2.402596950531006], [-0.9407802224159241, -1.9807606935501099, 1.0035654306411743], [-1.032001256942749, 0.5244100093841553, 0.6970614790916443]], "brockpiece26": [[-0.9429144263267517, -0.6763403415679932, -1.3053219318389893], [-19.318185806274414, 17.126562118530273, -109.23947143554688], [-0.012171115726232529, 0.7901149392127991, 0.14576949179172516]], "brockpiece27": [[-0.31732606887817383, -0.6725623607635498, -2.912607192993164], [4.56729793548584, 1.5998444557189941, -26.947601318359375], [-0.029545554891228676, 0.7074200510978699, -0.5648927092552185]], "brockpiece28": [[-1.3474133014678955, -0.8242473602294922, -1.7335360050201416], [18.215442657470703, 33.80724334716797, 163.71527099609375], [-0.05280172452330589, 0.875779390335083, 0.7411666512489319]], "brockpiece29": [[0.05583987385034561, -0.32153749465942383, -2.6575469970703125], [-10.516953468322754, -4.8387770652771, -14.285215377807617], [-0.1528574824333191, 0.604702889919281, -0.03537474945187569]], "brockpiece30": [[0.04714137315750122, -0.3161303997039795, -2.554596424102783], [-10.257381439208984, -6.760262489318848, -13.681861877441406], [-0.212638720870018, 0.5194345116615295, -0.6746488809585571]], "brockpiece31": [[-0.043618589639663696, -0.10552787780761719, -2.5656187534332275], [-10.257369995117188, -6.760282039642334, -13.6819486618042], [-0.3032321333885193, 0.4032418727874756, 0.2416532039642334]], "brockpiece32": [[0.044738221913576126, -0.1439443826675415, -2.403235912322998], [38.96559143066406, 15.458661079406738, 164.48638916015625], [-0.014846060425043106, 0.7332823276519775, -0.067598357796669]], "brockpiece33": [[-0.17632164061069489, -0.0002492368221282959, -1.3411297798156738], [-0.0008242808980867267, -4.531590461730957, 0.05967753753066063], [-0.07364655286073685, 0.3388040363788605, 0.1644446849822998]], "brockpiece34": [[-0.05075812712311745, 0.00642356276512146, -1.2494406700134277], [-0.5992969870567322, -8.650636672973633, -0.673772394657135], [-0.040006935596466064, 0.3192813992500305, -0.5479322671890259]], "brockpiece35": [[-0.001668199896812439, -0.1111496090888977, -1.4939947128295898], [-14.8892183303833, 2.1393117904663086, 52.63701629638672], [0.03971529006958008, 0.7414476275444031, -0.4923132658004761]], "brockpiece36": [[-0.032699842005968094, -0.14385706186294556, -1.296172022819519], [-17.188695907592773, -23.74892807006836, -148.131103515625], [0.04695548489689827, 0.8178877234458923, 0.2522242069244385]], "brockpiece37": [[-1.2235394716262817, -0.9058447480201721, -2.22702956199646], [-143.3948974609375, 11.510173797607422, 47.030155181884766], [0.018796933814883232, 0.8953180909156799, 0.6815259456634521]],