{"brockpiece0": [[-0.1776362657546997, -0.7761039733886719, -3.4618282318115234], [107.93666076660156, 65.14362335205078, 104.63469696044922], [-0.04771063104271889, 0.8072485327720642, -0.47105833888053894]], "brockpiece1": [[0.24206772446632385, -0.3603578805923462, -3.1156654357910156], [-2.7317357063293457, 73.58776092529297, 87.63788604736328], [-0.060903601348400116, 0.894946277141571, 0.4562895596027374]], "brockpiece2": [[0.5869041681289673, -0.8012387752532959, -3.6774299144744873], [-4.693884372711182, 7.4562859535217285, -58.429222106933594], [-0.1568758189678192, 0.8655882477760315, -0.5483085513114929]], "brockpiece3": [[0.1827477216720581, -0.42819246649742126, -3.1638948917388916], [-12.512167930603027, 21.038179397583008, 61.54381561279297], [-0.22012151777744293, 0.9278489947319031, 0.3253736197948456]], "brockpiece4": [[0.25980907678604126, -0.09130620956420898, -2.7712550163269043], [-31.145061492919922, -11.444014549255371, -47.418331146240234], [-0.4135969281196594, 0.9918517470359802, 0.46200042963027954]], "brockpiece5": [[-0.048675745725631714, 0.025308072566986084, -2.402597188949585], [-4.869859218597412, 8.812050819396973, 1.4613581895828247], [-0.436776340007782, 0.9646992683410645, -0.3259457051753998]], "brockpiece6": [[0.4844725728034973, -0.8159319162368774, -3.746962308883667], [-21.377071380615234, 40.169525146484375, -48.075992584228516], [-0.01387631893157959, 0.9064578413963318, -0.06759907305240631]], "brockpiece7": [[0.9543065428733826, -1.158402919769287, -4.184863090515137], [-161.3190460205078, 5.01661491394043, -106.30720520019531], [-0.016788214445114136, 1.2991664409637451, -0.5754176378250122]], "brockpiece8": [[1.5847973823547363, -1.0853259563446045, -5.249967575073242], [-150.89198303222656, -0.5936233997344971, -111.36285400390625], [-0.10184786468744278, 1.4046438932418823, 0.10018877685070038]], "brockpiece9": [[-0.9482479095458984, -0.7828102111816406, -1.5837037563323975], [10.066553115844727, 9.078968048095703, -29.351730346679688], [0.009604007937014103, 0.8276886940002441, 0.4656519293785095]], "brockpiece10": [[0.04598184674978256, -0.24352172017097473, -1.327182650566101], [14.367193222045898, 5.342009544372559, -173.03961181640625], [0.026453230530023575, 0.7262305021286011, -0.09866398572921753]], "brockpiece11": [[-0.13514530658721924, -0.6243147253990173, -2.12787127494812], [-13.754303932189941, -17.59640121459961, 33.78599166870117], [0.023447148501873016, 0.6883174180984497, -0.6239317655563354]], "brockpiece12": [[-0.015505693852901459, -0.1379968523979187, -1.3726780414581299], [-3.083336591720581, -8.253774642944336, 7.785886287689209], [0.057196881622076035, 0.6268966794013977, -0.06759794801473618]], "brockpiece13": [[-0.037870608270168304, -0.13168315589427948, -0.9451801776885986], [-16.957149505615234, -11.819284439086914, 2.1176376342773438], [0.10751569271087646, 0.33034080266952515, -0.6997447609901428]], "brockpiece14": [[-0.10012589395046234, -0.05912455916404724, -0.9576166272163391], [2.152015447616577, -9.349023818969727, -6.948134422302246], [0.1765923947095871, 0.3738964796066284, -0.06937721371650696]], "brockpiece15": [[-0.04171711206436157, -0.00023362040519714355, -0.07484175264835358], [-0.008553652092814445, 4.44990348815918, -0.004636308643966913], [0.32439151406288147, 0.17386914789676666, 0.1606941819190979]], "brockpiece16": [[-0.1232680156826973, -0.0007135868072509766, -0.3073714077472687], [-0.01963602378964424, -7.950910568237305, 0.049613337963819504], [0.2422737032175064, 0.13469432294368744, -0.2985038757324219]], "brockpiece17": [[0.0765734538435936, 0.04822486639022827, -0.9266247153282166], [-3.1259031295776367, -2.3244316577911377, 15.45046329498291], [0.05579742044210434, 0.8304786086082458, -0.06759888678789139]], "brockpiece18": [[0.05163782835006714, 7.832050323486328e-05, -0.946677565574646], [0.00023120940022636205, -4.429004669189453, 0.00034081979538314044], [0.7751116156578064, 1.1647822856903076, 0.4550911784172058]], "brockpiece19": [[0.6114205121994019, -0.7599128484725952, -3.16862154006958], [-145.80931091308594, 1.9075331687927246, -93.3093490600586], [0.04745550453662872, 0.8352649807929993, -0.8555060029029846]], "brockpiece20": [[0.12072331458330154, -0.08480864763259888, -2.311147689819336], [24.6841983795166, -32.9332160949707, -102.8626937866211], [0.0324799083173275, 0.8903895616531372, 0.1047213077545166]], "brockpiece21": [[0.06720288097858429, 8.0108642578125e-05, -0.99368816614151], [2.4864730834960938, 8.411961555480957, 158.04580688476562], [0.15945503115653992, 1.6952928304672241, 0.277337908744812]], "brockpiece22": [[-0.29123377799987793, -1.7624938488006592, -6.5146684646606445], [149.88270568847656, 8.5502290725708, -34.808712005615234], [0.5310609936714172, 1.9953807592391968, -0.3219248354434967]], "brockpiece23": [[0.15214185416698456, -0.4245847761631012, -2.8608460426330566], [-8.834404945373535, 25.58916664123535, 73.4946517944336], [-0.0681355819106102, 0.8056530356407166, -0.06759854406118393]], "brockpiece24": [[0.057462602853775024, -0.09984046220779419, -2.6262505054473877], [-17.535722732543945, 1.3613852262496948, -31.917695999145508], [-0.3838520646095276, 0.746596097946167, 0.4647919237613678]], "brockpiece25": [[-0.24860632419586182, -0.0157163143157959, -2.3898215293884277], [0.7668744921684265, 0.7666606903076172, -2.1792304515838623], [-1.032001256942749, 0.5244100093841553, 0.6970614790916443]], "brockpiece26": [[-0.8575949668884277, -0.655269980430603, -1.098791480064392], [-10.7806978225708, -21.357980728149414, 90.69168853759766], [-0.012171115726232529, 0.7901149392127991, 0.14576949179172516]], "brockpiece27": [[-0.3226948082447052, -0.6677494645118713, -2.9131433963775635], [4.439825057983398, 3.235816478729248, -9.23977279663086], [-0.029545554891228676, 0.7074200510978699, -0.5648927092552185]], "brockpiece28": [[-1.3964136838912964, -0.7866451144218445, -1.7213125228881836], [38.8389892578125, -3.6898069381713867, -37.71535110473633], [-0.05280172452330589, 0.875779390335083, 0.7411666512489319]], "brockpiece29": [[0.052961066365242004, -0.3277072310447693, -2.656247854232788], [-9.408446311950684, -4.955488204956055, -13.25333309173584], [-0.1528574824333191, 0.604702889919281, -0.03537474945187569]], "brockpiece30": [[0.04875904321670532, -0.31855684518814087, -2.5503177642822266], [-9.748615264892578, -6.972982406616211, -12.048972129821777], [-0.212638720870018, 0.5194345116615295, -0.6746488809585571]], "brockpiece31": [[-0.04966014623641968, -0.12046068906784058, -2.561687707901001], [-9.74860668182373, -6.97299861907959, -12.049062728881836], [-0.3032321333885193, 0.4032418727874756, 0.2416532039642334]], "brockpiece32": [[0.07207085192203522, -0.14927351474761963, -2.4021031856536865], [32.74169921875, 25.28339195251465, 145.42459106445312], [-0.014846060425043106, 0.7332823276519775, -0.067598357796669]], "brockpiece33": [[-0.18012821674346924, 0.00014695525169372559, -1.3370708227157593], [-0.016056185588240623, -4.682159900665283, 0.16166478395462036], [-0.07364655286073685, 0.3388040363788605, 0.1644446849822998]], "brockpiece34": [[-0.05182264372706413, 0.0026623010635375977, -1.2480964660644531], [-0.3026513457298279, -8.337241172790527, -0.16989506781101227], [-0.040006935596466064, 0.3192813992500305, -0.5479322671890259]], "brockpiece35": [[-0.006472080945968628, -0.11787563562393188, -1.49203360080719], [-18.474884033203125, -0.7954423427581787, 40.82746887207031], [0.03971529006958008, 0.7414476275444031, -0.4923132658004761]], "brockpiece36": [[-0.032276831567287445, -0.15076524019241333, -1.2947741746902466], [-19.203144073486328, -25.379289627075195, -149.01348876953125], [0.04695548489689827, 0.8178877234458923, 0.2522242069244385]], "brockpiece37": [[-1.2816082239151, -0.854177713394165, -1.9010021686553955], [-111.69676208496094, 15.35452651977539, 66.19893646240234], [0.018796933814883232, 0.8953180909156799, 0.6815259456634521]],