{"brockpiece0": [[-0.1652141809463501, -0.7225542664527893, -3.3019065856933594], [105.9991455078125, -72.67926025390625, 77.68460083007812], [-0.04771063104271889, 0.8072485327720642, -0.47105833888053894]], "brockpiece1": [[0.2752625048160553, -0.4540884792804718, -3.092268705368042], [-4.589155673980713, 71.21406555175781, 82.86138916015625], [-0.060903601348400116, 0.894946277141571, 0.4562895596027374]], "brockpiece2": [[0.570368230342865, -0.8031144142150879, -3.674325704574585], [-3.4953348636627197, 9.497719764709473, -43.80187225341797], [-0.1568758189678192, 0.8655882477760315, -0.5483085513114929]], "brockpiece3": [[0.18528421223163605, -0.4802474081516266, -3.2055559158325195], [-14.751299858093262, 16.957321166992188, 46.194915771484375], [-0.22012151777744293, 0.9278489947319031, 0.3253736197948456]], "brockpiece4": [[0.26296454668045044, -0.1672046184539795, -2.793468475341797], [-10.874733924865723, -12.798810005187988, -61.305381774902344], [-0.4135969281196594, 0.9918517470359802, 0.46200042963027954]], "brockpiece5": [[-0.03827604651451111, 0.02349621057510376, -2.4116973876953125], [-5.002853870391846, 9.367585182189941, 2.251676559448242], [-0.436776340007782, 0.9646992683410645, -0.3259457051753998]], "brockpiece6": [[0.5018912553787231, -0.7078661918640137, -3.7426297664642334], [48.83272933959961, -23.619871139526367, 117.84013366699219], [-0.01387631893157959, 0.9064578413963318, -0.06759907305240631]], "brockpiece7": [[0.9509423971176147, -1.1584057807922363, -4.181536674499512], [-161.36253356933594, 5.007203578948975, -106.3145980834961], [-0.016788214445114136, 1.2991664409637451, -0.5754176378250122]], "brockpiece8": [[1.5856575965881348, -1.0925350189208984, -5.265347480773926], [-150.75389099121094, -2.189523220062256, -109.13275146484375], [-0.10184786468744278, 1.4046438932418823, 0.10018877685070038]], "brockpiece9": [[-0.976428747177124, -0.7995015382766724, -1.518004059791565], [71.94546508789062, 18.8781681060791, -87.1744155883789], [0.009604007937014103, 0.8276886940002441, 0.4656519293785095]], "brockpiece10": [[0.03851824253797531, -0.26256075501441956, -1.3265866041183472], [17.035722732543945, 6.750357151031494, -175.78341674804688], [0.026453230530023575, 0.7262305021286011, -0.09866398572921753]], "brockpiece11": [[-0.13446354866027832, -0.6258760690689087, -2.1293997764587402], [-15.90422534942627, -17.512313842773438, 38.09177017211914], [0.023447148501873016, 0.6883174180984497, -0.6239317655563354]], "brockpiece12": [[-0.03223206847906113, -0.1443745493888855, -1.3704420328140259], [-3.133402109146118, -7.709085941314697, 8.10544204711914], [0.057196881622076035, 0.6268966794013977, -0.06759794801473618]], "brockpiece13": [[-0.04499389976263046, -0.1481998860836029, -0.9470964670181274], [-12.788331985473633, -13.014812469482422, 1.953666090965271], [0.10751569271087646, 0.33034080266952515, -0.6997447609901428]], "brockpiece14": [[-0.11811409890651703, -0.06789889931678772, -0.9483255743980408], [2.775789737701416, -9.764580726623535, -5.680153846740723], [0.1765923947095871, 0.3738964796066284, -0.06937721371650696]], "brockpiece15": [[-0.04264789819717407, -0.0002655237913131714, -0.07625477015972137], [-0.012417365796864033, 4.965753078460693, 0.014848219230771065], [0.32439151406288147, 0.17386914789676666, 0.1606941819190979]], "brockpiece16": [[-0.11058352887630463, -0.0005752593278884888, -0.2937758266925812], [-0.0012118896702304482, -6.788153171539307, 0.0275497455149889], [0.2422737032175064, 0.13469432294368744, -0.2985038757324219]], "brockpiece17": [[0.09069495648145676, 0.011538207530975342, -0.9288838505744934], [-2.6458795070648193, 0.08169467002153397, 33.48051452636719], [0.05579742044210434, 0.8304786086082458, -0.06759888678789139]], "brockpiece18": [[0.05267322063446045, 8.499622344970703e-05, -0.9465135335922241], [0.00028087807004339993, -4.432910442352295, 0.0002312106516910717], [0.7751116156578064, 1.1647822856903076, 0.4550911784172058]], "brockpiece19": [[0.5782796740531921, -0.7635000348091125, -3.194075584411621], [-162.0058135986328, -14.852328300476074, -59.8194580078125], [0.04745550453662872, 0.8352649807929993, -0.8555060029029846]], "brockpiece20": [[0.11265008896589279, -0.1273183822631836, -2.3435871601104736], [26.348766326904297, -19.29470443725586, -96.88185119628906], [0.0324799083173275, 0.8903895616531372, 0.1047213077545166]], "brockpiece21": [[0.06825472414493561, 8.7738037109375e-05, -0.9935657978057861], [2.4880893230438232, 8.415703773498535, 158.04519653320312], [0.15945503115653992, 1.6952928304672241, 0.277337908744812]], "brockpiece22": [[-0.2986283302307129, -1.7766151428222656, -6.502222537994385], [152.2418212890625, 9.85802936553955, -31.864582061767578], [0.5310609936714172, 1.9953807592391968, -0.3219248354434967]], "brockpiece23": [[0.15523838996887207, -0.4272758364677429, -2.9041616916656494], [-2.000406503677368, 24.839353561401367, 94.20610046386719], [-0.0681355819106102, 0.8056530356407166, -0.06759854406118393]], "brockpiece24": [[0.0522957444190979, -0.10883122682571411, -2.6429262161254883], [-16.97736358642578, 1.3464452028274536, -35.790184020996094], [-0.3838520646095276, 0.746596097946167, 0.4647919237613678]], "brockpiece25": [[-0.26199471950531006, -0.02506047487258911, -2.3900463581085205], [-0.05400563403964043, 1.1700025796890259, -2.770012140274048], [-1.032001256942749, 0.5244100093841553, 0.6970614790916443]], "brockpiece26": [[-0.6304669976234436, -0.7129018902778625, -1.063696026802063], [12.119105339050293, 25.762645721435547, 12.310432434082031], [-0.012171115726232529, 0.7901149392127991, 0.14576949179172516]], "brockpiece27": [[-0.32135868072509766, -0.6666986346244812, -2.914651870727539], [4.5897064208984375, 3.0278286933898926, -5.68005895614624], [-0.029545554891228676, 0.7074200510978699, -0.5648927092552185]], "brockpiece28": [[-1.5423343181610107, -0.8321037888526917, -1.991638422012329], [-128.14614868164062, 36.84164047241211, 44.94559860229492], [-0.05280172452330589, 0.875779390335083, 0.7411666512489319]], "brockpiece29": [[0.05415131151676178, -0.33618348836898804, -2.661026954650879], [-8.159934043884277, -6.074366569519043, -14.84642505645752], [-0.1528574824333191, 0.604702889919281, -0.03537474945187569]], "brockpiece30": [[0.04309739172458649, -0.319338321685791, -2.5526480674743652], [-10.082542419433594, -6.84945011138916, -9.8948392868042], [-0.212638720870018, 0.5194345116615295, -0.6746488809585571]], "brockpiece31": [[-0.055390626192092896, -0.12344816327095032, -2.563828229904175], [-10.082531929016113, -6.849456310272217, -9.894916534423828], [-0.3032321333885193, 0.4032418727874756, 0.2416532039642334]], "brockpiece32": [[0.07688278704881668, -0.1551194190979004, -2.416626453399658], [35.420806884765625, 21.06661605834961, 156.6573486328125], [-0.014846060425043106, 0.7332823276519775, -0.067598357796669]], "brockpiece33": [[-0.19364294409751892, 1.4334917068481445e-05, -1.3265413045883179], [-0.0056578293442726135, -5.830753803253174, 0.07957533001899719], [-0.07364655286073685, 0.3388040363788605, 0.1644446849822998]], "brockpiece34": [[-0.05654730275273323, 0.0006452500820159912, -1.2544012069702148], [0.05674176290631294, -10.04577922821045, -0.3154675364494324], [-0.040006935596466064, 0.3192813992500305, -0.5479322671890259]], "brockpiece35": [[0.13522092998027802, -0.18507510423660278, -1.442982792854309], [12.709846496582031, 3.6525180339813232, -143.772705078125], [0.03971529006958008, 0.7414476275444031, -0.4923132658004761]], "brockpiece36": [[-0.01589815691113472, -0.19424158334732056, -1.2730823755264282], [-11.998154640197754, -12.433515548706055, -155.32083129882812], [0.04695548489689827, 0.8178877234458923, 0.2522242069244385]], "brockpiece37": [[-1.31353759765625, -0.8411224484443665, -1.874870777130127], [-109.23926544189453, -23.348669052124023, 90.61068725585938], [0.018796933814883232, 0.8953180909156799, 0.6815259456634521]],