{"brockpiece0": [[-0.17479047179222107, -0.7415643930435181, -3.4179835319519043], [97.7648696899414, 13.799153327941895, 93.34968566894531], [-0.04771063104271889, 0.8072485327720642, -0.47105833888053894]], "brockpiece1": [[0.2759352922439575, -0.45288997888565063, -3.0884690284729004], [-19.186128616333008, 70.13330841064453, 66.73078155517578], [-0.060903601348400116, 0.894946277141571, 0.4562895596027374]], "brockpiece2": [[0.5808207392692566, -0.8017328381538391, -3.6762402057647705], [-4.561618804931641, 8.352700233459473, -53.35405349731445], [-0.1568758189678192, 0.8655882477760315, -0.5483085513114929]], "brockpiece3": [[0.17831659317016602, -0.47168850898742676, -3.189972162246704], [-15.162492752075195, 17.304187774658203, 46.433536529541016], [-0.22012151777744293, 0.9278489947319031, 0.3253736197948456]], "brockpiece4": [[0.2643381357192993, -0.14076447486877441, -2.7814438343048096], [-17.91685676574707, -13.948348045349121, -55.90169143676758], [-0.4135969281196594, 0.9918517470359802, 0.46200042963027954]], "brockpiece5": [[-0.04140210151672363, 0.023946285247802734, -2.4095399379730225], [-4.99564266204834, 9.321558952331543, 2.25321626663208], [-0.436776340007782, 0.9646992683410645, -0.3259457051753998]], "brockpiece6": [[0.5025275349617004, -0.7086872458457947, -3.7431278228759766], [51.23335647583008, -21.492156982421875, 115.23097229003906], [-0.01387631893157959, 0.9064578413963318, -0.06759907305240631]], "brockpiece7": [[0.9521455764770508, -1.1584200859069824, -4.183289527893066], [-161.337646484375, 5.011507511138916, -106.30872344970703], [-0.016788214445114136, 1.2991664409637451, -0.5754176378250122]], "brockpiece8": [[1.587185025215149, -1.0908842086791992, -5.2584381103515625], [-150.96359252929688, -1.5042356252670288, -110.00018310546875], [-0.10184786468744278, 1.4046438932418823, 0.10018877685070038]], "brockpiece9": [[-1.1313765048980713, -0.7910087704658508, -1.58793044090271], [23.60539436340332, 18.26808738708496, -106.5772933959961], [0.009604007937014103, 0.8276886940002441, 0.4656519293785095]], "brockpiece10": [[0.04252701252698898, -0.25675660371780396, -1.32769775390625], [15.612019538879395, 6.004966735839844, -174.377197265625], [0.026453230530023575, 0.7262305021286011, -0.09866398572921753]], "brockpiece11": [[-0.13573171198368073, -0.6255221366882324, -2.1293089389801025], [-15.382594108581543, -17.46350860595703, 37.182716369628906], [0.023447148501873016, 0.6883174180984497, -0.6239317655563354]], "brockpiece12": [[-0.0250791534781456, -0.143233060836792, -1.3722448348999023], [-3.238589286804199, -8.067741394042969, 8.223352432250977], [0.057196881622076035, 0.6268966794013977, -0.06759794801473618]], "brockpiece13": [[-0.04233416169881821, -0.14200864732265472, -0.9464316368103027], [-14.130882263183594, -12.702706336975098, 1.3800814151763916], [0.10751569271087646, 0.33034080266952515, -0.6997447609901428]], "brockpiece14": [[-0.1110726147890091, -0.064645916223526, -0.953055202960968], [2.571180582046509, -9.751472473144531, -6.674910545349121], [0.1765923947095871, 0.3738964796066284, -0.06937721371650696]], "brockpiece15": [[-0.042743027210235596, -0.00013181567192077637, -0.07566069066524506], [-0.009403951466083527, 4.76887845993042, 0.01496895682066679], [0.32439151406288147, 0.17386914789676666, 0.1606941819190979]], "brockpiece16": [[-0.11669689416885376, -0.0006285905838012695, -0.30026230216026306], [0.00463445670902729, -7.39924955368042, -0.021051784977316856], [0.2422737032175064, 0.13469432294368744, -0.2985038757324219]], "brockpiece17": [[0.09128997474908829, 0.02133733034133911, -0.9270510077476501], [-2.7382798194885254, -0.669620156288147, 27.803972244262695], [0.05579742044210434, 0.8304786086082458, -0.06759888678789139]], "brockpiece18": [[0.05236691236495972, 7.82012939453125e-05, -0.946497917175293], [0.00019353114475961775, -4.430299758911133, 0.0004298789717722684], [0.7751116156578064, 1.1647822856903076, 0.4550911784172058]], "brockpiece19": [[0.5837873220443726, -0.7623723745346069, -3.192157745361328], [-158.4492950439453, -14.267720222473145, -65.35944366455078], [0.04745550453662872, 0.8352649807929993, -0.8555060029029846]], "brockpiece20": [[0.11507057398557663, -0.11287170648574829, -2.3369126319885254], [26.80807876586914, -23.868820190429688, -101.70806121826172], [0.0324799083173275, 0.8903895616531372, 0.1047213077545166]], "brockpiece21": [[0.06793577969074249, 7.867813110351562e-05, -0.9935224652290344], [-0.0001564947160659358, -4.430032253265381, 0.0003399639099370688], [0.15945503115653992, 1.6952928304672241, 0.277337908744812]], "brockpiece22": [[-0.29721325635910034, -1.776615858078003, -6.500975608825684], [152.29417419433594, 9.772354125976562, -31.857385635375977], [0.5310609936714172, 1.9953807592391968, -0.3219248354434967]], "brockpiece23": [[0.14936235547065735, -0.424435555934906, -2.892092704772949], [-1.4084148406982422, 26.307392120361328, 94.17877960205078], [-0.0681355819106102, 0.8056530356407166, -0.06759854406118393]], "brockpiece24": [[0.050716549158096313, -0.10797619819641113, -2.6410484313964844], [-16.832937240600586, 1.0778754949569702, -35.49087905883789], [-0.3838520646095276, 0.746596097946167, 0.4647919237613678]], "brockpiece25": [[-0.2586861848831177, -0.02360701560974121, -2.392443895339966], [-0.049602873623371124, 1.0823116302490234, -2.6129629611968994], [-1.032001256942749, 0.5244100093841553, 0.6970614790916443]], "brockpiece26": [[-0.7672492861747742, -0.7324628233909607, -1.002501368522644], [14.393319129943848, -11.132502555847168, 126.43502807617188], [-0.012171115726232529, 0.7901149392127991, 0.14576949179172516]], "brockpiece27": [[-0.32213547825813293, -0.6670233607292175, -2.91402006149292], [4.5708394050598145, 3.064411163330078, -6.692807674407959], [-0.029545554891228676, 0.7074200510978699, -0.5648927092552185]], "brockpiece28": [[-1.5563559532165527, -0.7768056392669678, -1.9556773900985718], [-79.25873565673828, -32.16384506225586, 77.43140411376953], [-0.05280172452330589, 0.875779390335083, 0.7411666512489319]], "brockpiece29": [[0.05273620784282684, -0.3354477286338806, -2.65995192527771], [-8.317582130432129, -5.773571968078613, -14.743647575378418], [-0.1528574824333191, 0.604702889919281, -0.03537474945187569]], "brockpiece30": [[0.04408666491508484, -0.3193821907043457, -2.552623748779297], [-10.01091194152832, -6.852320671081543, -10.257681846618652], [-0.212638720870018, 0.5194345116615295, -0.6746488809585571]], "brockpiece31": [[-0.054149478673934937, -0.12342184782028198, -2.5637590885162354], [-10.010881423950195, -6.852330684661865, -10.257781028747559], [-0.3032321333885193, 0.4032418727874756, 0.2416532039642334]], "brockpiece32": [[0.07681424915790558, -0.15323621034622192, -2.4118311405181885], [34.95024108886719, 21.851045608520508, 153.22589111328125], [-0.014846060425043106, 0.7332823276519775, -0.067598357796669]], "brockpiece33": [[-0.1889464259147644, -0.00013020634651184082, -1.3312604427337646], [-0.0012205312959849834, -5.469923973083496, 0.024144964292645454], [-0.07364655286073685, 0.3388040363788605, 0.1644446849822998]], "brockpiece34": [[-0.054295677691698074, 0.0005502104759216309, -1.2532579898834229], [0.037634722888469696, -9.331568717956543, -0.25197169184684753], [-0.040006935596466064, 0.3192813992500305, -0.5479322671890259]], "brockpiece35": [[0.10877197980880737, -0.15705358982086182, -1.4529213905334473], [18.2169189453125, -2.044297218322754, -115.00048065185547], [0.03971529006958008, 0.7414476275444031, -0.4923132658004761]], "brockpiece36": [[-0.025629013776779175, -0.17693251371383667, -1.2847380638122559], [-18.65467643737793, -17.368478775024414, -152.4527130126953], [0.04695548489689827, 0.8178877234458923, 0.2522242069244385]], "brockpiece37": [[-1.3226829767227173, -0.8362577557563782, -1.8601975440979004], [-110.62381744384766, -36.02364730834961, 100.18021392822266], [0.018796933814883232, 0.8953180909156799, 0.6815259456634521]],