{"brockpiece0": [[-0.17616325616836548, -0.7569628953933716, -3.4420132637023926], [99.9367446899414, 37.63087844848633, 96.09705352783203], [-0.04771063104271889, 0.8072485327720642, -0.47105833888053894]], "brockpiece1": [[0.18932688236236572, -0.28825998306274414, -3.0997495651245117], [15.534346580505371, 61.36396408081055, 116.89788055419922], [-0.060903601348400116, 0.894946277141571, 0.4562895596027374]], "brockpiece2": [[0.5846483111381531, -0.8015987873077393, -3.675323247909546], [-4.392126560211182, 7.985888957977295, -54.56166076660156], [-0.1568758189678192, 0.8655882477760315, -0.5483085513114929]], "brockpiece3": [[0.1789739727973938, -0.4206434488296509, -3.159855365753174], [-12.530464172363281, 22.025148391723633, 63.42574691772461], [-0.22012151777744293, 0.9278489947319031, 0.3253736197948456]], "brockpiece4": [[0.2541888952255249, -0.08805572986602783, -2.7500505447387695], [-24.701231002807617, -5.92396879196167, -49.30068588256836], [-0.4135969281196594, 0.9918517470359802, 0.46200042963027954]], "brockpiece5": [[-0.0508846640586853, 0.031148850917816162, -2.3954718112945557], [-4.680989742279053, 8.708710670471191, 1.2812578678131104], [-0.436776340007782, 0.9646992683410645, -0.3259457051753998]], "brockpiece6": [[0.4561702311038971, -0.8127971887588501, -3.7484614849090576], [-28.401111602783203, 34.82806396484375, -60.21727752685547], [-0.01387631893157959, 0.9064578413963318, -0.06759907305240631]], "brockpiece7": [[0.9526601433753967, -1.1573960781097412, -4.187713623046875], [-161.07212829589844, 4.376189708709717, -105.70104217529297], [-0.016788214445114136, 1.2991664409637451, -0.5754176378250122]], "brockpiece8": [[1.5515105724334717, -1.0699819326400757, -5.266724586486816], [-151.07571411132812, -4.8402862548828125, -102.35842895507812], [-0.10184786468744278, 1.4046438932418823, 0.10018877685070038]], "brockpiece9": [[-0.9907680749893188, -0.7608658671379089, -1.5843276977539062], [9.28463077545166, 7.244889259338379, 15.51655101776123], [0.009604007937014103, 0.8276886940002441, 0.4656519293785095]], "brockpiece10": [[0.04566768556833267, -0.2430555820465088, -1.3269070386886597], [14.347345352172852, 5.371496677398682, -173.97340393066406], [0.026453230530023575, 0.7262305021286011, -0.09866398572921753]], "brockpiece11": [[-0.1374044120311737, -0.6235700845718384, -2.1267223358154297], [-12.867547988891602, -17.449481964111328, 32.384796142578125], [0.023447148501873016, 0.6883174180984497, -0.6239317655563354]], "brockpiece12": [[-0.01569639891386032, -0.13793310523033142, -1.3726764917373657], [-3.1454460620880127, -8.205760955810547, 7.743281364440918], [0.057196881622076035, 0.6268966794013977, -0.06759794801473618]], "brockpiece13": [[-0.038969725370407104, -0.13201245665550232, -0.9444606304168701], [-16.73443603515625, -12.1090726852417, 1.6979951858520508], [0.10751569271087646, 0.33034080266952515, -0.6997447609901428]], "brockpiece14": [[-0.09950046241283417, -0.058490753173828125, -0.9584010243415833], [2.0802700519561768, -9.294608116149902, -6.9911041259765625], [0.1765923947095871, 0.3738964796066284, -0.06937721371650696]], "brockpiece15": [[-0.04170086979866028, -0.0001627504825592041, -0.07453566044569016], [-0.003098605666309595, 4.422114849090576, 0.014228669926524162], [0.32439151406288147, 0.17386914789676666, 0.1606941819190979]], "brockpiece16": [[-0.12456226348876953, -0.0005679875612258911, -0.30811843276023865], [-0.004817551001906395, -8.05383586883545, 0.03531721606850624], [0.2422737032175064, 0.13469432294368744, -0.2985038757324219]], "brockpiece17": [[0.07478875666856766, 0.049086034297943115, -0.9272916316986084], [-2.7922561168670654, -2.738884925842285, 13.10149097442627], [0.05579742044210434, 0.8304786086082458, -0.06759888678789139]], "brockpiece18": [[0.051655590534210205, 7.975101470947266e-05, -0.9466512203216553], [0.00015071431698743254, -4.4292168617248535, 0.0008152274531312287], [0.7751116156578064, 1.1647822856903076, 0.4550911784172058]], "brockpiece19": [[0.6121287941932678, -0.7598559260368347, -3.161597728729248], [-141.3497314453125, 6.240766525268555, -95.42112731933594], [0.04745550453662872, 0.8352649807929993, -0.8555060029029846]], "brockpiece20": [[0.10905624181032181, -0.10901021957397461, -2.281002998352051], [0.46499142050743103, -28.340967178344727, -62.8853874206543], [0.0324799083173275, 0.8903895616531372, 0.1047213077545166]], "brockpiece21": [[0.06721997261047363, 7.963180541992188e-05, -0.9936656355857849], [2.4865870475769043, 8.412096977233887, 158.04579162597656], [0.15945503115653992, 1.6952928304672241, 0.277337908744812]], "brockpiece22": [[-0.30537688732147217, -1.7735668420791626, -6.5042572021484375], [151.9088134765625, 9.681375503540039, -32.28004837036133], [0.5310609936714172, 1.9953807592391968, -0.3219248354434967]], "brockpiece23": [[0.15712830424308777, -0.4379691779613495, -2.845388412475586], [-15.72041130065918, 22.94797706604004, 56.88649368286133], [-0.0681355819106102, 0.8056530356407166, -0.06759854406118393]], "brockpiece24": [[0.06030386686325073, -0.09390866756439209, -2.6211702823638916], [-18.246305465698242, 2.0323877334594727, -30.647499084472656], [-0.3838520646095276, 0.746596097946167, 0.4647919237613678]], "brockpiece25": [[-0.2550431489944458, -0.0077956318855285645, -2.3953311443328857], [-0.3381305932998657, -0.02079622633755207, -0.8875582814216614], [-1.032001256942749, 0.5244100093841553, 0.6970614790916443]], "brockpiece26": [[-0.88913893699646, -0.6576146483421326, -1.1405701637268066], [20.89950942993164, 2.485466480255127, 12.748820304870605], [-0.012171115726232529, 0.7901149392127991, 0.14576949179172516]], "brockpiece27": [[-0.32490968704223633, -0.6683921217918396, -2.9133903980255127], [4.442326068878174, 2.841693878173828, -11.533093452453613], [-0.029545554891228676, 0.7074200510978699, -0.5648927092552185]], "brockpiece28": [[-1.39429771900177, -0.8150184750556946, -1.7298129796981812], [31.973526000976562, 35.512542724609375, -106.21217346191406], [-0.05280172452330589, 0.875779390335083, 0.7411666512489319]], "brockpiece29": [[0.05284479260444641, -0.32524165511131287, -2.654160737991333], [-9.871210098266602, -4.812616348266602, -13.668177604675293], [-0.1528574824333191, 0.604702889919281, -0.03537474945187569]], "brockpiece30": [[0.04732562601566315, -0.31819984316825867, -2.5494494438171387], [-9.745355606079102, -6.956776142120361, -13.08385944366455], [-0.212638720870018, 0.5194345116615295, -0.6746488809585571]], "brockpiece31": [[-0.049346476793289185, -0.11681222915649414, -2.560760974884033], [-9.745340347290039, -6.956785202026367, -13.083941459655762], [-0.3032321333885193, 0.4032418727874756, 0.2416532039642334]], "brockpiece32": [[0.06386436522006989, -0.14664441347122192, -2.401667594909668], [35.75944137573242, 21.459060668945312, 153.12747192382812], [-0.014846060425043106, 0.7332823276519775, -0.067598357796669]], "brockpiece33": [[-0.17975512146949768, 0.0002372264862060547, -1.3382043838500977], [-0.010126874782145023, -4.5644659996032715, 0.1982860565185547], [-0.07364655286073685, 0.3388040363788605, 0.1644446849822998]], "brockpiece34": [[-0.051823411136865616, 0.003551185131072998, -1.2478103637695312], [-0.330572247505188, -8.482125282287598, -0.38767102360725403], [-0.040006935596466064, 0.3192813992500305, -0.5479322671890259]], "brockpiece35": [[-0.006280764937400818, -0.11266571283340454, -1.493416428565979], [-17.05126190185547, 1.072561502456665, 48.03278350830078], [0.03971529006958008, 0.7414476275444031, -0.4923132658004761]], "brockpiece36": [[-0.03310839831829071, -0.1475641131401062, -1.294620394706726], [-18.591981887817383, -24.21462059020996, -147.5743408203125], [0.04695548489689827, 0.8178877234458923, 0.2522242069244385]], "brockpiece37": [[-1.298454999923706, -0.8581604957580566, -1.8716096878051758], [-134.20977783203125, 17.45474624633789, 49.16488265991211], [0.018796933814883232, 0.8953180909156799, 0.6815259456634521]],