{"brockpiece0": [[-0.17421704530715942, -0.7405441403388977, -3.4156761169433594], [97.64652252197266, 12.036463737487793, 93.19341278076172], [-0.04771063104271889, 0.8072485327720642, -0.47105833888053894]], "brockpiece1": [[0.16449670493602753, -0.27497977018356323, -3.088898181915283], [17.715974807739258, 53.4422607421875, 123.41124725341797], [-0.060903601348400116, 0.894946277141571, 0.4562895596027374]], "brockpiece2": [[0.5831685662269592, -0.8007681369781494, -3.6729676723480225], [-3.97269344329834, 8.836967468261719, -50.983665466308594], [-0.1568758189678192, 0.8655882477760315, -0.5483085513114929]], "brockpiece3": [[0.1850171983242035, -0.42031705379486084, -3.161390781402588], [-14.398574829101562, 21.155338287353516, 59.7050666809082], [-0.22012151777744293, 0.9278489947319031, 0.3253736197948456]], "brockpiece4": [[0.2574352025985718, -0.08178490400314331, -2.7436583042144775], [-19.920711517333984, -0.035600241273641586, -47.527347564697266], [-0.4135969281196594, 0.9918517470359802, 0.46200042963027954]], "brockpiece5": [[-0.051721543073654175, 0.03142350912094116, -2.407278537750244], [-5.27081823348999, 9.23124885559082, 1.5381542444229126], [-0.436776340007782, 0.9646992683410645, -0.3259457051753998]], "brockpiece6": [[0.4371584951877594, -0.8094238638877869, -3.7432146072387695], [-32.57762908935547, 31.082969665527344, -67.55728149414062], [-0.01387631893157959, 0.9064578413963318, -0.06759907305240631]], "brockpiece7": [[0.9545869827270508, -1.1583349704742432, -4.186112403869629], [-161.27330017089844, 4.9687180519104, -106.25564575195312], [-0.016788214445114136, 1.2991664409637451, -0.5754176378250122]], "brockpiece8": [[1.548932671546936, -1.0654810667037964, -5.2616496086120605], [-150.85398864746094, -5.155876636505127, -101.14904022216797], [-0.10184786468744278, 1.4046438932418823, 0.10018877685070038]], "brockpiece9": [[-1.0715957880020142, -0.7506006360054016, -1.6498494148254395], [6.382320880889893, 2.425226926803589, 44.95287322998047], [0.009604007937014103, 0.8276886940002441, 0.4656519293785095]], "brockpiece10": [[0.04690232872962952, -0.24230197072029114, -1.3273290395736694], [14.54132080078125, 5.3451433181762695, -174.25624084472656], [0.026453230530023575, 0.7262305021286011, -0.09866398572921753]], "brockpiece11": [[-0.12562885880470276, -0.6191269755363464, -2.1228525638580322], [-7.6203107833862305, -20.024219512939453, 17.97299575805664], [0.023447148501873016, 0.6883174180984497, -0.6239317655563354]], "brockpiece12": [[-0.013795789331197739, -0.1374826729297638, -1.3741662502288818], [-3.2273614406585693, -8.149584770202637, 7.57230806350708], [0.057196881622076035, 0.6268966794013977, -0.06759794801473618]], "brockpiece13": [[-0.03791843354701996, -0.13150550425052643, -0.9452806711196899], [-16.945348739624023, -11.980900764465332, 1.8910499811172485], [0.10751569271087646, 0.33034080266952515, -0.6997447609901428]], "brockpiece14": [[-0.0975055992603302, -0.05775812268257141, -0.9603937268257141], [2.049386501312256, -9.269969940185547, -7.036667823791504], [0.1765923947095871, 0.3738964796066284, -0.06937721371650696]], "brockpiece15": [[-0.04138949513435364, -9.12696123123169e-05, -0.07435623556375504], [-0.007146463729441166, 4.390636444091797, -0.03638705983757973], [0.32439151406288147, 0.17386914789676666, 0.1606941819190979]], "brockpiece16": [[-0.1248108446598053, -0.0006826072931289673, -0.3105645477771759], [-0.015046533197164536, -8.116989135742188, 0.01373825129121542], [0.2422737032175064, 0.13469432294368744, -0.2985038757324219]], "brockpiece17": [[0.07448834925889969, 0.05095881223678589, -0.9294581413269043], [-2.4958744049072266, -3.327437400817871, 10.656115531921387], [0.05579742044210434, 0.8304786086082458, -0.06759888678789139]], "brockpiece18": [[0.051659464836120605, 7.581710815429688e-05, -0.9466760158538818], [0.0005891569890081882, -4.430459022521973, 0.00020038188085891306], [0.7751116156578064, 1.1647822856903076, 0.4550911784172058]], "brockpiece19": [[0.614266037940979, -0.7612073421478271, -3.1571269035339355], [-139.0352020263672, 9.589632034301758, -100.06562042236328], [0.04745550453662872, 0.8352649807929993, -0.8555060029029846]], "brockpiece20": [[0.10999936610460281, -0.12496250867843628, -2.2735748291015625], [-7.120918273925781, -20.147777557373047, -44.373291015625], [0.0324799083173275, 0.8903895616531372, 0.1047213077545166]], "brockpiece21": [[0.06722860038280487, 7.784366607666016e-05, -0.9936981797218323], [0.0005491230404004455, -4.42996072769165, 0.0003673665050882846], [0.15945503115653992, 1.6952928304672241, 0.277337908744812]], "brockpiece22": [[-0.3287387788295746, -1.744400978088379, -6.4984130859375], [153.47792053222656, 10.875364303588867, -26.97235679626465], [0.5310609936714172, 1.9953807592391968, -0.3219248354434967]], "brockpiece23": [[0.1561495065689087, -0.4396728575229645, -2.83951735496521], [-18.929718017578125, 17.543954849243164, 44.07238006591797], [-0.0681355819106102, 0.8056530356407166, -0.06759854406118393]], "brockpiece24": [[0.06764525175094604, -0.08766776323318481, -2.623987913131714], [-18.172901153564453, 1.6736323833465576, -31.352880477905273], [-0.3838520646095276, 0.746596097946167, 0.4647919237613678]], "brockpiece25": [[-0.26678216457366943, -0.0031195878982543945, -2.4041731357574463], [-0.6186560988426208, -0.419669508934021, -0.27045056223869324], [-1.032001256942749, 0.5244100093841553, 0.6970614790916443]], "brockpiece26": [[-0.9541627764701843, -0.6754702925682068, -1.3021056652069092], [-4.686505317687988, 24.269073486328125, -73.1459732055664], [-0.012171115726232529, 0.7901149392127991, 0.14576949179172516]], "brockpiece27": [[-0.3216564655303955, -0.6702046394348145, -2.9129600524902344], [4.48919153213501, 2.0175836086273193, -18.242786407470703], [-0.029545554891228676, 0.7074200510978699, -0.5648927092552185]], "brockpiece28": [[-1.3669352531433105, -0.8327568769454956, -1.7360515594482422], [21.79098892211914, 33.90616226196289, -170.44967651367188], [-0.05280172452330589, 0.875779390335083, 0.7411666512489319]], "brockpiece29": [[0.05588061362504959, -0.32365068793296814, -2.656730890274048], [-10.188468933105469, -4.845719814300537, -14.185455322265625], [-0.1528574824333191, 0.604702889919281, -0.03537474945187569]], "brockpiece30": [[0.047798022627830505, -0.317333459854126, -2.552563190460205], [-9.911640167236328, -6.86107873916626, -13.940445899963379], [-0.212638720870018, 0.5194345116615295, -0.6746488809585571]], "brockpiece31": [[-0.04545310139656067, -0.11092448234558105, -2.563659429550171], [-9.911625862121582, -6.861093521118164, -13.940530776977539], [-0.3032321333885193, 0.4032418727874756, 0.2416532039642334]], "brockpiece32": [[0.051216088235378265, -0.14451229572296143, -2.4026999473571777], [38.16096878051758, 17.282941818237305, 161.13812255859375], [-0.014846060425043106, 0.7332823276519775, -0.067598357796669]], "brockpiece33": [[-0.176914244890213, -0.00046321749687194824, -1.3406713008880615], [-0.010842722840607166, -4.529572486877441, 0.02486485242843628], [-0.07364655286073685, 0.3388040363788605, 0.1644446849822998]], "brockpiece34": [[-0.0503903366625309, 0.005474120378494263, -1.2488775253295898], [-0.44022634625434875, -8.63499641418457, -0.7485383749008179], [-0.040006935596466064, 0.3192813992500305, -0.5479322671890259]], "brockpiece35": [[-0.0015499591827392578, -0.11079472303390503, -1.4933990240097046], [-15.82977294921875, 2.4369657039642334, 52.95240020751953], [0.03971529006958008, 0.7414476275444031, -0.4923132658004761]], "brockpiece36": [[-0.03303501754999161, -0.14606857299804688, -1.2952498197555542], [-17.508068084716797, -23.77350616455078, -148.8913116455078], [0.04695548489689827, 0.8178877234458923, 0.2522242069244385]], "brockpiece37": [[-1.2248526811599731, -0.9057616591453552, -2.095961809158325], [-145.0349884033203, 10.978004455566406, 45.35722351074219], [0.018796933814883232, 0.8953180909156799, 0.6815259456634521]],