{"brockpiece0": [[-0.17862257361412048, -0.7909932136535645, -3.476773262023926], [-108.94249725341797, 72.98484802246094, -111.99662780761719], [-0.04771063104271889, 0.8072485327720642, -0.47105833888053894]], "brockpiece1": [[0.2809264659881592, -0.45344293117523193, -3.0798943042755127], [-41.76238250732422, 62.53380584716797, 40.537353515625], [-0.060903601348400116, 0.894946277141571, 0.4562895596027374]], "brockpiece2": [[0.5826596021652222, -0.801623523235321, -3.6772077083587646], [-4.5989089012146, 8.175421714782715, -54.37911605834961], [-0.1568758189678192, 0.8655882477760315, -0.5483085513114929]], "brockpiece3": [[0.1737709790468216, -0.45828425884246826, -3.181269645690918], [-13.937108993530273, 19.12578582763672, 51.69227981567383], [-0.22012151777744293, 0.9278489947319031, 0.3253736197948456]], "brockpiece4": [[0.2691936194896698, -0.11741870641708374, -2.786383628845215], [-28.456941604614258, -12.79571533203125, -50.220314025878906], [-0.4135969281196594, 0.9918517470359802, 0.46200042963027954]], "brockpiece5": [[-0.04369798302650452, 0.023838400840759277, -2.4057695865631104], [-4.931124687194824, 9.321273803710938, 2.251394271850586], [-0.436776340007782, 0.9646992683410645, -0.3259457051753998]], "brockpiece6": [[0.5498118996620178, -0.7586278915405273, -3.7693512439727783], [47.159427642822266, 15.238667488098145, 74.64258575439453], [-0.01387631893157959, 0.9064578413963318, -0.06759907305240631]], "brockpiece7": [[0.9528111815452576, -1.1584094762802124, -4.184632778167725], [-161.3480682373047, 5.008327007293701, -106.3104476928711], [-0.016788214445114136, 1.2991664409637451, -0.5754176378250122]], "brockpiece8": [[1.6016244888305664, -1.0929548740386963, -5.23699426651001], [-152.04689025878906, 3.813549518585205, -115.31554412841797], [-0.10184786468744278, 1.4046438932418823, 0.10018877685070038]], "brockpiece9": [[-0.9050946235656738, -0.7505924105644226, -1.5877281427383423], [26.42891502380371, 4.0496625900268555, -37.36697769165039], [0.009604007937014103, 0.8276886940002441, 0.4656519293785095]], "brockpiece10": [[0.043231673538684845, -0.2499813735485077, -1.3276113271713257], [14.813720703125, 5.630599021911621, -174.18948364257812], [0.026453230530023575, 0.7262305021286011, -0.09866398572921753]], "brockpiece11": [[-0.13406923413276672, -0.6248114109039307, -2.1283864974975586], [-14.813213348388672, -18.025678634643555, 35.391258239746094], [0.023447148501873016, 0.6883174180984497, -0.6239317655563354]], "brockpiece12": [[-0.020748626440763474, -0.14077496528625488, -1.373365879058838], [-3.1581344604492188, -8.222495079040527, 7.69370698928833], [0.057196881622076035, 0.6268966794013977, -0.06759794801473618]], "brockpiece13": [[-0.041277430951595306, -0.13946063816547394, -0.9444543123245239], [-15.002503395080566, -12.250051498413086, 2.158236503601074], [0.10751569271087646, 0.33034080266952515, -0.6997447609901428]], "brockpiece14": [[-0.10666517913341522, -0.06194448471069336, -0.95567387342453], [2.3292901515960693, -9.579354286193848, -6.799083232879639], [0.1765923947095871, 0.3738964796066284, -0.06937721371650696]], "brockpiece15": [[-0.04265475273132324, -7.086992263793945e-05, -0.07557039707899094], [-0.0005879875971004367, 4.637665748596191, -0.018113207072019577], [0.32439151406288147, 0.17386914789676666, 0.1606941819190979]], "brockpiece16": [[-0.12159105390310287, -0.0007413476705551147, -0.30521443486213684], [-0.002713242080062628, -7.804943561553955, 0.013581291772425175], [0.2422737032175064, 0.13469432294368744, -0.2985038757324219]], "brockpiece17": [[0.08652015775442123, 0.030830323696136475, -0.9240639209747314], [-2.4666247367858887, -1.9460293054580688, 17.564998626708984], [0.05579742044210434, 0.8304786086082458, -0.06759888678789139]], "brockpiece18": [[0.051881253719329834, 8.71419906616211e-05, -0.9465834498405457], [0.00027573941042646766, -4.431127071380615, 0.00034253348712809384], [0.7751116156578064, 1.1647822856903076, 0.4550911784172058]], "brockpiece19": [[0.5991036295890808, -0.7598848938941956, -3.1810669898986816], [-151.61680603027344, -6.990418910980225, -80.86937713623047], [0.04745550453662872, 0.8352649807929993, -0.8555060029029846]], "brockpiece20": [[0.12530109286308289, -0.08817809820175171, -2.331627607345581], [34.97496032714844, -21.836151123046875, -123.35774230957031], [0.0324799083173275, 0.8903895616531372, 0.1047213077545166]], "brockpiece21": [[0.06745423376560211, 9.02414321899414e-05, -0.9936152100563049], [0.00018250603170599788, -4.4308762550354, 2.312099968548864e-05], [0.15945503115653992, 1.6952928304672241, 0.277337908744812]], "brockpiece22": [[-0.29823946952819824, -1.774780035018921, -6.5005364418029785], [152.36961364746094, 9.804579734802246, -31.601879119873047], [0.5310609936714172, 1.9953807592391968, -0.3219248354434967]], "brockpiece23": [[0.14765653014183044, -0.42006054520606995, -2.882678985595703], [-2.7497100830078125, 26.82382583618164, 89.23011779785156], [-0.0681355819106102, 0.8056530356407166, -0.06759854406118393]], "brockpiece24": [[0.05415281653404236, -0.10608375072479248, -2.635080099105835], [-17.060283660888672, 1.2646178007125854, -34.42626953125], [-0.3838520646095276, 0.746596097946167, 0.4647919237613678]], "brockpiece25": [[-0.2544698715209961, -0.02262824773788452, -2.3947057723999023], [-0.03801385685801506, 0.9789420962333679, -2.506495714187622], [-1.032001256942749, 0.5244100093841553, 0.6970614790916443]], "brockpiece26": [[-0.7769240140914917, -0.7440396547317505, -1.0895664691925049], [-26.543272018432617, 35.088218688964844, 137.15948486328125], [-0.012171115726232529, 0.7901149392127991, 0.14576949179172516]], "brockpiece27": [[-0.32253125309944153, -0.6674699187278748, -2.9136316776275635], [4.503689765930176, 3.1107571125030518, -8.23226547241211], [-0.029545554891228676, 0.7074200510978699, -0.5648927092552185]], "brockpiece28": [[-1.557535171508789, -0.8383565545082092, -1.883879542350769], [53.487552642822266, 73.15628814697266, -126.94624328613281], [-0.05280172452330589, 0.875779390335083, 0.7411666512489319]], "brockpiece29": [[0.05321455001831055, -0.3332449495792389, -2.6584043502807617], [-8.662569046020508, -5.332526683807373, -14.202890396118164], [-0.1528574824333191, 0.604702889919281, -0.03537474945187569]], "brockpiece30": [[0.04717659950256348, -0.3194534182548523, -2.5520458221435547], [-9.846620559692383, -6.8879499435424805, -11.051594734191895], [-0.212638720870018, 0.5194345116615295, -0.6746488809585571]], "brockpiece31": [[-0.05101042985916138, -0.12337014079093933, -2.563185930252075], [-9.84659481048584, -6.887959957122803, -11.051692008972168], [-0.3032321333885193, 0.4032418727874756, 0.2416532039642334]], "brockpiece32": [[0.07085830718278885, -0.1483723521232605, -2.4070544242858887], [35.08002853393555, 22.38552474975586, 152.641845703125], [-0.014846060425043106, 0.7332823276519775, -0.067598357796669]], "brockpiece33": [[-0.18399766087532043, -0.00020110607147216797, -1.3335001468658447], [0.0017780970083549619, -5.237371444702148, 0.006945846602320671], [-0.07364655286073685, 0.3388040363788605, 0.1644446849822998]], "brockpiece34": [[-0.052991557866334915, 0.0017143487930297852, -1.2525410652160645], [0.0720512643456459, -9.0563325881958, -0.6699047088623047], [-0.040006935596466064, 0.3192813992500305, -0.5479322671890259]], "brockpiece35": [[0.058519963175058365, -0.1383516788482666, -1.4682590961456299], [13.644752502441406, -17.59547233581543, -66.10476684570312], [0.03971529006958008, 0.7414476275444031, -0.4923132658004761]], "brockpiece36": [[-0.03048451989889145, -0.16412830352783203, -1.296220302581787], [-23.36886215209961, -24.52515411376953, -151.12266540527344], [0.04695548489689827, 0.8178877234458923, 0.2522242069244385]], "brockpiece37": [[-1.3087347745895386, -0.8383380770683289, -1.8676950931549072], [-103.98719024658203, -30.61764144897461, 92.75072479248047], [0.018796933814883232, 0.8953180909156799, 0.6815259456634521]],