{"brockpiece0": [[-0.1652735471725464, -0.7224316000938416, -3.3025383949279785], [105.70623016357422, -72.26407623291016, 78.00879669189453], [-0.04771063104271889, 0.8072485327720642, -0.47105833888053894]], "brockpiece1": [[0.27407336235046387, -0.45347416400909424, -3.0933680534362793], [-2.8102831840515137, 71.62287902832031, 84.75833129882812], [-0.060903601348400116, 0.894946277141571, 0.4562895596027374]], "brockpiece2": [[0.571325957775116, -0.8029220700263977, -3.6743781566619873], [-3.6401262283325195, 9.417805671691895, -44.753456115722656], [-0.1568758189678192, 0.8655882477760315, -0.5483085513114929]], "brockpiece3": [[0.18452486395835876, -0.4791885316371918, -3.203503370285034], [-14.798316955566406, 17.02374267578125, 46.275856018066406], [-0.22012151777744293, 0.9278489947319031, 0.3253736197948456]], "brockpiece4": [[0.2634660005569458, -0.1645122766494751, -2.79042911529541], [-10.617186546325684, -12.872472763061523, -61.33036422729492], [-0.4135969281196594, 0.9918517470359802, 0.46200042963027954]], "brockpiece5": [[-0.03861403465270996, 0.02349931001663208, -2.4114882946014404], [-4.997397422790527, 9.355937004089355, 2.2513468265533447], [-0.436776340007782, 0.9646992683410645, -0.3259457051753998]], "brockpiece6": [[0.5010845065116882, -0.7075159549713135, -3.742539405822754], [49.0447998046875, -23.78912925720215, 117.91710662841797], [-0.01387631893157959, 0.9064578413963318, -0.06759907305240631]], "brockpiece7": [[0.951144814491272, -1.1584079265594482, -4.181715488433838], [-161.3610382080078, 5.006399154663086, -106.31612396240234], [-0.016788214445114136, 1.2991664409637451, -0.5754176378250122]], "brockpiece8": [[1.5855796337127686, -1.0922667980194092, -5.264824390411377], [-150.76683044433594, -2.216519594192505, -109.13616943359375], [-0.10184786468744278, 1.4046438932418823, 0.10018877685070038]], "brockpiece9": [[-1.0046765804290771, -0.7864292860031128, -1.5286914110183716], [63.11613464355469, 35.63717269897461, -99.56729888916016], [0.009604007937014103, 0.8276886940002441, 0.4656519293785095]], "brockpiece10": [[0.039970651268959045, -0.2618348300457001, -1.327734351158142], [16.99882698059082, 6.545960426330566, -175.09609985351562], [0.026453230530023575, 0.7262305021286011, -0.09866398572921753]], "brockpiece11": [[-0.13447058200836182, -0.625742495059967, -2.1292693614959717], [-15.698362350463867, -17.512331008911133, 37.728973388671875], [0.023447148501873016, 0.6883174180984497, -0.6239317655563354]], "brockpiece12": [[-0.03062267042696476, -0.1445578634738922, -1.3707127571105957], [-3.2608704566955566, -7.675107479095459, 8.45267105102539], [0.057196881622076035, 0.6268966794013977, -0.06759794801473618]], "brockpiece13": [[-0.04465098679065704, -0.14640866219997406, -0.9477857351303101], [-13.128717422485352, -13.057402610778809, 1.6443393230438232], [0.10751569271087646, 0.33034080266952515, -0.6997447609901428]], "brockpiece14": [[-0.11623239517211914, -0.06757831573486328, -0.9495052695274353], [2.7499918937683105, -9.773059844970703, -5.8990631103515625], [0.1765923947095871, 0.3738964796066284, -0.06937721371650696]], "brockpiece15": [[-0.04271802306175232, -0.0001733154058456421, -0.07631094008684158], [0.0005984873278066516, 4.950923442840576, -8.912502380553633e-05], [0.32439151406288147, 0.17386914789676666, 0.1606941819190979]], "brockpiece16": [[-0.11115007102489471, -0.0008135437965393066, -0.2951521575450897], [-0.016756020486354828, -6.880133628845215, 0.03128902614116669], [0.2422737032175064, 0.13469432294368744, -0.2985038757324219]], "brockpiece17": [[0.09141064435243607, 0.01425999402999878, -0.928795337677002], [-2.7593441009521484, 0.036807477474212646, 32.94872283935547], [0.05579742044210434, 0.8304786086082458, -0.06759888678789139]], "brockpiece18": [[0.05261260271072388, 7.49826431274414e-05, -0.946540892124176], [0.00017126712191384286, -4.432894706726074, 0.00045214526471681893], [0.7751116156578064, 1.1647822856903076, 0.4550911784172058]], "brockpiece19": [[0.5738921165466309, -0.7643647789955139, -3.196974754333496], [-163.34744262695312, -16.79796600341797, -55.95516586303711], [0.04745550453662872, 0.8352649807929993, -0.8555060029029846]], "brockpiece20": [[0.11115407198667526, -0.1281401515007019, -2.3410956859588623], [25.69610595703125, -19.385761260986328, -95.14346313476562], [0.0324799083173275, 0.8903895616531372, 0.1047213077545166]], "brockpiece21": [[0.0681917816400528, 7.390975952148438e-05, -0.9935938715934753], [2.4881751537323, 8.415666580200195, 158.0454559326172], [0.15945503115653992, 1.6952928304672241, 0.277337908744812]], "brockpiece22": [[-0.29834920167922974, -1.7766163349151611, -6.502013206481934], [152.25120544433594, 9.844569206237793, -31.862030029296875], [0.5310609936714172, 1.9953807592391968, -0.3219248354434967]], "brockpiece23": [[0.15419194102287292, -0.4269483983516693, -2.9024088382720947], [-1.8877942562103271, 25.0295352935791, 94.13134765625], [-0.0681355819106102, 0.8056530356407166, -0.06759854406118393]], "brockpiece24": [[0.05219542980194092, -0.10876071453094482, -2.6426265239715576], [-16.943439483642578, 1.3017065525054932, -35.731136322021484], [-0.3838520646095276, 0.746596097946167, 0.4647919237613678]], "brockpiece25": [[-0.2612828016281128, -0.02485862374305725, -2.3903605937957764], [-0.05201385170221329, 1.1502866744995117, -2.748687744140625], [-1.032001256942749, 0.5244100093841553, 0.6970614790916443]], "brockpiece26": [[-0.6553899645805359, -0.7076584100723267, -1.0486114025115967], [22.8580322265625, 21.538597106933594, 34.470703125], [-0.012171115726232529, 0.7901149392127991, 0.14576949179172516]], "brockpiece27": [[-0.32140496373176575, -0.6667593717575073, -2.914576530456543], [4.587639808654785, 3.035738706588745, -5.769523620605469], [-0.029545554891228676, 0.7074200510978699, -0.5648927092552185]], "brockpiece28": [[-1.5397255420684814, -0.8335570096969604, -1.999379277229309], [-137.8224639892578, 43.47104263305664, 35.30087661743164], [-0.05280172452330589, 0.875779390335083, 0.7411666512489319]], "brockpiece29": [[0.05406240373849869, -0.33602771162986755, -2.6608598232269287], [-8.181291580200195, -6.025482654571533, -14.84614372253418], [-0.1528574824333191, 0.604702889919281, -0.03537474945187569]], "brockpiece30": [[0.04326598346233368, -0.31931859254837036, -2.552597999572754], [-10.069149017333984, -6.8428192138671875, -9.962457656860352], [-0.212638720870018, 0.5194345116615295, -0.6746488809585571]], "brockpiece31": [[-0.055063217878341675, -0.12343582510948181, -2.563744306564331], [-10.06912899017334, -6.842824935913086, -9.96253776550293], [-0.3032321333885193, 0.4032418727874756, 0.2416532039642334]], "brockpiece32": [[0.07786519080400467, -0.15512347221374512, -2.4158236980438232], [35.18395233154297, 21.38820457458496, 155.58319091796875], [-0.014846060425043106, 0.7332823276519775, -0.067598357796669]], "brockpiece33": [[-0.19254618883132935, -9.414553642272949e-05, -1.3273526430130005], [-0.0010084103560075164, -5.775801181793213, 0.022781647741794586], [-0.07364655286073685, 0.3388040363788605, 0.1644446849822998]], "brockpiece34": [[-0.056134406477212906, 0.0006670653820037842, -1.2540552616119385], [0.05112934857606888, -9.87546157836914, -0.32662254571914673], [-0.040006935596466064, 0.3192813992500305, -0.5479322671890259]], "brockpiece35": [[0.13478955626487732, -0.1813594102859497, -1.4434199333190918], [13.1951322555542, 4.053706645965576, -141.5133514404297], [0.03971529006958008, 0.7414476275444031, -0.4923132658004761]], "brockpiece36": [[-0.01768953911960125, -0.1914260983467102, -1.2767601013183594], [-12.76883602142334, -13.368169784545898, -155.32815551757812], [0.04695548489689827, 0.8178877234458923, 0.2522242069244385]], "brockpiece37": [[-1.3174026012420654, -0.8388183116912842, -1.8692529201507568], [-109.6371841430664, -28.968786239624023, 94.7459716796875], [0.018796933814883232, 0.8953180909156799, 0.6815259456634521]],