{"brockpiece0": [[-4.038587212562561e-05, 5.245208740234375e-06, 0.00011536478996276855], [0.00016066957323346287, -0.0002934581134468317, 0.0001468491245759651], [-0.04771063104271889, 0.8072485327720642, -0.47105833888053894]], "brockpiece1": [[-4.338100552558899e-05, 6.616115570068359e-06, 0.00011542439460754395], [0.00016093636804725975, -0.0003114140417892486, 4.781133247888647e-05], [-0.060903601348400116, 0.894946277141571, 0.4562895596027374]], "brockpiece2": [[-4.0218234062194824e-05, 5.0067901611328125e-06, 0.00011485815048217773], [0.00015688096755184233, -0.00029444528627209365, 0.00015026421169750392], [-0.1568758189678192, 0.8655882477760315, -0.5483085513114929]], "brockpiece3": [[-4.3019652366638184e-05, 6.258487701416016e-06, 0.00011464953422546387], [0.0001570944004924968, -0.0002936982491519302, 0.00015367929881904274], [-0.22012151777744293, 0.9278489947319031, 0.3253736197948456]], "brockpiece4": [[-4.357099533081055e-05, 6.020069122314453e-06, 0.00011491775512695312], [0.00011376537440810353, -0.0002745950478129089, 0.000155386864207685], [-0.4135969281196594, 0.9918517470359802, 0.46200042963027954]], "brockpiece5": [[-4.112720489501953e-05, 4.589557647705078e-06, 0.00011402368545532227], [0.00015581374464090914, -0.00029561921837739646, 0.0001588019513292238], [-0.436776340007782, 0.9646992683410645, -0.3259457051753998]], "brockpiece6": [[-4.177168011665344e-05, 6.020069122314453e-06, 0.00011554360389709473], [0.00015411287313327193, -0.00027528873761184514, 0.00011184437607880682], [-0.01387631893157959, 0.9064578413963318, -0.06759907305240631]], "brockpiece7": [[-4.0763989090919495e-05, 4.76837158203125e-06, 0.00011527538299560547], [0.00016082965885289013, -0.0002924175641965121, 0.0001575213100295514], [-0.016788214445114136, 1.2991664409637451, -0.5754176378250122]], "brockpiece8": [[-4.3004751205444336e-05, 6.198883056640625e-06, 0.00011442601680755615], [0.00017000774096231908, -0.00031162748928181827, 0.0003329718310851604], [-0.10184786468744278, 1.4046438932418823, 0.10018877685070038]], "brockpiece9": [[-4.330091178417206e-05, 6.854534149169922e-06, 0.00011590123176574707], [0.00016579224029555917, -0.000313708558678627, 5.6349086662521586e-05], [0.009604007937014103, 0.8276886940002441, 0.4656519293785095]], "brockpiece10": [[3.811344504356384e-05, -0.00018721818923950195, 0.00014635175466537476], [0.020376386120915413, 0.013997623696923256, 0.07572977244853973], [0.026453230530023575, 0.7262305021286011, -0.09866398572921753]], "brockpiece11": [[-3.9771199226379395e-05, 4.887580871582031e-06, 0.0001157522201538086], [0.00014598203415516764, -0.0002962328726425767, 0.00016050945851020515], [0.023447148501873016, 0.6883174180984497, -0.6239317655563354]], "brockpiece12": [[-4.138052463531494e-05, 5.543231964111328e-06, 0.00011638551950454712], [0.00016203027917072177, -0.00030244942172430456, 0.00010074532474391162], [0.057196881622076035, 0.6268966794013977, -0.06759794801473618]], "brockpiece13": [[-3.904104232788086e-05, 4.887580871582031e-06, 0.00011676549911499023], [0.00015933557006064802, -0.00029113690834492445, 0.00015880198043305427], [0.10751569271087646, 0.33034080266952515, -0.6997447609901428]], "brockpiece14": [[-4.09930944442749e-05, 6.020069122314453e-06, 0.00011710822582244873], [0.0001349296362604946, -0.00029609946068376303, 0.0001664859155425802], [0.1765923947095871, 0.3738964796066284, -0.06937721371650696]], "brockpiece15": [[9.825825691223145e-05, -0.0003071725368499756, 0.00045891106128692627], [0.007007243111729622, -0.0008459832752123475, 0.0009647646802477539], [0.32439151406288147, 0.17386914789676666, 0.1606941819190979]], "brockpiece16": [[6.92903995513916e-05, -0.00020135939121246338, 0.00024190545082092285], [-0.0003671227896120399, -0.0037495617289096117, 0.025445882230997086], [0.2422737032175064, 0.13469432294368744, -0.2985038757324219]], "brockpiece17": [[-4.167482256889343e-05, 6.258487701416016e-06, 0.00011595338582992554], [0.00014172648661769927, -0.00038398482138291, -0.0004029812989756465], [0.05579742044210434, 0.8304786086082458, -0.06759888678789139]], "brockpiece18": [[-4.3392181396484375e-05, 7.987022399902344e-06, 0.00011751055717468262], [0.00021344349079299718, -0.0003039435250684619, 0.0003961511538363993], [0.7751116156578064, 1.1647822856903076, 0.4550911784172058]], "brockpiece19": [[-3.92720103263855e-05, 4.649162292480469e-06, 0.00011616945266723633], [0.00017331611888948828, -0.0003509011003188789, 0.00053104740800336], [0.04745550453662872, 0.8352649807929993, -0.8555060029029846]], "brockpiece20": [[-4.2285770177841187e-05, 6.4373016357421875e-06, 0.00011581182479858398], [0.00016541867807973176, -0.000332544936100021, -0.00010416042641736567], [0.0324799083173275, 0.8903895616531372, 0.1047213077545166]], "brockpiece21": [[-4.388391971588135e-05, 7.033348083496094e-06, 0.00011456012725830078], [0.8270391225814819, 4.301905155181885, 158.22955322265625], [0.15945503115653992, 1.6952928304672241, 0.277337908744812]], "brockpiece22": [[-4.2557716369628906e-05, 7.152557373046875e-06, 0.00011563301086425781], [0.0001536793279228732, -0.00030052842339500785, 0.00016221705300267786], [0.5310609936714172, 1.9953807592391968, -0.3219248354434967]], "brockpiece23": [[-4.161149263381958e-05, 5.662441253662109e-06, 0.00011557340621948242], [0.0001447146787540987, -0.0002571993973106146, 0.00037736809463240206], [-0.0681355819106102, 0.8056530356407166, -0.06759854406118393]], "brockpiece24": [[-4.312396049499512e-05, 6.318092346191406e-06, 0.00011545419692993164], [0.00015453308878932148, -0.0002945520100183785, 0.0001605094876140356], [-0.3838520646095276, 0.746596097946167, 0.4647919237613678]], "brockpiece25": [[-4.363059997558594e-05, 5.900859832763672e-06, 0.0001137852668762207], [0.0001588019513292238, -0.0002919906983152032, 0.0001605094876140356], [-1.032001256942749, 0.5244100093841553, 0.6970614790916443]], "brockpiece26": [[-4.227273166179657e-05, 6.377696990966797e-06, 0.0001157522201538086], [0.00014652895333711058, -0.000288722338154912, 0.0001673396909609437], [-0.012171115726232529, 0.7901149392127991, 0.14576949179172516]], "brockpiece27": [[-3.997422754764557e-05, 4.76837158203125e-06, 0.00011557340621948242], [0.00015714777691755444, -0.00029348480165936053, 0.0001741698506521061], [-0.029545554891228676, 0.7074200510978699, -0.5648927092552185]], "brockpiece28": [[-4.4248998165130615e-05, 7.3909759521484375e-06, 0.00011563301086425781], [0.00019380668527446687, -0.00030735862674191594, 0.00014514157373923808], [-0.05280172452330589, 0.875779390335083, 0.7411666512489319]], "brockpiece29": [[-4.145503044128418e-05, 5.424022674560547e-06, 0.00011567026376724243], [0.000149837345816195, -0.0002843067341018468, 0.000249302014708519], [-0.1528574824333191, 0.604702889919281, -0.03537474945187569]], "brockpiece30": [[-3.936886787414551e-05, 4.470348358154297e-06, 0.00011521577835083008], [0.00016285738092847168, -0.0002954057708848268, 0.00014343400835059583], [-0.212638720870018, 0.5194345116615295, -0.6746488809585571]], "brockpiece31": [[-4.208087921142578e-05, 6.16908073425293e-06, 0.00011616945266723633], [0.00016904727090150118, -0.0002941251150332391, 4.6103785280138254e-05], [-0.3032321333885193, 0.4032418727874756, 0.2416532039642334]], "brockpiece32": [[-4.154536873102188e-05, 5.602836608886719e-06, 0.00011581927537918091], [0.0001437742030248046, -0.00022614336921833456, 0.00031184093677438796], [-0.014846060425043106, 0.7332823276519775, -0.067598357796669]], "brockpiece33": [[-4.1700899600982666e-05, 6.288290023803711e-06, 0.00011649727821350098], [0.00015138479648157954, -0.0003105602809228003, 0.00010159910016227514], [-0.07364655286073685, 0.3388040363788605, 0.1644446849822998]], "brockpiece34": [[-3.947317600250244e-05, 4.9173831939697266e-06, 0.00011658668518066406], [0.00015852181240916252, -0.0002919906983152032, 0.00016093638259917498], [-0.040006935596466064, 0.3192813992500305, -0.5479322671890259]],