{"brockpiece0": [[-0.16519498825073242, -0.7225767970085144, -3.301781177520752], [106.05982208251953, -72.76078796386719, 77.6163101196289], [-0.04771063104271889, 0.8072485327720642, -0.47105833888053894]], "brockpiece1": [[0.2750725746154785, -0.4539242386817932, -3.092583656311035], [-4.354170799255371, 71.2984848022461, 83.10983276367188], [-0.060903601348400116, 0.894946277141571, 0.4562895596027374]], "brockpiece2": [[0.5708447694778442, -0.8030163645744324, -3.6742923259735107], [-3.5497500896453857, 9.444677352905273, -44.22868347167969], [-0.1568758189678192, 0.8655882477760315, -0.5483085513114929]], "brockpiece3": [[0.18518781661987305, -0.4800037145614624, -3.2050671577453613], [-14.728846549987793, 17.016021728515625, 46.3461799621582], [-0.22012151777744293, 0.9278489947319031, 0.3253736197948456]], "brockpiece4": [[0.2630353569984436, -0.16681218147277832, -2.7929160594940186], [-10.854538917541504, -12.80568790435791, -61.31846618652344], [-0.4135969281196594, 0.9918517470359802, 0.46200042963027954]], "brockpiece5": [[-0.03832724690437317, 0.023485004901885986, -2.4116275310516357], [-5.000685691833496, 9.37073802947998, 2.2509782314300537], [-0.436776340007782, 0.9646992683410645, -0.3259457051753998]], "brockpiece6": [[0.5016540884971619, -0.7076087594032288, -3.742583751678467], [48.84961700439453, -23.766000747680664, 117.91487121582031], [-0.01387631893157959, 0.9064578413963318, -0.06759907305240631]], "brockpiece7": [[0.9509583115577698, -1.1584141254425049, -4.181576251983643], [-161.35809326171875, 5.006276607513428, -106.31393432617188], [-0.016788214445114136, 1.2991664409637451, -0.5754176378250122]], "brockpiece8": [[1.585593342781067, -1.0924192667007446, -5.265191555023193], [-150.75828552246094, -2.206183910369873, -109.12980651855469], [-0.10184786468744278, 1.4046438932418823, 0.10018877685070038]], "brockpiece9": [[-0.9810205698013306, -0.7976456880569458, -1.5213173627853394], [70.60200500488281, 20.867101669311523, -88.23927307128906], [0.009604007937014103, 0.8276886940002441, 0.4656519293785095]], "brockpiece10": [[0.03860369324684143, -0.2621356248855591, -1.3268290758132935], [17.205354690551758, 6.737297534942627, -175.56997680664062], [0.026453230530023575, 0.7262305021286011, -0.09866398572921753]], "brockpiece11": [[-0.1345081925392151, -0.6258345246315002, -2.1293556690216064], [-15.826115608215332, -17.510881423950195, 38.00045394897461], [0.023447148501873016, 0.6883174180984497, -0.6239317655563354]], "brockpiece12": [[-0.03175755590200424, -0.14458441734313965, -1.3706384897232056], [-3.144645929336548, -7.726993083953857, 8.09660816192627], [0.057196881622076035, 0.6268966794013977, -0.06759794801473618]], "brockpiece13": [[-0.044912226498126984, -0.1483297497034073, -0.9468692541122437], [-12.6845121383667, -12.94942855834961, 1.834677815437317], [0.10751569271087646, 0.33034080266952515, -0.6997447609901428]], "brockpiece14": [[-0.11759024858474731, -0.06794381141662598, -0.9485519528388977], [2.7357468605041504, -9.764873504638672, -5.677424430847168], [0.1765923947095871, 0.3738964796066284, -0.06937721371650696]], "brockpiece15": [[-0.042795807123184204, -0.00014545023441314697, -0.07627278566360474], [-0.008717535063624382, 4.966701030731201, 0.03493955358862877], [0.32439151406288147, 0.17386914789676666, 0.1606941819190979]], "brockpiece16": [[-0.11050266027450562, -0.0005906373262405396, -0.29406633973121643], [-0.005940415430814028, -6.826848983764648, 0.00987647008150816], [0.2422737032175064, 0.13469432294368744, -0.2985038757324219]], "brockpiece17": [[0.09093678742647171, 0.012353479862213135, -0.9289364218711853], [-2.6919827461242676, 0.07031214237213135, 33.27512741088867], [0.05579742044210434, 0.8304786086082458, -0.06759888678789139]], "brockpiece18": [[0.052636563777923584, 7.772445678710938e-05, -0.946535050868988], [0.0002397739444859326, -4.432912826538086, 0.00042302979272790253], [0.7751116156578064, 1.1647822856903076, 0.4550911784172058]], "brockpiece19": [[0.5779919624328613, -0.7635821104049683, -3.194871425628662], [-162.32284545898438, -15.396957397460938, -59.50981903076172], [0.04745550453662872, 0.8352649807929993, -0.8555060029029846]], "brockpiece20": [[0.112286277115345, -0.12765830755233765, -2.343050956726074], [26.238399505615234, -19.375619888305664, -96.5676040649414], [0.0324799083173275, 0.8903895616531372, 0.1047213077545166]], "brockpiece21": [[0.06821654736995697, 7.87973403930664e-05, -0.9935860633850098], [-0.00010714893869590014, -4.4325456619262695, 0.00027231452986598015], [0.15945503115653992, 1.6952928304672241, 0.277337908744812]], "brockpiece22": [[-0.2986675500869751, -1.7766159772872925, -6.502232074737549], [152.24627685546875, 9.848176956176758, -31.865568161010742], [0.5310609936714172, 1.9953807592391968, -0.3219248354434967]], "brockpiece23": [[0.15481138229370117, -0.4268549680709839, -2.9039597511291504], [-1.9293224811553955, 24.826534271240234, 94.29594421386719], [-0.0681355819106102, 0.8056530356407166, -0.06759854406118393]], "brockpiece24": [[0.0523093044757843, -0.10884362459182739, -2.6428396701812744], [-16.966337203979492, 1.3394500017166138, -35.786888122558594], [-0.3838520646095276, 0.746596097946167, 0.4647919237613678]], "brockpiece25": [[-0.26195240020751953, -0.02509516477584839, -2.3900415897369385], [-0.05873820558190346, 1.1682929992675781, -2.77221417427063], [-1.032001256942749, 0.5244100093841553, 0.6970614790916443]], "brockpiece26": [[-0.6350986361503601, -0.711547315120697, -1.0608842372894287], [14.333720207214355, 25.257169723510742, 16.663604736328125], [-0.012171115726232529, 0.7901149392127991, 0.14576949179172516]], "brockpiece27": [[-0.3213652968406677, -0.6667271852493286, -2.9146573543548584], [4.591152667999268, 3.0073182582855225, -5.695559024810791], [-0.029545554891228676, 0.7074200510978699, -0.5648927092552185]], "brockpiece28": [[-1.5416446924209595, -0.8325221538543701, -1.9936537742614746], [-130.39706420898438, 38.669349670410156, 42.679100036621094], [-0.05280172452330589, 0.875779390335083, 0.7411666512489319]], "brockpiece29": [[0.05409069359302521, -0.3361045718193054, -2.660966157913208], [-8.162764549255371, -6.068041801452637, -14.855300903320312], [-0.1528574824333191, 0.604702889919281, -0.03537474945187569]], "brockpiece30": [[0.0431186705827713, -0.3193216919898987, -2.5526390075683594], [-10.080361366271973, -6.848690509796143, -9.901362419128418], [-0.212638720870018, 0.5194345116615295, -0.6746488809585571]], "brockpiece31": [[-0.0553550124168396, -0.12344667315483093, -2.563814163208008], [-10.080328941345215, -6.848718166351318, -9.90148639678955], [-0.3032321333885193, 0.4032418727874756, 0.2416532039642334]], "brockpiece32": [[0.07713928818702698, -0.15516966581344604, -2.4164347648620605], [35.34120559692383, 21.17523193359375, 156.34483337402344], [-0.014846060425043106, 0.7332823276519775, -0.067598357796669]], "brockpiece33": [[-0.19340506196022034, -4.172325134277344e-05, -1.3268167972564697], [-0.003245564643293619, -5.814611911773682, 0.059110790491104126], [-0.07364655286073685, 0.3388040363788605, 0.1644446849822998]], "brockpiece34": [[-0.056472230702638626, 0.0006056725978851318, -1.2543408870697021], [0.04859078675508499, -9.995144844055176, -0.3077390789985657], [-0.040006935596466064, 0.3192813992500305, -0.5479322671890259]], "brockpiece35": [[0.13549450039863586, -0.18473482131958008, -1.4430582523345947], [12.797261238098145, 3.789593458175659, -143.6099090576172], [0.03971529006958008, 0.7414476275444031, -0.4923132658004761]], "brockpiece36": [[-0.01667996495962143, -0.19235330820083618, -1.2748515605926514], [-12.741402626037598, -12.192893028259277, -153.86862182617188], [0.04695548489689827, 0.8178877234458923, 0.2522242069244385]], "brockpiece37": [[-1.3143725395202637, -0.8406229019165039, -1.8736586570739746], [-109.28954315185547, -24.596725463867188, 91.49724578857422], [0.018796933814883232, 0.8953180909156799, 0.6815259456634521]],