{"brockpiece0": [[-9.262934327125549e-05, 7.212162017822266e-06, 0.00014975666999816895], [0.00023596175014972687, -0.0006264566327445209, 2.0490573660936207e-05], [-0.04771063104271889, 0.8072485327720642, -0.47105833888053894]], "brockpiece1": [[-0.00010080263018608093, 7.808208465576172e-06, 0.0001501142978668213], [0.00023393408628180623, -0.0006405438762158155, -6.317926454357803e-05], [-0.060903601348400116, 0.894946277141571, 0.4562895596027374]], "brockpiece2": [[-9.18358564376831e-05, 7.748603820800781e-06, 0.000148773193359375], [0.00023830965801607817, -0.0006317927036434412, -1.536792842671275e-05], [-0.1568758189678192, 0.8655882477760315, -0.5483085513114929]], "brockpiece3": [[-9.964406490325928e-05, 7.987022399902344e-06, 0.00014835596084594727], [0.00023350717674475163, -0.0006301385001279414, -5.1226438699814025e-06], [-0.22012151777744293, 0.9278489947319031, 0.3253736197948456]], "brockpiece4": [[-0.00010082125663757324, 7.927417755126953e-06, 0.0001474916934967041], [0.00018996467406395823, -0.0006108752568252385, 0.0], [-0.4135969281196594, 0.9918517470359802, 0.46200042963027954]], "brockpiece5": [[-9.378790855407715e-05, 7.68899917602539e-06, 0.00014644861221313477], [0.00023649535432923585, -0.0006292313919402659, -8.537740541214589e-06], [-0.436776340007782, 0.9646992683410645, -0.3259457051753998]], "brockpiece6": [[-9.610503911972046e-05, 7.3909759521484375e-06, 0.0001503974199295044], [0.00022863798949401826, -0.0005970547790639102, 0.00011867459397763014], [-0.01387631893157959, 0.9064578413963318, -0.06759907305240631]], "brockpiece7": [[-9.100884199142456e-05, 6.67572021484375e-06, 0.00015014410018920898], [0.00023494791821576655, -0.0006309389136731625, -3.84198301617289e-06], [-0.016788214445114136, 1.2991664409637451, -0.5754176378250122]], "brockpiece8": [[-9.690225124359131e-05, 6.9141387939453125e-06, 0.00014945119619369507], [0.00024876839597709477, -0.0006488682120107114, 0.0001707547635305673], [-0.10184786468744278, 1.4046438932418823, 0.10018877685070038]], "brockpiece9": [[-0.00010098610073328018, 7.450580596923828e-06, 0.00015079975128173828], [0.0002530505880713463, -0.000668344902805984, -0.00020319820032455027], [0.009604007937014103, 0.8276886940002441, 0.4656519293785095]], "brockpiece10": [[5.289912223815918e-07, -0.0001938939094543457, 0.00017096102237701416], [0.02865094505250454, 0.011886240914463997, 0.08351790904998779], [0.026453230530023575, 0.7262305021286011, -0.09866398572921753]], "brockpiece11": [[-9.144656360149384e-05, 6.973743438720703e-06, 0.0001507401466369629], [0.00022576320043299347, -0.0006321395630948246, 1.707547653495567e-06], [0.023447148501873016, 0.6883174180984497, -0.6239317655563354]], "brockpiece12": [[-9.650364518165588e-05, 7.092952728271484e-06, 0.0001512467861175537], [0.00023854977916926146, -0.0006352078053168952, -3.927359648514539e-05], [0.057196881622076035, 0.6268966794013977, -0.06759794801473618]], "brockpiece13": [[-9.129196405410767e-05, 6.794929504394531e-06, 0.00015157461166381836], [0.00023756259179208428, -0.0006300851819105446, -4.268869815859944e-06], [0.10751569271087646, 0.33034080266952515, -0.6997447609901428]], "brockpiece14": [[-9.687244892120361e-05, 7.212162017822266e-06, 0.0001524016261100769], [0.00021483753516804427, -0.0006311523611657321, 1.1099061339336913e-05], [0.1765923947095871, 0.3738964796066284, -0.06937721371650696]], "brockpiece15": [[5.033612251281738e-05, -0.00034852325916290283, 0.00034812092781066895], [-7.790687959641218e-06, 0.011593610048294067, -0.02807379886507988], [0.32439151406288147, 0.17386914789676666, 0.1606941819190979]], "brockpiece16": [[9.34600830078125e-05, -0.0002846568822860718, 0.00042492151260375977], [-0.0011359462514519691, -0.022954139858484268, 0.005870549473911524], [0.2422737032175064, 0.13469432294368744, -0.2985038757324219]], "brockpiece17": [[-9.620934724807739e-05, 7.331371307373047e-06, 0.00015113502740859985], [0.0002192064857808873, -0.0007035097223706543, -0.0004285945324227214], [0.05579742044210434, 0.8304786086082458, -0.06759888678789139]], "brockpiece18": [[-0.00010019540786743164, 6.318092346191406e-06, 0.00015732645988464355], [0.00024588691303506494, -0.0007683965377509594, 0.00033980203443206847], [0.7751116156578064, 1.1647822856903076, 0.4550911784172058]], "brockpiece19": [[-8.918717503547668e-05, 6.973743438720703e-06, 0.00015091896057128906], [0.00025399771402589977, -0.0006860073772259057, 0.000373952992958948], [0.04745550453662872, 0.8352649807929993, -0.8555060029029846]], "brockpiece20": [[-9.766221046447754e-05, 7.569789886474609e-06, 0.00015085190534591675], [0.0002412978356005624, -0.0006702125538140535, -0.00028003784245811403], [0.0324799083173275, 0.8903895616531372, 0.1047213077545166]], "brockpiece21": [[-9.803473949432373e-05, 7.62939453125e-06, 0.00015154480934143066], [0.8278117775917053, 4.301997184753418, 158.22935485839844], [0.15945503115653992, 1.6952928304672241, 0.277337908744812]], "brockpiece22": [[-9.21487808227539e-05, 7.510185241699219e-06, 0.0001551806926727295], [0.00023436096671503037, -0.0006352078053168952, -1.0245287739962805e-05], [0.5310609936714172, 1.9953807592391968, -0.3219248354434967]], "brockpiece23": [[-9.623169898986816e-05, 7.3909759521484375e-06, 0.0001499652862548828], [0.0002313727600267157, -0.0006121559417806566, 2.902831147366669e-05], [-0.0681355819106102, 0.8056530356407166, -0.06759854406118393]], "brockpiece24": [[-0.00010088086128234863, 8.285045623779297e-06, 0.00014796853065490723], [0.00023393405717797577, -0.00062709697522223, 8.537739631719887e-06], [-0.3838520646095276, 0.746596097946167, 0.4647919237613678]], "brockpiece25": [[-0.00010395050048828125, 9.238719940185547e-06, 0.00014191865921020508], [0.00022881141921970993, -0.0006335002835839987, 5.122643415234052e-06], [-1.032001256942749, 0.5244100093841553, 0.6970614790916443]], "brockpiece26": [[-9.816978126764297e-05, 7.569789886474609e-06, 0.00015041232109069824], [0.00022601000091526657, -0.0006252026651054621, -1.0245287739962805e-05], [-0.012171115726232529, 0.7901149392127991, 0.14576949179172516]], "brockpiece27": [[-9.194575250148773e-05, 6.973743438720703e-06, 0.00015014410018920898], [0.00023713571135886014, -0.0006296582869254053, -3.415095306991134e-06], [-0.029545554891228676, 0.7074200510978699, -0.5648927092552185]], "brockpiece28": [[-0.00010339915752410889, 7.808208465576172e-06, 0.00015032291412353516], [0.00028174539329484105, -0.0006556983571499586, -3.415095852687955e-05], [-0.05280172452330589, 0.875779390335083, 0.7411666512489319]], "brockpiece29": [[-9.682774543762207e-05, 7.569789886474609e-06, 0.00014935433864593506], [0.00023211979714687914, -0.0006206936668604612, 8.19622800918296e-05], [-0.1528574824333191, 0.604702889919281, -0.03537474945187569]], "brockpiece30": [[-9.119510650634766e-05, 7.3909759521484375e-06, 0.00014865398406982422], [0.00024033739464357495, -0.0006309389136731625, -1.451415846531745e-05], [-0.212638720870018, 0.5194345116615295, -0.6746488809585571]], "brockpiece31": [[-9.956955909729004e-05, 8.046627044677734e-06, 0.00014856457710266113], [0.00024706084514036775, -0.00062709697522223, -0.00011269814422121271], [-0.3032321333885193, 0.4032418727874756, 0.2416532039642334]], "brockpiece32": [[-9.635649621486664e-05, 7.3909759521484375e-06, 0.0001505538821220398], [0.00022833116236142814, -0.0005893174675293267, -6.531371036544442e-05], [-0.014846060425043106, 0.7332823276519775, -0.067598357796669]], "brockpiece33": [[-9.898096323013306e-05, 7.539987564086914e-06, 0.0001503676176071167], [0.00023234654508996755, -0.0006465202895924449, -6.189860141603276e-05], [-0.07364655286073685, 0.3388040363788605, 0.1644446849822998]], "brockpiece34": [[-9.265169501304626e-05, 7.18235969543457e-06, 0.0001507401466369629], [0.0002362685918342322, -0.0006296582869254053, -3.841982561425539e-06], [-0.040006935596466064, 0.3192813992500305, -0.5479322671890259]],