{"brockpiece0": [[-0.17849689722061157, -0.7896460294723511, -3.4738364219665527], [-135.76101684570312, 81.50343322753906, -138.7836456298828], [-0.04771063104271889, 0.8072485327720642, -0.47105833888053894]], "brockpiece1": [[0.28050485253334045, -0.4523969292640686, -3.0840744972229004], [-38.130882263183594, 65.14657592773438, 45.532100677490234], [-0.060903601348400116, 0.894946277141571, 0.4562895596027374]], "brockpiece2": [[0.580206573009491, -0.8019298911094666, -3.676326036453247], [-4.402993202209473, 8.541213989257812, -51.82770919799805], [-0.1568758189678192, 0.8655882477760315, -0.5483085513114929]], "brockpiece3": [[0.17509382963180542, -0.4622619152069092, -3.1829748153686523], [-14.207422256469727, 18.77682876586914, 50.76750183105469], [-0.22012151777744293, 0.9278489947319031, 0.3253736197948456]], "brockpiece4": [[0.2704932987689972, -0.12357503175735474, -2.7852721214294434], [-26.379358291625977, -12.956048011779785, -51.88827896118164], [-0.4135969281196594, 0.9918517470359802, 0.46200042963027954]], "brockpiece5": [[-0.042630672454833984, 0.024281024932861328, -2.406876802444458], [-4.982632637023926, 9.367940902709961, 2.2512047290802], [-0.436776340007782, 0.9646992683410645, -0.3259457051753998]], "brockpiece6": [[0.5318344235420227, -0.7367525696754456, -3.7649269104003906], [51.465126037597656, 3.633272171020508, 91.83922576904297], [-0.01387631893157959, 0.9064578413963318, -0.06759907305240631]], "brockpiece7": [[0.9526779055595398, -1.1584053039550781, -4.1844706535339355], [-161.33897399902344, 5.014223575592041, -106.31417083740234], [-0.016788214445114136, 1.2991664409637451, -0.5754176378250122]], "brockpiece8": [[1.5919111967086792, -1.090559959411621, -5.248776912689209], [-151.34449768066406, 0.38424214720726013, -111.95770263671875], [-0.10184786468744278, 1.4046438932418823, 0.10018877685070038]], "brockpiece9": [[-1.0611661672592163, -0.7003123760223389, -1.5866026878356934], [1.1340386867523193, -4.062700271606445, 109.75659942626953], [0.009604007937014103, 0.8276886940002441, 0.4656519293785095]], "brockpiece10": [[0.04318757355213165, -0.25129732489585876, -1.3274257183074951], [14.90077018737793, 5.772286415100098, -173.97515869140625], [0.026453230530023575, 0.7262305021286011, -0.09866398572921753]], "brockpiece11": [[-0.13356135785579681, -0.6246107220649719, -2.1281590461730957], [-14.62249755859375, -18.154739379882812, 34.87623596191406], [0.023447148501873016, 0.6883174180984497, -0.6239317655563354]], "brockpiece12": [[-0.02146756649017334, -0.1411905288696289, -1.3734647035598755], [-3.0636556148529053, -8.28542423248291, 7.62672233581543], [0.057196881622076035, 0.6268966794013977, -0.06759794801473618]], "brockpiece13": [[-0.04181535542011261, -0.14036360383033752, -0.9447896480560303], [-14.588761329650879, -12.438105583190918, 1.608066201210022], [0.10751569271087646, 0.33034080266952515, -0.6997447609901428]], "brockpiece14": [[-0.10752886533737183, -0.06253945827484131, -0.9555001854896545], [2.3892359733581543, -9.622611999511719, -6.810622215270996], [0.1765923947095871, 0.3738964796066284, -0.06937721371650696]], "brockpiece15": [[-0.042678385972976685, -0.0002440810203552246, -0.07557864487171173], [0.0039693741127848625, 4.683261871337891, -0.0016138984356075525], [0.32439151406288147, 0.17386914789676666, 0.1606941819190979]], "brockpiece16": [[-0.12060322612524033, -0.0008013248443603516, -0.3043641746044159], [-0.005564304068684578, -7.735284805297852, 0.0104427644982934], [0.2422737032175064, 0.13469432294368744, -0.2985038757324219]], "brockpiece17": [[0.08902401477098465, 0.02709805965423584, -0.9245831966400146], [-2.356013774871826, -1.7120614051818848, 18.855119705200195], [0.05579742044210434, 0.8304786086082458, -0.06759888678789139]], "brockpiece18": [[0.05189871788024902, 8.082389831542969e-05, -0.9465498328208923], [-0.00012502470053732395, -4.431116580963135, 0.00038877545739524066], [0.7751116156578064, 1.1647822856903076, 0.4550911784172058]], "brockpiece19": [[0.5936886668205261, -0.7603452205657959, -3.1847434043884277], [-152.3283233642578, -9.716837882995605, -76.61467742919922], [0.04745550453662872, 0.8352649807929993, -0.8555060029029846]], "brockpiece20": [[0.12268606573343277, -0.09497487545013428, -2.3297016620635986], [31.592071533203125, -22.055803298950195, -117.01217651367188], [0.0324799083173275, 0.8903895616531372, 0.1047213077545166]], "brockpiece21": [[0.06747059524059296, 8.165836334228516e-05, -0.9935835003852844], [-0.00017105253937188536, -4.430747985839844, 0.0003399642591830343], [0.15945503115653992, 1.6952928304672241, 0.277337908744812]], "brockpiece22": [[-0.29695403575897217, -1.7766506671905518, -6.500638008117676], [152.3131866455078, 9.742921829223633, -31.84458351135254], [0.5310609936714172, 1.9953807592391968, -0.3219248354434967]], "brockpiece23": [[0.14804545044898987, -0.4218699336051941, -2.8839354515075684], [-2.6160407066345215, 26.593658447265625, 89.83767700195312], [-0.0681355819106102, 0.8056530356407166, -0.06759854406118393]], "brockpiece24": [[0.05319690704345703, -0.10675466060638428, -2.6367673873901367], [-16.897220611572266, 1.1444165706634521, -35.0943603515625], [-0.3838520646095276, 0.746596097946167, 0.4647919237613678]], "brockpiece25": [[-0.2552570104598999, -0.02283942699432373, -2.3934662342071533], [-0.0463167242705822, 0.9465811848640442, -2.527277946472168], [-1.032001256942749, 0.5244100093841553, 0.6970614790916443]], "brockpiece26": [[-0.8230322003364563, -0.7462615966796875, -1.0490227937698364], [-16.71889877319336, 32.77071762084961, 149.88870239257812], [-0.012171115726232529, 0.7901149392127991, 0.14576949179172516]], "brockpiece27": [[-0.32239294052124023, -0.6674461960792542, -2.9137725830078125], [4.504912376403809, 3.083510160446167, -8.236326217651367], [-0.029545554891228676, 0.7074200510978699, -0.5648927092552185]], "brockpiece28": [[-1.556979775428772, -0.8290514945983887, -1.8757376670837402], [82.53499603271484, 33.94438934326172, -77.85738372802734], [-0.05280172452330589, 0.875779390335083, 0.7411666512489319]], "brockpiece29": [[0.05273314565420151, -0.3340611159801483, -2.6586110591888428], [-8.54684829711914, -5.4210333824157715, -14.34552001953125], [-0.1528574824333191, 0.604702889919281, -0.03537474945187569]], "brockpiece30": [[0.04624907672405243, -0.3194264769554138, -2.5522866249084473], [-9.895944595336914, -6.878239154815674, -10.808002471923828], [-0.212638720870018, 0.5194345116615295, -0.6746488809585571]], "brockpiece31": [[-0.051972001791000366, -0.1233958899974823, -2.5634281635284424], [-9.89592170715332, -6.878257751464844, -10.80811595916748], [-0.3032321333885193, 0.4032418727874756, 0.2416532039642334]], "brockpiece32": [[0.0724833756685257, -0.1492050290107727, -2.407489061355591], [35.18585968017578, 22.09136390686035, 153.12567138671875], [-0.014846060425043106, 0.7332823276519775, -0.067598357796669]], "brockpiece33": [[-0.18520712852478027, -0.0001862645149230957, -1.333255648612976], [-0.002958955941721797, -5.274479866027832, 0.004487654194235802], [-0.07364655286073685, 0.3388040363788605, 0.1644446849822998]], "brockpiece34": [[-0.05315704271197319, 0.0011841952800750732, -1.252715826034546], [0.09757112711668015, -9.097384452819824, -0.5801447033882141], [-0.040006935596466064, 0.3192813992500305, -0.5479322671890259]], "brockpiece35": [[0.08006244897842407, -0.1438172459602356, -1.4594268798828125], [19.31352996826172, -8.769317626953125, -88.3243179321289], [0.03971529006958008, 0.7414476275444031, -0.4923132658004761]], "brockpiece36": [[-0.02925482578575611, -0.16778647899627686, -1.293815016746521], [-21.57428741455078, -23.470714569091797, -152.625244140625], [0.04695548489689827, 0.8178877234458923, 0.2522242069244385]], "brockpiece37": [[-1.3099479675292969, -0.8369872570037842, -1.8632071018218994], [-104.87063598632812, -34.36415481567383, 95.46661376953125], [0.018796933814883232, 0.8953180909156799, 0.6815259456634521]],