{"brockpiece0": [[-0.177921861410141, -0.7753925323486328, -3.461498260498047], [107.21360778808594, 64.1185073852539, 103.90288543701172], [-0.04771063104271889, 0.8072485327720642, -0.47105833888053894]], "brockpiece1": [[0.2751559317111969, -0.45138293504714966, -3.0914626121520996], [-25.718935012817383, 69.89828491210938, 59.894325256347656], [-0.060903601348400116, 0.894946277141571, 0.4562895596027374]], "brockpiece2": [[0.5806174278259277, -0.8018519878387451, -3.67635178565979], [-4.479401111602783, 8.48313045501709, -52.45044708251953], [-0.1568758189678192, 0.8655882477760315, -0.5483085513114929]], "brockpiece3": [[0.1763579100370407, -0.4660886228084564, -3.1882286071777344], [-14.232782363891602, 18.53380584716797, 50.39133071899414], [-0.22012151777744293, 0.9278489947319031, 0.3253736197948456]], "brockpiece4": [[0.2671586275100708, -0.13351011276245117, -2.783466100692749], [-22.466835021972656, -12.669648170471191, -53.54090118408203], [-0.4135969281196594, 0.9918517470359802, 0.46200042963027954]], "brockpiece5": [[-0.04143565893173218, 0.024387836456298828, -2.407789707183838], [-5.006551265716553, 9.424315452575684, 2.2479453086853027], [-0.436776340007782, 0.9646992683410645, -0.3259457051753998]], "brockpiece6": [[0.502593457698822, -0.7084763646125793, -3.743992805480957], [53.48861312866211, -17.85749626159668, 111.42603302001953], [-0.01387631893157959, 0.9064578413963318, -0.06759907305240631]], "brockpiece7": [[0.9524707794189453, -1.1584047079086304, -4.1839599609375], [-161.34303283691406, 5.011044502258301, -106.31121063232422], [-0.016788214445114136, 1.2991664409637451, -0.5754176378250122]], "brockpiece8": [[1.5830830335617065, -1.0893608331680298, -5.259733200073242], [-150.8272705078125, -2.4516053199768066, -109.1751480102539], [-0.10184786468744278, 1.4046438932418823, 0.10018877685070038]], "brockpiece9": [[-1.144060730934143, -0.7670629620552063, -1.6006805896759033], [15.241388320922852, 4.0694708824157715, 167.36602783203125], [0.009604007937014103, 0.8276886940002441, 0.4656519293785095]], "brockpiece10": [[0.04275437444448471, -0.25449398159980774, -1.328017234802246], [15.00387191772461, 5.8606953620910645, -174.96353149414062], [0.026453230530023575, 0.7262305021286011, -0.09866398572921753]], "brockpiece11": [[-0.1342490315437317, -0.6248765587806702, -2.128481149673462], [-14.845766067504883, -17.952259063720703, 35.550357818603516], [0.023447148501873016, 0.6883174180984497, -0.6239317655563354]], "brockpiece12": [[-0.02359592542052269, -0.14220404624938965, -1.3730480670928955], [-3.1370608806610107, -8.148039817810059, 7.941716194152832], [0.057196881622076035, 0.6268966794013977, -0.06759794801473618]], "brockpiece13": [[-0.04236755520105362, -0.1409057080745697, -0.946281909942627], [-14.472206115722656, -12.5609130859375, 1.5934264659881592], [0.10751569271087646, 0.33034080266952515, -0.6997447609901428]], "brockpiece14": [[-0.10917390137910843, -0.06370988488197327, -0.9551733136177063], [2.4799647331237793, -9.644994735717773, -6.751847267150879], [0.1765923947095871, 0.3738964796066284, -0.06937721371650696]], "brockpiece15": [[-0.04299852252006531, -0.00018747150897979736, -0.07549859583377838], [-0.026801222935318947, 4.716160774230957, 0.11465224623680115], [0.32439151406288147, 0.17386914789676666, 0.1606941819190979]], "brockpiece16": [[-0.11834467202425003, -0.0005655139684677124, -0.3028600513935089], [-0.01866276003420353, -7.522640705108643, 0.04200347885489464], [0.2422737032175064, 0.13469432294368744, -0.2985038757324219]], "brockpiece17": [[0.09006036072969437, 0.02525562047958374, -0.9258059859275818], [-2.6272220611572266, -1.120845913887024, 23.596097946166992], [0.05579742044210434, 0.8304786086082458, -0.06759888678789139]], "brockpiece18": [[0.05212610960006714, 8.618831634521484e-05, -0.946451723575592], [0.00028601507074199617, -4.430163860321045, -0.0002620377636048943], [0.7751116156578064, 1.1647822856903076, 0.4550911784172058]], "brockpiece19": [[0.5885902643203735, -0.7612964510917664, -3.188661575317383], [-154.9687957763672, -12.501941680908203, -70.8530044555664], [0.04745550453662872, 0.8352649807929993, -0.8555060029029846]], "brockpiece20": [[0.11879012733697891, -0.10470783710479736, -2.3303215503692627], [28.031108856201172, -21.647233963012695, -109.4337387084961], [0.0324799083173275, 0.8903895616531372, 0.1047213077545166]], "brockpiece21": [[0.06769640743732452, 8.96453857421875e-05, -0.9934749007225037], [2.4870262145996094, 8.413201332092285, 158.04539489746094], [0.15945503115653992, 1.6952928304672241, 0.277337908744812]], "brockpiece22": [[-0.296902060508728, -1.7766177654266357, -6.50050687789917], [152.3082733154297, 9.751620292663574, -31.854291915893555], [0.5310609936714172, 1.9953807592391968, -0.3219248354434967]], "brockpiece23": [[0.14874416589736938, -0.4232809245586395, -2.8872241973876953], [-2.2757246494293213, 26.47818946838379, 91.26414489746094], [-0.0681355819106102, 0.8056530356407166, -0.06759854406118393]], "brockpiece24": [[0.05184522271156311, -0.10755860805511475, -2.6393871307373047], [-16.797712326049805, 1.0717520713806152, -35.55232620239258], [-0.3838520646095276, 0.746596097946167, 0.4647919237613678]], "brockpiece25": [[-0.25691330432891846, -0.023166358470916748, -2.392949342727661], [-0.04499747231602669, 1.0106714963912964, -2.564849615097046], [-1.032001256942749, 0.5244100093841553, 0.6970614790916443]], "brockpiece26": [[-0.7701773643493652, -0.7514296770095825, -1.016417145729065], [-0.7826137542724609, 9.511072158813477, 156.29974365234375], [-0.012171115726232529, 0.7901149392127991, 0.14576949179172516]], "brockpiece27": [[-0.32235434651374817, -0.6672711968421936, -2.913762092590332], [4.530620098114014, 3.056905508041382, -7.521322250366211], [-0.029545554891228676, 0.7074200510978699, -0.5648927092552185]], "brockpiece28": [[-1.5624748468399048, -0.7797037959098816, -1.8520869016647339], [72.44131469726562, -33.91817855834961, -48.898258209228516], [-0.05280172452330589, 0.875779390335083, 0.7411666512489319]], "brockpiece29": [[0.05256292223930359, -0.3349928557872772, -2.65921950340271], [-8.406181335449219, -5.634504795074463, -14.651071548461914], [-0.1528574824333191, 0.604702889919281, -0.03537474945187569]], "brockpiece30": [[0.04493393003940582, -0.3194238543510437, -2.5527119636535645], [-9.959573745727539, -6.863287925720215, -10.499587059020996], [-0.212638720870018, 0.5194345116615295, -0.6746488809585571]], "brockpiece31": [[-0.053289204835891724, -0.12344753742218018, -2.563847541809082], [-9.959553718566895, -6.863293647766113, -10.499674797058105], [-0.3032321333885193, 0.4032418727874756, 0.2416532039642334]], "brockpiece32": [[0.07432951033115387, -0.15047752857208252, -2.4088282585144043], [35.112056732177734, 22.0003719329834, 153.02261352539062], [-0.014846060425043106, 0.7332823276519775, -0.067598357796669]], "brockpiece33": [[-0.18713155388832092, -5.2988529205322266e-05, -1.3326764106750488], [-0.0008911594632081687, -5.3450188636779785, 0.06674200296401978], [-0.07364655286073685, 0.3388040363788605, 0.1644446849822998]], "brockpiece34": [[-0.05383872613310814, 0.0009471774101257324, -1.2531559467315674], [0.07698019593954086, -9.264045715332031, -0.4593469202518463], [-0.040006935596466064, 0.3192813992500305, -0.5479322671890259]], "brockpiece35": [[0.10014770925045013, -0.1515035629272461, -1.4559667110443115], [18.688007354736328, -4.644866943359375, -107.35647583007812], [0.03971529006958008, 0.7414476275444031, -0.4923132658004761]], "brockpiece36": [[-0.02905728854238987, -0.17160654067993164, -1.2906986474990845], [-20.472753524780273, -22.042585372924805, -153.44146728515625], [0.04695548489689827, 0.8178877234458923, 0.2522242069244385]], "brockpiece37": [[-1.3127386569976807, -0.8402647972106934, -1.8601574897766113], [-106.23213958740234, -33.415523529052734, 93.12828063964844], [0.018796933814883232, 0.8953180909156799, 0.6815259456634521]],