{"brockpiece0": [[-0.16959884762763977, -0.721511721611023, -3.3560385704040527], [96.4338150024414, -32.188472747802734, 89.83370971679688], [-0.04771063104271889, 0.8072485327720642, -0.47105833888053894]], "brockpiece1": [[0.15170718729496002, -0.2623024582862854, -3.0808284282684326], [16.583240509033203, 48.47727584838867, 118.24585723876953], [-0.060903601348400116, 0.894946277141571, 0.4562895596027374]], "brockpiece2": [[0.5945646166801453, -0.7723032236099243, -3.679203748703003], [-7.222845554351807, 16.069255828857422, -19.787202835083008], [-0.1568758189678192, 0.8655882477760315, -0.5483085513114929]], "brockpiece3": [[0.20509901642799377, -0.4180976152420044, -3.1593332290649414], [-24.137176513671875, 12.104180335998535, 31.418331146240234], [-0.22012151777744293, 0.9278489947319031, 0.3253736197948456]], "brockpiece4": [[0.24124880135059357, -0.053269386291503906, -2.751938819885254], [-13.10314655303955, 11.503519058227539, -40.23179626464844], [-0.4135969281196594, 0.9918517470359802, 0.46200042963027954]], "brockpiece5": [[-0.06451940536499023, 0.05086320638656616, -2.441699504852295], [-6.243879795074463, 8.114288330078125, -0.6783704161643982], [-0.436776340007782, 0.9646992683410645, -0.3259457051753998]], "brockpiece6": [[0.4156668484210968, -0.8096919059753418, -3.7306642532348633], [-33.64942169189453, 31.63150405883789, -67.94920349121094], [-0.01387631893157959, 0.9064578413963318, -0.06759907305240631]], "brockpiece7": [[0.9543656706809998, -1.1582837104797363, -4.185483455657959], [-161.2633514404297, 4.946622371673584, -106.23442840576172], [-0.016788214445114136, 1.2991664409637451, -0.5754176378250122]], "brockpiece8": [[1.5854567289352417, -1.0670437812805176, -5.237532138824463], [-148.98336791992188, 6.53603458404541, -118.5601577758789], [-0.10184786468744278, 1.4046438932418823, 0.10018877685070038]], "brockpiece9": [[-1.0950065851211548, -0.6708801984786987, -1.8162384033203125], [-10.85482406616211, 11.76559829711914, 45.48971176147461], [0.009604007937014103, 0.8276886940002441, 0.4656519293785095]], "brockpiece10": [[0.04615906625986099, -0.24186569452285767, -1.3306541442871094], [15.00787353515625, 4.849809646606445, -175.14208984375], [0.026453230530023575, 0.7262305021286011, -0.09866398572921753]], "brockpiece11": [[-0.08569766581058502, -0.6143587827682495, -2.1047589778900146], [7.385980606079102, -20.174121856689453, -18.859161376953125], [0.023447148501873016, 0.6883174180984497, -0.6239317655563354]], "brockpiece12": [[-0.013604186475276947, -0.1397775411605835, -1.3773181438446045], [-4.084650993347168, -7.871787071228027, 8.289793968200684], [0.057196881622076035, 0.6268966794013977, -0.06759794801473618]], "brockpiece13": [[-0.037490688264369965, -0.12863261997699738, -0.9463410377502441], [-17.66624641418457, -11.495548248291016, 2.8807849884033203], [0.10751569271087646, 0.33034080266952515, -0.6997447609901428]], "brockpiece14": [[-0.09530390053987503, -0.056953996419906616, -0.9645535349845886], [1.7944655418395996, -9.191854476928711, -7.126150608062744], [0.1765923947095871, 0.3738964796066284, -0.06937721371650696]], "brockpiece15": [[-0.04176127910614014, -0.0007803142070770264, -0.07536999136209488], [-0.3008033037185669, 3.847989559173584, 1.1917651891708374], [0.32439151406288147, 0.17386914789676666, 0.1606941819190979]], "brockpiece16": [[-0.126063272356987, -0.0003902316093444824, -0.31300774216651917], [0.0027336475905030966, -8.460002899169922, -0.0074007874354720116], [0.2422737032175064, 0.13469432294368744, -0.2985038757324219]], "brockpiece17": [[0.07490893453359604, 0.051715970039367676, -0.9324375987052917], [-2.9348325729370117, -3.2626819610595703, 10.288233757019043], [0.05579742044210434, 0.8304786086082458, -0.06759888678789139]], "brockpiece18": [[0.051538288593292236, 8.797645568847656e-05, -0.9466793537139893], [0.00020723225316032767, -4.429482460021973, 0.0003322566917631775], [0.7751116156578064, 1.1647822856903076, 0.4550911784172058]], "brockpiece19": [[0.6207361817359924, -0.7631028890609741, -3.1506195068359375], [-143.41082763671875, 16.3968563079834, -106.83231353759766], [0.04745550453662872, 0.8352649807929993, -0.8555060029029846]], "brockpiece20": [[0.11043740063905716, -0.14937353134155273, -2.2815699577331543], [-10.343714714050293, -11.136404037475586, -27.806488037109375], [0.0324799083173275, 0.8903895616531372, 0.1047213077545166]], "brockpiece21": [[0.06710509955883026, 9.107589721679688e-05, -0.9936923980712891], [0.00012192012945888564, -4.4289774894714355, 8.648943185107782e-05], [0.15945503115653992, 1.6952928304672241, 0.277337908744812]], "brockpiece22": [[-0.3140007257461548, -1.765998363494873, -6.512476921081543], [152.09800720214844, 10.88988971710205, -31.046010971069336], [0.5310609936714172, 1.9953807592391968, -0.3219248354434967]], "brockpiece23": [[0.15041333436965942, -0.4489738643169403, -2.8274991512298584], [-24.120956420898438, 9.10300064086914, 28.32543182373047], [-0.0681355819106102, 0.8056530356407166, -0.06759854406118393]], "brockpiece24": [[0.05279278755187988, -0.06803059577941895, -2.643878221511841], [-18.152280807495117, 0.33317092061042786, -35.038307189941406], [-0.3838520646095276, 0.746596097946167, 0.4647919237613678]], "brockpiece25": [[-0.2643197774887085, 0.029826462268829346, -2.413949728012085], [-0.19270190596580505, -1.8808330297470093, -0.9913001656532288], [-1.032001256942749, 0.5244100093841553, 0.6970614790916443]], "brockpiece26": [[-0.9233648180961609, -0.7268381714820862, -1.3357124328613281], [5.020959854125977, -22.525760650634766, 155.7194366455078], [-0.012171115726232529, 0.7901149392127991, 0.14576949179172516]], "brockpiece27": [[-0.30395281314849854, -0.6753779053688049, -2.9125723838806152], [4.181722640991211, 2.1337029933929443, -55.66769790649414], [-0.029545554891228676, 0.7074200510978699, -0.5648927092552185]], "brockpiece28": [[-1.2704968452453613, -0.791236162185669, -1.7047388553619385], [6.636711120605469, 15.75471305847168, 83.23302459716797], [-0.05280172452330589, 0.875779390335083, 0.7411666512489319]], "brockpiece29": [[0.053695499897003174, -0.3169645369052887, -2.6634418964385986], [-11.151901245117188, -4.538033485412598, -13.604480743408203], [-0.1528574824333191, 0.604702889919281, -0.03537474945187569]], "brockpiece30": [[0.04243123531341553, -0.31302374601364136, -2.561032772064209], [-11.266658782958984, -6.405187606811523, -12.119467735290527], [-0.212638720870018, 0.5194345116615295, -0.6746488809585571]], "brockpiece31": [[-0.04182782769203186, -0.09272611141204834, -2.571840286254883], [-11.26663589477539, -6.405213356018066, -12.119586944580078], [-0.3032321333885193, 0.4032418727874756, 0.2416532039642334]], "brockpiece32": [[0.02418196201324463, -0.14340156316757202, -2.4044463634490967], [40.22810363769531, 11.919798851013184, 171.40724182128906], [-0.014846060425043106, 0.7332823276519775, -0.067598357796669]], "brockpiece33": [[-0.17482122778892517, 3.191828727722168e-05, -1.3451189994812012], [-0.009206469170749187, -4.452635288238525, 0.23699705302715302], [-0.07364655286073685, 0.3388040363788605, 0.1644446849822998]], "brockpiece34": [[-0.05257223919034004, 0.007578551769256592, -1.2521142959594727], [-1.0178265571594238, -8.192679405212402, -0.12396795302629471], [-0.040006935596466064, 0.3192813992500305, -0.5479322671890259]], "brockpiece35": [[-0.008382413536310196, -0.10928487777709961, -1.4982523918151855], [-13.907543182373047, 2.497375965118408, 52.90597152709961], [0.03971529006958008, 0.7414476275444031, -0.4923132658004761]], "brockpiece36": [[-0.038269657641649246, -0.14335763454437256, -1.3001604080200195], [-16.176530838012695, -23.475997924804688, -150.80628967285156], [0.04695548489689827, 0.8178877234458923, 0.2522242069244385]], "brockpiece37": [[-1.241684913635254, -0.8489916920661926, -2.2789382934570312], [-148.25889587402344, 15.667743682861328, 38.82442855834961], [0.018796933814883232, 0.8953180909156799, 0.6815259456634521]],