{"brockpiece0": [[-0.1776110827922821, -0.7703444361686707, -3.457003116607666], [104.0044937133789, 56.79420471191406, 100.55718231201172], [-0.04771063104271889, 0.8072485327720642, -0.47105833888053894]], "brockpiece1": [[0.2747843265533447, -0.451190710067749, -3.092315435409546], [-24.267372131347656, 70.19270324707031, 61.52601623535156], [-0.060903601348400116, 0.894946277141571, 0.4562895596027374]], "brockpiece2": [[0.5806951522827148, -0.801821231842041, -3.676220178604126], [-4.495337009429932, 8.461389541625977, -52.59710693359375], [-0.1568758189678192, 0.8655882477760315, -0.5483085513114929]], "brockpiece3": [[0.17653165757656097, -0.4672531187534332, -3.188596248626709], [-14.400545120239258, 18.35378646850586, 49.82344436645508], [-0.22012151777744293, 0.9278489947319031, 0.3253736197948456]], "brockpiece4": [[0.2664095461368561, -0.1350710391998291, -2.783095359802246], [-21.57696533203125, -12.975299835205078, -54.10853958129883], [-0.4135969281196594, 0.9918517470359802, 0.46200042963027954]], "brockpiece5": [[-0.041505247354507446, 0.02429884672164917, -2.4080710411071777], [-5.001445293426514, 9.402067184448242, 2.245793104171753], [-0.436776340007782, 0.9646992683410645, -0.3259457051753998]], "brockpiece6": [[0.5028242468833923, -0.709784746170044, -3.743238687515259], [52.7479248046875, -19.395246505737305, 113.21070098876953], [-0.01387631893157959, 0.9064578413963318, -0.06759907305240631]], "brockpiece7": [[0.9523776769638062, -1.158409595489502, -4.1839094161987305], [-161.34580993652344, 5.011538982391357, -106.31261444091797], [-0.016788214445114136, 1.2991664409637451, -0.5754176378250122]], "brockpiece8": [[1.5844389200210571, -1.089771032333374, -5.258442401885986], [-150.89453125, -1.9515777826309204, -109.58016204833984], [-0.10184786468744278, 1.4046438932418823, 0.10018877685070038]], "brockpiece9": [[-1.1458656787872314, -0.7673461437225342, -1.5986360311508179], [12.120726585388184, 5.298748016357422, 171.7627716064453], [0.009604007937014103, 0.8276886940002441, 0.4656519293785095]], "brockpiece10": [[0.042692482471466064, -0.25507834553718567, -1.3277448415756226], [15.135523796081543, 5.983993053436279, -175.4579620361328], [0.026453230530023575, 0.7262305021286011, -0.09866398572921753]], "brockpiece11": [[-0.13473011553287506, -0.6250583529472351, -2.1286780834198], [-14.995335578918457, -17.837099075317383, 36.02629089355469], [0.023447148501873016, 0.6883174180984497, -0.6239317655563354]], "brockpiece12": [[-0.023945588618516922, -0.14237120747566223, -1.3727011680603027], [-3.157465934753418, -8.1282958984375, 8.060632705688477], [0.057196881622076035, 0.6268966794013977, -0.06759794801473618]], "brockpiece13": [[-0.042477793991565704, -0.14012467861175537, -0.9465978145599365], [-14.744800567626953, -12.630956649780273, 1.8143842220306396], [0.10751569271087646, 0.33034080266952515, -0.6997447609901428]], "brockpiece14": [[-0.10975077003240585, -0.06372001767158508, -0.9544946551322937], [2.531845808029175, -9.653307914733887, -6.8631181716918945], [0.1765923947095871, 0.3738964796066284, -0.06937721371650696]], "brockpiece15": [[-0.042672306299209595, -4.038214683532715e-05, -0.07548198848962784], [0.00010751544323284179, 4.7342529296875, -0.030371613800525665], [0.32439151406288147, 0.17386914789676666, 0.1606941819190979]], "brockpiece16": [[-0.11803032457828522, -0.000540614128112793, -0.30257561802864075], [-0.00211484357714653, -7.475491046905518, 0.029282310977578163], [0.2422737032175064, 0.13469432294368744, -0.2985038757324219]], "brockpiece17": [[0.09016629308462143, 0.02479112148284912, -0.9259252548217773], [-2.623065233230591, -0.9740502238273621, 24.64179039001465], [0.05579742044210434, 0.8304786086082458, -0.06759888678789139]], "brockpiece18": [[0.05217772722244263, 8.356571197509766e-05, -0.9465202689170837], [0.0002654630516190082, -4.430218696594238, 0.0001644158473936841], [0.7751116156578064, 1.1647822856903076, 0.4550911784172058]], "brockpiece19": [[0.5881372094154358, -0.7613131403923035, -3.188868522644043], [-155.46031188964844, -12.549402236938477, -70.2514877319336], [0.04745550453662872, 0.8352649807929993, -0.8555060029029846]], "brockpiece20": [[0.1173233911395073, -0.10605347156524658, -2.331160545349121], [27.769500732421875, -21.8382568359375, -107.9440689086914], [0.0324799083173275, 0.8903895616531372, 0.1047213077545166]], "brockpiece21": [[0.06774719059467316, 8.594989776611328e-05, -0.9935445189476013], [9.194868471240625e-05, -4.429999828338623, 9.248388960259035e-05], [0.15945503115653992, 1.6952928304672241, 0.277337908744812]], "brockpiece22": [[-0.29711952805519104, -1.7766128778457642, -6.500607490539551], [152.3037567138672, 9.759190559387207, -31.854660034179688], [0.5310609936714172, 1.9953807592391968, -0.3219248354434967]], "brockpiece23": [[0.14825494587421417, -0.42262139916419983, -2.888922929763794], [-1.816044807434082, 26.49708366394043, 92.47689056396484], [-0.0681355819106102, 0.8056530356407166, -0.06759854406118393]], "brockpiece24": [[0.05127176642417908, -0.10780483484268188, -2.6401758193969727], [-16.779220581054688, 1.044561505317688, -35.61837387084961], [-0.3838520646095276, 0.746596097946167, 0.4647919237613678]], "brockpiece25": [[-0.2573552131652832, -0.023131072521209717, -2.393131971359253], [-0.04798316955566406, 1.0399212837219238, -2.55928897857666], [-1.032001256942749, 0.5244100093841553, 0.6970614790916443]], "brockpiece26": [[-0.7775783538818359, -0.7471743822097778, -1.0147684812545776], [-0.48385336995124817, 4.09251594543457, 152.7454376220703], [-0.012171115726232529, 0.7901149392127991, 0.14576949179172516]], "brockpiece27": [[-0.32230937480926514, -0.6672049760818481, -2.9137978553771973], [4.538086891174316, 3.0555620193481445, -7.347517967224121], [-0.029545554891228676, 0.7074200510978699, -0.5648927092552185]], "brockpiece28": [[-1.5604459047317505, -0.7854373455047607, -1.8515877723693848], [61.968109130859375, -51.523250579833984, -43.01525115966797], [-0.05280172452330589, 0.875779390335083, 0.7411666512489319]], "brockpiece29": [[0.05255743861198425, -0.33521440625190735, -2.6593079566955566], [-8.371156692504883, -5.70379638671875, -14.7512788772583], [-0.1528574824333191, 0.604702889919281, -0.03537474945187569]], "brockpiece30": [[0.044621214270591736, -0.31944307684898376, -2.5527467727661133], [-9.979581832885742, -6.858956336975098, -10.411942481994629], [-0.212638720870018, 0.5194345116615295, -0.6746488809585571]], "brockpiece31": [[-0.05359640717506409, -0.12345150113105774, -2.563882350921631], [-9.979557991027832, -6.8589677810668945, -10.412036895751953], [-0.3032321333885193, 0.4032418727874756, 0.2416532039642334]], "brockpiece32": [[0.07454897463321686, -0.15086740255355835, -2.409386396408081], [35.05185317993164, 21.92491912841797, 152.98851013183594], [-0.014846060425043106, 0.7332823276519775, -0.067598357796669]], "brockpiece33": [[-0.18761196732521057, -0.00012576580047607422, -1.3324477672576904], [-0.004432273097336292, -5.375136852264404, 0.05840909108519554], [-0.07364655286073685, 0.3388040363788605, 0.1644446849822998]], "brockpiece34": [[-0.05404122546315193, 0.0008701682090759277, -1.2532305717468262], [0.07067324221134186, -9.267792701721191, -0.4164177179336548], [-0.040006935596466064, 0.3192813992500305, -0.5479322671890259]], "brockpiece35": [[0.1026993989944458, -0.15285640954971313, -1.4554712772369385], [18.70293617248535, -4.103231430053711, -109.89402770996094], [0.03971529006958008, 0.7414476275444031, -0.4923132658004761]], "brockpiece36": [[-0.028683708980679512, -0.17207539081573486, -1.2889788150787354], [-19.63310432434082, -22.671354293823242, -154.03038024902344], [0.04695548489689827, 0.8178877234458923, 0.2522242069244385]], "brockpiece37": [[-1.3157150745391846, -0.8386261463165283, -1.8624355792999268], [-107.58879852294922, -34.75870132446289, 94.5737075805664], [0.018796933814883232, 0.8953180909156799, 0.6815259456634521]],