{"brockpiece0": [[-0.17795634269714355, -0.7816543579101562, -3.4661312103271484], [115.8013916015625, 73.3997802734375, 112.65444946289062], [-0.04771063104271889, 0.8072485327720642, -0.47105833888053894]], "brockpiece1": [[0.26199543476104736, -0.4315740466117859, -3.1194310188293457], [-22.784683227539062, 76.61339569091797, 63.30553436279297], [-0.060903601348400116, 0.894946277141571, 0.4562895596027374]], "brockpiece2": [[0.5863721966743469, -0.8012582659721375, -3.677337884902954], [-4.67146110534668, 7.4837727546691895, -58.188507080078125], [-0.1568758189678192, 0.8655882477760315, -0.5483085513114929]], "brockpiece3": [[0.1829889565706253, -0.43369120359420776, -3.16585373878479], [-13.435953140258789, 19.931856155395508, 57.46196365356445], [-0.22012151777744293, 0.9278489947319031, 0.3253736197948456]], "brockpiece4": [[0.263060599565506, -0.09181606769561768, -2.7755630016326904], [-32.365943908691406, -11.276683807373047, -45.68538284301758], [-0.4135969281196594, 0.9918517470359802, 0.46200042963027954]], "brockpiece5": [[-0.04849258065223694, 0.024022340774536133, -2.4035234451293945], [-4.864134311676025, 8.822525024414062, 1.5748215913772583], [-0.436776340007782, 0.9646992683410645, -0.3259457051753998]], "brockpiece6": [[0.49132463335990906, -0.8158549070358276, -3.7543411254882812], [-16.419389724731445, 42.23552322387695, -40.57676696777344], [-0.01387631893157959, 0.9064578413963318, -0.06759907305240631]], "brockpiece7": [[0.9540228247642517, -1.1584196090698242, -4.185121536254883], [-161.32537841796875, 5.016915798187256, -106.3088607788086], [-0.016788214445114136, 1.2991664409637451, -0.5754176378250122]], "brockpiece8": [[1.58893620967865, -1.0886967182159424, -5.244112968444824], [-151.41871643066406, 1.3356214761734009, -112.74005889892578], [-0.10184786468744278, 1.4046438932418823, 0.10018877685070038]], "brockpiece9": [[-0.938191294670105, -0.7888802289962769, -1.5835894346237183], [10.776143074035645, 9.545522689819336, -43.77910614013672], [0.009604007937014103, 0.8276886940002441, 0.4656519293785095]], "brockpiece10": [[0.04610607773065567, -0.24396246671676636, -1.3268169164657593], [14.482468605041504, 5.3593902587890625, -172.75453186035156], [0.026453230530023575, 0.7262305021286011, -0.09866398572921753]], "brockpiece11": [[-0.1349146068096161, -0.6244128346443176, -2.127922296524048], [-13.976204872131348, -17.71001434326172, 34.131065368652344], [0.023447148501873016, 0.6883174180984497, -0.6239317655563354]], "brockpiece12": [[-0.015387460589408875, -0.1383591592311859, -1.3729339838027954], [-3.1129794120788574, -8.262097358703613, 7.876473426818848], [0.057196881622076035, 0.6268966794013977, -0.06759794801473618]], "brockpiece13": [[-0.038272351026535034, -0.13201986253261566, -0.945397138595581], [-16.77130699157715, -12.082300186157227, 1.8338340520858765], [0.10751569271087646, 0.33034080266952515, -0.6997447609901428]], "brockpiece14": [[-0.10052204877138138, -0.05929386615753174, -0.9575594067573547], [2.1892340183258057, -9.372519493103027, -7.056861877441406], [0.1765923947095871, 0.3738964796066284, -0.06937721371650696]], "brockpiece15": [[-0.04188540577888489, -9.143352508544922e-05, -0.07497953623533249], [0.0005888162413612008, 4.472835063934326, -0.0067534297704696655], [0.32439151406288147, 0.17386914789676666, 0.1606941819190979]], "brockpiece16": [[-0.12282954901456833, -0.0006366819143295288, -0.30725446343421936], [-0.015438532456755638, -7.913395881652832, 0.04016493260860443], [0.2422737032175064, 0.13469432294368744, -0.2985038757324219]], "brockpiece17": [[0.07766958326101303, 0.04694211483001709, -0.9261444211006165], [-3.1128411293029785, -2.1852879524230957, 16.04819107055664], [0.05579742044210434, 0.8304786086082458, -0.06759888678789139]], "brockpiece18": [[0.051654279232025146, 6.210803985595703e-05, -0.9467107057571411], [-9.41964317462407e-05, -4.4290947914123535, 0.00023806009266991168], [0.7751116156578064, 1.1647822856903076, 0.4550911784172058]], "brockpiece19": [[0.6100261807441711, -0.7598179578781128, -3.169839859008789], [-146.85830688476562, 0.9938990473747253, -92.26416015625], [0.04745550453662872, 0.8352649807929993, -0.8555060029029846]], "brockpiece20": [[0.12657371163368225, -0.07620465755462646, -2.3229868412017822], [33.174705505371094, -27.78763198852539, -117.14014434814453], [0.0324799083173275, 0.8903895616531372, 0.1047213077545166]], "brockpiece21": [[0.06721489131450653, 5.7578086853027344e-05, -0.9937245845794678], [2.48587703704834, 8.412278175354004, 158.04615783691406], [0.15945503115653992, 1.6952928304672241, 0.277337908744812]], "brockpiece22": [[-0.29162269830703735, -1.7636505365371704, -6.513759613037109], [150.06907653808594, 8.677600860595703, -34.56540298461914], [0.5310609936714172, 1.9953807592391968, -0.3219248354434967]], "brockpiece23": [[0.1502070128917694, -0.4204568564891815, -2.8662445545196533], [-7.310949802398682, 25.752574920654297, 76.83840942382812], [-0.0681355819106102, 0.8056530356407166, -0.06759854406118393]], "brockpiece24": [[0.05692592263221741, -0.10143357515335083, -2.6280438899993896], [-17.520614624023438, 1.4027780294418335, -32.01450729370117], [-0.3838520646095276, 0.746596097946167, 0.4647919237613678]], "brockpiece25": [[-0.2506510019302368, -0.01914799213409424, -2.393864393234253], [0.2634061276912689, 1.0385396480560303, -2.2728841304779053], [-1.032001256942749, 0.5244100093841553, 0.6970614790916443]], "brockpiece26": [[-0.8317366242408752, -0.6713253855705261, -1.0935670137405396], [-24.37171173095703, -11.003268241882324, 107.4096450805664], [-0.012171115726232529, 0.7901149392127991, 0.14576949179172516]], "brockpiece27": [[-0.32266145944595337, -0.6677376627922058, -2.913134813308716], [4.445714473724365, 3.211672306060791, -9.188133239746094], [-0.029545554891228676, 0.7074200510978699, -0.5648927092552185]], "brockpiece28": [[-1.4025369882583618, -0.7891577482223511, -1.728736400604248], [25.07155418395996, -18.267475128173828, -17.3238582611084], [-0.05280172452330589, 0.875779390335083, 0.7411666512489319]], "brockpiece29": [[0.05321427434682846, -0.32830414175987244, -2.6567554473876953], [-9.320806503295898, -4.990528106689453, -13.257791519165039], [-0.1528574824333191, 0.604702889919281, -0.03537474945187569]], "brockpiece30": [[0.04938438534736633, -0.31922227144241333, -2.550983428955078], [-9.744649887084961, -6.977784156799316, -11.90243148803711], [-0.212638720870018, 0.5194345116615295, -0.6746488809585571]], "brockpiece31": [[-0.049331337213516235, -0.12165680527687073, -2.5623674392700195], [-9.744626998901367, -6.977794647216797, -11.902530670166016], [-0.3032321333885193, 0.4032418727874756, 0.2416532039642334]], "brockpiece32": [[0.0721973329782486, -0.14880788326263428, -2.402207851409912], [33.02309799194336, 25.024383544921875, 146.34657287597656], [-0.014846060425043106, 0.7332823276519775, -0.067598357796669]], "brockpiece33": [[-0.18009790778160095, 7.316470146179199e-05, -1.337101697921753], [-0.008369246497750282, -4.759774208068848, 0.1569100022315979], [-0.07364655286073685, 0.3388040363788605, 0.1644446849822998]], "brockpiece34": [[-0.05163838341832161, 0.002673119306564331, -1.248476266860962], [-0.2746240198612213, -8.369836807250977, -0.2305646687746048], [-0.040006935596466064, 0.3192813992500305, -0.5479322671890259]], "brockpiece35": [[-0.005307946354150772, -0.12136059999465942, -1.4922155141830444], [-19.333219528198242, -1.9154365062713623, 38.30991744995117], [0.03971529006958008, 0.7414476275444031, -0.4923132658004761]], "brockpiece36": [[-0.03251876309514046, -0.15225762128829956, -1.2937531471252441], [-19.779428482055664, -24.628843307495117, -149.23585510253906], [0.04695548489689827, 0.8178877234458923, 0.2522242069244385]], "brockpiece37": [[-1.282985806465149, -0.852554976940155, -1.8994536399841309], [-107.79391479492188, 10.719697952270508, 70.1059799194336], [0.018796933814883232, 0.8953180909156799, 0.6815259456634521]],