{"brockpiece0": [[-0.1659812331199646, -0.721385657787323, -3.3082432746887207], [103.0414810180664, -68.12472534179688, 80.97835540771484], [-0.04771063104271889, 0.8072485327720642, -0.47105833888053894]], "brockpiece1": [[0.2742888033390045, -0.4530147612094879, -3.0928237438201904], [-6.357522964477539, 71.62811279296875, 80.96163177490234], [-0.060903601348400116, 0.894946277141571, 0.4562895596027374]], "brockpiece2": [[0.5718671679496765, -0.8027982115745544, -3.674656629562378], [-3.7323966026306152, 9.324029922485352, -45.530860900878906], [-0.1568758189678192, 0.8655882477760315, -0.5483085513114929]], "brockpiece3": [[0.18291938304901123, -0.4776085615158081, -3.2004995346069336], [-14.935506820678711, 17.076250076293945, 46.36115264892578], [-0.22012151777744293, 0.9278489947319031, 0.3253736197948456]], "brockpiece4": [[0.26339295506477356, -0.16080021858215332, -2.7869439125061035], [-10.268331527709961, -12.916365623474121, -61.75308609008789], [-0.4135969281196594, 0.9918517470359802, 0.46200042963027954]], "brockpiece5": [[-0.039212435483932495, 0.023676753044128418, -2.411040782928467], [-5.004463195800781, 9.340309143066406, 2.251039505004883], [-0.436776340007782, 0.9646992683410645, -0.3259457051753998]], "brockpiece6": [[0.5002833604812622, -0.7073276042938232, -3.7425856590270996], [49.36598205566406, -23.602340698242188, 117.6676025390625], [-0.01387631893157959, 0.9064578413963318, -0.06759907305240631]], "brockpiece7": [[0.9512925744056702, -1.1584105491638184, -4.181764602661133], [-161.3518829345703, 5.00770902633667, -106.31278991699219], [-0.016788214445114136, 1.2991664409637451, -0.5754176378250122]], "brockpiece8": [[1.5854617357254028, -1.091932773590088, -5.263881206512451], [-150.79617309570312, -2.2513458728790283, -109.14501190185547], [-0.10184786468744278, 1.4046438932418823, 0.10018877685070038]], "brockpiece9": [[-1.0589978694915771, -0.7837614417076111, -1.5515000820159912], [51.13374328613281, 27.669414520263672, -98.27725219726562], [0.009604007937014103, 0.8276886940002441, 0.4656519293785095]], "brockpiece10": [[0.0401136577129364, -0.2598159909248352, -1.3285771608352661], [16.61113166809082, 6.323852062225342, -174.71116638183594], [0.026453230530023575, 0.7262305021286011, -0.09866398572921753]], "brockpiece11": [[-0.13474227488040924, -0.6257263422012329, -2.129242181777954], [-15.733776092529297, -17.567060470581055, 37.697914123535156], [0.023447148501873016, 0.6883174180984497, -0.6239317655563354]], "brockpiece12": [[-0.029298655688762665, -0.14388743042945862, -1.3718528747558594], [-3.2599031925201416, -7.769354820251465, 8.40737533569336], [0.057196881622076035, 0.6268966794013977, -0.06759794801473618]], "brockpiece13": [[-0.04415693134069443, -0.1450609713792801, -0.9479155540466309], [-13.54054069519043, -12.883024215698242, 1.8674710988998413], [0.10751569271087646, 0.33034080266952515, -0.6997447609901428]], "brockpiece14": [[-0.11551681160926819, -0.06681185960769653, -0.9511540532112122], [2.6984918117523193, -9.752689361572266, -6.1453070640563965], [0.1765923947095871, 0.3738964796066284, -0.06937721371650696]], "brockpiece15": [[-0.04280465841293335, -0.00018797814846038818, -0.07630755007266998], [-0.016928285360336304, 4.896030426025391, 0.026219442486763], [0.32439151406288147, 0.17386914789676666, 0.1606941819190979]], "brockpiece16": [[-0.11260178685188293, -0.0006787478923797607, -0.2966971695423126], [0.008033602498471737, -6.994140148162842, 0.009742341004312038], [0.2422737032175064, 0.13469432294368744, -0.2985038757324219]], "brockpiece17": [[0.09152749925851822, 0.016199052333831787, -0.9289771318435669], [-2.7797257900238037, -0.09040360152721405, 31.910316467285156], [0.05579742044210434, 0.8304786086082458, -0.06759888678789139]], "brockpiece18": [[0.052536964416503906, 7.665157318115234e-05, -0.9465566277503967], [0.00019695682567544281, -4.4315185546875, 0.00042302897782064974], [0.7751116156578064, 1.1647822856903076, 0.4550911784172058]], "brockpiece19": [[0.568742573261261, -0.7645688056945801, -3.1973490715026855], [-163.62594604492188, -17.020450592041016, -51.66352462768555], [0.04745550453662872, 0.8352649807929993, -0.8555060029029846]], "brockpiece20": [[0.10919930785894394, -0.1277286410331726, -2.3393402099609375], [25.159513473510742, -19.731107711791992, -93.57898712158203], [0.0324799083173275, 0.8903895616531372, 0.1047213077545166]], "brockpiece21": [[0.06811128556728363, 7.665157318115234e-05, -0.9935947060585022], [-3.42533508046472e-06, -4.431260585784912, 0.00010019105684477836], [0.15945503115653992, 1.6952928304672241, 0.277337908744812]], "brockpiece22": [[-0.29796481132507324, -1.7766177654266357, -6.50173807144165], [152.26458740234375, 9.820802688598633, -31.86174774169922], [0.5310609936714172, 1.9953807592391968, -0.3219248354434967]], "brockpiece23": [[0.15298007428646088, -0.42636334896087646, -2.9012041091918945], [-1.7956758737564087, 25.266122817993164, 94.10121154785156], [-0.0681355819106102, 0.8056530356407166, -0.06759854406118393]], "brockpiece24": [[0.051656574010849, -0.10845422744750977, -2.6418161392211914], [-16.932809829711914, 1.2653489112854004, -35.71086883544922], [-0.3838520646095276, 0.746596097946167, 0.4647919237613678]], "brockpiece25": [[-0.2605346441268921, -0.02461564540863037, -2.3906729221343994], [-0.05581352859735489, 1.130393147468567, -2.7216780185699463], [-1.032001256942749, 0.5244100093841553, 0.6970614790916443]], "brockpiece26": [[-0.689179539680481, -0.706378161907196, -1.0284258127212524], [32.03468322753906, 10.83031177520752, 60.678192138671875], [-0.012171115726232529, 0.7901149392127991, 0.14576949179172516]], "brockpiece27": [[-0.3216109871864319, -0.6668503284454346, -2.914428949356079], [4.582882404327393, 3.070462226867676, -5.967998504638672], [-0.029545554891228676, 0.7074200510978699, -0.5648927092552185]], "brockpiece28": [[-1.5389984846115112, -0.8339933753013611, -2.001267910003662], [-141.27684020996094, 45.03413772583008, 31.855504989624023], [-0.05280172452330589, 0.875779390335083, 0.7411666512489319]], "brockpiece29": [[0.053959935903549194, -0.33582785725593567, -2.660799026489258], [-8.219910621643066, -5.963791370391846, -14.806253433227539], [-0.1528574824333191, 0.604702889919281, -0.03537474945187569]], "brockpiece30": [[0.04357004165649414, -0.31940218806266785, -2.5524659156799316], [-10.055063247680664, -6.842494487762451, -10.051663398742676], [-0.212638720870018, 0.5194345116615295, -0.6746488809585571]], "brockpiece31": [[-0.05467072129249573, -0.12344935536384583, -2.5636000633239746], [-10.05504322052002, -6.842502117156982, -10.051748275756836], [-0.3032321333885193, 0.4032418727874756, 0.2416532039642334]], "brockpiece32": [[0.07778280228376389, -0.15489178895950317, -2.415620803833008], [35.08219909667969, 21.519794464111328, 154.87342834472656], [-0.014846060425043106, 0.7332823276519775, -0.067598357796669]], "brockpiece33": [[-0.19168749451637268, -8.243322372436523e-05, -1.3285527229309082], [-0.00261581689119339, -5.733741283416748, 0.04500174894928932], [-0.07364655286073685, 0.3388040363788605, 0.1644446849822998]], "brockpiece34": [[-0.055785272270441055, 0.0008009076118469238, -1.2541308403015137], [0.06109501048922539, -9.77679443359375, -0.3693810701370239], [-0.040006935596466064, 0.3192813992500305, -0.5479322671890259]], "brockpiece35": [[0.12314862012863159, -0.1702817678451538, -1.4483692646026611], [15.989734649658203, 1.8855892419815063, -129.87893676757812], [0.03971529006958008, 0.7414476275444031, -0.4923132658004761]], "brockpiece36": [[-0.0189676471054554, -0.18676602840423584, -1.2776559591293335], [-14.185873985290527, -14.048345565795898, -153.7811737060547], [0.04695548489689827, 0.8178877234458923, 0.2522242069244385]], "brockpiece37": [[-1.3209595680236816, -0.8370468020439148, -1.8640666007995605], [-110.45362091064453, -33.907344818115234, 98.66544342041016], [0.018796933814883232, 0.8953180909156799, 0.6815259456634521]],