{"brockpiece0": [[-9.164959192276001e-05, 2.2649765014648438e-06, 0.00014677643775939941], [2.8921591365360655e-05, -0.0006995076546445489, 3.756605292437598e-05], [-0.04771063104271889, 0.8072485327720642, -0.47105833888053894]], "brockpiece1": [[-0.00010099634528160095, 5.662441253662109e-06, 0.00014659762382507324], [4.098114732187241e-05, -0.0007286960608325899, -0.00018953779363073409], [-0.060903601348400116, 0.894946277141571, 0.4562895596027374]], "brockpiece2": [[-9.070336818695068e-05, 2.384185791015625e-06, 0.00014543533325195312], [3.351063060108572e-05, -0.0007056441390886903, -3.756604201043956e-05], [-0.1568758189678192, 0.8655882477760315, -0.5483085513114929]], "brockpiece3": [[-9.956955909729004e-05, 5.543231964111328e-06, 0.00014472007751464844], [3.201652361894958e-05, -0.0007043635123409331, -2.3905666239443235e-05], [-0.22012151777744293, 0.9278489947319031, 0.3253736197948456]], "brockpiece4": [[-0.00010094046592712402, 6.198883056640625e-06, 0.00014328956604003906], [-1.2806607628590427e-05, -0.0006869678618386388, -2.049057547992561e-05], [-0.4135969281196594, 0.9918517470359802, 0.46200042963027954]], "brockpiece5": [[-9.295344352722168e-05, 3.2186508178710938e-06, 0.0001423656940460205], [3.45778425980825e-05, -0.0007022290374152362, -3.756605292437598e-05], [-0.436776340007782, 0.9646992683410645, -0.3259457051753998]], "brockpiece6": [[-9.560585021972656e-05, 3.933906555175781e-06, 0.00014701485633850098], [2.7367457732907496e-05, -0.0006836594548076391, -4.7811339754844084e-05], [-0.01387631893157959, 0.9064578413963318, -0.06759907305240631]], "brockpiece7": [[-8.969753980636597e-05, 9.5367431640625e-07, 0.0001456141471862793], [3.2977019145619124e-05, -0.0007047904073260725, -2.7320766093907878e-05], [-0.016788214445114136, 1.2991664409637451, -0.5754176378250122]], "brockpiece8": [[-9.644776582717896e-05, 4.649162292480469e-06, 0.00014438480138778687], [4.514329702942632e-05, -0.0007201583357527852, 0.0001468491245759651], [-0.10184786468744278, 1.4046438932418823, 0.10018877685070038]], "brockpiece9": [[-0.00010120589286088943, 5.841255187988281e-06, 0.00014770030975341797], [4.1341339965583757e-05, -0.0007341655436903238, -0.00017416987975593656], [0.009604007937014103, 0.8276886940002441, 0.4656519293785095]], "brockpiece10": [[-9.154900908470154e-06, -0.00020742416381835938, 0.0001356750726699829], [0.02731970138847828, 0.017810150980949402, 0.0837211087346077], [0.026453230530023575, 0.7262305021286011, -0.09866398572921753]], "brockpiece11": [[-9.030662477016449e-05, 1.430511474609375e-06, 0.00014787912368774414], [2.319197119504679e-05, -0.0007068447885103524, -2.5613215257180855e-05], [0.023447148501873016, 0.6883174180984497, -0.6239317655563354]], "brockpiece12": [[-9.612366557121277e-05, 3.516674041748047e-06, 0.00014899671077728271], [3.396419560885988e-05, -0.0007103399257175624, -7.171701872721314e-05], [0.057196881622076035, 0.6268966794013977, -0.06759794801473618]], "brockpiece13": [[-9.017437696456909e-05, 8.940696716308594e-07, 0.00015044212341308594], [3.4577846236061305e-05, -0.000708632345777005, -2.5613220714149065e-05], [0.10751569271087646, 0.33034080266952515, -0.6997447609901428]], "brockpiece14": [[-9.655952453613281e-05, 3.3080577850341797e-06, 0.00015112757682800293], [7.764006113575306e-06, -0.0007084188982844353, -2.6466988856554963e-05], [0.1765923947095871, 0.3738964796066284, -0.06937721371650696]], "brockpiece15": [[3.510713577270508e-05, -0.0002998858690261841, 0.00042876601219177246], [-0.002413405803963542, 0.002328668488189578, -0.0031589639838784933], [0.32439151406288147, 0.17386914789676666, 0.1606941819190979]], "brockpiece16": [[0.00011135637760162354, -0.0002253800630569458, 0.000244826078414917], [0.006370434071868658, -0.012307471595704556, -0.0020149066112935543], [0.2422737032175064, 0.13469432294368744, -0.2985038757324219]], "brockpiece17": [[-9.573996067047119e-05, 3.516674041748047e-06, 0.00014811009168624878], [-5.5495306696684565e-06, -0.0006941182073205709, 0.00025442460901103914], [0.05579742044210434, 0.8304786086082458, -0.06759888678789139]], "brockpiece18": [[-0.0001004338264465332, 4.0531158447265625e-06, 0.00015410780906677246], [-7.342455501202494e-05, -0.0007760805310681462, 0.00032955672941170633], [0.7751116156578064, 1.1647822856903076, 0.4550911784172058]], "brockpiece19": [[-8.767843246459961e-05, 5.960464477539062e-07, 0.00014787912368774414], [4.802478360943496e-05, -0.0007615663344040513, 0.00035175486118532717], [0.04745550453662872, 0.8352649807929993, -0.8555060029029846]], "brockpiece20": [[-9.738653898239136e-05, 4.112720489501953e-06, 0.00014761090278625488], [4.332902608439326e-05, -0.0007376606808975339, -0.0002493019856046885], [0.0324799083173275, 0.8903895616531372, 0.1047213077545166]], "brockpiece21": [[-9.770691394805908e-05, 5.125999450683594e-06, 0.0001455843448638916], [0.827203631401062, 4.302369594573975, 158.22938537597656], [0.15945503115653992, 1.6952928304672241, 0.277337908744812]], "brockpiece22": [[-9.113550186157227e-05, 2.86102294921875e-06, 0.00014865398406982422], [2.860142740246374e-05, -0.000715462549123913, -1.878302646218799e-05], [0.5310609936714172, 1.9953807592391968, -0.3219248354434967]], "brockpiece23": [[-9.576976299285889e-05, 3.7550926208496094e-06, 0.0001468956470489502], [2.2625010387855582e-05, -0.0006714931805618107, 0.0001485566608607769], [-0.0681355819106102, 0.8056530356407166, -0.06759854406118393]], "brockpiece24": [[-0.00010114908218383789, 6.4373016357421875e-06, 0.00014472007751464844], [3.073586049140431e-05, -0.0007043635123409331, -2.0490573660936207e-05], [-0.3838520646095276, 0.746596097946167, 0.4647919237613678]], "brockpiece25": [[-0.00010418891906738281, 8.702278137207031e-06, 0.00013911724090576172], [3.073586049140431e-05, -0.0007069248240441084, -3.329718310851604e-05], [-1.032001256942749, 0.5244100093841553, 0.6970614790916443]], "brockpiece26": [[-9.799469262361526e-05, 4.5299530029296875e-06, 0.00014753639698028564], [2.126430808857549e-05, -0.0007000145851634443, -2.3905666239443235e-05], [-0.012171115726232529, 0.7901149392127991, 0.14576949179172516]], "brockpiece27": [[-9.087100625038147e-05, 1.5497207641601562e-06, 0.00014734268188476562], [3.244341132813133e-05, -0.0007041500648483634, -5.122643415234052e-06], [-0.029545554891228676, 0.7074200510978699, -0.5648927092552185]], "brockpiece28": [[-0.00010398030281066895, 7.152557373046875e-06, 0.00014710426330566406], [6.659436621703207e-05, -0.000715462549123913, -2.5613218895159662e-05], [-0.05280172452330589, 0.875779390335083, 0.7411666512489319]], "brockpiece29": [[-9.648501873016357e-05, 3.933906555175781e-06, 0.00014685839414596558], [2.9561926567112096e-05, -0.0006932644173502922, 8.025475108297542e-05], [-0.1528574824333191, 0.604702889919281, -0.03537474945187569]], "brockpiece30": [[-9.007751941680908e-05, 1.5497207641601562e-06, 0.00014656782150268555], [3.4150962164858356e-05, -0.000708632345777005, -3.073586049140431e-05], [-0.212638720870018, 0.5194345116615295, -0.6746488809585571]], "brockpiece31": [[-9.968876838684082e-05, 5.5730342864990234e-06, 0.00014659762382507324], [4.364919368526898e-05, -0.0007043635123409331, -0.00013233495701570064], [-0.3032321333885193, 0.4032418727874756, 0.2416532039642334]], "brockpiece32": [[-9.592901915311813e-05, 3.5762786865234375e-06, 0.00014773011207580566], [2.6340259864809923e-05, -0.0006852602818980813, -0.00025485153310000896], [-0.014846060425043106, 0.7332823276519775, -0.067598357796669]], "brockpiece33": [[-9.900331497192383e-05, 4.678964614868164e-06, 0.000148773193359375], [2.650701026141178e-05, -0.0007201583357527852, -7.940096838865429e-05], [-0.07364655286073685, 0.3388040363788605, 0.1644446849822998]], "brockpiece34": [[-9.174644947052002e-05, 1.7285346984863281e-06, 0.00014954805374145508], [3.2856954931048676e-05, -0.000706497929058969, -2.5613220714149065e-05], [-0.040006935596466064, 0.3192813992500305, -0.5479322671890259]],