{"brockpiece0": [[-0.17674899101257324, -0.7636367678642273, -3.4499154090881348], [101.5317153930664, 47.19657516479492, 97.88760375976562], [-0.04771063104271889, 0.8072485327720642, -0.47105833888053894]], "brockpiece1": [[0.20424817502498627, -0.30090028047561646, -3.105299949645996], [13.490079879760742, 65.3232192993164, 111.67635345458984], [-0.060903601348400116, 0.894946277141571, 0.4562895596027374]], "brockpiece2": [[0.5856534838676453, -0.8014951348304749, -3.676382303237915], [-4.518200874328613, 7.809950828552246, -55.96537780761719], [-0.1568758189678192, 0.8655882477760315, -0.5483085513114929]], "brockpiece3": [[0.1781410127878189, -0.42209893465042114, -3.1600401401519775], [-12.017716407775879, 22.031143188476562, 64.42253112792969], [-0.22012151777744293, 0.9278489947319031, 0.3253736197948456]], "brockpiece4": [[0.2537018060684204, -0.09099036455154419, -2.7544264793395996], [-26.843652725219727, -8.224635124206543, -49.28236770629883], [-0.4135969281196594, 0.9918517470359802, 0.46200042963027954]], "brockpiece5": [[-0.050794124603271484, 0.027132689952850342, -2.399057149887085], [-4.879349708557129, 8.616551399230957, 1.1527116298675537], [-0.436776340007782, 0.9646992683410645, -0.3259457051753998]], "brockpiece6": [[0.46451884508132935, -0.8137202858924866, -3.7482917308807373], [-26.994298934936523, 36.13732147216797, -57.65873336791992], [-0.01387631893157959, 0.9064578413963318, -0.06759907305240631]], "brockpiece7": [[0.9551077485084534, -1.156982183456421, -4.18479061126709], [-161.3399658203125, 5.093317985534668, -106.56319427490234], [-0.016788214445114136, 1.2991664409637451, -0.5754176378250122]], "brockpiece8": [[1.5632057189941406, -1.0778688192367554, -5.2613325119018555], [-150.9482421875, -3.8268232345581055, -105.21773529052734], [-0.10184786468744278, 1.4046438932418823, 0.10018877685070038]], "brockpiece9": [[-0.9730882048606873, -0.7673561573028564, -1.5827656984329224], [10.10678768157959, 7.794134616851807, 0.5119755268096924], [0.009604007937014103, 0.8276886940002441, 0.4656519293785095]], "brockpiece10": [[0.04522600769996643, -0.24412548542022705, -1.3264591693878174], [14.249847412109375, 5.348495006561279, -173.8522491455078], [0.026453230530023575, 0.7262305021286011, -0.09866398572921753]], "brockpiece11": [[-0.1379549503326416, -0.623856782913208, -2.1270644664764404], [-13.177384376525879, -17.41543960571289, 33.01122283935547], [0.023447148501873016, 0.6883174180984497, -0.6239317655563354]], "brockpiece12": [[-0.016304001212120056, -0.13834404945373535, -1.3724751472473145], [-3.0618646144866943, -8.267026901245117, 7.601863384246826], [0.057196881622076035, 0.6268966794013977, -0.06759794801473618]], "brockpiece13": [[-0.039055079221725464, -0.13128189742565155, -0.9445781707763672], [-16.98946189880371, -11.906912803649902, 1.9328490495681763], [0.10751569271087646, 0.33034080266952515, -0.6997447609901428]], "brockpiece14": [[-0.10022904723882675, -0.0591299831867218, -0.9578881859779358], [2.084874153137207, -9.288617134094238, -6.817782878875732], [0.1765923947095871, 0.3738964796066284, -0.06937721371650696]], "brockpiece15": [[-0.04186975955963135, -0.00018076598644256592, -0.07466624677181244], [-0.018154209479689598, 4.4220290184021, 0.07466796040534973], [0.32439151406288147, 0.17386914789676666, 0.1606941819190979]], "brockpiece16": [[-0.12419311702251434, -0.0008934736251831055, -0.30726221203804016], [-0.004969919566065073, -8.033037185668945, -0.03677775338292122], [0.2422737032175064, 0.13469432294368744, -0.2985038757324219]], "brockpiece17": [[0.07547911256551743, 0.048461735248565674, -0.926811695098877], [-2.8931307792663574, -2.499272584915161, 13.889947891235352], [0.05579742044210434, 0.8304786086082458, -0.06759888678789139]], "brockpiece18": [[0.051667630672454834, 8.118152618408203e-05, -0.9466738700866699], [0.00017126629245467484, -4.42929744720459, 0.0004966721753589809], [0.7751116156578064, 1.1647822856903076, 0.4550911784172058]], "brockpiece19": [[0.6119825839996338, -0.7599948644638062, -3.165222644805908], [-142.7605438232422, 4.595617771148682, -95.0956802368164], [0.04745550453662872, 0.8352649807929993, -0.8555060029029846]], "brockpiece20": [[0.10890711098909378, -0.10237455368041992, -2.288269281387329], [6.0385870933532715, -31.185575485229492, -73.20378112792969], [0.0324799083173275, 0.8903895616531372, 0.1047213077545166]], "brockpiece21": [[0.06723296642303467, 8.33272933959961e-05, -0.9936854839324951], [2.4868407249450684, 8.412154197692871, 158.04501342773438], [0.15945503115653992, 1.6952928304672241, 0.277337908744812]], "brockpiece22": [[-0.2962719798088074, -1.7679544687271118, -6.510427474975586], [150.763671875, 9.143172264099121, -33.660362243652344], [0.5310609936714172, 1.9953807592391968, -0.3219248354434967]], "brockpiece23": [[0.15499268472194672, -0.4348803460597992, -2.848733901977539], [-13.19733715057373, 23.96884536743164, 62.748191833496094], [-0.0681355819106102, 0.8056530356407166, -0.06759854406118393]], "brockpiece24": [[0.057166606187820435, -0.09668582677841187, -2.622131109237671], [-17.990652084350586, 1.7431844472885132, -31.225040435791016], [-0.3838520646095276, 0.746596097946167, 0.4647919237613678]], "brockpiece25": [[-0.24672377109527588, -0.016641557216644287, -2.390190839767456], [0.3025372326374054, 0.14956942200660706, -2.0006580352783203], [-1.032001256942749, 0.5244100093841553, 0.6970614790916443]], "brockpiece26": [[-0.8857747912406921, -0.6527608633041382, -1.1185302734375], [19.04275131225586, -12.36412239074707, 39.07572937011719], [-0.012171115726232529, 0.7901149392127991, 0.14576949179172516]], "brockpiece27": [[-0.32311904430389404, -0.6668928265571594, -2.913144588470459], [4.394862174987793, 2.9270265102386475, -9.908469200134277], [-0.029545554891228676, 0.7074200510978699, -0.5648927092552185]], "brockpiece28": [[-1.3944706916809082, -0.7999761700630188, -1.7250497341156006], [40.23027038574219, 27.33144760131836, -79.74564361572266], [-0.05280172452330589, 0.875779390335083, 0.7411666512489319]], "brockpiece29": [[0.05101614445447922, -0.3262057602405548, -2.6542162895202637], [-9.704490661621094, -4.947535514831543, -13.57065486907959], [-0.1528574824333191, 0.604702889919281, -0.03537474945187569]], "brockpiece30": [[0.04598848521709442, -0.31904762983322144, -2.549046516418457], [-9.790206909179688, -6.94427490234375, -12.542678833007812], [-0.212638720870018, 0.5194345116615295, -0.6746488809585571]], "brockpiece31": [[-0.05112642049789429, -0.1187712550163269, -2.560344934463501], [-9.790186882019043, -6.944281101226807, -12.542770385742188], [-0.3032321333885193, 0.4032418727874756, 0.2416532039642334]], "brockpiece32": [[0.06763394922018051, -0.14789342880249023, -2.401963233947754], [34.28608703613281, 23.482725143432617, 149.1356964111328], [-0.014846060425043106, 0.7332823276519775, -0.067598357796669]], "brockpiece33": [[-0.18074741959571838, 0.0002682209014892578, -1.3377776145935059], [-0.01659402996301651, -4.558074474334717, 0.21778562664985657], [-0.07364655286073685, 0.3388040363788605, 0.1644446849822998]], "brockpiece34": [[-0.05285171791911125, 0.0029886960983276367, -1.247746229171753], [-0.370983749628067, -8.308574676513672, -0.12793494760990143], [-0.040006935596466064, 0.3192813992500305, -0.5479322671890259]], "brockpiece35": [[-0.008295424282550812, -0.11534744501113892, -1.4917571544647217], [-17.068143844604492, 0.38991132378578186, 45.765724182128906], [0.03971529006958008, 0.7414476275444031, -0.4923132658004761]], "brockpiece36": [[-0.033281415700912476, -0.14869606494903564, -1.2947453260421753], [-19.041799545288086, -24.50908660888672, -147.63076782226562], [0.04695548489689827, 0.8178877234458923, 0.2522242069244385]], "brockpiece37": [[-1.2864587306976318, -0.8551054000854492, -1.8904633522033691], [-125.32770538330078, 19.721044540405273, 56.14341735839844], [0.018796933814883232, 0.8953180909156799, 0.6815259456634521]],