{"brockpiece0": [[-9.242817759513855e-05, 6.258487701416016e-06, 0.0001512467861175537], [0.00024791457690298557, -0.0006392365321516991, -0.00011440569505793974], [-0.04771063104271889, 0.8072485327720642, -0.47105833888053894]], "brockpiece1": [[-0.000100649893283844, 6.4373016357421875e-06, 0.0001513957977294922], [0.00024503315216861665, -0.0006486547645181417, -0.00012635854363907129], [-0.060903601348400116, 0.894946277141571, 0.4562895596027374]], "brockpiece2": [[-9.1552734375e-05, 6.735324859619141e-06, 0.00015038251876831055], [0.00024417933309450746, -0.0006373422220349312, -5.634907938656397e-05], [-0.1568758189678192, 0.8655882477760315, -0.5483085513114929]], "brockpiece3": [[-9.940564632415771e-05, 7.271766662597656e-06, 0.00014993548393249512], [0.00024183146888390183, -0.000636701937764883, -4.439624535734765e-05], [-0.22012151777744293, 0.9278489947319031, 0.3253736197948456]], "brockpiece4": [[-0.00010064244270324707, 6.9141387939453125e-06, 0.00014901161193847656], [0.0001976486382773146, -0.0006179189076647162, -4.7811339754844084e-05], [-0.4135969281196594, 0.9918517470359802, 0.46200042963027954]], "brockpiece5": [[-9.34898853302002e-05, 7.271766662597656e-06, 0.00014781951904296875], [0.00024332554312422872, -0.0006320061511360109, -4.6103785280138254e-05], [-0.436776340007782, 0.9646992683410645, -0.3259457051753998]], "brockpiece6": [[-9.586382657289505e-05, 6.496906280517578e-06, 0.0001518651843070984], [0.00023629528004676104, -0.0006068198126740754, 3.927360739908181e-05], [-0.01387631893157959, 0.9064578413963318, -0.06759907305240631]], "brockpiece7": [[-9.038113057613373e-05, 6.079673767089844e-06, 0.00015169382095336914], [0.0002350546419620514, -0.0006377691170200706, -4.86651188111864e-05], [-0.016788214445114136, 1.2991664409637451, -0.5754176378250122]], "brockpiece8": [[-9.626150131225586e-05, 6.198883056640625e-06, 0.0001509636640548706], [0.00025421121972613037, -0.000656125252135098, 0.00012635852908715606], [-0.10184786468744278, 1.4046438932418823, 0.10018877685070038]], "brockpiece9": [[-0.00010087434202432632, 6.4373016357421875e-06, 0.00015228986740112305], [0.000249462085776031, -0.0006577527965418994, -0.0001485566608607769], [0.009604007937014103, 0.8276886940002441, 0.4656519293785095]], "brockpiece10": [[-9.169802069664001e-06, -0.0002097487449645996, 0.00015850365161895752], [0.024085180833935738, 0.01924619823694229, 0.09428571909666061], [0.026453230530023575, 0.7262305021286011, -0.09866398572921753]], "brockpiece11": [[-9.131059050559998e-05, 5.9604644775390625e-06, 0.0001519918441772461], [0.0002324666565982625, -0.0006387029425241053, -4.610379255609587e-05], [0.023447148501873016, 0.6883174180984497, -0.6239317655563354]], "brockpiece12": [[-9.64924693107605e-05, 5.900859832763672e-06, 0.00015269219875335693], [0.0002469274331815541, -0.0006397968390956521, -6.83019170537591e-05], [0.057196881622076035, 0.6268966794013977, -0.06759794801473618]], "brockpiece13": [[-9.145587682723999e-05, 5.781650543212891e-06, 0.00015306472778320312], [0.00024375248176511377, -0.0006352078053168952, -4.695757161243819e-05], [0.10751569271087646, 0.33034080266952515, -0.6997447609901428]], "brockpiece14": [[-9.705126285552979e-05, 5.8710575103759766e-06, 0.0001537427306175232], [0.0002198868169216439, -0.0006406506290659308, -4.866510789724998e-05], [0.1765923947095871, 0.3738964796066284, -0.06937721371650696]], "brockpiece15": [[-3.635883331298828e-06, -0.0003062933683395386, 0.0003416091203689575], [0.0053923302330076694, 0.014270724728703499, -0.00969204306602478], [0.32439151406288147, 0.17386914789676666, 0.1606941819190979]], "brockpiece16": [[0.00011810660362243652, -0.00037088990211486816, 0.0002906620502471924], [-0.007494427729398012, -0.014951823279261589, -0.01755700819194317], [0.2422737032175064, 0.13469432294368744, -0.2985038757324219]], "brockpiece17": [[-9.603053331375122e-05, 6.139278411865234e-06, 0.00015257298946380615], [0.00021920645667705685, -0.0006793906213715672, -0.0002219812013208866], [0.05579742044210434, 0.8304786086082458, -0.06759888678789139]], "brockpiece18": [[-9.995698928833008e-05, 4.5299530029296875e-06, 0.0001589059829711914], [0.00023734912974759936, -0.000647160632070154, -0.00013489626871887594], [0.7751116156578064, 1.1647822856903076, 0.4550911784172058]], "brockpiece19": [[-8.890405297279358e-05, 5.900859832763672e-06, 0.0001526474952697754], [0.00026338922907598317, -0.0006945451023057103, 0.0003346793819218874], [0.04745550453662872, 0.8352649807929993, -0.8555060029029846]], "brockpiece20": [[-9.745731949806213e-05, 6.67572021484375e-06, 0.00015245378017425537], [0.00027544880867935717, -0.0007940097711980343, -0.0011218588333576918], [0.0324799083173275, 0.8903895616531372, 0.1047213077545166]], "brockpiece21": [[-9.721517562866211e-05, 6.318092346191406e-06, 0.00015309453010559082], [-1.694207821856253e-05, -0.0004911334835924208, 9.050003427546471e-05], [0.15945503115653992, 1.6952928304672241, 0.277337908744812]], "brockpiece22": [[-9.131431579589844e-05, 6.198883056640625e-06, 0.0001569986343383789], [0.00023991047055460513, -0.000650575733743608, -5.122643051436171e-05], [0.5310609936714172, 1.9953807592391968, -0.3219248354434967]], "brockpiece23": [[-9.607523679733276e-05, 6.318092346191406e-06, 0.00015141814947128296], [0.00023265340132638812, -0.0005999896093271673, 0.00016904724179767072], [-0.0681355819106102, 0.8056530356407166, -0.06759854406118393]], "brockpiece24": [[-0.00010085105895996094, 7.092952728271484e-06, 0.0001493692398071289], [0.00024247179680969566, -0.0006386229069903493, -5.2933977713109925e-05], [-0.3838520646095276, 0.746596097946167, 0.4647919237613678]], "brockpiece25": [[-0.00010395050048828125, 8.881092071533203e-06, 0.00014322996139526367], [0.00023905665148049593, -0.0006386229069903493, -4.183491546427831e-05], [-1.032001256942749, 0.5244100093841553, 0.6970614790916443]], "brockpiece26": [[-9.805336594581604e-05, 6.556510925292969e-06, 0.000151902437210083], [0.00023145275190472603, -0.0006326198345050216, -4.951889059157111e-05], [-0.012171115726232529, 0.7901149392127991, 0.14576949179172516]], "brockpiece27": [[-9.180232882499695e-05, 5.9604644775390625e-06, 0.00015163421630859375], [0.0002428453299216926, -0.0006362750427797437, -3.585850208764896e-05], [-0.029545554891228676, 0.7074200510978699, -0.5648927092552185]], "brockpiece28": [[-0.00010329484939575195, 6.854534149169922e-06, 0.00015175342559814453], [0.0002757689799182117, -0.000647160632070154, -3.244341132813133e-05], [-0.05280172452330589, 0.875779390335083, 0.7411666512489319]], "brockpiece29": [[-9.684264659881592e-05, 6.616115570068359e-06, 0.0001507103443145752], [0.0002403373655397445, -0.0006317927036434412, 1.1952834938711021e-05], [-0.1528574824333191, 0.604702889919281, -0.03537474945187569]], "brockpiece30": [[-9.12398099899292e-05, 6.616115570068359e-06, 0.00015014410018920898], [0.0002514364605303854, -0.0006377691170200706, -6.574059807462618e-05], [-0.212638720870018, 0.5194345116615295, -0.6746488809585571]], "brockpiece31": [[-9.965896606445312e-05, 7.212162017822266e-06, 0.00014987587928771973], [0.00025431791436858475, -0.000633927178569138, -0.00016392458928748965], [-0.3032321333885193, 0.4032418727874756, 0.2416532039642334]], "brockpiece32": [[-9.62642952799797e-05, 5.841255187988281e-06, 0.00015198439359664917], [0.0002312126598553732, -0.0005838746437802911, -7.257079232658725e-06], [-0.014846060425043106, 0.7332823276519775, -0.067598357796669]], "brockpiece33": [[-9.921938180923462e-05, 6.794929504394531e-06, 0.00015173852443695068], [0.00023861645604483783, -0.0006529235979542136, -0.00010842927440535277], [-0.07364655286073685, 0.3388040363788605, 0.1644446849822998]], "brockpiece34": [[-9.282305836677551e-05, 6.139278411865234e-06, 0.00015205144882202148], [0.0002454333007335663, -0.0006373422220349312, -4.95188869535923e-05], [-0.040006935596466064, 0.3192813992500305, -0.5479322671890259]],