{"brockpiece0": [[-0.17857667803764343, -0.7907829284667969, -3.476062774658203], [-112.35794067382812, 75.00105285644531, -115.3999252319336], [-0.04771063104271889, 0.8072485327720642, -0.47105833888053894]], "brockpiece1": [[0.3018478751182556, -0.4447038471698761, -3.1143853664398193], [-47.383079528808594, 68.60082244873047, 32.32811737060547], [-0.060903601348400116, 0.894946277141571, 0.4562895596027374]], "brockpiece2": [[0.5854599475860596, -0.8013041019439697, -3.676546335220337], [-4.639867782592773, 7.587271213531494, -57.53900146484375], [-0.1568758189678192, 0.8655882477760315, -0.5483085513114929]], "brockpiece3": [[0.17315642535686493, -0.45011553168296814, -3.1770448684692383], [-13.129860877990723, 20.17813491821289, 55.165977478027344], [-0.22012151777744293, 0.9278489947319031, 0.3253736197948456]], "brockpiece4": [[0.26654428243637085, -0.10759955644607544, -2.784768581390381], [-31.169387817382812, -12.088557243347168, -47.87369918823242], [-0.4135969281196594, 0.9918517470359802, 0.46200042963027954]], "brockpiece5": [[-0.04649561643600464, 0.023094892501831055, -2.4047677516937256], [-4.8547773361206055, 9.121891975402832, 2.2572181224823], [-0.436776340007782, 0.9646992683410645, -0.3259457051753998]], "brockpiece6": [[0.5426944494247437, -0.7984017729759216, -3.7714529037475586], [27.999073028564453, 39.020103454589844, 26.30960464477539], [-0.01387631893157959, 0.9064578413963318, -0.06759907305240631]], "brockpiece7": [[0.9536958336830139, -1.1584093570709229, -4.184749603271484], [-161.33407592773438, 5.012638092041016, -106.30903625488281], [-0.016788214445114136, 1.2991664409637451, -0.5754176378250122]], "brockpiece8": [[1.6093192100524902, -1.0927538871765137, -5.2219085693359375], [-153.33953857421875, 7.700774669647217, -118.3624496459961], [-0.10184786468744278, 1.4046438932418823, 0.10018877685070038]], "brockpiece9": [[-0.9219539761543274, -0.8061356544494629, -1.5922201871871948], [16.93548011779785, 8.800150871276855, -106.95521545410156], [0.009604007937014103, 0.8276886940002441, 0.4656519293785095]], "brockpiece10": [[0.04435661435127258, -0.2449643611907959, -1.328086495399475], [14.59415054321289, 5.423123359680176, -172.6195068359375], [0.026453230530023575, 0.7262305021286011, -0.09866398572921753]], "brockpiece11": [[-0.1354178488254547, -0.6250944137573242, -2.128696918487549], [-14.757054328918457, -17.40778160095215, 36.0840950012207], [0.023447148501873016, 0.6883174180984497, -0.6239317655563354]], "brockpiece12": [[-0.017983656376600266, -0.13859158754348755, -1.3740918636322021], [-2.945833683013916, -8.213311195373535, 7.562623500823975], [0.057196881622076035, 0.6268966794013977, -0.06759794801473618]], "brockpiece13": [[-0.038790203630924225, -0.1337856650352478, -0.9464877843856812], [-16.397241592407227, -11.938386917114258, 1.9963042736053467], [0.10751569271087646, 0.33034080266952515, -0.6997447609901428]], "brockpiece14": [[-0.10246650874614716, -0.06002131104469299, -0.9563056826591492], [2.252929925918579, -9.382328987121582, -6.911141872406006], [0.1765923947095871, 0.3738964796066284, -0.06937721371650696]], "brockpiece15": [[-0.042368024587631226, -8.624792098999023e-05, -0.07528405636548996], [-0.008999108336865902, 4.561528205871582, 0.009644041769206524], [0.32439151406288147, 0.17386914789676666, 0.1606941819190979]], "brockpiece16": [[-0.12197879701852798, -0.0006445646286010742, -0.3056553900241852], [0.003954096231609583, -7.796904563903809, 0.0540897361934185], [0.2422737032175064, 0.13469432294368744, -0.2985038757324219]], "brockpiece17": [[0.08122525364160538, 0.04046320915222168, -0.9255049228668213], [-2.9790639877319336, -2.1431174278259277, 17.59697914123535], [0.05579742044210434, 0.8304786086082458, -0.06759888678789139]], "brockpiece18": [[0.05182713270187378, 7.665157318115234e-05, -0.9466646313667297], [0.00019866952789016068, -4.431593418121338, 0.00036137300776317716], [0.7751116156578064, 1.1647822856903076, 0.4550911784172058]], "brockpiece19": [[0.6020382642745972, -0.7596516609191895, -3.1780447959899902], [-149.2309112548828, -4.824448585510254, -84.61198425292969], [0.04745550453662872, 0.8352649807929993, -0.8555060029029846]], "brockpiece20": [[0.14122936129570007, -0.07153052091598511, -2.335853099822998], [42.72724151611328, -13.4637451171875, -138.81056213378906], [0.0324799083173275, 0.8903895616531372, 0.1047213077545166]], "brockpiece21": [[0.0674014538526535, 7.68899917602539e-05, -0.9937028288841248], [-2.5904095309670083e-05, -4.431302547454834, 0.00044272452942095697], [0.15945503115653992, 1.6952928304672241, 0.277337908744812]], "brockpiece22": [[-0.30248507857322693, -1.7705318927764893, -6.50181770324707], [152.48912048339844, 10.002867698669434, -30.954923629760742], [0.5310609936714172, 1.9953807592391968, -0.3219248354434967]], "brockpiece23": [[0.14699554443359375, -0.4193286597728729, -2.878007173538208], [-4.697885990142822, 26.3279972076416, 83.10520935058594], [-0.0681355819106102, 0.8056530356407166, -0.06759854406118393]], "brockpiece24": [[0.05529108643531799, -0.10455065965652466, -2.6314749717712402], [-17.284378051757812, 1.3582134246826172, -33.19233703613281], [-0.3838520646095276, 0.746596097946167, 0.4647919237613678]], "brockpiece25": [[-0.253506064414978, -0.022423148155212402, -2.3951785564422607], [-0.03319080173969269, 0.9545463919639587, -2.4873175621032715], [-1.032001256942749, 0.5244100093841553, 0.6970614790916443]], "brockpiece26": [[-0.7739048600196838, -0.7373919486999512, -1.0857882499694824], [-32.500770568847656, 30.368520736694336, 125.5905990600586], [-0.012171115726232529, 0.7901149392127991, 0.14576949179172516]], "brockpiece27": [[-0.32244938611984253, -0.667695939540863, -2.913439989089966], [4.458740711212158, 3.18914794921875, -9.103963851928711], [-0.029545554891228676, 0.7074200510978699, -0.5648927092552185]], "brockpiece28": [[-1.5229320526123047, -0.8033885955810547, -1.8438211679458618], [-37.26044845581055, 18.671009063720703, 83.42664337158203], [-0.05280172452330589, 0.875779390335083, 0.7411666512489319]], "brockpiece29": [[0.05215316265821457, -0.33110153675079346, -2.6585636138916016], [-8.940468788146973, -4.987233638763428, -13.468785285949707], [-0.1528574824333191, 0.604702889919281, -0.03537474945187569]], "brockpiece30": [[0.04857644438743591, -0.3195204734802246, -2.551852226257324], [-9.78528881072998, -6.926671981811523, -11.330259323120117], [-0.212638720870018, 0.5194345116615295, -0.6746488809585571]], "brockpiece31": [[-0.05001905560493469, -0.12336698174476624, -2.563084125518799], [-9.78526782989502, -6.926689147949219, -11.33036994934082], [-0.3032321333885193, 0.4032418727874756, 0.2416532039642334]], "brockpiece32": [[0.07090052962303162, -0.14874869585037231, -2.4066646099090576], [34.222164154052734, 23.507719039916992, 149.73492431640625], [-0.014846060425043106, 0.7332823276519775, -0.067598357796669]], "brockpiece33": [[-0.1812141239643097, -1.8268823623657227e-05, -1.3344224691390991], [-0.05211193859577179, -5.050461292266846, 0.01918279193341732], [-0.07364655286073685, 0.3388040363788605, 0.1644446849822998]], "brockpiece34": [[-0.0522918738424778, 0.002963542938232422, -1.2515208721160889], [-0.2858682870864868, -8.703169822692871, -0.2879675328731537], [-0.040006935596466064, 0.3192813992500305, -0.5479322671890259]], "brockpiece35": [[0.014881785959005356, -0.13794320821762085, -1.4822651147842407], [-6.409717559814453, -18.98977279663086, -11.881749153137207], [0.03971529006958008, 0.7414476275444031, -0.4923132658004761]], "brockpiece36": [[-0.0304222721606493, -0.1568278670310974, -1.2960699796676636], [-22.364171981811523, -25.198625564575195, -149.22543334960938], [0.04695548489689827, 0.8178877234458923, 0.2522242069244385]], "brockpiece37": [[-1.293592929840088, -0.8442116379737854, -1.8786921501159668], [-101.15556335449219, -15.726263046264648, 83.45303344726562], [0.018796933814883232, 0.8953180909156799, 0.6815259456634521]],