{"brockpiece0": [[-0.1676759421825409, -0.7192860245704651, -3.3323144912719727], [96.7562026977539, -47.783756256103516, 88.3475570678711], [-0.04771063104271889, 0.8072485327720642, -0.47105833888053894]], "brockpiece1": [[0.1446523815393448, -0.25861990451812744, -3.078162431716919], [17.396869659423828, 47.11540985107422, 119.31462097167969], [-0.060903601348400116, 0.894946277141571, 0.4562895596027374]], "brockpiece2": [[0.5793837308883667, -0.7585006356239319, -3.6765310764312744], [-1.0671942234039307, 20.900863647460938, 8.98304271697998], [-0.1568758189678192, 0.8655882477760315, -0.5483085513114929]], "brockpiece3": [[0.21166524291038513, -0.4143196940422058, -3.152411937713623], [-26.465450286865234, 8.266633033752441, 22.308067321777344], [-0.22012151777744293, 0.9278489947319031, 0.3253736197948456]], "brockpiece4": [[0.24015457928180695, -0.03330570459365845, -2.755380868911743], [-11.990044593811035, 14.030128479003906, -40.91719055175781], [-0.4135969281196594, 0.9918517470359802, 0.46200042963027954]], "brockpiece5": [[-0.06850993633270264, 0.05901831388473511, -2.455714464187622], [-6.816092014312744, 8.628464698791504, -0.20642976462841034], [-0.436776340007782, 0.9646992683410645, -0.3259457051753998]], "brockpiece6": [[0.4072880744934082, -0.807129442691803, -3.733213186264038], [-33.2189826965332, 32.41347122192383, -67.1331558227539], [-0.01387631893157959, 0.9064578413963318, -0.06759907305240631]], "brockpiece7": [[0.9539607763290405, -1.1579328775405884, -4.186494827270508], [-161.17198181152344, 4.730296611785889, -106.02601623535156], [-0.016788214445114136, 1.2991664409637451, -0.5754176378250122]], "brockpiece8": [[1.5798399448394775, -1.0743577480316162, -5.217028617858887], [-150.193603515625, 13.50546646118164, -118.92504119873047], [-0.10184786468744278, 1.4046438932418823, 0.10018877685070038]], "brockpiece9": [[-1.1361262798309326, -0.6692835688591003, -1.8409315347671509], [-11.08895492553711, -0.2561236321926117, 49.24064254760742], [0.009604007937014103, 0.8276886940002441, 0.4656519293785095]], "brockpiece10": [[0.05185534805059433, -0.24690905213356018, -1.3316353559494019], [12.082564353942871, 4.663851737976074, -179.65830993652344], [0.026453230530023575, 0.7262305021286011, -0.09866398572921753]], "brockpiece11": [[-0.06797754764556885, -0.6155845522880554, -2.09668231010437], [13.339699745178223, -17.455698013305664, -34.5732307434082], [0.023447148501873016, 0.6883174180984497, -0.6239317655563354]], "brockpiece12": [[-0.01012173667550087, -0.14394432306289673, -1.3803846836090088], [-4.801435470581055, -8.02315616607666, 8.165834426879883], [0.057196881622076035, 0.6268966794013977, -0.06759794801473618]], "brockpiece13": [[-0.034558236598968506, -0.13159199059009552, -0.9459583759307861], [-17.040939331054688, -11.641617774963379, 2.2056286334991455], [0.10751569271087646, 0.33034080266952515, -0.6997447609901428]], "brockpiece14": [[-0.09404473751783371, -0.05464130640029907, -0.9679818749427795], [0.7544435858726501, -9.700636863708496, -7.017548561096191], [0.1765923947095871, 0.3738964796066284, -0.06937721371650696]], "brockpiece15": [[-0.043359577655792236, -0.001115754246711731, -0.07571716606616974], [-0.4824160635471344, 3.657555103302002, 2.076676607131958], [0.32439151406288147, 0.17386914789676666, 0.1606941819190979]], "brockpiece16": [[-0.1175055131316185, -4.540383815765381e-05, -0.3124067485332489], [-0.09151314198970795, -8.208333015441895, -0.10663086920976639], [0.2422737032175064, 0.13469432294368744, -0.2985038757324219]], "brockpiece17": [[0.07406137138605118, 0.05410325527191162, -0.9352313876152039], [-3.1820383071899414, -3.1973319053649902, 10.479069709777832], [0.05579742044210434, 0.8304786086082458, -0.06759888678789139]], "brockpiece18": [[0.05147749185562134, 0.0010695457458496094, -0.9450140595436096], [0.017514584586024284, -4.394526958465576, -0.0154748959466815], [0.7751116156578064, 1.1647822856903076, 0.4550911784172058]], "brockpiece19": [[0.6076048612594604, -0.762118399143219, -3.1587071418762207], [-130.19537353515625, 16.312259674072266, -101.10592651367188], [0.04745550453662872, 0.8352649807929993, -0.8555060029029846]], "brockpiece20": [[0.11521119624376297, -0.1587517261505127, -2.285104751586914], [-11.398956298828125, -8.144059181213379, -20.046981811523438], [0.0324799083173275, 0.8903895616531372, 0.1047213077545166]], "brockpiece21": [[0.06704087555408478, 0.0012892484664916992, -0.991504430770874], [0.01698378659784794, -4.394335746765137, -0.01523085031658411], [0.15945503115653992, 1.6952928304672241, 0.277337908744812]], "brockpiece22": [[-0.2969003915786743, -1.756931185722351, -6.533750057220459], [148.4972381591797, 8.581896781921387, -36.05561065673828], [0.5310609936714172, 1.9953807592391968, -0.3219248354434967]], "brockpiece23": [[0.15048828721046448, -0.4514196217060089, -2.8204030990600586], [-25.46283531188965, 4.87755012512207, 22.365455627441406], [-0.0681355819106102, 0.8056530356407166, -0.06759854406118393]], "brockpiece24": [[0.053028225898742676, -0.059232234954833984, -2.647923707962036], [-17.825498580932617, -0.3303346633911133, -37.256263732910156], [-0.3838520646095276, 0.746596097946167, 0.4647919237613678]], "brockpiece25": [[-0.2676045894622803, 0.06296932697296143, -2.4245259761810303], [-1.2133042812347412, -2.1181063652038574, -0.9416956901550293], [-1.032001256942749, 0.5244100093841553, 0.6970614790916443]], "brockpiece26": [[-0.8770594596862793, -0.6802653670310974, -1.3846515417099], [34.92755889892578, 4.80910062789917, 109.14785766601562], [-0.012171115726232529, 0.7901149392127991, 0.14576949179172516]], "brockpiece27": [[-0.2966603636741638, -0.6765268445014954, -2.914818525314331], [2.171415090560913, -0.24540910124778748, -70.00502014160156], [-0.029545554891228676, 0.7074200510978699, -0.5648927092552185]], "brockpiece28": [[-1.2265217304229736, -0.727382481098175, -1.6759988069534302], [18.883134841918945, 6.666619300842285, 48.26797103881836], [-0.05280172452330589, 0.875779390335083, 0.7411666512489319]], "brockpiece29": [[0.05368535965681076, -0.31589028239250183, -2.6634140014648438], [-11.357579231262207, -4.405647277832031, -13.726284980773926], [-0.1528574824333191, 0.604702889919281, -0.03537474945187569]], "brockpiece30": [[0.041289523243904114, -0.3114510178565979, -2.564055919647217], [-11.696206092834473, -6.253147125244141, -11.89495849609375], [-0.212638720870018, 0.5194345116615295, -0.6746488809585571]], "brockpiece31": [[-0.03954589366912842, -0.08558902144432068, -2.5748660564422607], [-11.696184158325195, -6.253172397613525, -11.895085334777832], [-0.3032321333885193, 0.4032418727874756, 0.2416532039642334]], "brockpiece32": [[0.017025848850607872, -0.1437343955039978, -2.4032461643218994], [40.7957878112793, 9.485208511352539, 175.3180694580078], [-0.014846060425043106, 0.7332823276519775, -0.067598357796669]], "brockpiece33": [[-0.17314130067825317, -0.00026676058769226074, -1.3473948240280151], [-0.021219993010163307, -4.408962726593018, 0.19155770540237427], [-0.07364655286073685, 0.3388040363788605, 0.1644446849822998]], "brockpiece34": [[-0.05079725757241249, 0.007582157850265503, -1.252939224243164], [-1.039043664932251, -8.1121187210083, -0.11529843509197235], [-0.040006935596466064, 0.3192813992500305, -0.5479322671890259]], "brockpiece35": [[-0.008441369980573654, -0.10568290948867798, -1.499171257019043], [-15.315099716186523, 3.02834153175354, 50.68470764160156], [0.03971529006958008, 0.7414476275444031, -0.4923132658004761]], "brockpiece36": [[-0.03648898005485535, -0.14149987697601318, -1.3046010732650757], [-15.160117149353027, -23.197284698486328, -150.31390380859375], [0.04695548489689827, 0.8178877234458923, 0.2522242069244385]], "brockpiece37": [[-1.1923328638076782, -0.8682565689086914, -2.2912135124206543], [-147.25721740722656, 25.384965896606445, 24.04522705078125], [0.018796933814883232, 0.8953180909156799, 0.6815259456634521]],