{"brockpiece0": [[-0.1774311661720276, -0.767675518989563, -3.4544129371643066], [102.84379577636719, 52.97233581542969, 99.32356262207031], [-0.04771063104271889, 0.8072485327720642, -0.47105833888053894]], "brockpiece1": [[0.2751040756702423, -0.4510914385318756, -3.093006134033203], [-23.766788482666016, 70.36214447021484, 62.041141510009766], [-0.060903601348400116, 0.894946277141571, 0.4562895596027374]], "brockpiece2": [[0.5807459354400635, -0.8018184304237366, -3.67630934715271], [-4.508854866027832, 8.461194038391113, -52.655452728271484], [-0.1568758189678192, 0.8655882477760315, -0.5483085513114929]], "brockpiece3": [[0.1767987161874771, -0.46767985820770264, -3.1887083053588867], [-14.454456329345703, 18.279394149780273, 49.549556732177734], [-0.22012151777744293, 0.9278489947319031, 0.3253736197948456]], "brockpiece4": [[0.26607197523117065, -0.13552266359329224, -2.7828633785247803], [-21.18499755859375, -13.160565376281738, -54.33343505859375], [-0.4135969281196594, 0.9918517470359802, 0.46200042963027954]], "brockpiece5": [[-0.041517823934555054, 0.024331390857696533, -2.4082024097442627], [-5.007246971130371, 9.386406898498535, 2.2411293983459473], [-0.436776340007782, 0.9646992683410645, -0.3259457051753998]], "brockpiece6": [[0.5018654465675354, -0.7090713977813721, -3.7426517009735107], [52.39054489135742, -20.04998207092285, 113.89189147949219], [-0.01387631893157959, 0.9064578413963318, -0.06759907305240631]], "brockpiece7": [[0.9522415995597839, -1.1584111452102661, -4.183984756469727], [-161.3477783203125, 5.008553981781006, -106.31075286865234], [-0.016788214445114136, 1.2991664409637451, -0.5754176378250122]], "brockpiece8": [[1.5853519439697266, -1.0901399850845337, -5.258204460144043], [-150.91610717773438, -1.7694706916809082, -109.80410766601562], [-0.10184786468744278, 1.4046438932418823, 0.10018877685070038]], "brockpiece9": [[-1.141435980796814, -0.7690927386283875, -1.5968292951583862], [11.629270553588867, 6.944199562072754, 174.50222778320312], [0.009604007937014103, 0.8276886940002441, 0.4656519293785095]], "brockpiece10": [[0.042508289217948914, -0.2551599144935608, -1.327492594718933], [15.303940773010254, 6.018744468688965, -175.33316040039062], [0.026453230530023575, 0.7262305021286011, -0.09866398572921753]], "brockpiece11": [[-0.13500195741653442, -0.6251590847969055, -2.1288278102874756], [-15.101276397705078, -17.752431869506836, 36.30502700805664], [0.023447148501873016, 0.6883174180984497, -0.6239317655563354]], "brockpiece12": [[-0.024134866893291473, -0.1427205204963684, -1.3725450038909912], [-3.1909282207489014, -8.099023818969727, 8.089154243469238], [0.057196881622076035, 0.6268966794013977, -0.06759794801473618]], "brockpiece13": [[-0.04262632131576538, -0.14019201695919037, -0.9463990926742554], [-14.666276931762695, -12.660200119018555, 1.6225146055221558], [0.10751569271087646, 0.33034080266952515, -0.6997447609901428]], "brockpiece14": [[-0.109776072204113, -0.06400936841964722, -0.9540805220603943], [2.5281357765197754, -9.653148651123047, -6.889069557189941], [0.1765923947095871, 0.3738964796066284, -0.06937721371650696]], "brockpiece15": [[-0.04289761185646057, -0.00011056661605834961, -0.0755874291062355], [-0.013685688376426697, 4.742843151092529, 0.027743615210056305], [0.32439151406288147, 0.17386914789676666, 0.1606941819190979]], "brockpiece16": [[-0.11801502108573914, -0.0006513148546218872, -0.301776260137558], [0.0033252714201807976, -7.496772766113281, 0.014353393577039242], [0.2422737032175064, 0.13469432294368744, -0.2985038757324219]], "brockpiece17": [[0.09040328115224838, 0.024455249309539795, -0.9258177280426025], [-2.637226104736328, -0.9046518206596375, 25.10651969909668], [0.05579742044210434, 0.8304786086082458, -0.06759888678789139]], "brockpiece18": [[0.052223265171051025, 7.355213165283203e-05, -0.9465245008468628], [0.0002020944084506482, -4.429990768432617, 0.0005925819859839976], [0.7751116156578064, 1.1647822856903076, 0.4550911784172058]], "brockpiece19": [[0.5876915454864502, -0.7614434957504272, -3.189310073852539], [-155.7760772705078, -12.806661605834961, -69.90876007080078], [0.04745550453662872, 0.8352649807929993, -0.8555060029029846]], "brockpiece20": [[0.11637244373559952, -0.10648179054260254, -2.33172607421875], [27.676549911499023, -22.0683650970459, -107.18508911132812], [0.0324799083173275, 0.8903895616531372, 0.1047213077545166]], "brockpiece21": [[0.06778855621814728, 7.2479248046875e-05, -0.9935457110404968], [2.487259864807129, 8.412701606750488, 158.04592895507812], [0.15945503115653992, 1.6952928304672241, 0.277337908744812]], "brockpiece22": [[-0.29711616039276123, -1.7766177654266357, -6.500666618347168], [152.3042449951172, 9.756827354431152, -31.85565185546875], [0.5310609936714172, 1.9953807592391968, -0.3219248354434967]], "brockpiece23": [[0.14798691868782043, -0.42218536138534546, -2.889751672744751], [-1.5422937870025635, 26.481857299804688, 92.96489715576172], [-0.0681355819106102, 0.8056530356407166, -0.06759854406118393]], "brockpiece24": [[0.0511380136013031, -0.10780733823776245, -2.6404011249542236], [-16.779048919677734, 1.0414643287658691, -35.60166549682617], [-0.3838520646095276, 0.746596097946167, 0.4647919237613678]], "brockpiece25": [[-0.2574700117111206, -0.023139774799346924, -2.39311146736145], [-0.04561961442232132, 1.045169472694397, -2.562880277633667], [-1.032001256942749, 0.5244100093841553, 0.6970614790916443]], "brockpiece26": [[-0.7806591391563416, -0.7466990351676941, -1.0143128633499146], [0.6953782439231873, 1.854630708694458, 150.2646942138672], [-0.012171115726232529, 0.7901149392127991, 0.14576949179172516]], "brockpiece27": [[-0.32232192158699036, -0.6671960353851318, -2.9138317108154297], [4.5335693359375, 3.0644094944000244, -7.289482593536377], [-0.029545554891228676, 0.7074200510978699, -0.5648927092552185]], "brockpiece28": [[-1.5575393438339233, -0.7940860986709595, -1.8527699708938599], [52.97491455078125, -59.55484390258789, -37.88413619995117], [-0.05280172452330589, 0.875779390335083, 0.7411666512489319]], "brockpiece29": [[0.05264785885810852, -0.3352326452732086, -2.6594128608703613], [-8.366264343261719, -5.714594841003418, -14.746856689453125], [-0.1528574824333191, 0.604702889919281, -0.03537474945187569]], "brockpiece30": [[0.044422149658203125, -0.31937307119369507, -2.5528483390808105], [-9.982901573181152, -6.852273941040039, -10.395710945129395], [-0.212638720870018, 0.5194345116615295, -0.6746488809585571]], "brockpiece31": [[-0.05370461940765381, -0.12340134382247925, -2.5639636516571045], [-9.982877731323242, -6.852301597595215, -10.395830154418945], [-0.3032321333885193, 0.4032418727874756, 0.2416532039642334]], "brockpiece32": [[0.07485827058553696, -0.15077418088912964, -2.409560203552246], [34.9759407043457, 21.971969604492188, 153.10585021972656], [-0.014846060425043106, 0.7332823276519775, -0.067598357796669]], "brockpiece33": [[-0.18772655725479126, -5.125999450683594e-05, -1.33219575881958], [-0.008691659197211266, -5.377978324890137, 0.05472619831562042], [-0.07364655286073685, 0.3388040363788605, 0.1644446849822998]], "brockpiece34": [[-0.054054658859968185, 0.000759512186050415, -1.253237247467041], [0.06323017179965973, -9.266764640808105, -0.3773852288722992], [-0.040006935596466064, 0.3192813992500305, -0.5479322671890259]], "brockpiece35": [[0.10302911698818207, -0.15398240089416504, -1.4549912214279175], [18.834762573242188, -3.8319525718688965, -110.67241668701172], [0.03971529006958008, 0.7414476275444031, -0.4923132658004761]], "brockpiece36": [[-0.02854023315012455, -0.1727234125137329, -1.2882721424102783], [-19.51172637939453, -22.216026306152344, -154.094482421875], [0.04695548489689827, 0.8178877234458923, 0.2522242069244385]], "brockpiece37": [[-1.317262887954712, -0.8376935124397278, -1.8627445697784424], [-107.90939331054688, -34.25693893432617, 96.35242462158203], [0.018796933814883232, 0.8953180909156799, 0.6815259456634521]],