{"brockpiece0": [[-0.1666712462902069, -0.7202847599983215, -3.315272331237793], [100.73985290527344, -62.87405776977539, 83.62596130371094], [-0.04771063104271889, 0.8072485327720642, -0.47105833888053894]], "brockpiece1": [[0.27392369508743286, -0.45305758714675903, -3.091859817504883], [-7.372299671173096, 71.50870513916016, 79.80363464355469], [-0.060903601348400116, 0.894946277141571, 0.4562895596027374]], "brockpiece2": [[0.5723776817321777, -0.8027231693267822, -3.6747939586639404], [-3.749555826187134, 9.251733779907227, -45.937522888183594], [-0.1568758189678192, 0.8655882477760315, -0.5483085513114929]], "brockpiece3": [[0.18217390775680542, -0.4761993885040283, -3.1995902061462402], [-14.816183090209961, 17.2814998626709, 46.97727584838867], [-0.22012151777744293, 0.9278489947319031, 0.3253736197948456]], "brockpiece4": [[0.2617972493171692, -0.15950143337249756, -2.785655975341797], [-10.357165336608887, -12.85013198852539, -61.18979263305664], [-0.4135969281196594, 0.9918517470359802, 0.46200042963027954]], "brockpiece5": [[-0.03946956992149353, 0.023732781410217285, -2.410963535308838], [-5.005897045135498, 9.341100692749023, 2.250417709350586], [-0.436776340007782, 0.9646992683410645, -0.3259457051753998]], "brockpiece6": [[0.5002305507659912, -0.7074639201164246, -3.7431466579437256], [49.434932708740234, -23.457256317138672, 117.53840637207031], [-0.01387631893157959, 0.9064578413963318, -0.06759907305240631]], "brockpiece7": [[0.9513883590698242, -1.1584089994430542, -4.181992530822754], [-161.35963439941406, 5.0081586837768555, -106.31436920166016], [-0.016788214445114136, 1.2991664409637451, -0.5754176378250122]], "brockpiece8": [[1.5852785110473633, -1.0917092561721802, -5.263528347015381], [-150.79232788085938, -2.258631706237793, -109.15677642822266], [-0.10184786468744278, 1.4046438932418823, 0.10018877685070038]], "brockpiece9": [[-1.0807788372039795, -0.8028163909912109, -1.5496774911880493], [45.759952545166016, 2.853703260421753, -76.87889099121094], [0.009604007937014103, 0.8276886940002441, 0.4656519293785095]], "brockpiece10": [[0.04005800932645798, -0.2592866122722626, -1.3279075622558594], [16.238693237304688, 6.33439302444458, -175.57046508789062], [0.026453230530023575, 0.7262305021286011, -0.09866398572921753]], "brockpiece11": [[-0.13480645418167114, -0.6257047653198242, -2.129185199737549], [-15.715473175048828, -17.585376739501953, 37.67644119262695], [0.023447148501873016, 0.6883174180984497, -0.6239317655563354]], "brockpiece12": [[-0.02889220044016838, -0.1436568796634674, -1.3714689016342163], [-3.2335169315338135, -7.832483768463135, 8.245189666748047], [0.057196881622076035, 0.6268966794013977, -0.06759794801473618]], "brockpiece13": [[-0.04400637000799179, -0.14514803886413574, -0.9476610422134399], [-13.391386985778809, -12.855302810668945, 1.6745556592941284], [0.10751569271087646, 0.33034080266952515, -0.6997447609901428]], "brockpiece14": [[-0.11490438878536224, -0.06646063923835754, -0.9514219164848328], [2.686958074569702, -9.731953620910645, -6.048624515533447], [0.1765923947095871, 0.3738964796066284, -0.06937721371650696]], "brockpiece15": [[-0.04256555438041687, -7.794797420501709e-05, -0.07609951496124268], [-0.00152427121065557, 4.875046730041504, -0.025879302993416786], [0.32439151406288147, 0.17386914789676666, 0.1606941819190979]], "brockpiece16": [[-0.1137254536151886, -0.0007926374673843384, -0.2973085939884186], [-0.000874492630828172, -7.060609817504883, 0.10230495035648346], [0.2422737032175064, 0.13469432294368744, -0.2985038757324219]], "brockpiece17": [[0.09146576374769211, 0.01737111806869507, -0.9285973310470581], [-2.789085626602173, -0.1946420520544052, 31.079463958740234], [0.05579742044210434, 0.8304786086082458, -0.06759888678789139]], "brockpiece18": [[0.05248206853866577, 8.559226989746094e-05, -0.9465615153312683], [0.0001866806560428813, -4.43091344833374, 0.0003870626969728619], [0.7751116156578064, 1.1647822856903076, 0.4550911784172058]], "brockpiece19": [[0.5688209533691406, -0.7649158239364624, -3.196746349334717], [-163.28358459472656, -16.6846981048584, -51.82126235961914], [0.04745550453662872, 0.8352649807929993, -0.8555060029029846]], "brockpiece20": [[0.10897216945886612, -0.12643808126449585, -2.338637351989746], [25.3409423828125, -19.976722717285156, -94.21813201904297], [0.0324799083173275, 0.8903895616531372, 0.1047213077545166]], "brockpiece21": [[0.06805519759654999, 8.64267349243164e-05, -0.9935938715934753], [2.0337911337264813e-06, -4.430668354034424, 0.0002688885433599353], [0.15945503115653992, 1.6952928304672241, 0.277337908744812]], "brockpiece22": [[-0.29788315296173096, -1.7766120433807373, -6.501621246337891], [152.26800537109375, 9.81441593170166, -31.861129760742188], [0.5310609936714172, 1.9953807592391968, -0.3219248354434967]], "brockpiece23": [[0.15262804925441742, -0.4263778030872345, -2.900355339050293], [-1.814841866493225, 25.459129333496094, 94.03086853027344], [-0.0681355819106102, 0.8056530356407166, -0.06759854406118393]], "brockpiece24": [[0.05153393745422363, -0.1083325743675232, -2.6416733264923096], [-16.913501739501953, 1.242187261581421, -35.687461853027344], [-0.3838520646095276, 0.746596097946167, 0.4647919237613678]], "brockpiece25": [[-0.2602987289428711, -0.02453291416168213, -2.390883684158325], [-0.05489445477724075, 1.117719054222107, -2.711057186126709], [-1.032001256942749, 0.5244100093841553, 0.6970614790916443]], "brockpiece26": [[-0.705111563205719, -0.7077870965003967, -1.019741415977478], [33.83839797973633, 4.948336601257324, 72.03555297851562], [-0.012171115726232529, 0.7901149392127991, 0.14576949179172516]], "brockpiece27": [[-0.3215695023536682, -0.6667961478233337, -2.914353609085083], [4.5852460861206055, 3.063917636871338, -6.070572376251221], [-0.029545554891228676, 0.7074200510978699, -0.5648927092552185]], "brockpiece28": [[-1.5397028923034668, -0.833570122718811, -1.9986952543258667], [-138.1119842529297, 42.61001205444336, 35.02349090576172], [-0.05280172452330589, 0.875779390335083, 0.7411666512489319]], "brockpiece29": [[0.053853511810302734, -0.33577972650527954, -2.6608498096466064], [-8.231451034545898, -5.939938545227051, -14.78636360168457], [-0.1528574824333191, 0.604702889919281, -0.03537474945187569]], "brockpiece30": [[0.04363609850406647, -0.3193475306034088, -2.552619457244873], [-10.043828964233398, -6.845097064971924, -10.08750057220459], [-0.212638720870018, 0.5194345116615295, -0.6746488809585571]], "brockpiece31": [[-0.054627954959869385, -0.12344717979431152, -2.5637550354003906], [-10.043806076049805, -6.8451080322265625, -10.087593078613281], [-0.3032321333885193, 0.4032418727874756, 0.2416532039642334]], "brockpiece32": [[0.07772772759199142, -0.1548779010772705, -2.415419578552246], [34.97231674194336, 21.667125701904297, 154.3387908935547], [-0.014846060425043106, 0.7332823276519775, -0.067598357796669]], "brockpiece33": [[-0.19126734137535095, -8.442997932434082e-05, -1.3288463354110718], [-0.0014674284029752016, -5.681375026702881, 0.03811528533697128], [-0.07364655286073685, 0.3388040363788605, 0.1644446849822998]], "brockpiece34": [[-0.055604565888643265, 0.0007330477237701416, -1.2540700435638428], [0.053962916135787964, -9.7084321975708, -0.33773115277290344], [-0.040006935596466064, 0.3192813992500305, -0.5479322671890259]], "brockpiece35": [[0.11909089982509613, -0.16649949550628662, -1.4497966766357422], [16.898977279663086, 0.9206751585006714, -125.97266387939453], [0.03971529006958008, 0.7414476275444031, -0.4923132658004761]], "brockpiece36": [[-0.020058482885360718, -0.18535912036895752, -1.2797114849090576], [-14.823139190673828, -14.35351276397705, -153.72752380371094], [0.04695548489689827, 0.8178877234458923, 0.2522242069244385]], "brockpiece37": [[-1.322255253791809, -0.8362835645675659, -1.8622355461120605], [-110.80543518066406, -35.674259185791016, 100.15369415283203], [0.018796933814883232, 0.8953180909156799, 0.6815259456634521]],