{"brockpiece0": [[-0.17650550603866577, -0.7562653422355652, -3.4413833618164062], [99.78427124023438, 36.63087844848633, 95.93067169189453], [-0.04771063104271889, 0.8072485327720642, -0.47105833888053894]], "brockpiece1": [[0.2755723297595978, -0.4521697759628296, -3.0896973609924316], [-20.941308975219727, 70.24301147460938, 64.85612487792969], [-0.060903601348400116, 0.894946277141571, 0.4562895596027374]], "brockpiece2": [[0.580679178237915, -0.8017839789390564, -3.6762068271636963], [-4.522241115570068, 8.3906888961792, -53.00550079345703], [-0.1568758189678192, 0.8655882477760315, -0.5483085513114929]], "brockpiece3": [[0.17785215377807617, -0.4701007604598999, -3.189340114593506], [-14.900411605834961, 17.65874481201172, 47.570533752441406], [-0.22012151777744293, 0.9278489947319031, 0.3253736197948456]], "brockpiece4": [[0.26565423607826233, -0.1380552053451538, -2.782085418701172], [-19.790157318115234, -13.64382553100586, -54.87297058105469], [-0.4135969281196594, 0.9918517470359802, 0.46200042963027954]], "brockpiece5": [[-0.04133060574531555, 0.02413642406463623, -2.4087212085723877], [-5.00037145614624, 9.359214782714844, 2.2533040046691895], [-0.436776340007782, 0.9646992683410645, -0.3259457051753998]], "brockpiece6": [[0.5027925372123718, -0.7091591954231262, -3.742738962173462], [51.69927978515625, -20.814083099365234, 114.51058197021484], [-0.01387631893157959, 0.9064578413963318, -0.06759907305240631]], "brockpiece7": [[0.9522325992584229, -1.1584036350250244, -4.183385372161865], [-161.3415069580078, 5.012636184692383, -106.31423950195312], [-0.016788214445114136, 1.2991664409637451, -0.5754176378250122]], "brockpiece8": [[1.5872117280960083, -1.0906137228012085, -5.257040023803711], [-150.99569702148438, -1.3423203229904175, -110.18888092041016], [-0.10184786468744278, 1.4046438932418823, 0.10018877685070038]], "brockpiece9": [[-1.142985463142395, -0.7755540013313293, -1.5969892740249634], [9.412431716918945, 13.606127738952637, -164.32296752929688], [0.009604007937014103, 0.8276886940002441, 0.4656519293785095]], "brockpiece10": [[0.043158866465091705, -0.25651830434799194, -1.327612280845642], [15.561090469360352, 6.169227123260498, -175.05581665039062], [0.026453230530023575, 0.7262305021286011, -0.09866398572921753]], "brockpiece11": [[-0.13577310740947723, -0.6255557537078857, -2.1292686462402344], [-15.385638236999512, -17.483699798583984, 37.19931411743164], [0.023447148501873016, 0.6883174180984497, -0.6239317655563354]], "brockpiece12": [[-0.024256262928247452, -0.14305251836776733, -1.3724526166915894], [-3.1902198791503906, -8.123542785644531, 8.15190601348877], [0.057196881622076035, 0.6268966794013977, -0.06759794801473618]], "brockpiece13": [[-0.0418035164475441, -0.14113618433475494, -0.9469900131225586], [-14.540431022644043, -12.400511741638184, 1.9812908172607422], [0.10751569271087646, 0.33034080266952515, -0.6997447609901428]], "brockpiece14": [[-0.10996990650892258, -0.06416067481040955, -0.9539076685905457], [2.572380781173706, -9.708955764770508, -6.9585795402526855], [0.1765923947095871, 0.3738964796066284, -0.06937721371650696]], "brockpiece15": [[-0.042863696813583374, -0.00021596252918243408, -0.07567773759365082], [-0.0018780302489176393, 4.769930362701416, 0.03249276429414749], [0.32439151406288147, 0.17386914789676666, 0.1606941819190979]], "brockpiece16": [[-0.11751303821802139, -0.0007123202085494995, -0.30112722516059875], [0.013568510301411152, -7.442611217498779, 0.009013241156935692], [0.2422737032175064, 0.13469432294368744, -0.2985038757324219]], "brockpiece17": [[0.0907120630145073, 0.02276325225830078, -0.9261816143989563], [-2.7121241092681885, -0.8066425919532776, 26.664621353149414], [0.05579742044210434, 0.8304786086082458, -0.06759888678789139]], "brockpiece18": [[0.05226355791091919, 6.914138793945312e-05, -0.9465146064758301], [0.00018154231656808406, -4.429571151733398, 0.00041275189141742885], [0.7751116156578064, 1.1647822856903076, 0.4550911784172058]], "brockpiece19": [[0.5858115553855896, -0.7618721723556519, -3.190591335296631], [-156.9130859375, -13.5590238571167, -67.80330657958984], [0.04745550453662872, 0.8352649807929993, -0.8555060029029846]], "brockpiece20": [[0.11578438431024551, -0.10927063226699829, -2.3343186378479004], [27.418746948242188, -23.468708038330078, -104.28662109375], [0.0324799083173275, 0.8903895616531372, 0.1047213077545166]], "brockpiece21": [[0.06782621145248413, 6.639957427978516e-05, -0.9935315251350403], [-0.0001502861559856683, -4.429154396057129, 0.000673076487146318], [0.15945503115653992, 1.6952928304672241, 0.277337908744812]], "brockpiece22": [[-0.29699841141700745, -1.7766228914260864, -6.500805377960205], [152.30348205566406, 9.75764274597168, -31.85560417175293], [0.5310609936714172, 1.9953807592391968, -0.3219248354434967]], "brockpiece23": [[0.14877653121948242, -0.4236200153827667, -2.8905885219573975], [-1.5785175561904907, 26.293781280517578, 93.36470794677734], [-0.0681355819106102, 0.8056530356407166, -0.06759854406118393]], "brockpiece24": [[0.05112159252166748, -0.10795331001281738, -2.6407270431518555], [-16.801877975463867, 1.0664551258087158, -35.55949401855469], [-0.3838520646095276, 0.746596097946167, 0.4647919237613678]], "brockpiece25": [[-0.2576943635940552, -0.02331244945526123, -2.3928022384643555], [-0.04595276340842247, 1.0536932945251465, -2.579719305038452], [-1.032001256942749, 0.5244100093841553, 0.6970614790916443]], "brockpiece26": [[-0.7705088257789612, -0.7416979074478149, -1.009126901626587], [6.7317423820495605, -5.145954132080078, 140.482666015625], [-0.012171115726232529, 0.7901149392127991, 0.14576949179172516]], "brockpiece27": [[-0.3220997452735901, -0.6671369075775146, -2.91387939453125], [4.539848327636719, 3.0586838722229004, -7.104477405548096], [-0.029545554891228676, 0.7074200510978699, -0.5648927092552185]], "brockpiece28": [[-1.5509153604507446, -0.7822548151016235, -1.9027867317199707], [-35.1357307434082, -68.9714126586914, 38.88970184326172], [-0.05280172452330589, 0.875779390335083, 0.7411666512489319]], "brockpiece29": [[0.0527043417096138, -0.3352659344673157, -2.6598055362701416], [-8.356704711914062, -5.695897579193115, -14.666131973266602], [-0.1528574824333191, 0.604702889919281, -0.03537474945187569]], "brockpiece30": [[0.04439820349216461, -0.31937509775161743, -2.5526928901672363], [-9.989333152770996, -6.84965181350708, -10.356921195983887], [-0.212638720870018, 0.5194345116615295, -0.6746488809585571]], "brockpiece31": [[-0.053722500801086426, -0.12343689799308777, -2.563802719116211], [-9.989314079284668, -6.849667072296143, -10.357022285461426], [-0.3032321333885193, 0.4032418727874756, 0.2416532039642334]], "brockpiece32": [[0.07633472234010696, -0.15223753452301025, -2.4105899333953857], [34.95652770996094, 21.985483169555664, 153.00515747070312], [-0.014846060425043106, 0.7332823276519775, -0.067598357796669]], "brockpiece33": [[-0.18815025687217712, -8.425116539001465e-05, -1.3320858478546143], [-0.00501127727329731, -5.4399003982543945, 0.056944072246551514], [-0.07364655286073685, 0.3388040363788605, 0.1644446849822998]], "brockpiece34": [[-0.054000649601221085, 0.000677645206451416, -1.2532458305358887], [0.055062100291252136, -9.279314041137695, -0.32887032628059387], [-0.040006935596466064, 0.3192813992500305, -0.5479322671890259]], "brockpiece35": [[0.10648845136165619, -0.15494656562805176, -1.4536241292953491], [18.184009552001953, -2.6753361225128174, -112.67131042480469], [0.03971529006958008, 0.7414476275444031, -0.4923132658004761]], "brockpiece36": [[-0.026826217770576477, -0.17401611804962158, -1.2880096435546875], [-18.0440673828125, -21.368986129760742, -154.23020935058594], [0.04695548489689827, 0.8178877234458923, 0.2522242069244385]], "brockpiece37": [[-1.321866512298584, -0.8364583849906921, -1.8610265254974365], [-109.42996215820312, -36.08590316772461, 99.26941680908203], [0.018796933814883232, 0.8953180909156799, 0.6815259456634521]],