{"brockpiece0": [[-0.1784127652645111, -0.7893654108047485, -3.4731898307800293], [-144.8717498779297, 82.36917114257812, -147.8866729736328], [-0.04771063104271889, 0.8072485327720642, -0.47105833888053894]], "brockpiece1": [[0.297235369682312, -0.4429301619529724, -3.122835874557495], [-41.95068359375, 72.74526977539062, 38.78768539428711], [-0.060903601348400116, 0.894946277141571, 0.4562895596027374]], "brockpiece2": [[0.5857394337654114, -0.8012996912002563, -3.6767776012420654], [-4.640960693359375, 7.5578999519348145, -57.69721603393555], [-0.1568758189678192, 0.8655882477760315, -0.5483085513114929]], "brockpiece3": [[0.1728256642818451, -0.44641655683517456, -3.1745879650115967], [-12.707066535949707, 20.72165870666504, 56.923831939697266], [-0.22012151777744293, 0.9278489947319031, 0.3253736197948456]], "brockpiece4": [[0.26392048597335815, -0.1043708324432373, -2.7822673320770264], [-31.55775260925293, -11.351597785949707, -46.95784378051758], [-0.4135969281196594, 0.9918517470359802, 0.46200042963027954]], "brockpiece5": [[-0.04765293002128601, 0.02283346652984619, -2.404405355453491], [-4.800199031829834, 8.969198226928711, 1.9994699954986572], [-0.436776340007782, 0.9646992683410645, -0.3259457051753998]], "brockpiece6": [[0.5227195620536804, -0.8115662336349487, -3.7657392024993896], [6.3940558433532715, 45.516746520996094, -7.089670181274414], [-0.01387631893157959, 0.9064578413963318, -0.06759907305240631]], "brockpiece7": [[0.9536845684051514, -1.1584100723266602, -4.184774875640869], [-161.3230438232422, 5.016002655029297, -106.30867767333984], [-0.016788214445114136, 1.2991664409637451, -0.5754176378250122]], "brockpiece8": [[1.604242205619812, -1.0936787128448486, -5.230703830718994], [-152.57382202148438, 5.5018110275268555, -117.1511459350586], [-0.10184786468744278, 1.4046438932418823, 0.10018877685070038]], "brockpiece9": [[-0.9252138733863831, -0.8022394776344299, -1.592816710472107], [11.354997634887695, 7.4819865226745605, -80.64218139648438], [0.009604007937014103, 0.8276886940002441, 0.4656519293785095]], "brockpiece10": [[0.0456046387553215, -0.24277585744857788, -1.3279914855957031], [14.303112030029297, 5.406761169433594, -172.73033142089844], [0.026453230530023575, 0.7262305021286011, -0.09866398572921753]], "brockpiece11": [[-0.13517430424690247, -0.6248955726623535, -2.1285948753356934], [-14.495572090148926, -17.505287170410156, 35.37922668457031], [0.023447148501873016, 0.6883174180984497, -0.6239317655563354]], "brockpiece12": [[-0.01569342240691185, -0.13774767518043518, -1.372961163520813], [-2.9770922660827637, -8.365774154663086, 7.676303863525391], [0.057196881622076035, 0.6268966794013977, -0.06759794801473618]], "brockpiece13": [[-0.038427047431468964, -0.13323646783828735, -0.9454995393753052], [-16.492706298828125, -12.0111722946167, 1.857345700263977], [0.10751569271087646, 0.33034080266952515, -0.6997447609901428]], "brockpiece14": [[-0.1018603965640068, -0.059837937355041504, -0.9565487504005432], [2.2693982124328613, -9.423579216003418, -7.045732498168945], [0.1765923947095871, 0.3738964796066284, -0.06937721371650696]], "brockpiece15": [[-0.04251199960708618, -0.00014838576316833496, -0.0751952975988388], [-0.03650258481502533, 4.519680976867676, 0.1328352391719818], [0.32439151406288147, 0.17386914789676666, 0.1606941819190979]], "brockpiece16": [[-0.12219444662332535, -0.000714227557182312, -0.30624523758888245], [0.010194799862802029, -7.848890781402588, 0.01219687145203352], [0.2422737032175064, 0.13469432294368744, -0.2985038757324219]], "brockpiece17": [[0.07883759588003159, 0.043785929679870605, -0.9256911277770996], [-3.0935566425323486, -2.1810152530670166, 17.310190200805664], [0.05579742044210434, 0.8304786086082458, -0.06759888678789139]], "brockpiece18": [[0.051740944385528564, 8.606910705566406e-05, -0.9467601776123047], [0.00026717549189925194, -4.429534912109375, 0.00031684269197285175], [0.7751116156578064, 1.1647822856903076, 0.4550911784172058]], "brockpiece19": [[0.6058468222618103, -0.7596383094787598, -3.1747961044311523], [-148.17001342773438, -2.203047275543213, -88.24321746826172], [0.04745550453662872, 0.8352649807929993, -0.8555060029029846]], "brockpiece20": [[0.14014804363250732, -0.07111364603042603, -2.3342297077178955], [42.75718307495117, -14.499470710754395, -138.1795654296875], [0.0324799083173275, 0.8903895616531372, 0.1047213077545166]], "brockpiece21": [[0.06730787456035614, 8.869171142578125e-05, -0.9937757849693298], [3.0399767638300546e-05, -4.429258346557617, 0.0004298783896956593], [0.15945503115653992, 1.6952928304672241, 0.277337908744812]], "brockpiece22": [[-0.30056190490722656, -1.773721694946289, -6.503520965576172], [152.2838134765625, 10.092116355895996, -31.606199264526367], [0.5310609936714172, 1.9953807592391968, -0.3219248354434967]], "brockpiece23": [[0.14902596175670624, -0.42152753472328186, -2.8734304904937744], [-6.037103176116943, 26.1202449798584, 80.22966766357422], [-0.0681355819106102, 0.8056530356407166, -0.06759854406118393]], "brockpiece24": [[0.05586916208267212, -0.10412466526031494, -2.6302237510681152], [-17.351411819458008, 1.3628703355789185, -32.629051208496094], [-0.3838520646095276, 0.746596097946167, 0.4647919237613678]], "brockpiece25": [[-0.25234127044677734, -0.021769344806671143, -2.3945255279541016], [0.0920581966638565, 0.955267071723938, -2.4786932468414307], [-1.032001256942749, 0.5244100093841553, 0.6970614790916443]], "brockpiece26": [[-0.7662366628646851, -0.7262442708015442, -1.0821341276168823], [-37.840492248535156, 24.34389305114746, 114.93276977539062], [-0.012171115726232529, 0.7901149392127991, 0.14576949179172516]], "brockpiece27": [[-0.322648286819458, -0.6677046418190002, -2.913285732269287], [4.455219268798828, 3.20770001411438, -8.943289756774902], [-0.029545554891228676, 0.7074200510978699, -0.5648927092552185]], "brockpiece28": [[-1.4677064418792725, -0.7860836982727051, -1.7957535982131958], [-22.266530990600586, -15.161717414855957, 45.045928955078125], [-0.05280172452330589, 0.875779390335083, 0.7411666512489319]], "brockpiece29": [[0.052569083869457245, -0.33009353280067444, -2.657744884490967], [-9.080754280090332, -4.977767467498779, -13.39756965637207], [-0.1528574824333191, 0.604702889919281, -0.03537474945187569]], "brockpiece30": [[0.049141526222229004, -0.31953635811805725, -2.5515079498291016], [-9.754948616027832, -6.9347710609436035, -11.474261283874512], [-0.212638720870018, 0.5194345116615295, -0.6746488809585571]], "brockpiece31": [[-0.04947748780250549, -0.12336057424545288, -2.5627479553222656], [-9.754929542541504, -6.934778213500977, -11.47435188293457], [-0.3032321333885193, 0.4032418727874756, 0.2416532039642334]], "brockpiece32": [[0.07096081227064133, -0.14940524101257324, -2.404801368713379], [33.740333557128906, 24.04458236694336, 148.4119110107422], [-0.014846060425043106, 0.7332823276519775, -0.067598357796669]], "brockpiece33": [[-0.18035000562667847, 4.139542579650879e-05, -1.3365355730056763], [-0.00739816902205348, -4.9283599853515625, 0.1097443550825119], [-0.07364655286073685, 0.3388040363788605, 0.1644446849822998]], "brockpiece34": [[-0.051553647965192795, 0.002701997756958008, -1.2489242553710938], [-0.210942804813385, -8.463529586791992, -0.36923885345458984], [-0.040006935596466064, 0.3192813992500305, -0.5479322671890259]], "brockpiece35": [[-0.0011692754924297333, -0.13651823997497559, -1.4895577430725098], [-17.792306900024414, -10.961167335510254, 15.576163291931152], [0.03971529006958008, 0.7414476275444031, -0.4923132658004761]], "brockpiece36": [[-0.031034359708428383, -0.1544925570487976, -1.293349027633667], [-20.294034957885742, -24.875120162963867, -149.8846435546875], [0.04695548489689827, 0.8178877234458923, 0.2522242069244385]], "brockpiece37": [[-1.2884221076965332, -0.8482975363731384, -1.8886303901672363], [-102.99057006835938, -3.8948521614074707, 77.91448211669922], [0.018796933814883232, 0.8953180909156799, 0.6815259456634521]],