{"brockpiece0": [[-0.17518815398216248, -0.7444250583648682, -3.4233546257019043], [98.07207489013672, 18.57840919494629, 93.78734588623047], [-0.04771063104271889, 0.8072485327720642, -0.47105833888053894]], "brockpiece1": [[0.2761772871017456, -0.45291128754615784, -3.0882787704467773], [-20.188499450683594, 69.96187591552734, 65.62352752685547], [-0.060903601348400116, 0.894946277141571, 0.4562895596027374]], "brockpiece2": [[0.5808061957359314, -0.801750659942627, -3.6762664318084717], [-4.543487548828125, 8.367607116699219, -53.223690032958984], [-0.1568758189678192, 0.8655882477760315, -0.5483085513114929]], "brockpiece3": [[0.1782698929309845, -0.47126665711402893, -3.1900007724761963], [-15.10606861114502, 17.37087631225586, 46.66300964355469], [-0.22012151777744293, 0.9278489947319031, 0.3253736197948456]], "brockpiece4": [[0.26475492119789124, -0.14004570245742798, -2.7818081378936768], [-18.306705474853516, -13.894707679748535, -55.62555694580078], [-0.4135969281196594, 0.9918517470359802, 0.46200042963027954]], "brockpiece5": [[-0.04135569930076599, 0.024027347564697266, -2.409468173980713], [-5.001866340637207, 9.327373504638672, 2.2498044967651367], [-0.436776340007782, 0.9646992683410645, -0.3259457051753998]], "brockpiece6": [[0.5024592876434326, -0.7084802389144897, -3.7435598373413086], [51.38301467895508, -21.20822525024414, 114.9825439453125], [-0.01387631893157959, 0.9064578413963318, -0.06759907305240631]], "brockpiece7": [[0.9521436095237732, -1.1584112644195557, -4.183376312255859], [-161.3358917236328, 5.0118255615234375, -106.30960845947266], [-0.016788214445114136, 1.2991664409637451, -0.5754176378250122]], "brockpiece8": [[1.5873703956604004, -1.0908509492874146, -5.258058547973633], [-150.9778289794922, -1.4062769412994385, -110.09907531738281], [-0.10184786468744278, 1.4046438932418823, 0.10018877685070038]], "brockpiece9": [[-1.1369155645370483, -0.7803468108177185, -1.5903691053390503], [17.68035888671875, 21.931529998779297, -119.51348876953125], [0.009604007937014103, 0.8276886940002441, 0.4656519293785095]], "brockpiece10": [[0.04252708703279495, -0.2568703591823578, -1.3276540040969849], [15.665452003479004, 6.058098793029785, -174.62841796875], [0.026453230530023575, 0.7262305021286011, -0.09866398572921753]], "brockpiece11": [[-0.13568153977394104, -0.6255078911781311, -2.129288911819458], [-15.36448860168457, -17.483022689819336, 37.1341667175293], [0.023447148501873016, 0.6883174180984497, -0.6239317655563354]], "brockpiece12": [[-0.025146130472421646, -0.14308258891105652, -1.3723562955856323], [-3.2620866298675537, -8.063445091247559, 8.242666244506836], [0.057196881622076035, 0.6268966794013977, -0.06759794801473618]], "brockpiece13": [[-0.04257795959711075, -0.14138662815093994, -0.9469209909439087], [-14.358001708984375, -12.586784362792969, 1.6089718341827393], [0.10751569271087646, 0.33034080266952515, -0.6997447609901428]], "brockpiece14": [[-0.11110886186361313, -0.06451517343521118, -0.9531871676445007], [2.5864272117614746, -9.707416534423828, -6.818289279937744], [0.1765923947095871, 0.3738964796066284, -0.06937721371650696]], "brockpiece15": [[-0.04276111721992493, -9.572505950927734e-05, -0.07567798346281052], [-0.007029600441455841, 4.76853609085083, 0.014571423642337322], [0.32439151406288147, 0.17386914789676666, 0.1606941819190979]], "brockpiece16": [[-0.11695343255996704, -0.00044718384742736816, -0.30027124285697937], [-0.0003813882649410516, -7.388221740722656, -0.0041375900618731976], [0.2422737032175064, 0.13469432294368744, -0.2985038757324219]], "brockpiece17": [[0.09126488119363785, 0.02165156602859497, -0.9266809225082397], [-2.7440080642700195, -0.7010021805763245, 27.54598045349121], [0.05579742044210434, 0.8304786086082458, -0.06759888678789139]], "brockpiece18": [[0.05233579874038696, 7.832050323486328e-05, -0.9465433359146118], [0.00011817399354185909, -4.430838108062744, 0.0010293124942108989], [0.7751116156578064, 1.1647822856903076, 0.4550911784172058]], "brockpiece19": [[0.5841764807701111, -0.7623363137245178, -3.1918015480041504], [-158.14320373535156, -14.070039749145508, -65.86864471435547], [0.04745550453662872, 0.8352649807929993, -0.8555060029029846]], "brockpiece20": [[0.11505398899316788, -0.11200904846191406, -2.3363587856292725], [26.93256950378418, -24.05742645263672, -102.14933776855469], [0.0324799083173275, 0.8903895616531372, 0.1047213077545166]], "brockpiece21": [[0.06790657341480255, 7.95125961303711e-05, -0.9935719966888428], [2.4872934818267822, 8.413597106933594, 158.0452880859375], [0.15945503115653992, 1.6952928304672241, 0.277337908744812]], "brockpiece22": [[-0.297078013420105, -1.7766143083572388, -6.500959396362305], [152.29640197753906, 9.770384788513184, -31.85626220703125], [0.5310609936714172, 1.9953807592391968, -0.3219248354434967]], "brockpiece23": [[0.14962439239025116, -0.42472100257873535, -2.8917441368103027], [-1.5336564779281616, 26.351774215698242, 93.8757553100586], [-0.0681355819106102, 0.8056530356407166, -0.06759854406118393]], "brockpiece24": [[0.050892800092697144, -0.1078944206237793, -2.6409354209899902], [-16.82398223876953, 1.076513409614563, -35.512821197509766], [-0.3838520646095276, 0.746596097946167, 0.4647919237613678]], "brockpiece25": [[-0.2584378719329834, -0.02351135015487671, -2.3924689292907715], [-0.04092371091246605, 1.0928524732589722, -2.60587739944458], [-1.032001256942749, 0.5244100093841553, 0.6970614790916443]], "brockpiece26": [[-0.7682463526725769, -0.7338824272155762, -1.0032292604446411], [12.251648902893066, -10.619192123413086, 129.5094451904297], [-0.012171115726232529, 0.7901149392127991, 0.14576949179172516]], "brockpiece27": [[-0.3220531940460205, -0.6670822501182556, -2.9140305519104004], [4.546114921569824, 3.050091505050659, -6.820579528808594], [-0.029545554891228676, 0.7074200510978699, -0.5648927092552185]], "brockpiece28": [[-1.5587314367294312, -0.7733891010284424, -1.9466629028320312], [-75.63262176513672, -39.79145812988281, 77.03797912597656], [-0.05280172452330589, 0.875779390335083, 0.7411666512489319]], "brockpiece29": [[0.052775122225284576, -0.33534297347068787, -2.6599268913269043], [-8.335672378540039, -5.763730525970459, -14.734084129333496], [-0.1528574824333191, 0.604702889919281, -0.03537474945187569]], "brockpiece30": [[0.04425622522830963, -0.3193610608577728, -2.5527429580688477], [-10.004846572875977, -6.855100154876709, -10.285100936889648], [-0.212638720870018, 0.5194345116615295, -0.6746488809585571]], "brockpiece31": [[-0.05400288105010986, -0.12339857220649719, -2.5638844966888428], [-10.004829406738281, -6.855114459991455, -10.285187721252441], [-0.3032321333885193, 0.4032418727874756, 0.2416532039642334]], "brockpiece32": [[0.076691634953022, -0.15290719270706177, -2.411440134048462], [34.9356803894043, 21.889650344848633, 153.1869354248047], [-0.014846060425043106, 0.7332823276519775, -0.067598357796669]], "brockpiece33": [[-0.18887802958488464, -5.072355270385742e-05, -1.3313181400299072], [-0.0035152521450072527, -5.469757080078125, 0.060621216893196106], [-0.07364655286073685, 0.3388040363788605, 0.1644446849822998]], "brockpiece34": [[-0.054390039294958115, 0.0005965530872344971, -1.2532124519348145], [0.043910205364227295, -9.347702026367188, -0.2860042452812195], [-0.040006935596466064, 0.3192813992500305, -0.5479322671890259]], "brockpiece35": [[0.10796761512756348, -0.15667521953582764, -1.453114628791809], [18.162307739257812, -2.0115511417388916, -114.54591369628906], [0.03971529006958008, 0.7414476275444031, -0.4923132658004761]], "brockpiece36": [[-0.02489849179983139, -0.17617040872573853, -1.2858675718307495], [-18.335067749023438, -18.644588470458984, -152.75083923339844], [0.04695548489689827, 0.8178877234458923, 0.2522242069244385]], "brockpiece37": [[-1.322738766670227, -0.8357788324356079, -1.8604600429534912], [-110.50055694580078, -36.03790283203125, 100.28942108154297], [0.018796933814883232, 0.8953180909156799, 0.6815259456634521]],