{"brockpiece0": [[-0.1782238781452179, -0.7866427898406982, -3.4695348739624023], [136.3714599609375, 80.5972671508789, 133.3725128173828], [-0.04771063104271889, 0.8072485327720642, -0.47105833888053894]], "brockpiece1": [[0.2801039516925812, -0.44215840101242065, -3.121929883956909], [-33.47447204589844, 75.60027313232422, 49.79356002807617], [-0.060903601348400116, 0.894946277141571, 0.4562895596027374]], "brockpiece2": [[0.5861695408821106, -0.8013188242912292, -3.6771156787872314], [-4.650217533111572, 7.517782688140869, -58.00303268432617], [-0.1568758189678192, 0.8655882477760315, -0.5483085513114929]], "brockpiece3": [[0.17594775557518005, -0.44365471601486206, -3.1701414585113525], [-13.440445899963379, 20.105241775512695, 55.339900970458984], [-0.22012151777744293, 0.9278489947319031, 0.3253736197948456]], "brockpiece4": [[0.2638661563396454, -0.0980919599533081, -2.7808048725128174], [-32.22038269042969, -11.07504940032959, -45.65863800048828], [-0.4135969281196594, 0.9918517470359802, 0.46200042963027954]], "brockpiece5": [[-0.04804447293281555, 0.0234948992729187, -2.403681516647339], [-4.813121318817139, 8.911802291870117, 1.8226045370101929], [-0.436776340007782, 0.9646992683410645, -0.3259457051753998]], "brockpiece6": [[0.5056337118148804, -0.8143500089645386, -3.7623584270477295], [-6.859150409698486, 44.377586364746094, -26.666370391845703], [-0.01387631893157959, 0.9064578413963318, -0.06759907305240631]], "brockpiece7": [[0.9536844491958618, -1.1583967208862305, -4.185171604156494], [-161.32958984375, 5.0167107582092285, -106.31105041503906], [-0.016788214445114136, 1.2991664409637451, -0.5754176378250122]], "brockpiece8": [[1.5955555438995361, -1.091015100479126, -5.2392072677612305], [-151.8807830810547, 3.0167832374572754, -114.64964294433594], [-0.10184786468744278, 1.4046438932418823, 0.10018877685070038]], "brockpiece9": [[-0.9290896058082581, -0.7960174083709717, -1.583951473236084], [10.52255630493164, 9.248825073242188, -58.768489837646484], [0.009604007937014103, 0.8276886940002441, 0.4656519293785095]], "brockpiece10": [[0.045988842844963074, -0.24297106266021729, -1.327934980392456], [14.611465454101562, 5.418524742126465, -172.50537109375], [0.026453230530023575, 0.7262305021286011, -0.09866398572921753]], "brockpiece11": [[-0.13494223356246948, -0.6244997382164001, -2.127924919128418], [-14.068171501159668, -17.652816772460938, 34.41304016113281], [0.023447148501873016, 0.6883174180984497, -0.6239317655563354]], "brockpiece12": [[-0.014978468418121338, -0.13799721002578735, -1.3727246522903442], [-3.0353236198425293, -8.36043930053711, 7.6962809562683105], [0.057196881622076035, 0.6268966794013977, -0.06759794801473618]], "brockpiece13": [[-0.03753169625997543, -0.1326293647289276, -0.9454482793807983], [-16.664670944213867, -11.838842391967773, 1.9197094440460205], [0.10751569271087646, 0.33034080266952515, -0.6997447609901428]], "brockpiece14": [[-0.10088520497083664, -0.05977451801300049, -0.9568455815315247], [2.2072854042053223, -9.412631034851074, -6.949552536010742], [0.1765923947095871, 0.3738964796066284, -0.06937721371650696]], "brockpiece15": [[-0.0422670841217041, -0.00011527538299560547, -0.07507149130105972], [-0.02670111693441868, 4.486761569976807, 0.11022710800170898], [0.32439151406288147, 0.17386914789676666, 0.1606941819190979]], "brockpiece16": [[-0.12227874249219894, -0.000694960355758667, -0.30663540959358215], [-0.012607980519533157, -7.877471446990967, 0.0307321697473526], [0.2422737032175064, 0.13469432294368744, -0.2985038757324219]], "brockpiece17": [[0.07820961624383926, 0.04599916934967041, -0.9264369010925293], [-3.1585655212402344, -2.2088937759399414, 16.66835594177246], [0.05579742044210434, 0.8304786086082458, -0.06759888678789139]], "brockpiece18": [[0.05169057846069336, 7.68899917602539e-05, -0.9467446804046631], [0.00022607145365327597, -4.429142951965332, 0.000280876673059538], [0.7751116156578064, 1.1647822856903076, 0.4550911784172058]], "brockpiece19": [[0.6085251569747925, -0.7597250938415527, -3.171088218688965], [-147.6595458984375, 0.010468975640833378, -91.06126403808594], [0.04745550453662872, 0.8352649807929993, -0.8555060029029846]], "brockpiece20": [[0.13263842463493347, -0.07708090543746948, -2.3293657302856445], [39.262123107910156, -21.876869201660156, -128.4259490966797], [0.0324799083173275, 0.8903895616531372, 0.1047213077545166]], "brockpiece21": [[0.06725530326366425, 7.772445678710938e-05, -0.9937568306922913], [-0.00011860189988510683, -4.429195404052734, 0.00015842133143451065], [0.15945503115653992, 1.6952928304672241, 0.277337908744812]], "brockpiece22": [[-0.29394659399986267, -1.7674394845962524, -6.5108442306518555], [150.67758178710938, 9.085432052612305, -33.772865295410156], [0.5310609936714172, 1.9953807592391968, -0.3219248354434967]], "brockpiece23": [[0.14829260110855103, -0.41871288418769836, -2.8715410232543945], [-6.039242744445801, 25.884794235229492, 79.90858459472656], [-0.0681355819106102, 0.8056530356407166, -0.06759854406118393]], "brockpiece24": [[0.056445956230163574, -0.10291475057601929, -2.629117250442505], [-17.413219451904297, 1.3934383392333984, -32.331844329833984], [-0.3838520646095276, 0.746596097946167, 0.4647919237613678]], "brockpiece25": [[-0.25118088722229004, -0.021133899688720703, -2.3950209617614746], [0.031711604446172714, 0.9265950918197632, -2.374030590057373], [-1.032001256942749, 0.5244100093841553, 0.6970614790916443]], "brockpiece26": [[-0.7993798851966858, -0.6977493762969971, -1.0852715969085693], [-32.52128982543945, 3.890759229660034, 114.8635482788086], [-0.012171115726232529, 0.7901149392127991, 0.14576949179172516]], "brockpiece27": [[-0.32275453209877014, -0.6676753163337708, -2.9131898880004883], [4.456707000732422, 3.191641330718994, -8.971277236938477], [-0.029545554891228676, 0.7074200510978699, -0.5648927092552185]], "brockpiece28": [[-1.4181874990463257, -0.7881600856781006, -1.7508796453475952], [3.669508934020996, -24.390155792236328, 6.113855361938477], [-0.05280172452330589, 0.875779390335083, 0.7411666512489319]], "brockpiece29": [[0.053041376173496246, -0.32910728454589844, -2.657217502593994], [-9.21054744720459, -4.980704307556152, -13.3204345703125], [-0.1528574824333191, 0.604702889919281, -0.03537474945187569]], "brockpiece30": [[0.049331143498420715, -0.31942716240882874, -2.5515294075012207], [-9.744803428649902, -6.938121318817139, -11.662543296813965], [-0.212638720870018, 0.5194345116615295, -0.6746488809585571]], "brockpiece31": [[-0.04910978674888611, -0.12277919054031372, -2.5627729892730713], [-9.744784355163574, -6.938136577606201, -11.662638664245605], [-0.3032321333885193, 0.4032418727874756, 0.2416532039642334]], "brockpiece32": [[0.07149415463209152, -0.14875513315200806, -2.4033899307250977], [33.471675872802734, 24.482053756713867, 147.64825439453125], [-0.014846060425043106, 0.7332823276519775, -0.067598357796669]], "brockpiece33": [[-0.17974302172660828, -3.668665885925293e-05, -1.3371142148971558], [-0.016201741993427277, -4.868382453918457, 0.11330978572368622], [-0.07364655286073685, 0.3388040363788605, 0.1644446849822998]], "brockpiece34": [[-0.051234934478998184, 0.002705395221710205, -1.2488150596618652], [-0.2657598555088043, -8.364006042480469, -0.2677692770957947], [-0.040006935596466064, 0.3192813992500305, -0.5479322671890259]], "brockpiece35": [[-0.004128061234951019, -0.12609684467315674, -1.4918382167816162], [-19.548473358154297, -4.556861400604248, 32.35385513305664], [0.03971529006958008, 0.7414476275444031, -0.4923132658004761]], "brockpiece36": [[-0.0326111763715744, -0.15228652954101562, -1.293896198272705], [-20.291303634643555, -24.477136611938477, -149.1560516357422], [0.04695548489689827, 0.8178877234458923, 0.2522242069244385]], "brockpiece37": [[-1.284914493560791, -0.8508325815200806, -1.895902156829834], [-105.3644790649414, 5.082214832305908, 73.44473266601562], [0.018796933814883232, 0.8953180909156799, 0.6815259456634521]],