{"brockpiece0": [[-0.17002594470977783, -0.7215494513511658, -3.3565616607666016], [96.498291015625, -32.028656005859375, 89.81241607666016], [-0.04771063104271889, 0.8072485327720642, -0.47105833888053894]], "brockpiece1": [[0.2744852602481842, -0.4532264769077301, -3.0892248153686523], [-11.168611526489258, 71.05917358398438, 75.59088897705078], [-0.060903601348400116, 0.894946277141571, 0.4562895596027374]], "brockpiece2": [[0.574898362159729, -0.8023438453674316, -3.6755826473236084], [-4.068427562713623, 8.96884822845459, -48.5450553894043], [-0.1568758189678192, 0.8655882477760315, -0.5483085513114929]], "brockpiece3": [[0.17993369698524475, -0.47441184520721436, -3.1945085525512695], [-15.123510360717773, 17.193025588989258, 46.380897521972656], [-0.22012151777744293, 0.9278489947319031, 0.3253736197948456]], "brockpiece4": [[0.2616463899612427, -0.15113437175750732, -2.7815322875976562], [-12.953577995300293, -13.486125946044922, -59.32479476928711], [-0.4135969281196594, 0.9918517470359802, 0.46200042963027954]], "brockpiece5": [[-0.04035085439682007, 0.023893237113952637, -2.410187244415283], [-5.004619121551514, 9.345084190368652, 2.2529540061950684], [-0.436776340007782, 0.9646992683410645, -0.3259457051753998]], "brockpiece6": [[0.5003430843353271, -0.7067508697509766, -3.740048885345459], [49.50071716308594, -24.206016540527344, 118.21236419677734], [-0.01387631893157959, 0.9064578413963318, -0.06759907305240631]], "brockpiece7": [[0.951532244682312, -1.158400535583496, -4.182702541351318], [-161.3649139404297, 5.0054426193237305, -106.31581115722656], [-0.016788214445114136, 1.2991664409637451, -0.5754176378250122]], "brockpiece8": [[1.584417700767517, -1.0912901163101196, -5.263014316558838], [-150.77105712890625, -2.296058416366577, -109.16105651855469], [-0.10184786468744278, 1.4046438932418823, 0.10018877685070038]], "brockpiece9": [[-1.0971870422363281, -0.7701225876808167, -1.543018102645874], [37.196468353271484, -12.499286651611328, -43.248199462890625], [0.009604007937014103, 0.8276886940002441, 0.4656519293785095]], "brockpiece10": [[0.04155901074409485, -0.2578485906124115, -1.3278659582138062], [16.04548454284668, 6.2239227294921875, -174.82716369628906], [0.026453230530023575, 0.7262305021286011, -0.09866398572921753]], "brockpiece11": [[-0.13493163883686066, -0.625578761100769, -2.12904691696167], [-15.439507484436035, -17.554035186767578, 37.21839141845703], [0.023447148501873016, 0.6883174180984497, -0.6239317655563354]], "brockpiece12": [[-0.026687735691666603, -0.14337784051895142, -1.37204909324646], [-3.247331380844116, -7.946575164794922, 8.380038261413574], [0.057196881622076035, 0.6268966794013977, -0.06759794801473618]], "brockpiece13": [[-0.042664848268032074, -0.14510668814182281, -0.9458997249603271], [-13.490732192993164, -12.753105163574219, 1.806467890739441], [0.10751569271087646, 0.33034080266952515, -0.6997447609901428]], "brockpiece14": [[-0.11287852376699448, -0.06562694907188416, -0.9518402218818665], [2.6659891605377197, -9.77503490447998, -6.359394073486328], [0.1765923947095871, 0.3738964796066284, -0.06937721371650696]], "brockpiece15": [[-0.04246234893798828, -0.00019659101963043213, -0.07582005858421326], [-0.000710612628608942, 4.820767402648926, -0.014348054304718971], [0.32439151406288147, 0.17386914789676666, 0.1606941819190979]], "brockpiece16": [[-0.11471055448055267, -0.0007608383893966675, -0.29826608300209045], [-0.005082452204078436, -7.198784351348877, 0.0038105486892163754], [0.2422737032175064, 0.13469432294368744, -0.2985038757324219]], "brockpiece17": [[0.09116316586732864, 0.01888418197631836, -0.927710771560669], [-2.739978551864624, -0.5349150896072388, 29.311189651489258], [0.05579742044210434, 0.8304786086082458, -0.06759888678789139]], "brockpiece18": [[0.05237841606140137, 8.90493392944336e-05, -0.9466129541397095], [0.00033739599166437984, -4.4324140548706055, -0.0004452942230273038], [0.7751116156578064, 1.1647822856903076, 0.4550911784172058]], "brockpiece19": [[0.5771968364715576, -0.7639343738555908, -3.1950325965881348], [-162.095947265625, -15.727938652038574, -58.94407653808594], [0.04745550453662872, 0.8352649807929993, -0.8555060029029846]], "brockpiece20": [[0.11196710914373398, -0.1196550726890564, -2.3378264904022217], [25.935049057006836, -21.848472595214844, -97.50494384765625], [0.0324799083173275, 0.8903895616531372, 0.1047213077545166]], "brockpiece21": [[0.06796000897884369, 9.572505950927734e-05, -0.9936574101448059], [2.4876301288604736, 8.414983749389648, 158.04530334472656], [0.15945503115653992, 1.6952928304672241, 0.277337908744812]], "brockpiece22": [[-0.2973422706127167, -1.7766636610031128, -6.50109338760376], [152.27703857421875, 9.800212860107422, -31.863121032714844], [0.5310609936714172, 1.9953807592391968, -0.3219248354434967]], "brockpiece23": [[0.15165381133556366, -0.4265913963317871, -2.8955907821655273], [-1.6457679271697998, 26.150266647338867, 94.1017837524414], [-0.0681355819106102, 0.8056530356407166, -0.06759854406118393]], "brockpiece24": [[0.051289528608322144, -0.10819751024246216, -2.6413331031799316], [-16.871795654296875, 1.1675492525100708, -35.64568328857422], [-0.3838520646095276, 0.746596097946167, 0.4647919237613678]], "brockpiece25": [[-0.25926756858825684, -0.02390110492706299, -2.3919358253479004], [-0.04559822380542755, 1.1000391244888306, -2.646864414215088], [-1.032001256942749, 0.5244100093841553, 0.6970614790916443]], "brockpiece26": [[-0.739562451839447, -0.7174948453903198, -1.0036600828170776], [29.99627113342285, -8.582868576049805, 98.34036254882812], [-0.012171115726232529, 0.7901149392127991, 0.14576949179172516]], "brockpiece27": [[-0.3218699097633362, -0.6668099761009216, -2.914213180541992], [4.583085060119629, 3.057875633239746, -5.942726135253906], [-0.029545554891228676, 0.7074200510978699, -0.5648927092552185]], "brockpiece28": [[-1.5415376424789429, -0.8171402215957642, -1.9925954341888428], [-111.1783676147461, 19.884584426879883, 61.53608322143555], [-0.05280172452330589, 0.875779390335083, 0.7411666512489319]], "brockpiece29": [[0.05352754145860672, -0.33561357855796814, -2.6602935791015625], [-8.27593994140625, -5.862355709075928, -14.719704627990723], [-0.1528574824333191, 0.604702889919281, -0.03537474945187569]], "brockpiece30": [[0.043760210275650024, -0.31937289237976074, -2.5526576042175293], [-10.029708862304688, -6.84165620803833, -10.169072151184082], [-0.212638720870018, 0.5194345116615295, -0.6746488809585571]], "brockpiece31": [[-0.054377973079681396, -0.12343671917915344, -2.563769817352295], [-10.029685020446777, -6.841671466827393, -10.169164657592773], [-0.3032321333885193, 0.4032418727874756, 0.2416532039642334]], "brockpiece32": [[0.07862131297588348, -0.1542348861694336, -2.412978172302246], [34.612613677978516, 22.24152183532715, 152.6776580810547], [-0.014846060425043106, 0.7332823276519775, -0.067598357796669]], "brockpiece33": [[-0.1901915967464447, -0.00017327070236206055, -1.3298994302749634], [-0.002578744199126959, -5.598236083984375, 0.014243141748011112], [-0.07364655286073685, 0.3388040363788605, 0.1644446849822998]], "brockpiece34": [[-0.054838549345731735, 0.00045031309127807617, -1.2534191608428955], [0.03171597048640251, -9.465447425842285, -0.2230193167924881], [-0.040006935596466064, 0.3192813992500305, -0.5479322671890259]], "brockpiece35": [[0.11417993903160095, -0.16115611791610718, -1.452070951461792], [17.67348861694336, -0.5762853622436523, -119.96875], [0.03971529006958008, 0.7414476275444031, -0.4923132658004761]], "brockpiece36": [[-0.021319160237908363, -0.18202966451644897, -1.28156578540802], [-16.10869789123535, -14.81521987915039, -152.3521270751953], [0.04695548489689827, 0.8178877234458923, 0.2522242069244385]], "brockpiece37": [[-1.323051929473877, -0.8359529376029968, -1.8595192432403564], [-110.78446197509766, -36.93849563598633, 100.95935821533203], [0.018796933814883232, 0.8953180909156799, 0.6815259456634521]],