{"brockpiece0": [[-0.17781201004981995, -0.778945803642273, -3.4641008377075195], [111.11408996582031, 69.3500747680664, 107.89037322998047], [-0.04771063104271889, 0.8072485327720642, -0.47105833888053894]], "brockpiece1": [[0.2520730793476105, -0.38790708780288696, -3.1176249980926514], [-11.571305274963379, 75.33866119384766, 76.61798858642578], [-0.060903601348400116, 0.894946277141571, 0.4562895596027374]], "brockpiece2": [[0.586686372756958, -0.8012545108795166, -3.6772844791412354], [-4.673991680145264, 7.483161449432373, -58.22846984863281], [-0.1568758189678192, 0.8655882477760315, -0.5483085513114929]], "brockpiece3": [[0.18410755693912506, -0.43034064769744873, -3.1642260551452637], [-13.047782897949219, 20.496936798095703, 59.701072692871094], [-0.22012151777744293, 0.9278489947319031, 0.3253736197948456]], "brockpiece4": [[0.26150959730148315, -0.09148246049880981, -2.773853063583374], [-32.002830505371094, -11.358175277709961, -46.246620178222656], [-0.4135969281196594, 0.9918517470359802, 0.46200042963027954]], "brockpiece5": [[-0.04859074950218201, 0.02536916732788086, -2.402583122253418], [-4.844210624694824, 8.835491180419922, 1.5512837171554565], [-0.436776340007782, 0.9646992683410645, -0.3259457051753998]], "brockpiece6": [[0.4882523715496063, -0.8156863451004028, -3.749654531478882], [-19.17972755432129, 41.068016052246094, -44.811439514160156], [-0.01387631893157959, 0.9064578413963318, -0.06759907305240631]], "brockpiece7": [[0.9540801048278809, -1.1584030389785767, -4.184906005859375], [-161.31932067871094, 5.019868850708008, -106.3109359741211], [-0.016788214445114136, 1.2991664409637451, -0.5754176378250122]], "brockpiece8": [[1.5862575769424438, -1.0881264209747314, -5.246271133422852], [-151.1710968017578, 0.41947823762893677, -111.89757537841797], [-0.10184786468744278, 1.4046438932418823, 0.10018877685070038]], "brockpiece9": [[-0.9432276487350464, -0.7861130833625793, -1.5836198329925537], [10.474513053894043, 9.342315673828125, -36.58156204223633], [0.009604007937014103, 0.8276886940002441, 0.4656519293785095]], "brockpiece10": [[0.046077027916908264, -0.2436557412147522, -1.3270336389541626], [14.456486701965332, 5.355073928833008, -172.8414764404297], [0.026453230530023575, 0.7262305021286011, -0.09866398572921753]], "brockpiece11": [[-0.13535374402999878, -0.6243354678153992, -2.128016233444214], [-13.917094230651855, -17.673871994018555, 34.03512954711914], [0.023447148501873016, 0.6883174180984497, -0.6239317655563354]], "brockpiece12": [[-0.015592202544212341, -0.1380557119846344, -1.3729047775268555], [-3.083120346069336, -8.246723175048828, 7.812414169311523], [0.057196881622076035, 0.6268966794013977, -0.06759794801473618]], "brockpiece13": [[-0.037867993116378784, -0.1314803659915924, -0.9454096555709839], [-17.03083038330078, -11.779438018798828, 2.1923141479492188], [0.10751569271087646, 0.33034080266952515, -0.6997447609901428]], "brockpiece14": [[-0.10020570456981659, -0.05922040343284607, -0.9577255845069885], [2.1830873489379883, -9.351842880249023, -7.010499954223633], [0.1765923947095871, 0.3738964796066284, -0.06937721371650696]], "brockpiece15": [[-0.04205915331840515, -0.00013275444507598877, -0.07498549669981003], [-0.024139564484357834, 4.462136745452881, 0.07585380971431732], [0.32439151406288147, 0.17386914789676666, 0.1606941819190979]], "brockpiece16": [[-0.12302026152610779, -0.000810965895652771, -0.30740997195243835], [0.024275250732898712, -7.951658725738525, -0.050163425505161285], [0.2422737032175064, 0.13469432294368744, -0.2985038757324219]], "brockpiece17": [[0.07720614224672318, 0.047491490840911865, -0.9263193011283875], [-3.1052744388580322, -2.2707698345184326, 15.798416137695312], [0.05579742044210434, 0.8304786086082458, -0.06759888678789139]], "brockpiece18": [[0.05165165662765503, 7.927417755126953e-05, -0.9467021226882935], [0.00027231330750510097, -4.429050445556641, 0.0003322565171401948], [0.7751116156578064, 1.1647822856903076, 0.4550911784172058]], "brockpiece19": [[0.6109258532524109, -0.7599985599517822, -3.169172763824463], [-146.38157653808594, 1.4174964427947998, -92.82453918457031], [0.04745550453662872, 0.8352649807929993, -0.8555060029029846]], "brockpiece20": [[0.12496329098939896, -0.07864552736282349, -2.3166277408599854], [29.4259090423584, -31.191274642944336, -110.08930969238281], [0.0324799083173275, 0.8903895616531372, 0.1047213077545166]], "brockpiece21": [[0.0672152042388916, 7.975101470947266e-05, -0.993711531162262], [1.4985785128374118e-05, -4.428613185882568, 0.00015756484935991466], [0.15945503115653992, 1.6952928304672241, 0.277337908744812]], "brockpiece22": [[-0.29118478298187256, -1.7627495527267456, -6.51446533203125], [149.92396545410156, 8.578475952148438, -34.754844665527344], [0.5310609936714172, 1.9953807592391968, -0.3219248354434967]], "brockpiece23": [[0.15075694024562836, -0.42213204503059387, -2.863682985305786], [-7.889228820800781, 25.797136306762695, 75.43633270263672], [-0.0681355819106102, 0.8056530356407166, -0.06759854406118393]], "brockpiece24": [[0.057150959968566895, -0.10037881135940552, -2.6271188259124756], [-17.541908264160156, 1.3704369068145752, -32.055973052978516], [-0.3838520646095276, 0.746596097946167, 0.4647919237613678]], "brockpiece25": [[-0.25000011920928955, -0.017587602138519287, -2.3928842544555664], [0.4200272262096405, 1.026711344718933, -2.1755459308624268], [-1.032001256942749, 0.5244100093841553, 0.6970614790916443]], "brockpiece26": [[-0.8453426361083984, -0.6629041433334351, -1.0965689420700073], [-18.31747817993164, -17.054662704467773, 100.39431762695312], [-0.012171115726232529, 0.7901149392127991, 0.14576949179172516]], "brockpiece27": [[-0.32266518473625183, -0.667751669883728, -2.9131247997283936], [4.441875457763672, 3.2241241931915283, -9.234848022460938], [-0.029545554891228676, 0.7074200510978699, -0.5648927092552185]], "brockpiece28": [[-1.3991581201553345, -0.7862502932548523, -1.7238337993621826], [33.169010162353516, -11.626047134399414, -27.865657806396484], [-0.05280172452330589, 0.875779390335083, 0.7411666512489319]], "brockpiece29": [[0.052887097001075745, -0.32788726687431335, -2.656315803527832], [-9.378144264221191, -4.952739715576172, -13.27146053314209], [-0.1528574824333191, 0.604702889919281, -0.03537474945187569]], "brockpiece30": [[0.04917527735233307, -0.31901299953460693, -2.550398826599121], [-9.769925117492676, -6.994570255279541, -11.948932647705078], [-0.212638720870018, 0.5194345116615295, -0.6746488809585571]], "brockpiece31": [[-0.04964765906333923, -0.120841383934021, -2.5618605613708496], [-9.769888877868652, -6.994592666625977, -11.94904613494873], [-0.3032321333885193, 0.4032418727874756, 0.2416532039642334]], "brockpiece32": [[0.07240879535675049, -0.14915764331817627, -2.4020466804504395], [32.7947998046875, 25.260156631469727, 145.68739318847656], [-0.014846060425043106, 0.7332823276519775, -0.067598357796669]], "brockpiece33": [[-0.18020913004875183, 0.00013396143913269043, -1.3368059396743774], [-0.012102965265512466, -4.700984001159668, 0.15965214371681213], [-0.07364655286073685, 0.3388040363788605, 0.1644446849822998]], "brockpiece34": [[-0.05182924494147301, 0.002620309591293335, -1.248255729675293], [-0.29148051142692566, -8.35736083984375, -0.18507538735866547], [-0.040006935596466064, 0.3192813992500305, -0.5479322671890259]], "brockpiece35": [[-0.0060727596282958984, -0.11925137042999268, -1.4924728870391846], [-18.943937301635742, -1.2240701913833618, 39.755088806152344], [0.03971529006958008, 0.7414476275444031, -0.4923132658004761]], "brockpiece36": [[-0.03183060139417648, -0.15070652961730957, -1.2945715188980103], [-19.709850311279297, -24.793148040771484, -148.24594116210938], [0.04695548489689827, 0.8178877234458923, 0.2522242069244385]],