{"brockpiece0": [[-0.17809754610061646, -0.7842236161231995, -3.4679360389709473], [123.27566528320312, 77.2154312133789, 120.2037353515625], [-0.04771063104271889, 0.8072485327720642, -0.47105833888053894]], "brockpiece1": [[0.27113285660743713, -0.43669337034225464, -3.1207971572875977], [-29.181379318237305, 76.31221008300781, 55.418251037597656], [-0.060903601348400116, 0.894946277141571, 0.4562895596027374]], "brockpiece2": [[0.5862600207328796, -0.8012611269950867, -3.6772572994232178], [-4.66651725769043, 7.500917911529541, -58.10157012939453], [-0.1568758189678192, 0.8655882477760315, -0.5483085513114929]], "brockpiece3": [[0.17906714975833893, -0.440462201833725, -3.168414354324341], [-13.627419471740723, 19.929851531982422, 55.54505157470703], [-0.22012151777744293, 0.9278489947319031, 0.3253736197948456]], "brockpiece4": [[0.2640853524208069, -0.09496843814849854, -2.778796434402466], [-32.3631591796875, -11.16157341003418, -45.5186882019043], [-0.4135969281196594, 0.9918517470359802, 0.46200042963027954]], "brockpiece5": [[-0.04844650626182556, 0.02380681037902832, -2.4040451049804688], [-4.843390941619873, 8.862326622009277, 1.6772030591964722], [-0.436776340007782, 0.9646992683410645, -0.3259457051753998]], "brockpiece6": [[0.497097373008728, -0.8148849010467529, -3.7587718963623047], [-11.978568077087402, 43.61368942260742, -34.04154586791992], [-0.01387631893157959, 0.9064578413963318, -0.06759907305240631]], "brockpiece7": [[0.9536339640617371, -1.1584094762802124, -4.1853556632995605], [-161.3317413330078, 5.015918731689453, -106.31427001953125], [-0.016788214445114136, 1.2991664409637451, -0.5754176378250122]], "brockpiece8": [[1.5924298763275146, -1.0900487899780273, -5.242262363433838], [-151.63502502441406, 2.164689302444458, -113.84688568115234], [-0.10184786468744278, 1.4046438932418823, 0.10018877685070038]], "brockpiece9": [[-0.9334598183631897, -0.7928516864776611, -1.5839236974716187], [10.55713176727295, 9.305983543395996, -51.21354675292969], [0.009604007937014103, 0.8276886940002441, 0.4656519293785095]], "brockpiece10": [[0.04626219719648361, -0.24347341060638428, -1.3272000551223755], [14.413290023803711, 5.346634387969971, -172.8611602783203], [0.026453230530023575, 0.7262305021286011, -0.09866398572921753]], "brockpiece11": [[-0.1348065882921219, -0.6243594884872437, -2.127952814102173], [-13.957620620727539, -17.72463607788086, 34.06566619873047], [0.023447148501873016, 0.6883174180984497, -0.6239317655563354]], "brockpiece12": [[-0.015519808977842331, -0.1376034915447235, -1.3727731704711914], [-3.03954815864563, -8.287598609924316, 7.8377180099487305], [0.057196881622076035, 0.6268966794013977, -0.06759794801473618]], "brockpiece13": [[-0.037940144538879395, -0.1323317289352417, -0.9456216096878052], [-16.74614715576172, -11.919084548950195, 1.929854154586792], [0.10751569271087646, 0.33034080266952515, -0.6997447609901428]], "brockpiece14": [[-0.10079769790172577, -0.0592990517616272, -0.9571895003318787], [2.217644453048706, -9.387913703918457, -6.954500675201416], [0.1765923947095871, 0.3738964796066284, -0.06937721371650696]], "brockpiece15": [[-0.042061835527420044, -0.0001707524061203003, -0.07497934997081757], [-0.013919210061430931, 4.475849628448486, 0.07598540931940079], [0.32439151406288147, 0.17386914789676666, 0.1606941819190979]], "brockpiece16": [[-0.12246882915496826, -0.00059528648853302, -0.30711427330970764], [-0.0007679734262637794, -7.88495397567749, 0.005237045232206583], [0.2422737032175064, 0.13469432294368744, -0.2985038757324219]], "brockpiece17": [[0.07825369387865067, 0.0461655855178833, -0.9264371395111084], [-3.1294939517974854, -2.179290533065796, 16.368730545043945], [0.05579742044210434, 0.8304786086082458, -0.06759888678789139]], "brockpiece18": [[0.05167841911315918, 8.511543273925781e-05, -0.9466984272003174], [0.0005805925466120243, -4.429110050201416, 0.00023292213154491037], [0.7751116156578064, 1.1647822856903076, 0.4550911784172058]], "brockpiece19": [[0.609451174736023, -0.759795069694519, -3.170347213745117], [-147.28147888183594, 0.5053280591964722, -91.66873168945312], [0.04745550453662872, 0.8352649807929993, -0.8555060029029846]], "brockpiece20": [[0.12856578826904297, -0.0813027024269104, -2.3264358043670654], [36.480838775634766, -24.60910987854004, -123.31008911132812], [0.0324799083173275, 0.8903895616531372, 0.1047213077545166]], "brockpiece21": [[0.06724373996257782, 8.726119995117188e-05, -0.993709146976471], [6.079950253479183e-05, -4.428910732269287, 8.99147562449798e-05], [0.15945503115653992, 1.6952928304672241, 0.277337908744812]], "brockpiece22": [[-0.2925448417663574, -1.7652076482772827, -6.5125532150268555], [150.31948852539062, 8.846972465515137, -34.23888397216797], [0.5310609936714172, 1.9953807592391968, -0.3219248354434967]], "brockpiece23": [[0.14937013387680054, -0.41967788338661194, -2.869235038757324], [-6.5216593742370605, 25.915130615234375, 78.85175323486328], [-0.0681355819106102, 0.8056530356407166, -0.06759854406118393]], "brockpiece24": [[0.05699935555458069, -0.10202997922897339, -2.6288833618164062], [-17.4840087890625, 1.3817391395568848, -32.15028381347656], [-0.3838520646095276, 0.746596097946167, 0.4647919237613678]], "brockpiece25": [[-0.250821590423584, -0.019909322261810303, -2.3943159580230713], [0.15930892527103424, 0.9851141571998596, -2.308581590652466], [-1.032001256942749, 0.5244100093841553, 0.6970614790916443]], "brockpiece26": [[-0.8157224655151367, -0.683438241481781, -1.089733600616455], [-28.977441787719727, -3.955732822418213, 112.22076416015625], [-0.012171115726232529, 0.7901149392127991, 0.14576949179172516]], "brockpiece27": [[-0.3226916790008545, -0.667712390422821, -2.913158655166626], [4.450617790222168, 3.2008862495422363, -9.100346565246582], [-0.029545554891228676, 0.7074200510978699, -0.5648927092552185]], "brockpiece28": [[-1.4060614109039307, -0.7962206602096558, -1.7358753681182861], [14.578937530517578, -22.84566307067871, -5.941695213317871], [-0.05280172452330589, 0.875779390335083, 0.7411666512489319]], "brockpiece29": [[0.05324941873550415, -0.32856547832489014, -2.6569454669952393], [-9.277737617492676, -5.00092077255249, -13.323589324951172], [-0.1528574824333191, 0.604702889919281, -0.03537474945187569]], "brockpiece30": [[0.04925684630870819, -0.3193258047103882, -2.551421642303467], [-9.747601509094238, -6.9590229988098145, -11.831012725830078], [-0.212638720870018, 0.5194345116615295, -0.6746488809585571]], "brockpiece31": [[-0.049260348081588745, -0.12201052904129028, -2.5627408027648926], [-9.747591018676758, -6.959038257598877, -11.83111572265625], [-0.3032321333885193, 0.4032418727874756, 0.2416532039642334]], "brockpiece32": [[0.07203909009695053, -0.14865875244140625, -2.4027857780456543], [33.24860382080078, 24.769237518310547, 146.9615020751953], [-0.014846060425043106, 0.7332823276519775, -0.067598357796669]], "brockpiece33": [[-0.18004703521728516, 8.943676948547363e-05, -1.3370040655136108], [-0.01658829301595688, -4.802732467651367, 0.1633671373128891], [-0.07364655286073685, 0.3388040363788605, 0.1644446849822998]], "brockpiece34": [[-0.051570963114500046, 0.002726525068283081, -1.248548984527588], [-0.27546268701553345, -8.383490562438965, -0.23824593424797058], [-0.040006935596466064, 0.3192813992500305, -0.5479322671890259]], "brockpiece35": [[-0.004794292151927948, -0.12388479709625244, -1.4917528629302979], [-19.546545028686523, -3.0273334980010986, 35.86573028564453], [0.03971529006958008, 0.7414476275444031, -0.4923132658004761]], "brockpiece36": [[-0.0322723425924778, -0.15172326564788818, -1.2941821813583374], [-19.814002990722656, -24.82431411743164, -149.0297393798828], [0.04695548489689827, 0.8178877234458923, 0.2522242069244385]], "brockpiece37": [[-1.2838363647460938, -0.8516836166381836, -1.8980345726013184], [-106.40351867675781, 8.004162788391113, 71.8350601196289], [0.018796933814883232, 0.8953180909156799, 0.6815259456634521]],