{"brockpiece0": [[-0.17437493801116943, -0.7388030886650085, -3.412257194519043], [97.49437713623047, 8.915580749511719, 92.93619537353516], [-0.04771063104271889, 0.8072485327720642, -0.47105833888053894]], "brockpiece1": [[0.27583545446395874, -0.4530188739299774, -3.088297128677368], [-17.952392578125, 70.27156829833984, 68.03665161132812], [-0.060903601348400116, 0.894946277141571, 0.4562895596027374]], "brockpiece2": [[0.5808131098747253, -0.8017365336418152, -3.6762049198150635], [-4.570326805114746, 8.338949203491211, -53.42082977294922], [-0.1568758189678192, 0.8655882477760315, -0.5483085513114929]], "brockpiece3": [[0.17849943041801453, -0.472095251083374, -3.1900107860565186], [-15.225553512573242, 17.25638198852539, 46.27924346923828], [-0.22012151777744293, 0.9278489947319031, 0.3253736197948456]], "brockpiece4": [[0.2640155851840973, -0.14141690731048584, -2.781151294708252], [-17.4550838470459, -13.971747398376465, -56.183380126953125], [-0.4135969281196594, 0.9918517470359802, 0.46200042963027954]], "brockpiece5": [[-0.041394323110580444, 0.023956298828125, -2.409558057785034], [-4.997718334197998, 9.318048477172852, 2.2536301612854004], [-0.436776340007782, 0.9646992683410645, -0.3259457051753998]], "brockpiece6": [[0.5022714138031006, -0.7083696722984314, -3.7425506114959717], [51.070770263671875, -21.81635284423828, 115.55856323242188], [-0.01387631893157959, 0.9064578413963318, -0.06759907305240631]], "brockpiece7": [[0.952124834060669, -1.158413290977478, -4.183299541473389], [-161.33706665039062, 5.01358699798584, -106.31315612792969], [-0.016788214445114136, 1.2991664409637451, -0.5754176378250122]], "brockpiece8": [[1.5867736339569092, -1.0908817052841187, -5.258968830108643], [-150.9381866455078, -1.6302417516708374, -109.87078857421875], [-0.10184786468744278, 1.4046438932418823, 0.10018877685070038]], "brockpiece9": [[-1.1203813552856445, -0.7988285422325134, -1.5836132764816284], [28.103166580200195, 13.337928771972656, -94.18953704833984], [0.009604007937014103, 0.8276886940002441, 0.4656519293785095]], "brockpiece10": [[0.04246824234724045, -0.25655660033226013, -1.327686071395874], [15.623958587646484, 6.017197608947754, -174.45156860351562], [0.026453230530023575, 0.7262305021286011, -0.09866398572921753]], "brockpiece11": [[-0.1357678920030594, -0.6255618333816528, -2.1293177604675293], [-15.408466339111328, -17.44843864440918, 37.24970626831055], [0.023447148501873016, 0.6883174180984497, -0.6239317655563354]], "brockpiece12": [[-0.025172140449285507, -0.14301460981369019, -1.3722705841064453], [-3.2627038955688477, -8.051194190979004, 8.320619583129883], [0.057196881622076035, 0.6268966794013977, -0.06759794801473618]], "brockpiece13": [[-0.041958898305892944, -0.1418589949607849, -0.9470951557159424], [-14.354409217834473, -12.449650764465332, 1.893018126487732], [0.10751569271087646, 0.33034080266952515, -0.6997447609901428]], "brockpiece14": [[-0.11123155802488327, -0.06468889117240906, -0.9532758593559265], [2.600541830062866, -9.749772071838379, -6.693238258361816], [0.1765923947095871, 0.3738964796066284, -0.06937721371650696]], "brockpiece15": [[-0.042597413063049316, -9.159743785858154e-05, -0.07566946744918823], [0.0016372209647670388, 4.765163421630859, -0.010890819132328033], [0.32439151406288147, 0.17386914789676666, 0.1606941819190979]], "brockpiece16": [[-0.11621570587158203, -0.000491797924041748, -0.30013635754585266], [-0.011421832256019115, -7.354228496551514, 0.03040541708469391], [0.2422737032175064, 0.13469432294368744, -0.2985038757324219]], "brockpiece17": [[0.09115741401910782, 0.021481752395629883, -0.9272862076759338], [-2.75996994972229, -0.6589279770851135, 28.01905059814453], [0.05579742044210434, 0.8304786086082458, -0.06759888678789139]], "brockpiece18": [[0.052342116832733154, 8.320808410644531e-05, -0.946483314037323], [0.00024833634961396456, -4.4299726486206055, -9.590922127244994e-05], [0.7751116156578064, 1.1647822856903076, 0.4550911784172058]], "brockpiece19": [[0.5832824110984802, -0.762495219707489, -3.192391872406006], [-158.77719116210938, -14.366320610046387, -64.89453887939453], [0.04745550453662872, 0.8352649807929993, -0.8555060029029846]], "brockpiece20": [[0.11529337614774704, -0.11350053548812866, -2.337376832962036], [26.66987419128418, -23.786113739013672, -101.2056655883789], [0.0324799083173275, 0.8903895616531372, 0.1047213077545166]], "brockpiece21": [[0.06791138648986816, 8.547306060791016e-05, -0.9935045838356018], [-0.00014290044782683253, -4.429909706115723, 0.000168697428307496], [0.15945503115653992, 1.6952928304672241, 0.277337908744812]], "brockpiece22": [[-0.2971847653388977, -1.7766132354736328, -6.501004695892334], [152.2908935546875, 9.780292510986328, -31.855941772460938], [0.5310609936714172, 1.9953807592391968, -0.3219248354434967]], "brockpiece23": [[0.14938028156757355, -0.4245682656764984, -2.8928067684173584], [-1.2824560403823853, 26.300107955932617, 94.4936294555664], [-0.0681355819106102, 0.8056530356407166, -0.06759854406118393]], "brockpiece24": [[0.050742387771606445, -0.10800671577453613, -2.641141891479492], [-16.83815574645996, 1.0959352254867554, -35.505760192871094], [-0.3838520646095276, 0.746596097946167, 0.4647919237613678]], "brockpiece25": [[-0.2588094472885132, -0.023661255836486816, -2.392317295074463], [-0.048863399773836136, 1.0838589668273926, -2.6193058490753174], [-1.032001256942749, 0.5244100093841553, 0.6970614790916443]], "brockpiece26": [[-0.7660980820655823, -0.7312429547309875, -1.0021408796310425], [16.771427154541016, -11.224231719970703, 123.26383972167969], [-0.012171115726232529, 0.7901149392127991, 0.14576949179172516]], "brockpiece27": [[-0.3221359848976135, -0.6670098304748535, -2.9140806198120117], [4.560218811035156, 3.065264940261841, -6.6003899574279785], [-0.029545554891228676, 0.7074200510978699, -0.5648927092552185]], "brockpiece28": [[-1.5531847476959229, -0.7829013466835022, -1.9631634950637817], [-82.4467544555664, -24.895479202270508, 76.496337890625], [-0.05280172452330589, 0.875779390335083, 0.7411666512489319]], "brockpiece29": [[0.05278651416301727, -0.335476279258728, -2.660043954849243], [-8.311355590820312, -5.782243728637695, -14.748932838439941], [-0.1528574824333191, 0.604702889919281, -0.03537474945187569]], "brockpiece30": [[0.04405014216899872, -0.3193630874156952, -2.5526437759399414], [-10.009781837463379, -6.852550983428955, -10.25631332397461], [-0.212638720870018, 0.5194345116615295, -0.6746488809585571]], "brockpiece31": [[-0.05419477820396423, -0.12342444062232971, -2.5637805461883545], [-10.009753227233887, -6.852569103240967, -10.256417274475098], [-0.3032321333885193, 0.4032418727874756, 0.2416532039642334]], "brockpiece32": [[0.07722760736942291, -0.15376120805740356, -2.411782741546631], [34.86429214477539, 21.910873413085938, 153.0309600830078], [-0.014846060425043106, 0.7332823276519775, -0.067598357796669]], "brockpiece33": [[-0.1890932321548462, -0.00019222497940063477, -1.3311365842819214], [-0.006613955367356539, -5.480871200561523, 0.018162554129958153], [-0.07364655286073685, 0.3388040363788605, 0.1644446849822998]], "brockpiece34": [[-0.0543009452521801, 0.00046756863594055176, -1.2533767223358154], [0.041016265749931335, -9.334792137145996, -0.23410575091838837], [-0.040006935596466064, 0.3192813992500305, -0.5479322671890259]], "brockpiece35": [[0.10968758165836334, -0.15748751163482666, -1.4526569843292236], [18.343534469604492, -1.81337571144104, -115.85492706298828], [0.03971529006958008, 0.7414476275444031, -0.4923132658004761]], "brockpiece36": [[-0.024791914969682693, -0.17488962411880493, -1.2838773727416992], [-18.76532554626465, -16.967327117919922, -150.50633239746094], [0.04695548489689827, 0.8178877234458923, 0.2522242069244385]], "brockpiece37": [[-1.322325587272644, -0.836633026599884, -1.8599886894226074], [-110.63738250732422, -36.10397720336914, 99.99639892578125], [0.018796933814883232, 0.8953180909156799, 0.6815259456634521]],