{"brockpiece0": [[-0.17676910758018494, -0.7592054605484009, -3.4450745582580566], [100.37930297851562, 40.87605285644531, 96.61677551269531], [-0.04771063104271889, 0.8072485327720642, -0.47105833888053894]], "brockpiece1": [[0.2754480540752411, -0.4518625736236572, -3.0904245376586914], [-21.491931915283203, 70.30309295654297, 64.27809143066406], [-0.060903601348400116, 0.894946277141571, 0.4562895596027374]], "brockpiece2": [[0.5806514620780945, -0.8017802238464355, -3.676241636276245], [-4.530473232269287, 8.425477981567383, -52.909305572509766], [-0.1568758189678192, 0.8655882477760315, -0.5483085513114929]], "brockpiece3": [[0.17768463492393494, -0.46952980756759644, -3.189135789871216], [-14.812582015991211, 17.779539108276367, 47.9423942565918], [-0.22012151777744293, 0.9278489947319031, 0.3253736197948456]], "brockpiece4": [[0.26572221517562866, -0.13748353719711304, -2.7819950580596924], [-20.12919044494629, -13.54513931274414, -54.76695251464844], [-0.4135969281196594, 0.9918517470359802, 0.46200042963027954]], "brockpiece5": [[-0.041369616985321045, 0.024188578128814697, -2.4084880352020264], [-5.000545978546143, 9.367624282836914, 2.239170551300049], [-0.436776340007782, 0.9646992683410645, -0.3259457051753998]], "brockpiece6": [[0.5022768974304199, -0.7088896036148071, -3.7423593997955322], [51.74810028076172, -20.860361099243164, 114.55191802978516], [-0.01387631893157959, 0.9064578413963318, -0.06759907305240631]], "brockpiece7": [[0.9522119164466858, -1.1584103107452393, -4.183436393737793], [-161.34432983398438, 5.010523796081543, -106.31121063232422], [-0.016788214445114136, 1.2991664409637451, -0.5754176378250122]], "brockpiece8": [[1.5868862867355347, -1.0905256271362305, -5.25715970993042], [-150.9833221435547, -1.400984525680542, -110.13642883300781], [-0.10184786468744278, 1.4046438932418823, 0.10018877685070038]], "brockpiece9": [[-1.1416594982147217, -0.7752509117126465, -1.5965155363082886], [9.573923110961914, 11.781417846679688, -171.2907257080078], [0.009604007937014103, 0.8276886940002441, 0.4656519293785095]], "brockpiece10": [[0.04290693253278732, -0.2564120888710022, -1.3275995254516602], [15.464076042175293, 6.113820552825928, -175.2100067138672], [0.026453230530023575, 0.7262305021286011, -0.09866398572921753]], "brockpiece11": [[-0.1358063668012619, -0.6255468726158142, -2.1292564868927], [-15.389785766601562, -17.50288963317871, 37.156959533691406], [0.023447148501873016, 0.6883174180984497, -0.6239317655563354]], "brockpiece12": [[-0.02418202906847, -0.14326658844947815, -1.372483491897583], [-3.205939531326294, -8.12814712524414, 8.102670669555664], [0.057196881622076035, 0.6268966794013977, -0.06759794801473618]], "brockpiece13": [[-0.04151076823472977, -0.14058420062065125, -0.947123646736145], [-14.646389961242676, -12.32087516784668, 1.9309501647949219], [0.10751569271087646, 0.33034080266952515, -0.6997447609901428]], "brockpiece14": [[-0.10984721034765244, -0.06446698307991028, -0.9539570212364197], [2.579871892929077, -9.684990882873535, -6.943999767303467], [0.1765923947095871, 0.3738964796066284, -0.06937721371650696]], "brockpiece15": [[-0.04275974631309509, -0.00014819204807281494, -0.0756266862154007], [-0.006112145259976387, 4.7630791664123535, -0.008228061720728874], [0.32439151406288147, 0.17386914789676666, 0.1606941819190979]], "brockpiece16": [[-0.11738139390945435, -0.0008426457643508911, -0.3011228144168854], [0.015758967027068138, -7.454654693603516, 0.013093150220811367], [0.2422737032175064, 0.13469432294368744, -0.2985038757324219]], "brockpiece17": [[0.09052013605833054, 0.02291393280029297, -0.9261741042137146], [-2.66418194770813, -0.8375308513641357, 26.366056442260742], [0.05579742044210434, 0.8304786086082458, -0.06759888678789139]], "brockpiece18": [[0.052226364612579346, 7.665157318115234e-05, -0.9465374946594238], [0.0002414855407550931, -4.429480075836182, 0.00041275189141742885], [0.7751116156578064, 1.1647822856903076, 0.4550911784172058]], "brockpiece19": [[0.5862706303596497, -0.7617549896240234, -3.1903505325317383], [-156.63673400878906, -13.36777400970459, -68.33418273925781], [0.04745550453662872, 0.8352649807929993, -0.8555060029029846]], "brockpiece20": [[0.1158536896109581, -0.10824555158615112, -2.3341317176818848], [27.541927337646484, -23.14861297607422, -104.98841857910156], [0.0324799083173275, 0.8903895616531372, 0.1047213077545166]], "brockpiece21": [[0.06779111921787262, 7.593631744384766e-05, -0.9935551285743713], [-0.00013497927284333855, -4.42941951751709, 0.00033482565777376294], [0.15945503115653992, 1.6952928304672241, 0.277337908744812]], "brockpiece22": [[-0.29694318771362305, -1.7766762971878052, -6.500783920288086], [152.3051300048828, 9.7570161819458, -31.856969833374023], [0.5310609936714172, 1.9953807592391968, -0.3219248354434967]], "brockpiece23": [[0.14825843274593353, -0.42277640104293823, -2.890509843826294], [-1.4433891773223877, 26.292850494384766, 93.69156646728516], [-0.0681355819106102, 0.8056530356407166, -0.06759854406118393]], "brockpiece24": [[0.05123257637023926, -0.10787749290466309, -2.640601634979248], [-16.794652938842773, 1.0513279438018799, -35.559207916259766], [-0.3838520646095276, 0.746596097946167, 0.4647919237613678]], "brockpiece25": [[-0.2576709985733032, -0.02329719066619873, -2.3928062915802], [-0.040868572890758514, 1.0569450855255127, -2.5804529190063477], [-1.032001256942749, 0.5244100093841553, 0.6970614790916443]], "brockpiece26": [[-0.7751402258872986, -0.7425142526626587, -1.0110689401626587], [5.982512474060059, -3.180880069732666, 142.62786865234375], [-0.012171115726232529, 0.7901149392127991, 0.14576949179172516]], "brockpiece27": [[-0.32212087512016296, -0.6671342253684998, -2.913829803466797], [4.540365695953369, 3.0618159770965576, -7.117557525634766], [-0.029545554891228676, 0.7074200510978699, -0.5648927092552185]], "brockpiece28": [[-1.551072120666504, -0.783754825592041, -1.889569640159607], [-8.875041961669922, -71.77611541748047, 13.82874870300293], [-0.05280172452330589, 0.875779390335083, 0.7411666512489319]], "brockpiece29": [[0.05270663648843765, -0.3351578414440155, -2.6597378253936768], [-8.368719100952148, -5.688199520111084, -14.645610809326172], [-0.1528574824333191, 0.604702889919281, -0.03537474945187569]], "brockpiece30": [[0.04442623257637024, -0.3194001317024231, -2.552733898162842], [-9.986105918884277, -6.85030460357666, -10.379679679870605], [-0.212638720870018, 0.5194345116615295, -0.6746488809585571]], "brockpiece31": [[-0.05368262529373169, -0.12343627214431763, -2.563844919204712], [-9.986082077026367, -6.8503217697143555, -10.37978458404541], [-0.3032321333885193, 0.4032418727874756, 0.2416532039642334]], "brockpiece32": [[0.07595138251781464, -0.15188562870025635, -2.410217046737671], [34.92626190185547, 22.080745697021484, 152.899658203125], [-0.014846060425043106, 0.7332823276519775, -0.067598357796669]], "brockpiece33": [[-0.18806803226470947, -9.861588478088379e-05, -1.332136631011963], [-0.00346580077894032, -5.427774906158447, 0.06170829385519028], [-0.07364655286073685, 0.3388040363788605, 0.1644446849822998]], "brockpiece34": [[-0.05405251309275627, 0.0006916522979736328, -1.2532217502593994], [0.05262623727321625, -9.271964073181152, -0.33529964089393616], [-0.040006935596466064, 0.3192813992500305, -0.5479322671890259]], "brockpiece35": [[0.10528084635734558, -0.1549614667892456, -1.4538979530334473], [18.361814498901367, -2.916590929031372, -111.95571899414062], [0.03971529006958008, 0.7414476275444031, -0.4923132658004761]], "brockpiece36": [[-0.028126224875450134, -0.17600786685943604, -1.2871640920639038], [-18.741975784301758, -20.929264068603516, -155.23052978515625], [0.04695548489689827, 0.8178877234458923, 0.2522242069244385]], "brockpiece37": [[-1.3200228214263916, -0.836747407913208, -1.859830379486084], [-108.83220672607422, -35.91027069091797, 98.39690399169922], [0.018796933814883232, 0.8953180909156799, 0.6815259456634521]],