{"brockpiece0": [[-4.3235719203948975e-05, 7.68899917602539e-06, 0.00011882185935974121], [0.00026904550031758845, -0.0003174438315909356, 0.0001195283402921632], [-0.04771063104271889, 0.8072485327720642, -0.47105833888053894]], "brockpiece1": [[-4.6562403440475464e-05, 7.450580596923828e-06, 0.00011906027793884277], [0.0002693656424526125, -0.0003233668685425073, 9.903776663122699e-05], [-0.060903601348400116, 0.894946277141571, 0.4562895596027374]], "brockpiece2": [[-4.3019652366638184e-05, 7.808208465576172e-06, 0.00011849403381347656], [0.0002681917685549706, -0.0003168568655382842, 0.00013831137039233], [-0.1568758189678192, 0.8655882477760315, -0.5483085513114929]], "brockpiece3": [[-4.616379737854004e-05, 7.331371307373047e-06, 0.00011843442916870117], [0.0002657371514942497, -0.0003156829043291509, 0.00014343402290251106], [-0.22012151777744293, 0.9278489947319031, 0.3253736197948456]], "brockpiece4": [[-4.684925079345703e-05, 6.794929504394531e-06, 0.00011834502220153809], [0.00022283497673925012, -0.0002962595608551055, 0.00015197176253423095], [-0.4135969281196594, 0.9918517470359802, 0.46200042963027954]], "brockpiece5": [[-4.4018030166625977e-05, 7.033348083496094e-06, 0.00011777877807617188], [0.0002650967799127102, -0.0003150425909552723, 0.00016050950216595083], [-0.436776340007782, 0.9646992683410645, -0.3259457051753998]], "brockpiece6": [[-4.4747255742549896e-05, 7.68899917602539e-06, 0.00011927634477615356], [0.00026262219762429595, -0.0002970599744003266, 0.00010586796997813508], [-0.01387631893157959, 0.9064578413963318, -0.06759907305240631]], "brockpiece7": [[-4.347972571849823e-05, 7.62939453125e-06, 0.00011938810348510742], [0.0002656838041730225, -0.00031461569597013295, 0.00014770289999432862], [-0.016788214445114136, 1.2991664409637451, -0.5754176378250122]], "brockpiece8": [[-4.59328293800354e-05, 7.3909759521484375e-06, 0.00011935830116271973], [0.00027918408159166574, -0.00033510627690702677, 0.000323580316035077], [-0.10184786468744278, 1.4046438932418823, 0.10018877685070038]], "brockpiece9": [[-4.6506524085998535e-05, 7.569789886474609e-06, 0.00011938810348510742], [0.0002484748838469386, -0.0002896428050007671, 0.00029369822004809976], [0.009604007937014103, 0.8276886940002441, 0.4656519293785095]], "brockpiece10": [[3.167986869812012e-05, -0.00019419193267822266, 0.00013871490955352783], [0.022650200873613358, 0.022574637085199356, 0.09018930047750473], [0.026453230530023575, 0.7262305021286011, -0.09866398572921753]], "brockpiece11": [[-4.258565604686737e-05, 7.808208465576172e-06, 0.0001188516616821289], [0.0002559854765422642, -0.00031771062640473247, 0.00015111798711586744], [0.023447148501873016, 0.6883174180984497, -0.6239317655563354]], "brockpiece12": [[-4.441291093826294e-05, 7.569789886474609e-06, 0.00011965632438659668], [0.0002650701208040118, -0.0003188845585100353, 0.00012123589840484783], [0.057196881622076035, 0.6268966794013977, -0.06759794801473618]], "brockpiece13": [[-4.1872262954711914e-05, 7.838010787963867e-06, 0.00011944770812988281], [0.00026989931939169765, -0.00031248125014826655, 0.00014770289999432862], [0.10751569271087646, 0.33034080266952515, -0.6997447609901428]], "brockpiece14": [[-4.410743713378906e-05, 7.808208465576172e-06, 0.00011991709470748901], [0.0002436724171275273, -0.00031856438727118075, 0.0001459953491576016], [0.1765923947095871, 0.3738964796066284, -0.06937721371650696]], "brockpiece15": [[0.00017631053924560547, -0.00022175908088684082, 0.00038082897663116455], [-0.0005555934039875865, -0.006206189282238483, -0.014302422292530537], [0.32439151406288147, 0.17386914789676666, 0.1606941819190979]], "brockpiece16": [[8.542835712432861e-05, -0.00021162629127502441, 0.00021499395370483398], [0.003132069716230035, -0.00301905139349401, 0.004738445393741131], [0.2422737032175064, 0.13469432294368744, -0.2985038757324219]], "brockpiece17": [[-4.466623067855835e-05, 7.808208465576172e-06, 0.00011952221393585205], [0.00025015577557496727, -0.0004008468531537801, -0.0003756604855880141], [0.05579742044210434, 0.8304786086082458, -0.06759888678789139]], "brockpiece18": [[-4.64320182800293e-05, 8.58306884765625e-06, 0.0001220405101776123], [0.0002510095073375851, -0.0004217643290758133, 0.00034150961437262595], [0.7751116156578064, 1.1647822856903076, 0.4550911784172058]], "brockpiece19": [[-4.196539521217346e-05, 7.867813110351562e-06, 0.0001195073127746582], [0.0002853739424608648, -0.000372245442122221, 0.0005225096247158945], [0.04745550453662872, 0.8352649807929993, -0.8555060029029846]], "brockpiece20": [[-4.532933235168457e-05, 7.62939453125e-06, 0.0001195371150970459], [0.00029348477255553007, -0.0004452431167010218, -0.0007376606808975339], [0.0324799083173275, 0.8903895616531372, 0.1047213077545166]], "brockpiece21": [[-4.686415195465088e-05, 8.106231689453125e-06, 0.00011992454528808594], [0.8276533484458923, 4.301711559295654, 158.2293701171875], [0.15945503115653992, 1.6952928304672241, 0.277337908744812]], "brockpiece22": [[-4.500150680541992e-05, 8.940696716308594e-06, 0.00012153387069702148], [0.0002659505989868194, -0.00032614165684208274, 0.0001468491245759651], [0.5310609936714172, 1.9953807592391968, -0.3219248354434967]], "brockpiece23": [[-4.461407661437988e-05, 7.450580596923828e-06, 0.00011905282735824585], [0.0002586935297586024, -0.00028558738995343447, 0.00030394355417229235], [-0.0681355819106102, 0.8056530356407166, -0.06759854406118393]], "brockpiece24": [[-4.64022159576416e-05, 6.973743438720703e-06, 0.00011855363845825195], [0.0002697925956454128, -0.0003133350401185453, 0.0001485566608607769], [-0.3838520646095276, 0.746596097946167, 0.4647919237613678]], "brockpiece25": [[-4.649162292480469e-05, 6.318092346191406e-06, 0.00011616945266723633], [0.00027662274078466, -0.00030906617757864296, 0.00014684911002404988], [-1.032001256942749, 0.5244100093841553, 0.6970614790916443]], "brockpiece26": [[-4.535354673862457e-05, 7.62939453125e-06, 0.00011926889419555664], [0.00025619889493100345, -0.00031066700466908514, 0.0001570944004924968], [-0.012171115726232529, 0.7901149392127991, 0.14576949179172516]], "brockpiece27": [[-4.279427230358124e-05, 7.510185241699219e-06, 0.00011879205703735352], [0.0002681917685549706, -0.0003158963518217206, 0.00015709441504441202], [-0.029545554891228676, 0.7074200510978699, -0.5648927092552185]], "brockpiece28": [[-4.755333065986633e-05, 7.569789886474609e-06, 0.00011938810348510742], [0.0003082123876083642, -0.0003278491785749793, 0.00011952835484407842], [-0.05280172452330589, 0.875779390335083, 0.7411666512489319]], "brockpiece29": [[-4.4465065002441406e-05, 7.331371307373047e-06, 0.0001188032329082489], [0.00026499011437408626, -0.0003086392825935036, 0.00021515102707780898], [-0.1528574824333191, 0.604702889919281, -0.03537474945187569]], "brockpiece30": [[-4.2244791984558105e-05, 7.3909759521484375e-06, 0.00011843442916870117], [0.0002751286665443331, -0.00032614165684208274, 0.00012208968109916896], [-0.212638720870018, 0.5194345116615295, -0.6746488809585571]], "brockpiece31": [[-4.5239925384521484e-05, 7.3909759521484375e-06, 0.00011877715587615967], [0.00027929083444178104, -0.00031461569597013295, 3.5004726669285446e-05], [-0.3032321333885193, 0.4032418727874756, 0.2416532039642334]], "brockpiece32": [[-4.4561922550201416e-05, 7.510185241699219e-06, 0.00011928379535675049], [0.000261234788922593, -0.00027288749697618186, 0.00010480073979124427], [-0.014846060425043106, 0.7332823276519775, -0.067598357796669]], "brockpiece33": [[-4.485994577407837e-05, 7.3909759521484375e-06, 0.00011934340000152588], [0.0002629357040859759, -0.0003329718310851604, 8.921937842387706e-05], [-0.07364655286073685, 0.3388040363788605, 0.1644446849822998]], "brockpiece34": [[-4.2382627725601196e-05, 7.659196853637695e-06, 0.00011926889419555664], [0.0002657771692611277, -0.0003150425909552723, 0.00014471466420218349], [-0.040006935596466064, 0.3192813992500305, -0.5479322671890259]],