{"brockpiece0": [[0.0, 0.0, 0.0], [0.00026797826285474, -0.00011648677900666371, 9.562266495777294e-05], [-0.04771063104271889, 0.8072485327720642, -0.47105833888053894]], "brockpiece1": [[0.0, 0.0, 0.0], [0.00026765812071971595, -0.00011952835484407842, 6.659436621703207e-05], [-0.060903601348400116, 0.894946277141571, 0.4562895596027374]], "brockpiece2": [[0.0, 0.0, 0.0], [0.00026723125483840704, -0.00011739391629816964, 7.68396639614366e-05], [-0.1568758189678192, 0.8655882477760315, -0.5483085513114929]], "brockpiece3": [[0.0, 0.0, 0.0], [0.0002661640173755586, -0.00011744727817131206, 7.854720752220601e-05], [-0.22012151777744293, 0.9278489947319031, 0.3253736197948456]], "brockpiece4": [[0.0, 0.0, 0.0], [0.00022198123042471707, -9.893105743685737e-05, 7.513210584875196e-05], [-0.4135969281196594, 0.9918517470359802, 0.46200042963027954]], "brockpiece5": [[0.0, 0.0, 0.0], [0.0002672312839422375, -0.00011547292524483055, 7.85472002462484e-05], [-0.436776340007782, 0.9646992683410645, -0.3259457051753998]], "brockpiece6": [[0.0, 0.0, 0.0], [0.0002618551370687783, -8.921937842387706e-05, 0.00014087271119933575], [-0.01387631893157959, 0.9064578413963318, -0.06759907305240631]], "brockpiece7": [[0.0, 0.0, 0.0], [0.0002664308703970164, -0.00011696702858898789, 7.982787064975128e-05], [-0.016788214445114136, 1.2991664409637451, -0.5754176378250122]], "brockpiece8": [[0.0, 0.0, 0.0], [0.00028270590701140463, -0.00013532316370401531, 0.0002552783989813179], [-0.10184786468744278, 1.4046438932418823, 0.10018877685070038]], "brockpiece9": [[0.0, 0.0, 0.0], [0.0002763559459708631, -0.0001429537805961445, -5.634907211060636e-05], [0.009604007937014103, 0.8276886940002441, 0.4656519293785095]], "brockpiece10": [[0.0, 0.0, 0.0], [-0.012249949388206005, -0.02385273575782776, 0.031649406999349594], [0.026453230530023575, 0.7262305021286011, -0.09866398572921753]], "brockpiece11": [[0.0, 0.0, 0.0], [0.0002580598811618984, -0.00011958170944126323, 7.598588126711547e-05], [0.023447148501873016, 0.6883174180984497, -0.6239317655563354]], "brockpiece12": [[0.0, 0.0, 0.0], [0.0002672045666258782, -0.0001219829500769265, 3.92736001231242e-05], [0.057196881622076035, 0.6268966794013977, -0.06759794801473618]], "brockpiece13": [[0.0, 0.0, 0.0], [0.00026872538728639483, -0.00012038212298648432, 7.85472002462484e-05], [0.10751569271087646, 0.33034080266952515, -0.6997447609901428]], "brockpiece14": [[0.0, 0.0, 0.0], [0.0002470141334924847, -0.00012091573444195092, 7.086323603289202e-05], [0.1765923947095871, 0.3738964796066284, -0.06937721371650696]], "brockpiece15": [[0.0, 0.0, 0.0], [-0.0010630551259964705, -0.004554030019789934, -0.009449569508433342], [0.32439151406288147, 0.17386914789676666, 0.1606941819190979]], "brockpiece16": [[0.0, 0.0, 0.0], [0.002218958456069231, 0.000639476696960628, 0.002554491627961397], [0.2422737032175064, 0.13469432294368744, -0.2985038757324219]], "brockpiece17": [[0.0, 0.0, 0.0], [0.00025591874145902693, -0.00022560976503882557, -0.0006420379504561424], [0.05579742044210434, 0.8304786086082458, -0.06759888678789139]], "brockpiece18": [[0.0, 0.0, 0.0], [0.0002578397106844932, -0.0002450331230647862, 0.00032443413510918617], [0.7751116156578064, 1.1647822856903076, 0.4550911784172058]], "brockpiece19": [[0.0, 0.0, 0.0], [0.0002823857357725501, -0.00017331610433757305, 0.0004525002441368997], [0.04745550453662872, 0.8352649807929993, -0.8555060029029846]], "brockpiece20": [[0.0, 0.0, 0.0], [0.0002913503267336637, -0.00024332557222805917, -0.0007769342628307641], [0.0324799083173275, 0.8903895616531372, 0.1047213077545166]], "brockpiece21": [[0.0, 0.0, 0.0], [-2.881486580008641e-06, 1.7075478808692424e-06, 0.0002586935006547719], [0.15945503115653992, 1.6952928304672241, 0.277337908744812]], "brockpiece22": [[0.0, 0.0, 0.0], [0.00026595056988298893, -0.00012123589840484783, 7.68396639614366e-05], [0.5310609936714172, 1.9953807592391968, -0.3219248354434967]], "brockpiece23": [[0.0, 0.0, 0.0], [0.0002586935006547719, -8.388329297304153e-05, 0.00025954729062505066], [-0.0681355819106102, 0.8056530356407166, -0.06759854406118393]], "brockpiece24": [[0.0, 0.0, 0.0], [0.0002697925956454128, -0.00011739391629816964, 7.171700417529792e-05], [-0.3838520646095276, 0.746596097946167, 0.4647919237613678]], "brockpiece25": [[0.0, 0.0, 0.0], [0.0002646699140314013, -0.00012294344196561724, 8.964624430518597e-05], [-1.032001256942749, 0.5244100093841553, 0.6970614790916443]], "brockpiece26": [[0.0, 0.0, 0.0], [0.000256719155004248, -0.00011239133164053783, 8.366986003238708e-05], [-0.012171115726232529, 0.7901149392127991, 0.14576949179172516]], "brockpiece27": [[0.0, 0.0, 0.0], [0.00026835183962248266, -0.00011696702858898789, 9.220758511219174e-05], [-0.029545554891228676, 0.7074200510978699, -0.5648927092552185]], "brockpiece28": [[0.0, 0.0, 0.0], [0.000292844430077821, -0.0001280660944757983, 0.00010586796997813508], [-0.05280172452330589, 0.875779390335083, 0.7411666512489319]], "brockpiece29": [[0.0, 0.0, 0.0], [0.0002656304568517953, -0.00010672174539649859, 0.00017587743059266359], [-0.1528574824333191, 0.604702889919281, -0.03537474945187569]], "brockpiece30": [[0.0, 0.0, 0.0], [0.00027491524815559387, -0.00012379721738398075, 4.354247357696295e-05], [-0.212638720870018, 0.5194345116615295, -0.6746488809585571]], "brockpiece31": [[0.0, 0.0, 0.0], [0.0002788639103528112, -0.00011696702858898789, -3.585850936360657e-05], [-0.3032321333885193, 0.4032418727874756, 0.2416532039642334]], "brockpiece32": [[0.0, 0.0, 0.0], [0.0002556652470957488, -5.6455803132848814e-05, 0.00017438332724850625], [-0.014846060425043106, 0.7332823276519775, -0.067598357796669]], "brockpiece33": [[0.0, 0.0, 0.0], [0.00026631075888872147, -0.0001346828357782215, 1.96368000615621e-05], [-0.07364655286073685, 0.3388040363788605, 0.1644446849822998]], "brockpiece34": [[0.0, 0.0, 0.0], [0.0002675914147403091, -0.00011696702858898789, 7.94009756646119e-05], [-0.040006935596466064, 0.3192813992500305, -0.5479322671890259]], "brockpiece35": [[0.0, 0.0, 0.0], [0.0002673379785846919, -0.00011910146713489667, 4.098114732187241e-05], [0.03971529006958008, 0.7414476275444031, -0.4923132658004761]], "brockpiece36": [[0.0, 0.0, 0.0], [0.0002642430190462619, -0.00013062740617897362, -3.92736001231242e-05], [0.04695548489689827, 0.8178877234458923, 0.2522242069244385]], "brockpiece37": [[0.0, 0.0, 0.0], [0.00028259915416128933, -0.00013212152407504618, 1.4514155736833345e-05], [0.018796933814883232, 0.8953180909156799, 0.6815259456634521]], "brockpiece38": [[0.0, 0.0, 0.0], [0.00026360267656855285, -0.00011397882190067321, 9.562266495777294e-05], [0.16400061547756195, 0.6523885130882263, -0.06759826093912125]], "brockpiece39": [[0.0, 0.0, 0.0], [0.00026893880567513406, -0.00011739391629816964, 7.854720752220601e-05], [0.3217402696609497, 0.49437615275382996, -0.0675978884100914]], "brockpiece40": [[0.0, 0.0, 0.0], [0.0002890024916268885, -0.00012294344196561724, 8.537739631719887e-05], [0.8278472423553467, 0.28845086693763733, -0.11969271302223206]], "brockpiece41": [[0.0, 0.0, 0.0], [0.00026819173945114017, -0.00011451243335613981, 0.00012294344196561724], [-0.01978229358792305, 0.8372711539268494, -0.25661614537239075]], "brockpiece42": [[0.0, 0.0, 0.0], [0.0003056510759051889, -0.00015773472841829062, -8.196229464374483e-05], [-0.048102837055921555, 0.9482822418212891, 0.7441415190696716]], "brockpiece43": [[0.0, 0.0, 0.0], [0.00026744467322714627, -0.0001175540019175969, 8.70849471539259e-05], [-0.12625105679035187, 0.9868234395980835, -0.06759926676750183]], "brockpiece44": [[0.0, 0.0, 0.0], [0.0002919906983152032, -0.00011056372750317678, 8.196229464374483e-05], [-0.4578416645526886, 1.275887370109558, -0.25047314167022705]], "brockpiece45": [[0.0, 0.0, 0.0], [0.00026637749397195876, -0.00011654014087980613, 7.85472002462484e-05], [-0.3127402067184448, 1.2024040222167969, 0.04356373846530914]],