{"brockpiece0": [[-0.1688101589679718, -0.719760537147522, -3.3418288230895996], [96.6338882446289, -41.76435470581055, 88.92706298828125], [-0.04771063104271889, 0.8072485327720642, -0.47105833888053894]], "brockpiece1": [[0.27422207593917847, -0.4531869888305664, -3.0899007320404053], [-9.76179027557373, 71.2276382446289, 77.13338470458984], [-0.060903601348400116, 0.894946277141571, 0.4562895596027374]], "brockpiece2": [[0.573569118976593, -0.8025391697883606, -3.6752374172210693], [-3.887282609939575, 9.099019050598145, -47.21242141723633], [-0.1568758189678192, 0.8655882477760315, -0.5483085513114929]], "brockpiece3": [[0.1805288940668106, -0.4747398793697357, -3.1960506439208984], [-15.023032188415527, 17.236417770385742, 46.61821365356445], [-0.22012151777744293, 0.9278489947319031, 0.3253736197948456]], "brockpiece4": [[0.2613489627838135, -0.15380346775054932, -2.782817840576172], [-12.045550346374512, -13.282679557800293, -59.942989349365234], [-0.4135969281196594, 0.9918517470359802, 0.46200042963027954]], "brockpiece5": [[-0.04008126258850098, 0.023846745491027832, -2.410489082336426], [-5.005285739898682, 9.340696334838867, 2.251633882522583], [-0.436776340007782, 0.9646992683410645, -0.3259457051753998]], "brockpiece6": [[0.5001300573348999, -0.7063245177268982, -3.740532159805298], [49.340675354003906, -24.196523666381836, 118.26398468017578], [-0.01387631893157959, 0.9064578413963318, -0.06759907305240631]], "brockpiece7": [[0.9515349268913269, -1.1584116220474243, -4.182644844055176], [-161.3648223876953, 5.005714416503906, -106.31380462646484], [-0.016788214445114136, 1.2991664409637451, -0.5754176378250122]], "brockpiece8": [[1.5845859050750732, -1.0912978649139404, -5.263132095336914], [-150.7759552001953, -2.285748243331909, -109.16509246826172], [-0.10184786468744278, 1.4046438932418823, 0.10018877685070038]], "brockpiece9": [[-1.089052677154541, -0.7884390354156494, -1.5417176485061646], [32.92422866821289, -20.590858459472656, -40.650150299072266], [0.009604007937014103, 0.8276886940002441, 0.4656519293785095]], "brockpiece10": [[0.04114765673875809, -0.257941335439682, -1.3275418281555176], [16.223834991455078, 6.292384147644043, -174.94407653808594], [0.026453230530023575, 0.7262305021286011, -0.09866398572921753]], "brockpiece11": [[-0.13495442271232605, -0.6255719661712646, -2.12911057472229], [-15.540205001831055, -17.583316802978516, 37.35430908203125], [0.023447148501873016, 0.6883174180984497, -0.6239317655563354]], "brockpiece12": [[-0.027126222848892212, -0.14349210262298584, -1.3717584609985352], [-3.285177230834961, -7.9091267585754395, 8.451080322265625], [0.057196881622076035, 0.6268966794013977, -0.06759794801473618]], "brockpiece13": [[-0.04292498528957367, -0.14525394141674042, -0.9464865922927856], [-13.441696166992188, -12.595083236694336, 1.7411352396011353], [0.10751569271087646, 0.33034080266952515, -0.6997447609901428]], "brockpiece14": [[-0.11338945478200912, -0.06592637300491333, -0.9519767165184021], [2.6800918579101562, -9.770406723022461, -6.426860332489014], [0.1765923947095871, 0.3738964796066284, -0.06937721371650696]], "brockpiece15": [[-0.04259878396987915, -0.00020423531532287598, -0.07593785226345062], [-0.005116739775985479, 4.836050033569336, 0.0237271748483181], [0.32439151406288147, 0.17386914789676666, 0.1606941819190979]], "brockpiece16": [[-0.11473673582077026, -0.0006177574396133423, -0.2983756959438324], [-0.011485564522445202, -7.153048515319824, 0.06007809191942215], [0.2422737032175064, 0.13469432294368744, -0.2985038757324219]], "brockpiece17": [[0.09126158803701401, 0.01845705509185791, -0.9281201958656311], [-2.752351760864258, -0.4919053316116333, 29.488990783691406], [0.05579742044210434, 0.8304786086082458, -0.06759888678789139]], "brockpiece18": [[0.05234307050704956, 7.712841033935547e-05, -0.9466202259063721], [0.0005514792865142226, -4.431761264801025, 0.0003014296817127615], [0.7751116156578064, 1.1647822856903076, 0.4550911784172058]], "brockpiece19": [[0.5740808248519897, -0.7645291090011597, -3.1965994834899902], [-162.98617553710938, -16.733997344970703, -56.16080093383789], [0.04745550453662872, 0.8352649807929993, -0.8555060029029846]], "brockpiece20": [[0.11126977950334549, -0.12145298719406128, -2.33815336227417], [25.748994827270508, -21.54395294189453, -96.45709991455078], [0.0324799083173275, 0.8903895616531372, 0.1047213077545166]], "brockpiece21": [[0.06791812181472778, 7.963180541992188e-05, -0.9936575889587402], [-1.4664719856227748e-05, -4.431485176086426, 0.00027488323394209146], [0.15945503115653992, 1.6952928304672241, 0.277337908744812]], "brockpiece22": [[-0.29751837253570557, -1.7766144275665283, -6.501361846923828], [152.27471923828125, 9.804877281188965, -31.85985565185547], [0.5310609936714172, 1.9953807592391968, -0.3219248354434967]], "brockpiece23": [[0.15270403027534485, -0.4272620975971222, -2.896695137023926], [-1.8684189319610596, 26.045419692993164, 93.74896240234375], [-0.0681355819106102, 0.8056530356407166, -0.06759854406118393]], "brockpiece24": [[0.05123525857925415, -0.10821658372879028, -2.6414828300476074], [-16.88595199584961, 1.1935282945632935, -35.649192810058594], [-0.3838520646095276, 0.746596097946167, 0.4647919237613678]], "brockpiece25": [[-0.259462833404541, -0.02399623394012451, -2.3917014598846436], [-0.04785757511854172, 1.0908817052841187, -2.654559373855591], [-1.032001256942749, 0.5244100093841553, 0.6970614790916443]], "brockpiece26": [[-0.7318447232246399, -0.7147493362426758, -1.006560206413269], [32.558448791503906, -5.670975685119629, 91.96910095214844], [-0.012171115726232529, 0.7901149392127991, 0.14576949179172516]], "brockpiece27": [[-0.3217496871948242, -0.6668057441711426, -2.914231061935425], [4.584043025970459, 3.0553319454193115, -5.994003772735596], [-0.029545554891228676, 0.7074200510978699, -0.5648927092552185]], "brockpiece28": [[-1.537466287612915, -0.8279107213020325, -1.9942623376846313], [-119.98504638671875, 27.062997817993164, 52.50482940673828], [-0.05280172452330589, 0.875779390335083, 0.7411666512489319]], "brockpiece29": [[0.053749896585941315, -0.3357679545879364, -2.6603667736053467], [-8.250789642333984, -5.9282050132751465, -14.840047836303711], [-0.1528574824333191, 0.604702889919281, -0.03537474945187569]], "brockpiece30": [[0.04366619884967804, -0.3193499743938446, -2.5526299476623535], [-10.033973693847656, -6.8416595458984375, -10.146920204162598], [-0.212638720870018, 0.5194345116615295, -0.6746488809585571]], "brockpiece31": [[-0.054490506649017334, -0.12341931462287903, -2.563746452331543], [-10.033951759338379, -6.841679573059082, -10.147022247314453], [-0.3032321333885193, 0.4032418727874756, 0.2416532039642334]], "brockpiece32": [[0.07805242389440536, -0.15441298484802246, -2.4136722087860107], [34.85260772705078, 21.857999801635742, 153.55801391601562], [-0.014846060425043106, 0.7332823276519775, -0.067598357796669]], "brockpiece33": [[-0.19047293066978455, -0.00018912553787231445, -1.3295363187789917], [0.0032678544521331787, -5.617959022521973, 0.006543590687215328], [-0.07364655286073685, 0.3388040363788605, 0.1644446849822998]], "brockpiece34": [[-0.05510028079152107, 0.0005234479904174805, -1.2535102367401123], [0.045456331223249435, -9.520844459533691, -0.26548683643341064], [-0.040006935596466064, 0.3192813992500305, -0.5479322671890259]], "brockpiece35": [[0.11611033976078033, -0.16307300329208374, -1.4515995979309082], [17.50315284729004, -0.10401192307472229, -121.80272674560547], [0.03971529006958008, 0.7414476275444031, -0.4923132658004761]], "brockpiece36": [[-0.02065492980182171, -0.18256986141204834, -1.2803421020507812], [-15.756746292114258, -14.27463436126709, -152.05580139160156], [0.04695548489689827, 0.8178877234458923, 0.2522242069244385]], "brockpiece37": [[-1.3232431411743164, -0.8358853459358215, -1.8592543601989746], [-111.01284790039062, -36.89407730102539, 101.13574981689453], [0.018796933814883232, 0.8953180909156799, 0.6815259456634521]],