{"brockpiece0": [[-0.1786109209060669, -0.7911564111709595, -3.4772815704345703], [-106.77333068847656, 71.17171478271484, -109.8298110961914], [-0.04771063104271889, 0.8072485327720642, -0.47105833888053894]], "brockpiece1": [[0.29347628355026245, -0.4467076063156128, -3.1025946140289307], [-47.40501403808594, 65.81989288330078, 32.93339157104492], [-0.060903601348400116, 0.894946277141571, 0.4562895596027374]], "brockpiece2": [[0.5849477648735046, -0.8013982176780701, -3.677619695663452], [-4.758538722991943, 7.7882490158081055, -56.87395477294922], [-0.1568758189678192, 0.8655882477760315, -0.5483085513114929]], "brockpiece3": [[0.1731126308441162, -0.4554814100265503, -3.1796820163726807], [-13.731887817382812, 19.56700325012207, 52.76323699951172], [-0.22012151777744293, 0.9278489947319031, 0.3253736197948456]], "brockpiece4": [[0.2682033181190491, -0.11231362819671631, -2.786834478378296], [-29.99803352355957, -12.65902042388916, -49.090599060058594], [-0.4135969281196594, 0.9918517470359802, 0.46200042963027954]], "brockpiece5": [[-0.04522299766540527, 0.02334052324295044, -2.4052324295043945], [-4.882497787475586, 9.206836700439453, 2.2550406455993652], [-0.436776340007782, 0.9646992683410645, -0.3259457051753998]], "brockpiece6": [[0.5587722063064575, -0.7732632756233215, -3.7724220752716064], [41.33854675292969, 24.87389373779297, 54.615806579589844], [-0.01387631893157959, 0.9064578413963318, -0.06759907305240631]], "brockpiece7": [[0.9529219269752502, -1.1583986282348633, -4.184879779815674], [-161.34335327148438, 5.012639045715332, -106.31414794921875], [-0.016788214445114136, 1.2991664409637451, -0.5754176378250122]], "brockpiece8": [[1.609604001045227, -1.09468674659729, -5.2254133224487305], [-152.9327392578125, 7.016811370849609, -118.25117492675781], [-0.10184786468744278, 1.4046438932418823, 0.10018877685070038]], "brockpiece9": [[-0.9020140767097473, -0.8027835488319397, -1.5921757221221924], [22.14935302734375, 14.821952819824219, -129.03628540039062], [0.009604007937014103, 0.8276886940002441, 0.4656519293785095]], "brockpiece10": [[0.043514713644981384, -0.24970149993896484, -1.327614665031433], [14.504212379455566, 5.6691155433654785, -174.61692810058594], [0.026453230530023575, 0.7262305021286011, -0.09866398572921753]], "brockpiece11": [[-0.13502620160579681, -0.6251481175422668, -2.128735303878784], [-14.925344467163086, -17.584142684936523, 36.14883804321289], [0.023447148501873016, 0.6883174180984497, -0.6239317655563354]], "brockpiece12": [[-0.02037699893116951, -0.14059457182884216, -1.3733681440353394], [-3.097022771835327, -8.342537879943848, 7.367642879486084], [0.057196881622076035, 0.6268966794013977, -0.06759794801473618]], "brockpiece13": [[-0.04092662036418915, -0.136457160115242, -0.9449789524078369], [-15.806072235107422, -12.17585277557373, 2.3147225379943848], [0.10751569271087646, 0.33034080266952515, -0.6997447609901428]], "brockpiece14": [[-0.10539807379245758, -0.06128391623497009, -0.955845057964325], [2.2648043632507324, -9.51465129852295, -6.51268196105957], [0.1765923947095871, 0.3738964796066284, -0.06937721371650696]], "brockpiece15": [[-0.04251030087471008, -0.00021602213382720947, -0.0753650888800621], [0.0006721097161062062, 4.59891414642334, 0.01816018484532833], [0.32439151406288147, 0.17386914789676666, 0.1606941819190979]], "brockpiece16": [[-0.12163259088993073, -0.0007976889610290527, -0.3059350550174713], [-0.0008867088472470641, -7.786439895629883, 0.05139464884996414], [0.2422737032175064, 0.13469432294368744, -0.2985038757324219]], "brockpiece17": [[0.08408258110284805, 0.035471975803375244, -0.9249374270439148], [-2.6874990463256836, -2.0495026111602783, 17.293127059936523], [0.05579742044210434, 0.8304786086082458, -0.06759888678789139]], "brockpiece18": [[0.05178678035736084, 7.975101470947266e-05, -0.9466152191162109], [0.00028944126097485423, -4.432384967803955, 9.590952686266974e-05], [0.7751116156578064, 1.1647822856903076, 0.4550911784172058]], "brockpiece19": [[0.6017920970916748, -0.7597291469573975, -3.179210662841797], [-150.60897827148438, -5.634609699249268, -83.0900650024414], [0.04745550453662872, 0.8352649807929993, -0.8555060029029846]], "brockpiece20": [[0.13486027717590332, -0.07799750566482544, -2.334651470184326], [40.43495559692383, -16.313385009765625, -134.1416778564453], [0.0324799083173275, 0.8903895616531372, 0.1047213077545166]], "brockpiece21": [[0.0673641562461853, 8.153915405273438e-05, -0.9936597943305969], [2.4876668453216553, 8.415078163146973, 158.04530334472656], [0.15945503115653992, 1.6952928304672241, 0.277337908744812]], "brockpiece22": [[-0.2961896061897278, -1.7738323211669922, -6.503539562225342], [151.83921813964844, 9.52370548248291, -32.4261589050293], [0.5310609936714172, 1.9953807592391968, -0.3219248354434967]], "brockpiece23": [[0.14695608615875244, -0.41948360204696655, -2.880673885345459], [-3.481691837310791, 26.7033748626709, 86.83412170410156], [-0.0681355819106102, 0.8056530356407166, -0.06759854406118393]], "brockpiece24": [[0.054844945669174194, -0.10533636808395386, -2.6334478855133057], [-17.203123092651367, 1.3328697681427002, -33.69366455078125], [-0.3838520646095276, 0.746596097946167, 0.4647919237613678]], "brockpiece25": [[-0.2537606954574585, -0.022560298442840576, -2.395019769668579], [-0.04073754698038101, 0.9584383964538574, -2.49847412109375], [-1.032001256942749, 0.5244100093841553, 0.6970614790916443]], "brockpiece26": [[-0.7750185132026672, -0.7415931820869446, -1.0868737697601318], [-28.64470100402832, 32.860565185546875, 133.3475799560547], [-0.012171115726232529, 0.7901149392127991, 0.14576949179172516]], "brockpiece27": [[-0.32260459661483765, -0.6675924062728882, -2.9136316776275635], [4.479555606842041, 3.161081075668335, -8.691043853759766], [-0.029545554891228676, 0.7074200510978699, -0.5648927092552185]], "brockpiece28": [[-1.5457789897918701, -0.8315749764442444, -1.8675861358642578], [-39.685272216796875, 53.52895736694336, 113.42911529541016], [-0.05280172452330589, 0.875779390335083, 0.7411666512489319]], "brockpiece29": [[0.05274101346731186, -0.3318721652030945, -2.6585891246795654], [-8.837675094604492, -5.098325729370117, -13.696796417236328], [-0.1528574824333191, 0.604702889919281, -0.03537474945187569]], "brockpiece30": [[0.04781267046928406, -0.31953805685043335, -2.5520029067993164], [-9.810613632202148, -6.897673606872559, -11.238737106323242], [-0.212638720870018, 0.5194345116615295, -0.6746488809585571]], "brockpiece31": [[-0.05037930607795715, -0.12337660789489746, -2.5631511211395264], [-9.810593605041504, -6.89769172668457, -11.238850593566895], [-0.3032321333885193, 0.4032418727874756, 0.2416532039642334]], "brockpiece32": [[0.07075422257184982, -0.14839881658554077, -2.4067585468292236], [34.69432830810547, 22.904767990112305, 151.2682342529297], [-0.014846060425043106, 0.7332823276519775, -0.067598357796669]], "brockpiece33": [[-0.18332481384277344, 9.128451347351074e-05, -1.3343284130096436], [-0.013127941638231277, -5.221475124359131, 0.12295429408550262], [-0.07364655286073685, 0.3388040363788605, 0.1644446849822998]], "brockpiece34": [[-0.052911531180143356, 0.00236627459526062, -1.2521121501922607], [-0.069710373878479, -9.0156831741333, -0.5613556504249573], [-0.040006935596466064, 0.3192813992500305, -0.5479322671890259]], "brockpiece35": [[0.03166551515460014, -0.1375531554222107, -1.4775712490081787], [2.8431949615478516, -21.074012756347656, -37.50459289550781], [0.03971529006958008, 0.7414476275444031, -0.4923132658004761]], "brockpiece36": [[-0.030491454526782036, -0.1610100269317627, -1.2989840507507324], [-23.655492782592773, -26.147899627685547, -150.01641845703125], [0.04695548489689827, 0.8178877234458923, 0.2522242069244385]], "brockpiece37": [[-1.3039944171905518, -0.8406581282615662, -1.8769636154174805], [-102.34148406982422, -24.45808219909668, 88.5171127319336], [0.018796933814883232, 0.8953180909156799, 0.6815259456634521]],