{"brockpiece0": [[-0.16844111680984497, -0.7190711498260498, -3.3357110023498535], [96.98373413085938, -46.37350845336914, 88.34700775146484], [-0.04771063104271889, 0.8072485327720642, -0.47105833888053894]], "brockpiece1": [[0.27409353852272034, -0.4531344771385193, -3.0904102325439453], [-9.013160705566406, 71.3125228881836, 77.9366683959961], [-0.060903601348400116, 0.894946277141571, 0.4562895596027374]], "brockpiece2": [[0.5733010768890381, -0.8025943040847778, -3.6750447750091553], [-3.8622522354125977, 9.137118339538574, -46.90848159790039], [-0.1568758189678192, 0.8655882477760315, -0.5483085513114929]], "brockpiece3": [[0.18089458346366882, -0.47500181198120117, -3.196976661682129], [-14.972881317138672, 17.244470596313477, 46.730716705322266], [-0.22012151777744293, 0.9278489947319031, 0.3253736197948456]], "brockpiece4": [[0.26136142015457153, -0.15503168106079102, -2.7834055423736572], [-11.603620529174805, -13.147034645080566, -60.1624641418457], [-0.4135969281196594, 0.9918517470359802, 0.46200042963027954]], "brockpiece5": [[-0.039915233850479126, 0.023796141147613525, -2.410648822784424], [-5.004327297210693, 9.340126037597656, 2.249751329421997], [-0.436776340007782, 0.9646992683410645, -0.3259457051753998]], "brockpiece6": [[0.5000969171524048, -0.7064346075057983, -3.7409703731536865], [49.29389953613281, -24.208940505981445, 118.25067901611328], [-0.01387631893157959, 0.9064578413963318, -0.06759907305240631]], "brockpiece7": [[0.9515780806541443, -1.1584115028381348, -4.182460308074951], [-161.36329650878906, 5.004050254821777, -106.31161499023438], [-0.016788214445114136, 1.2991664409637451, -0.5754176378250122]], "brockpiece8": [[1.5847591161727905, -1.0913763046264648, -5.263115882873535], [-150.78073120117188, -2.2662088871002197, -109.17777252197266], [-0.10184786468744278, 1.4046438932418823, 0.10018877685070038]], "brockpiece9": [[-1.0863012075424194, -0.7883927226066589, -1.5441346168518066], [34.78880310058594, -19.51951026916504, -41.3991813659668], [0.009604007937014103, 0.8276886940002441, 0.4656519293785095]], "brockpiece10": [[0.04095005989074707, -0.2578801214694977, -1.3279807567596436], [16.170040130615234, 6.3030195236206055, -175.1303253173828], [0.026453230530023575, 0.7262305021286011, -0.09866398572921753]], "brockpiece11": [[-0.1349441558122635, -0.6256335973739624, -2.1291403770446777], [-15.61047649383545, -17.606019973754883, 37.445072174072266], [0.023447148501873016, 0.6883174180984497, -0.6239317655563354]], "brockpiece12": [[-0.027537228539586067, -0.1432085931301117, -1.3722171783447266], [-3.240194320678711, -7.879452228546143, 8.407368659973145], [0.057196881622076035, 0.6268966794013977, -0.06759794801473618]], "brockpiece13": [[-0.043365247547626495, -0.1454208493232727, -0.946414589881897], [-13.368725776672363, -12.7014799118042, 1.618844985961914], [0.10751569271087646, 0.33034080266952515, -0.6997447609901428]], "brockpiece14": [[-0.11343009769916534, -0.06572502851486206, -0.9522078633308411], [2.669384241104126, -9.757227897644043, -6.2496161460876465], [0.1765923947095871, 0.3738964796066284, -0.06937721371650696]], "brockpiece15": [[-0.04282006621360779, -0.00014181435108184814, -0.07603959739208221], [-0.016063759103417397, 4.845807075500488, 0.07207539677619934], [0.32439151406288147, 0.17386914789676666, 0.1606941819190979]], "brockpiece16": [[-0.11424265801906586, -0.0005765408277511597, -0.29845860600471497], [0.003970054909586906, -7.134946346282959, 0.001101359142921865], [0.2422737032175064, 0.13469432294368744, -0.2985038757324219]], "brockpiece17": [[0.09104681760072708, 0.017975926399230957, -0.9283626675605774], [-2.761573314666748, -0.4671783149242401, 29.71859359741211], [0.05579742044210434, 0.8304786086082458, -0.06759888678789139]], "brockpiece18": [[0.0523836612701416, 8.535385131835938e-05, -0.9466327428817749], [0.00021237086912151426, -4.431728363037109, 0.00029115367215126753], [0.7751116156578064, 1.1647822856903076, 0.4550911784172058]], "brockpiece19": [[0.5726420283317566, -0.7643911838531494, -3.1971635818481445], [-163.31051635742188, -17.063922882080078, -54.88619613647461], [0.04745550453662872, 0.8352649807929993, -0.8555060029029846]], "brockpiece20": [[0.1107231006026268, -0.12262845039367676, -2.3383359909057617], [25.675983428955078, -21.395092010498047, -95.95501708984375], [0.0324799083173275, 0.8903895616531372, 0.1047213077545166]], "brockpiece21": [[0.06796002388000488, 8.809566497802734e-05, -0.9936723709106445], [2.4876554012298584, 8.41455364227295, 158.0452423095703], [0.15945503115653992, 1.6952928304672241, 0.277337908744812]], "brockpiece22": [[-0.2976542115211487, -1.7766156196594238, -6.501383304595947], [152.27247619628906, 9.806917190551758, -31.86103057861328], [0.5310609936714172, 1.9953807592391968, -0.3219248354434967]], "brockpiece23": [[0.15286117792129517, -0.42708534002304077, -2.8976030349731445], [-1.8314889669418335, 25.958433151245117, 93.86786651611328], [-0.0681355819106102, 0.8056530356407166, -0.06759854406118393]], "brockpiece24": [[0.051315635442733765, -0.10829228162765503, -2.641512870788574], [-16.88246726989746, 1.201232671737671, -35.67164993286133], [-0.3838520646095276, 0.746596097946167, 0.4647919237613678]], "brockpiece25": [[-0.25953900814056396, -0.02415323257446289, -2.391477108001709], [-0.05174291878938675, 1.0889346599578857, -2.6721112728118896], [-1.032001256942749, 0.5244100093841553, 0.6970614790916443]], "brockpiece26": [[-0.7278013825416565, -0.7132537364959717, -1.008170485496521], [33.41752243041992, -4.130221366882324, 88.75066375732422], [-0.012171115726232529, 0.7901149392127991, 0.14576949179172516]], "brockpiece27": [[-0.32174330949783325, -0.6668369770050049, -2.9142439365386963], [4.576320171356201, 3.056499481201172, -6.013250350952148], [-0.029545554891228676, 0.7074200510978699, -0.5648927092552185]], "brockpiece28": [[-1.5360596179962158, -0.8288595080375671, -1.9965623617172241], [-123.64962005615234, 30.83098602294922, 48.166160583496094], [-0.05280172452330589, 0.875779390335083, 0.7411666512489319]], "brockpiece29": [[0.05384616553783417, -0.33572259545326233, -2.6604511737823486], [-8.249918937683105, -5.946402072906494, -14.855871200561523], [-0.1528574824333191, 0.604702889919281, -0.03537474945187569]], "brockpiece30": [[0.04375720024108887, -0.31936848163604736, -2.552643299102783], [-10.031379699707031, -6.844944000244141, -10.144187927246094], [-0.212638720870018, 0.5194345116615295, -0.6746488809585571]], "brockpiece31": [[-0.054461896419525146, -0.12347874045372009, -2.5637683868408203], [-10.031367301940918, -6.844958782196045, -10.144280433654785], [-0.3032321333885193, 0.4032418727874756, 0.2416532039642334]], "brockpiece32": [[0.0780799612402916, -0.1545671820640564, -2.4140889644622803], [34.88703155517578, 21.80243492126465, 153.73269653320312], [-0.014846060425043106, 0.7332823276519775, -0.067598357796669]], "brockpiece33": [[-0.19061118364334106, -0.00016158819198608398, -1.3294919729232788], [0.0013970497529953718, -5.627135753631592, 0.014609746634960175], [-0.07364655286073685, 0.3388040363788605, 0.1644446849822998]], "brockpiece34": [[-0.05527719482779503, 0.0007139146327972412, -1.2535769939422607], [0.0353701077401638, -9.57043743133545, -0.2975611686706543], [-0.040006935596466064, 0.3192813992500305, -0.5479322671890259]], "brockpiece35": [[0.11664348840713501, -0.16321533918380737, -1.4516520500183105], [17.39560317993164, 0.1526874154806137, -122.79698181152344], [0.03971529006958008, 0.7414476275444031, -0.4923132658004761]], "brockpiece36": [[-0.021132314577698708, -0.18450069427490234, -1.280522108078003], [-15.081392288208008, -14.831923484802246, -154.28538513183594], [0.04695548489689827, 0.8178877234458923, 0.2522242069244385]], "brockpiece37": [[-1.3232234716415405, -0.8358713984489441, -1.8593084812164307], [-111.01385498046875, -36.818904876708984, 101.1032485961914], [0.018796933814883232, 0.8953180909156799, 0.6815259456634521]],