{"brockpiece0": [[-0.16894948482513428, -0.7203951478004456, -3.3480520248413086], [96.47756958007812, -37.486637115478516, 89.37731170654297], [-0.04771063104271889, 0.8072485327720642, -0.47105833888053894]], "brockpiece1": [[0.15089242160320282, -0.2610625624656677, -3.0805861949920654], [17.539871215820312, 47.97258377075195, 118.73248291015625], [-0.060903601348400116, 0.894946277141571, 0.4562895596027374]], "brockpiece2": [[0.5925390124320984, -0.7688667178153992, -3.6784918308258057], [-6.039875030517578, 18.011995315551758, -11.035183906555176], [-0.1568758189678192, 0.8655882477760315, -0.5483085513114929]], "brockpiece3": [[0.20538979768753052, -0.4165310263633728, -3.1588244438171387], [-25.107812881469727, 10.828204154968262, 28.440231323242188], [-0.22012151777744293, 0.9278489947319031, 0.3253736197948456]], "brockpiece4": [[0.24118304252624512, -0.046527087688446045, -2.7561402320861816], [-12.51494026184082, 12.276877403259277, -40.124000549316406], [-0.4135969281196594, 0.9918517470359802, 0.46200042963027954]], "brockpiece5": [[-0.06536561250686646, 0.05427926778793335, -2.4468374252319336], [-6.509531497955322, 8.190902709960938, -0.5664627552032471], [-0.436776340007782, 0.9646992683410645, -0.3259457051753998]], "brockpiece6": [[0.41334256529808044, -0.8092429637908936, -3.733337879180908], [-33.33095169067383, 32.02130889892578, -67.28230285644531], [-0.01387631893157959, 0.9064578413963318, -0.06759907305240631]], "brockpiece7": [[0.9555902481079102, -1.156327247619629, -4.1848978996276855], [-161.31674194335938, 5.137720108032227, -106.67387390136719], [-0.016788214445114136, 1.2991664409637451, -0.5754176378250122]], "brockpiece8": [[1.5843461751937866, -1.0790513753890991, -5.232365131378174], [-149.45169067382812, 9.012956619262695, -119.83467102050781], [-0.10184786468744278, 1.4046438932418823, 0.10018877685070038]], "brockpiece9": [[-1.1075083017349243, -0.6369486451148987, -1.8377048969268799], [-19.709157943725586, 12.019740104675293, 35.68780517578125], [0.009604007937014103, 0.8276886940002441, 0.4656519293785095]], "brockpiece10": [[0.04638546705245972, -0.24549010396003723, -1.330099105834961], [14.057902336120605, 4.525279521942139, -176.0958709716797], [0.026453230530023575, 0.7262305021286011, -0.09866398572921753]], "brockpiece11": [[-0.07997315376996994, -0.6145147681236267, -2.102112293243408], [9.420487403869629, -19.47247314453125, -23.966304779052734], [0.023447148501873016, 0.6883174180984497, -0.6239317655563354]], "brockpiece12": [[-0.013916585594415665, -0.14133375883102417, -1.378463864326477], [-4.405209541320801, -7.942968845367432, 8.145554542541504], [0.057196881622076035, 0.6268966794013977, -0.06759794801473618]], "brockpiece13": [[-0.03823772817850113, -0.12972581386566162, -0.9467328786849976], [-17.50535011291504, -11.776338577270508, 2.1500327587127686], [0.10751569271087646, 0.33034080266952515, -0.6997447609901428]], "brockpiece14": [[-0.0963408350944519, -0.05594131350517273, -0.9655105471611023], [1.354756474494934, -9.274380683898926, -6.922775745391846], [0.1765923947095871, 0.3738964796066284, -0.06937721371650696]], "brockpiece15": [[-0.04262310266494751, -0.0007802993059158325, -0.07560979574918747], [-0.3838881254196167, 3.752683639526367, 1.6129530668258667], [0.32439151406288147, 0.17386914789676666, 0.1606941819190979]], "brockpiece16": [[-0.125890851020813, -0.0007568150758743286, -0.3129648268222809], [0.013085871934890747, -8.455322265625, -0.003411191748455167], [0.2422737032175064, 0.13469432294368744, -0.2985038757324219]], "brockpiece17": [[0.0744088813662529, 0.05206000804901123, -0.9315765500068665], [-2.9545531272888184, -3.2859623432159424, 10.398311614990234], [0.05579742044210434, 0.8304786086082458, -0.06759888678789139]], "brockpiece18": [[0.05152684450149536, 5.745887756347656e-05, -0.9467049837112427], [-0.00022949677077122033, -4.429083824157715, 0.0011646103812381625], [0.7751116156578064, 1.1647822856903076, 0.4550911784172058]], "brockpiece19": [[0.6206748485565186, -0.7629221677780151, -3.148296356201172], [-140.84597778320312, 16.262283325195312, -106.93854522705078], [0.04745550453662872, 0.8352649807929993, -0.8555060029029846]], "brockpiece20": [[0.11089100688695908, -0.15218466520309448, -2.2831718921661377], [-10.515728950500488, -10.141019821166992, -25.435768127441406], [0.0324799083173275, 0.8903895616531372, 0.1047213077545166]], "brockpiece21": [[0.06708264350891113, 4.7206878662109375e-05, -0.9937199950218201], [-0.0001659140980336815, -4.428783893585205, 0.0010181774850934744], [0.15945503115653992, 1.6952928304672241, 0.277337908744812]], "brockpiece22": [[-0.3084084987640381, -1.7732601165771484, -6.520955562591553], [151.1607666015625, 10.37582778930664, -32.643184661865234], [0.5310609936714172, 1.9953807592391968, -0.3219248354434967]], "brockpiece23": [[0.15139175951480865, -0.4508410394191742, -2.8245346546173096], [-25.183446884155273, 7.543878078460693, 26.606786727905273], [-0.0681355819106102, 0.8056530356407166, -0.06759854406118393]], "brockpiece24": [[0.05080309510231018, -0.06486952304840088, -2.6461195945739746], [-17.937156677246094, 0.02585398405790329, -36.14714050292969], [-0.3838520646095276, 0.746596097946167, 0.4647919237613678]], "brockpiece25": [[-0.2654932737350464, 0.04074305295944214, -2.417039632797241], [-0.4929814040660858, -1.9351272583007812, -0.9757807850837708], [-1.032001256942749, 0.5244100093841553, 0.6970614790916443]], "brockpiece26": [[-0.9180581569671631, -0.7427154183387756, -1.3436473608016968], [17.782194137573242, -17.818374633789062, 137.14280700683594], [-0.012171115726232529, 0.7901149392127991, 0.14576949179172516]], "brockpiece27": [[-0.3024120628833771, -0.6780647039413452, -2.913834571838379], [3.3939809799194336, 1.3238922357559204, -60.41695785522461], [-0.029545554891228676, 0.7074200510978699, -0.5648927092552185]], "brockpiece28": [[-1.2579621076583862, -0.7628771066665649, -1.6943291425704956], [9.823020935058594, 10.478033065795898, 71.80574798583984], [-0.05280172452330589, 0.875779390335083, 0.7411666512489319]], "brockpiece29": [[0.0533023327589035, -0.3163736164569855, -2.6636829376220703], [-11.20413875579834, -4.406364917755127, -13.302162170410156], [-0.1528574824333191, 0.604702889919281, -0.03537474945187569]], "brockpiece30": [[0.04198212921619415, -0.31241297721862793, -2.562730312347412], [-11.404525756835938, -6.381744861602783, -12.05604076385498], [-0.212638720870018, 0.5194345116615295, -0.6746488809585571]], "brockpiece31": [[-0.04154917597770691, -0.0902223289012909, -2.5736165046691895], [-11.40450668334961, -6.381760120391846, -12.056144714355469], [-0.3032321333885193, 0.4032418727874756, 0.2416532039642334]], "brockpiece32": [[0.02191821299493313, -0.14367181062698364, -2.4043807983398438], [40.39671325683594, 11.23277473449707, 172.55772399902344], [-0.014846060425043106, 0.7332823276519775, -0.067598357796669]], "brockpiece33": [[-0.1752151995897293, 0.0004348456859588623, -1.346226692199707], [-0.025751959532499313, -4.434690952301025, 0.3550052344799042], [-0.07364655286073685, 0.3388040363788605, 0.1644446849822998]], "brockpiece34": [[-0.052625734359025955, 0.0075130462646484375, -1.2527108192443848], [-1.0734195709228516, -8.22343635559082, -0.012004118412733078], [-0.040006935596466064, 0.3192813992500305, -0.5479322671890259]], "brockpiece35": [[-0.009627345949411392, -0.107593834400177, -1.498739242553711], [-14.232725143432617, 2.8708512783050537, 53.06420135498047], [0.03971529006958008, 0.7414476275444031, -0.4923132658004761]], "brockpiece36": [[-0.03803008794784546, -0.14329040050506592, -1.30096435546875], [-16.077455520629883, -22.83519744873047, -150.9613494873047], [0.04695548489689827, 0.8178877234458923, 0.2522242069244385]], "brockpiece37": [[-1.231876254081726, -0.8614086508750916, -2.2827043533325195], [-147.7834014892578, 17.608224868774414, 33.6778450012207], [0.018796933814883232, 0.8953180909156799, 0.6815259456634521]],