{"brockpiece0": [[-0.17862847447395325, -0.7911683917045593, -3.4773573875427246], [-106.5069580078125, 70.94127655029297, -109.5652847290039], [-0.04771063104271889, 0.8072485327720642, -0.47105833888053894]], "brockpiece1": [[0.28942635655403137, -0.4477701187133789, -3.0969924926757812], [-46.23723602294922, 65.20642852783203, 34.474090576171875], [-0.060903601348400116, 0.894946277141571, 0.4562895596027374]], "brockpiece2": [[0.5844677686691284, -0.8014500141143799, -3.6777560710906982], [-4.7596635818481445, 7.897697448730469, -56.36115264892578], [-0.1568758189678192, 0.8655882477760315, -0.5483085513114929]], "brockpiece3": [[0.17329463362693787, -0.456094890832901, -3.1800217628479004], [-13.796189308166504, 19.460988998413086, 52.480037689208984], [-0.22012151777744293, 0.9278489947319031, 0.3253736197948456]], "brockpiece4": [[0.2683737874031067, -0.11320674419403076, -2.786862373352051], [-29.70140838623047, -12.752981185913086, -49.29964828491211], [-0.4135969281196594, 0.9918517470359802, 0.46200042963027954]], "brockpiece5": [[-0.0449032187461853, 0.023418307304382324, -2.4052698612213135], [-4.889580249786377, 9.227678298950195, 2.2555840015411377], [-0.436776340007782, 0.9646992683410645, -0.3259457051753998]], "brockpiece6": [[0.5595314502716064, -0.7680044174194336, -3.772148847579956], [42.73359680175781, 22.53943634033203, 59.24141311645508], [-0.01387631893157959, 0.9064578413963318, -0.06759907305240631]], "brockpiece7": [[0.9526747465133667, -1.1583693027496338, -4.185022354125977], [-161.35020446777344, 5.014919757843018, -106.32368469238281], [-0.016788214445114136, 1.2991664409637451, -0.5754176378250122]], "brockpiece8": [[1.608506202697754, -1.0952092409133911, -5.2283782958984375], [-152.69561767578125, 6.384824752807617, -117.91332244873047], [-0.10184786468744278, 1.4046438932418823, 0.10018877685070038]], "brockpiece9": [[-0.9063712954521179, -0.799869954586029, -1.5938262939453125], [22.53236961364746, 16.506698608398438, -134.2449493408203], [0.009604007937014103, 0.8276886940002441, 0.4656519293785095]], "brockpiece10": [[0.04349013417959213, -0.24966004490852356, -1.327902913093567], [14.585762977600098, 5.685679912567139, -174.84629821777344], [0.026453230530023575, 0.7262305021286011, -0.09866398572921753]], "brockpiece11": [[-0.135134756565094, -0.6252176761627197, -2.1288015842437744], [-14.969006538391113, -17.591838836669922, 36.2667121887207], [0.023447148501873016, 0.6883174180984497, -0.6239317655563354]], "brockpiece12": [[-0.02058011293411255, -0.14033201336860657, -1.3734618425369263], [-3.116664171218872, -8.28926944732666, 7.543717861175537], [0.057196881622076035, 0.6268966794013977, -0.06759794801473618]], "brockpiece13": [[-0.04099477082490921, -0.13805368542671204, -0.9439526796340942], [-15.381808280944824, -12.209331512451172, 2.258455753326416], [0.10751569271087646, 0.33034080266952515, -0.6997447609901428]], "brockpiece14": [[-0.10571493953466415, -0.061195045709609985, -0.9561756253242493], [2.264007329940796, -9.515140533447266, -6.629038333892822], [0.1765923947095871, 0.3738964796066284, -0.06937721371650696]], "brockpiece15": [[-0.04289489984512329, -0.00015206634998321533, -0.07552549988031387], [-0.03129642456769943, 4.610823154449463, 0.11287571489810944], [0.32439151406288147, 0.17386914789676666, 0.1606941819190979]], "brockpiece16": [[-0.12176138907670975, -0.0004848092794418335, -0.3056003153324127], [-0.008421406149864197, -7.799201965332031, 0.03392518684267998], [0.2422737032175064, 0.13469432294368744, -0.2985038757324219]], "brockpiece17": [[0.08475498110055923, 0.03453773260116577, -0.9251764416694641], [-2.651592969894409, -2.0432522296905518, 17.224123001098633], [0.05579742044210434, 0.8304786086082458, -0.06759888678789139]], "brockpiece18": [[0.05184286832809448, 7.486343383789062e-05, -0.9466291666030884], [0.0005018120864406228, -4.43204927444458, 0.0004658460384234786], [0.7751116156578064, 1.1647822856903076, 0.4550911784172058]], "brockpiece19": [[0.6014679074287415, -0.759748637676239, -3.1794652938842773], [-150.93260192871094, -5.814199447631836, -82.80046844482422], [0.04745550453662872, 0.8352649807929993, -0.8555060029029846]], "brockpiece20": [[0.1329440474510193, -0.08053356409072876, -2.334327220916748], [39.555389404296875, -17.51357650756836, -132.18707275390625], [0.0324799083173275, 0.8903895616531372, 0.1047213077545166]], "brockpiece21": [[0.06741900742053986, 7.62939453125e-05, -0.9936720728874207], [2.488516330718994, 8.414678573608398, 158.0451202392578], [0.15945503115653992, 1.6952928304672241, 0.277337908744812]], "brockpiece22": [[-0.29604536294937134, -1.7739710807800293, -6.503442287445068], [151.86056518554688, 9.536972045898438, -32.39850616455078], [0.5310609936714172, 1.9953807592391968, -0.3219248354434967]], "brockpiece23": [[0.14744774997234344, -0.42001739144325256, -2.880960464477539], [-3.426591634750366, 26.73212432861328, 87.1064453125], [-0.0681355819106102, 0.8056530356407166, -0.06759854406118393]], "brockpiece24": [[0.05480504035949707, -0.10551124811172485, -2.633800745010376], [-17.183378219604492, 1.3327887058258057, -33.81897735595703], [-0.3838520646095276, 0.746596097946167, 0.4647919237613678]], "brockpiece25": [[-0.25386524200439453, -0.022558212280273438, -2.3949084281921387], [-0.04188690707087517, 0.959640622138977, -2.499027967453003], [-1.032001256942749, 0.5244100093841553, 0.6970614790916443]], "brockpiece26": [[-0.7740904688835144, -0.7428958415985107, -1.0880532264709473], [-27.593896865844727, 33.9600715637207, 132.98277282714844], [-0.012171115726232529, 0.7901149392127991, 0.14576949179172516]], "brockpiece27": [[-0.32254382967948914, -0.6676039695739746, -2.913562297821045], [4.481308937072754, 3.1579344272613525, -8.660089492797852], [-0.029545554891228676, 0.7074200510978699, -0.5648927092552185]], "brockpiece28": [[-1.5513966083526611, -0.8337537050247192, -1.873782753944397], [-37.27756118774414, 60.94017791748047, 122.88003540039062], [-0.05280172452330589, 0.875779390335083, 0.7411666512489319]], "brockpiece29": [[0.052835457026958466, -0.33210742473602295, -2.6586270332336426], [-8.807312965393066, -5.1512837409973145, -13.804858207702637], [-0.1528574824333191, 0.604702889919281, -0.03537474945187569]], "brockpiece30": [[0.0476485937833786, -0.3194754719734192, -2.5519614219665527], [-9.815266609191895, -6.8943376541137695, -11.206337928771973], [-0.212638720870018, 0.5194345116615295, -0.6746488809585571]], "brockpiece31": [[-0.05052182078361511, -0.12335774302482605, -2.563101053237915], [-9.815241813659668, -6.894350051879883, -11.206430435180664], [-0.3032321333885193, 0.4032418727874756, 0.2416532039642334]], "brockpiece32": [[0.07116439193487167, -0.1485341191291809, -2.406883955001831], [34.71227264404297, 22.864850997924805, 151.36329650878906], [-0.014846060425043106, 0.7332823276519775, -0.067598357796669]], "brockpiece33": [[-0.1834680140018463, 3.2067298889160156e-05, -1.3342496156692505], [-0.006689618341624737, -5.228485107421875, 0.09865172207355499], [-0.07364655286073685, 0.3388040363788605, 0.1644446849822998]], "brockpiece34": [[-0.052896443754434586, 0.0021684765815734863, -1.2523555755615234], [-0.05588354542851448, -9.019844055175781, -0.5605199337005615], [-0.040006935596466064, 0.3192813992500305, -0.5479322671890259]], "brockpiece35": [[0.03699655458331108, -0.13765764236450195, -1.4758868217468262], [4.945910930633545, -20.894807815551758, -42.62334442138672], [0.03971529006958008, 0.7414476275444031, -0.4923132658004761]], "brockpiece36": [[-0.030968019738793373, -0.16256046295166016, -1.2989343404769897], [-23.60723304748535, -25.846885681152344, -151.00265502929688], [0.04695548489689827, 0.8178877234458923, 0.2522242069244385]], "brockpiece37": [[-1.305497169494629, -0.8403087258338928, -1.8738927841186523], [-102.8045425415039, -25.858768463134766, 89.40742492675781], [0.018796933814883232, 0.8953180909156799, 0.6815259456634521]],