{"brockpiece0": [[-0.17859190702438354, -0.7910470962524414, -3.4768571853637695], [-108.4424819946289, 72.51039123535156, -111.49409484863281], [-0.04771063104271889, 0.8072485327720642, -0.47105833888053894]], "brockpiece1": [[0.2990122437477112, -0.44529131054878235, -3.110872507095337], [-48.42643737792969, 67.13863372802734, 31.459623336791992], [-0.060903601348400116, 0.894946277141571, 0.4562895596027374]], "brockpiece2": [[0.585541307926178, -0.8013482689857483, -3.6766231060028076], [-4.699864864349365, 7.638294696807861, -57.514713287353516], [-0.1568758189678192, 0.8655882477760315, -0.5483085513114929]], "brockpiece3": [[0.1722383201122284, -0.4533562660217285, -3.1789896488189697], [-13.411867141723633, 19.84471893310547, 53.726173400878906], [-0.22012151777744293, 0.9278489947319031, 0.3253736197948456]], "brockpiece4": [[0.26763057708740234, -0.11029410362243652, -2.786198616027832], [-30.63238525390625, -12.384458541870117, -48.55633544921875], [-0.4135969281196594, 0.9918517470359802, 0.46200042963027954]], "brockpiece5": [[-0.045888304710388184, 0.023263156414031982, -2.4050095081329346], [-4.870486259460449, 9.17177963256836, 2.253497838973999], [-0.436776340007782, 0.9646992683410645, -0.3259457051753998]], "brockpiece6": [[0.5500363111495972, -0.7889454960823059, -3.7713239192962646], [36.214073181152344, 32.72273635864258, 41.37275695800781], [-0.01387631893157959, 0.9064578413963318, -0.06759907305240631]], "brockpiece7": [[0.9534546136856079, -1.1584031581878662, -4.184763431549072], [-161.33477783203125, 5.012929439544678, -106.30958557128906], [-0.016788214445114136, 1.2991664409637451, -0.5754176378250122]], "brockpiece8": [[1.6096144914627075, -1.0929324626922607, -5.2220540046691895], [-153.24972534179688, 7.721689701080322, -118.330810546875], [-0.10184786468744278, 1.4046438932418823, 0.10018877685070038]], "brockpiece9": [[-0.9139087796211243, -0.8035679459571838, -1.5915576219558716], [18.872697830200195, 12.739377975463867, -119.56980895996094], [0.009604007937014103, 0.8276886940002441, 0.4656519293785095]], "brockpiece10": [[0.04360460489988327, -0.24827635288238525, -1.328344702720642], [14.442671775817871, 5.576674938201904, -173.32534790039062], [0.026453230530023575, 0.7262305021286011, -0.09866398572921753]], "brockpiece11": [[-0.13519643247127533, -0.6250885725021362, -2.128652572631836], [-14.774331092834473, -17.506107330322266, 36.032405853271484], [0.023447148501873016, 0.6883174180984497, -0.6239317655563354]], "brockpiece12": [[-0.019737817347049713, -0.1399676501750946, -1.3738224506378174], [-3.003209352493286, -8.455549240112305, 7.121086597442627], [0.057196881622076035, 0.6268966794013977, -0.06759794801473618]], "brockpiece13": [[-0.04067087918519974, -0.1349189132452011, -0.9461215734481812], [-16.157276153564453, -12.31497573852539, 2.151442766189575], [0.10751569271087646, 0.33034080266952515, -0.6997447609901428]], "brockpiece14": [[-0.10458200424909592, -0.060601234436035156, -0.9561088681221008], [2.198338508605957, -9.39006233215332, -6.585328102111816], [0.1765923947095871, 0.3738964796066284, -0.06937721371650696]], "brockpiece15": [[-0.04283002018928528, -0.00016939640045166016, -0.07542536407709122], [-0.032418642193078995, 4.579831123352051, 0.14168721437454224], [0.32439151406288147, 0.17386914789676666, 0.1606941819190979]], "brockpiece16": [[-0.12187759578227997, -0.0006070584058761597, -0.3055141270160675], [-0.007973567582666874, -7.790698528289795, 0.007986492477357388], [0.2422737032175064, 0.13469432294368744, -0.2985038757324219]], "brockpiece17": [[0.08288482576608658, 0.03756231069564819, -0.9249014258384705], [-2.8298585414886475, -2.0888421535491943, 17.366920471191406], [0.05579742044210434, 0.8304786086082458, -0.06759888678789139]], "brockpiece18": [[0.05178725719451904, 8.26120376586914e-05, -0.9466246366500854], [0.0002329226554138586, -4.430919647216797, 0.0002038073434960097], [0.7751116156578064, 1.1647822856903076, 0.4550911784172058]], "brockpiece19": [[0.6015633940696716, -0.7596898078918457, -3.1785788536071777], [-149.8783416748047, -5.345935344696045, -83.63516998291016], [0.04745550453662872, 0.8352649807929993, -0.8555060029029846]], "brockpiece20": [[0.13915902376174927, -0.07465767860412598, -2.3358755111694336], [41.92792510986328, -14.251538276672363, -137.4342041015625], [0.0324799083173275, 0.8903895616531372, 0.1047213077545166]], "brockpiece21": [[0.06736017763614655, 8.487701416015625e-05, -0.9936559200286865], [2.487192153930664, 8.41387939453125, 158.04571533203125], [0.15945503115653992, 1.6952928304672241, 0.277337908744812]], "brockpiece22": [[-0.297934353351593, -1.7755883932113647, -6.5023193359375], [152.14019775390625, 9.707509994506836, -32.03307342529297], [0.5310609936714172, 1.9953807592391968, -0.3219248354434967]], "brockpiece23": [[0.1465027630329132, -0.41876304149627686, -2.879469394683838], [-3.9505372047424316, 26.452373504638672, 85.45219421386719], [-0.0681355819106102, 0.8056530356407166, -0.06759854406118393]], "brockpiece24": [[0.05493581295013428, -0.1050460934638977, -2.632608652114868], [-17.231210708618164, 1.3441871404647827, -33.50782775878906], [-0.3838520646095276, 0.746596097946167, 0.4647919237613678]], "brockpiece25": [[-0.25376224517822266, -0.022542595863342285, -2.394998073577881], [-0.04190051183104515, 0.9552807211875916, -2.497384786605835], [-1.032001256942749, 0.5244100093841553, 0.6970614790916443]], "brockpiece26": [[-0.7760909795761108, -0.7371436357498169, -1.0861175060272217], [-30.42238998413086, 31.085153579711914, 132.5885467529297], [-0.012171115726232529, 0.7901149392127991, 0.14576949179172516]], "brockpiece27": [[-0.3225129246711731, -0.667649507522583, -2.9135079383850098], [4.466892719268799, 3.173795223236084, -8.94284439086914], [-0.029545554891228676, 0.7074200510978699, -0.5648927092552185]], "brockpiece28": [[-1.5330029726028442, -0.8240283131599426, -1.8522450923919678], [-40.563812255859375, 36.880226135253906, 97.9634017944336], [-0.05280172452330589, 0.875779390335083, 0.7411666512489319]], "brockpiece29": [[0.052375100553035736, -0.3313302993774414, -2.65866756439209], [-8.903749465942383, -5.025169849395752, -13.513360023498535], [-0.1528574824333191, 0.604702889919281, -0.03537474945187569]], "brockpiece30": [[0.04811479151248932, -0.3194907605648041, -2.5518698692321777], [-9.803000450134277, -6.909698486328125, -11.254293441772461], [-0.212638720870018, 0.5194345116615295, -0.6746488809585571]], "brockpiece31": [[-0.050266385078430176, -0.12336105108261108, -2.5630552768707275], [-9.802979469299316, -6.909713268280029, -11.254389762878418], [-0.3032321333885193, 0.4032418727874756, 0.2416532039642334]], "brockpiece32": [[0.07064192742109299, -0.14843618869781494, -2.406526803970337], [34.47724533081055, 23.203378677368164, 150.588134765625], [-0.014846060425043106, 0.7332823276519775, -0.067598357796669]], "brockpiece33": [[-0.1827564239501953, 0.00019043684005737305, -1.3344926834106445], [-0.012461155652999878, -5.229681968688965, 0.16273373365402222], [-0.07364655286073685, 0.3388040363788605, 0.1644446849822998]], "brockpiece34": [[-0.05283940210938454, 0.0025422871112823486, -1.2518537044525146], [-0.16342350840568542, -8.916187286376953, -0.43267369270324707], [-0.040006935596466064, 0.3192813992500305, -0.5479322671890259]], "brockpiece35": [[0.02302287146449089, -0.1375930905342102, -1.4801830053329468], [-0.9730794429779053, -20.769695281982422, -27.78411102294922], [0.03971529006958008, 0.7414476275444031, -0.4923132658004761]], "brockpiece36": [[-0.030685320496559143, -0.1594640612602234, -1.298218011856079], [-22.746686935424805, -26.118623733520508, -150.1363525390625], [0.04695548489689827, 0.8178877234458923, 0.2522242069244385]], "brockpiece37": [[-1.2958109378814697, -0.8420095443725586, -1.873311996459961], [-101.35736083984375, -20.953168869018555, 86.3066177368164], [0.018796933814883232, 0.8953180909156799, 0.6815259456634521]],