{"brockpiece0": [[-0.17854684591293335, -0.7905609607696533, -3.475517749786377], [-115.82135009765625, 76.65185546875, -118.85712432861328], [-0.04771063104271889, 0.8072485327720642, -0.47105833888053894]], "brockpiece1": [[0.3019537627696991, -0.444323867559433, -3.11660099029541], [-46.555450439453125, 69.50675964355469, 33.2468376159668], [-0.060903601348400116, 0.894946277141571, 0.4562895596027374]], "brockpiece2": [[0.5852957963943481, -0.8013157248497009, -3.676642656326294], [-4.601224422454834, 7.578089714050293, -57.46479797363281], [-0.1568758189678192, 0.8655882477760315, -0.5483085513114929]], "brockpiece3": [[0.17298656702041626, -0.4489514231681824, -3.176386833190918], [-12.939773559570312, 20.378170013427734, 55.8475341796875], [-0.22012151777744293, 0.9278489947319031, 0.3253736197948456]], "brockpiece4": [[0.2658473253250122, -0.10668414831161499, -2.7843379974365234], [-31.330644607543945, -11.924613952636719, -47.6253776550293], [-0.4135969281196594, 0.9918517470359802, 0.46200042963027954]], "brockpiece5": [[-0.04665130376815796, 0.022993743419647217, -2.4045939445495605], [-4.844491004943848, 9.10323429107666, 2.2563371658325195], [-0.436776340007782, 0.9646992683410645, -0.3259457051753998]], "brockpiece6": [[0.5383033752441406, -0.8027271628379822, -3.769937515258789], [22.965572357177734, 41.601558685302734, 17.984670639038086], [-0.01387631893157959, 0.9064578413963318, -0.06759907305240631]], "brockpiece7": [[0.9537099003791809, -1.1583976745605469, -4.184680938720703], [-161.32545471191406, 5.017833709716797, -106.31244659423828], [-0.016788214445114136, 1.2991664409637451, -0.5754176378250122]], "brockpiece8": [[1.6090439558029175, -1.0933427810668945, -5.222917556762695], [-153.26002502441406, 7.4293437004089355, -118.36891174316406], [-0.10184786468744278, 1.4046438932418823, 0.10018877685070038]], "brockpiece9": [[-0.9225001931190491, -0.8044750094413757, -1.592689037322998], [15.669488906860352, 7.137713432312012, -100.135986328125], [0.009604007937014103, 0.8276886940002441, 0.4656519293785095]], "brockpiece10": [[0.04489909112453461, -0.2442047894001007, -1.3283673524856567], [14.506355285644531, 5.426236152648926, -172.85910034179688], [0.026453230530023575, 0.7262305021286011, -0.09866398572921753]], "brockpiece11": [[-0.13538908958435059, -0.6251305341720581, -2.1288840770721436], [-14.712020874023438, -17.41859245300293, 35.96454620361328], [0.023447148501873016, 0.6883174180984497, -0.6239317655563354]], "brockpiece12": [[-0.01697193831205368, -0.13866227865219116, -1.373133659362793], [-3.0580849647521973, -8.291790008544922, 7.7938232421875], [0.057196881622076035, 0.6268966794013977, -0.06759794801473618]], "brockpiece13": [[-0.0394321009516716, -0.13459192216396332, -0.9447275400161743], [-16.053028106689453, -12.103041648864746, 1.7631176710128784], [0.10751569271087646, 0.33034080266952515, -0.6997447609901428]], "brockpiece14": [[-0.10273270308971405, -0.060227006673812866, -0.9561745524406433], [2.253704309463501, -9.431471824645996, -7.0035810470581055], [0.1765923947095871, 0.3738964796066284, -0.06937721371650696]], "brockpiece15": [[-0.04257616400718689, -0.00012032687664031982, -0.075293630361557], [-0.026760954409837723, 4.55061674118042, 0.11263495683670044], [0.32439151406288147, 0.17386914789676666, 0.1606941819190979]], "brockpiece16": [[-0.12216778099536896, -0.0005920380353927612, -0.3054617941379547], [-0.005677332170307636, -7.810583591461182, -0.02005680277943611], [0.2422737032175064, 0.13469432294368744, -0.2985038757324219]], "brockpiece17": [[0.08059162646532059, 0.04064023494720459, -0.9255125522613525], [-3.0243680477142334, -2.166167974472046, 17.667757034301758], [0.05579742044210434, 0.8304786086082458, -0.06759888678789139]], "brockpiece18": [[0.05181288719177246, 8.249282836914062e-05, -0.9466807246208191], [-0.00012502465688157827, -4.430852890014648, 0.00048468465683981776], [0.7751116156578064, 1.1647822856903076, 0.4550911784172058]], "brockpiece19": [[0.602675199508667, -0.7596358060836792, -3.177396297454834], [-148.8426513671875, -4.376809120178223, -85.2905044555664], [0.04745550453662872, 0.8352649807929993, -0.8555060029029846]], "brockpiece20": [[0.14170116186141968, -0.07154786586761475, -2.336064577102661], [42.94770431518555, -13.459539413452148, -139.1156768798828], [0.0324799083173275, 0.8903895616531372, 0.1047213077545166]], "brockpiece21": [[0.06738428771495819, 8.33272933959961e-05, -0.9937109351158142], [2.4872894287109375, 8.413642883300781, 158.04563903808594], [0.15945503115653992, 1.6952928304672241, 0.277337908744812]], "brockpiece22": [[-0.3034681975841522, -1.7687417268753052, -6.501933574676514], [152.5260467529297, 10.08859634399414, -30.710140228271484], [0.5310609936714172, 1.9953807592391968, -0.3219248354434967]], "brockpiece23": [[0.14753881096839905, -0.4197648763656616, -2.8768928050994873], [-5.018455505371094, 26.288681030273438, 82.38605499267578], [-0.0681355819106102, 0.8056530356407166, -0.06759854406118393]], "brockpiece24": [[0.055553555488586426, -0.10445630550384521, -2.631007194519043], [-17.301393508911133, 1.366369366645813, -33.074039459228516], [-0.3838520646095276, 0.746596097946167, 0.4647919237613678]], "brockpiece25": [[-0.2532775402069092, -0.022408485412597656, -2.3952598571777344], [-0.05542931705713272, 0.938443660736084, -2.4796409606933594], [-1.032001256942749, 0.5244100093841553, 0.6970614790916443]], "brockpiece26": [[-0.7711973190307617, -0.7309560775756836, -1.0857300758361816], [-33.65911865234375, 29.700349807739258, 121.72544860839844], [-0.012171115726232529, 0.7901149392127991, 0.14576949179172516]], "brockpiece27": [[-0.3224595785140991, -0.6677014231681824, -2.913400888442993], [4.456861972808838, 3.1971099376678467, -9.121867179870605], [-0.029545554891228676, 0.7074200510978699, -0.5648927092552185]], "brockpiece28": [[-1.515275239944458, -0.7948209047317505, -1.840394377708435], [-34.90819549560547, 9.225996971130371, 75.51426696777344], [-0.05280172452330589, 0.875779390335083, 0.7411666512489319]], "brockpiece29": [[0.05230919271707535, -0.33090415596961975, -2.6582844257354736], [-8.970029830932617, -4.981411933898926, -13.471674919128418], [-0.1528574824333191, 0.604702889919281, -0.03537474945187569]], "brockpiece30": [[0.04890686273574829, -0.3195054531097412, -2.5516624450683594], [-9.77205753326416, -6.936582565307617, -11.3788423538208], [-0.212638720870018, 0.5194345116615295, -0.6746488809585571]], "brockpiece31": [[-0.049817174673080444, -0.12336963415145874, -2.562920331954956], [-9.772040367126465, -6.9365925788879395, -11.378925323486328], [-0.3032321333885193, 0.4032418727874756, 0.2416532039642334]], "brockpiece32": [[0.07093352824449539, -0.14944493770599365, -2.405655860900879], [33.952354431152344, 23.767820358276367, 149.10733032226562], [-0.014846060425043106, 0.7332823276519775, -0.067598357796669]], "brockpiece33": [[-0.1811167597770691, 0.00015839934349060059, -1.3361036777496338], [-0.011113178916275501, -4.965325355529785, 0.14602011442184448], [-0.07364655286073685, 0.3388040363788605, 0.1644446849822998]], "brockpiece34": [[-0.05214381590485573, 0.0026024281978607178, -1.249617099761963], [-0.18176274001598358, -8.588898658752441, -0.41618427634239197], [-0.040006935596466064, 0.3192813992500305, -0.5479322671890259]], "brockpiece35": [[0.009989261627197266, -0.14099740982055664, -1.4830498695373535], [-9.800045013427734, -17.64609146118164, -3.939286470413208], [0.03971529006958008, 0.7414476275444031, -0.4923132658004761]], "brockpiece36": [[-0.03067871928215027, -0.1576833724975586, -1.2948017120361328], [-21.926298141479492, -24.83133888244629, -149.9462432861328], [0.04695548489689827, 0.8178877234458923, 0.2522242069244385]], "brockpiece37": [[-1.2921278476715088, -0.8454000949859619, -1.8810749053955078], [-101.3179702758789, -12.86741828918457, 82.10301208496094], [0.018796933814883232, 0.8953180909156799, 0.6815259456634521]],