{"brockpiece0": [[-0.17858588695526123, -0.7909383773803711, -3.476505756378174], [-110.02323913574219, 73.61542510986328, -113.07025909423828], [-0.04771063104271889, 0.8072485327720642, -0.47105833888053894]], "brockpiece1": [[0.300925612449646, -0.4451959729194641, -3.1119818687438965], [-47.8162727355957, 67.776123046875, 31.89990997314453], [-0.060903601348400116, 0.894946277141571, 0.4562895596027374]], "brockpiece2": [[0.5856199860572815, -0.801323652267456, -3.6766393184661865], [-4.705289363861084, 7.623730659484863, -57.581573486328125], [-0.1568758189678192, 0.8655882477760315, -0.5483085513114929]], "brockpiece3": [[0.17300023138523102, -0.45162543654441833, -3.1777420043945312], [-13.307047843933105, 19.97317123413086, 54.3731575012207], [-0.22012151777744293, 0.9278489947319031, 0.3253736197948456]], "brockpiece4": [[0.26711320877075195, -0.10882747173309326, -2.7854738235473633], [-30.935405731201172, -12.258450508117676, -48.20280456542969], [-0.4135969281196594, 0.9918517470359802, 0.46200042963027954]], "brockpiece5": [[-0.046038657426834106, 0.023161888122558594, -2.4048728942871094], [-4.859921455383301, 9.162243843078613, 2.25380802154541], [-0.436776340007782, 0.9646992683410645, -0.3259457051753998]], "brockpiece6": [[0.5462622046470642, -0.7940573692321777, -3.772066831588745], [32.37312698364258, 36.04747009277344, 34.09689712524414], [-0.01387631893157959, 0.9064578413963318, -0.06759907305240631]], "brockpiece7": [[0.9537018537521362, -1.1584111452102661, -4.184762477874756], [-161.33511352539062, 5.015209197998047, -106.3150634765625], [-0.016788214445114136, 1.2991664409637451, -0.5754176378250122]], "brockpiece8": [[1.609550952911377, -1.0926260948181152, -5.221597671508789], [-153.3267364501953, 7.8001179695129395, -118.35041809082031], [-0.10184786468744278, 1.4046438932418823, 0.10018877685070038]], "brockpiece9": [[-0.9203806519508362, -0.8064849376678467, -1.591847538948059], [17.867515563964844, 11.044323921203613, -113.71428680419922], [0.009604007937014103, 0.8276886940002441, 0.4656519293785095]], "brockpiece10": [[0.04454421252012253, -0.2473791241645813, -1.3285937309265137], [14.50827407836914, 5.473090648651123, -172.77174377441406], [0.026453230530023575, 0.7262305021286011, -0.09866398572921753]], "brockpiece11": [[-0.13533972203731537, -0.6251511573791504, -2.1286511421203613], [-14.765779495239258, -17.407155990600586, 36.074214935302734], [0.023447148501873016, 0.6883174180984497, -0.6239317655563354]], "brockpiece12": [[-0.018582746386528015, -0.13959020376205444, -1.3740817308425903], [-2.965578079223633, -8.351234436035156, 7.306926727294922], [0.057196881622076035, 0.6268966794013977, -0.06759794801473618]], "brockpiece13": [[-0.03976652771234512, -0.1339273303747177, -0.9465101957321167], [-16.391845703125, -12.13050365447998, 2.1163556575775146], [0.10751569271087646, 0.33034080266952515, -0.6997447609901428]], "brockpiece14": [[-0.10333123058080673, -0.06045755743980408, -0.9563400149345398], [2.2118775844573975, -9.370590209960938, -6.675253868103027], [0.1765923947095871, 0.3738964796066284, -0.06937721371650696]], "brockpiece15": [[-0.04246246814727783, -0.000258520245552063, -0.07530473917722702], [-0.017682701349258423, 4.567792892456055, 0.04961501061916351], [0.32439151406288147, 0.17386914789676666, 0.1606941819190979]], "brockpiece16": [[-0.12178828567266464, -0.0007631480693817139, -0.3053300678730011], [-0.012169389054179192, -7.778200626373291, 0.05381330847740173], [0.2422737032175064, 0.13469432294368744, -0.2985038757324219]], "brockpiece17": [[0.08219722658395767, 0.03920876979827881, -0.9252373576164246], [-2.899613618850708, -2.113762855529785, 17.46978187561035], [0.05579742044210434, 0.8304786086082458, -0.06759888678789139]], "brockpiece18": [[0.05181211233139038, 8.368492126464844e-05, -0.9466313123703003], [0.0002603253233246505, -4.430844306945801, -8.905865979613736e-05], [0.7751116156578064, 1.1647822856903076, 0.4550911784172058]], "brockpiece19": [[0.6019895076751709, -0.7596665620803833, -3.17838191986084], [-149.6360321044922, -5.161356449127197, -84.10655212402344], [0.04745550453662872, 0.8352649807929993, -0.8555060029029846]], "brockpiece20": [[0.14056181907653809, -0.07306188344955444, -2.336162805557251], [42.397056579589844, -13.757457733154297, -138.24639892578125], [0.0324799083173275, 0.8903895616531372, 0.1047213077545166]], "brockpiece21": [[0.06738488376140594, 8.618831634521484e-05, -0.9936609864234924], [2.487278461456299, 8.41389274597168, 158.0455322265625], [0.15945503115653992, 1.6952928304672241, 0.277337908744812]], "brockpiece22": [[-0.3006681501865387, -1.7738789319992065, -6.502091884613037], [152.37454223632812, 9.877204895019531, -31.474769592285156], [0.5310609936714172, 1.9953807592391968, -0.3219248354434967]], "brockpiece23": [[0.1468934416770935, -0.41883379220962524, -2.8789663314819336], [-4.377713680267334, 26.305240631103516, 84.1275405883789], [-0.0681355819106102, 0.8056530356407166, -0.06759854406118393]], "brockpiece24": [[0.05501648783683777, -0.1047372817993164, -2.631953239440918], [-17.263057708740234, 1.350443720817566, -33.3171272277832], [-0.3838520646095276, 0.746596097946167, 0.4647919237613678]], "brockpiece25": [[-0.25360846519470215, -0.022463977336883545, -2.3951690196990967], [-0.03913390263915062, 0.9556239247322083, -2.489825963973999], [-1.032001256942749, 0.5244100093841553, 0.6970614790916443]], "brockpiece26": [[-0.7764361500740051, -0.7376744151115417, -1.0860257148742676], [-31.50015640258789, 30.707902908325195, 129.69432067871094], [-0.012171115726232529, 0.7901149392127991, 0.14576949179172516]], "brockpiece27": [[-0.32246777415275574, -0.667678713798523, -2.913477897644043], [4.462127208709717, 3.1815030574798584, -9.044365882873535], [-0.029545554891228676, 0.7074200510978699, -0.5648927092552185]], "brockpiece28": [[-1.5294777154922485, -0.8151392936706543, -1.847824215888977], [-39.0546875, 27.963420867919922, 90.79804229736328], [-0.05280172452330589, 0.875779390335083, 0.7411666512489319]], "brockpiece29": [[0.0522582083940506, -0.3311643898487091, -2.658534526824951], [-8.926076889038086, -4.988842487335205, -13.457873344421387], [-0.1528574824333191, 0.604702889919281, -0.03537474945187569]], "brockpiece30": [[0.04827989637851715, -0.31948524713516235, -2.5518665313720703], [-9.794093132019043, -6.9146246910095215, -11.292755126953125], [-0.212638720870018, 0.5194345116615295, -0.6746488809585571]], "brockpiece31": [[-0.050152748823165894, -0.12335416674613953, -2.563063144683838], [-9.7940673828125, -6.9146409034729, -11.292858123779297], [-0.3032321333885193, 0.4032418727874756, 0.2416532039642334]], "brockpiece32": [[0.07066112011671066, -0.1486228108406067, -2.4066927433013916], [34.36613082885742, 23.32560157775879, 150.22532653808594], [-0.014846060425043106, 0.7332823276519775, -0.067598357796669]], "brockpiece33": [[-0.18157923221588135, -0.0002206563949584961, -1.334350347518921], [-0.0119964350014925, -5.2234320640563965, 0.04728284105658531], [-0.07364655286073685, 0.3388040363788605, 0.1644446849822998]], "brockpiece34": [[-0.05240238830447197, 0.002859264612197876, -1.251734972000122], [-0.22625435888767242, -8.787670135498047, -0.3798241913318634], [-0.040006935596466064, 0.3192813992500305, -0.5479322671890259]], "brockpiece35": [[0.02075779065489769, -0.13798534870147705, -1.4805852174758911], [-3.3178212642669678, -19.98527717590332, -20.491174697875977], [0.03971529006958008, 0.7414476275444031, -0.4923132658004761]], "brockpiece36": [[-0.031015049666166306, -0.15926694869995117, -1.2970064878463745], [-22.868907928466797, -25.12419891357422, -150.07760620117188], [0.04695548489689827, 0.8178877234458923, 0.2522242069244385]], "brockpiece37": [[-1.2952332496643066, -0.842964768409729, -1.8754754066467285], [-101.16268920898438, -18.400449752807617, 84.92487335205078], [0.018796933814883232, 0.8953180909156799, 0.6815259456634521]],