{"brockpiece0": [[-0.1758337914943695, -0.753584086894989, -3.4375205039978027], [99.32727813720703, 32.70426940917969, 95.38101196289062], [-0.04771063104271889, 0.8072485327720642, -0.47105833888053894]], "brockpiece1": [[0.18330541253089905, -0.2848159670829773, -3.0967471599578857], [15.95016860961914, 59.49290084838867, 118.73345184326172], [-0.060903601348400116, 0.894946277141571, 0.4562895596027374]], "brockpiece2": [[0.5841957926750183, -0.801665723323822, -3.674865961074829], [-4.316446781158447, 8.05597972869873, -53.924312591552734], [-0.1568758189678192, 0.8655882477760315, -0.5483085513114929]], "brockpiece3": [[0.17911478877067566, -0.4202340245246887, -3.159358501434326], [-12.608985900878906, 22.060714721679688, 63.315704345703125], [-0.22012151777744293, 0.9278489947319031, 0.3253736197948456]], "brockpiece4": [[0.2548082768917084, -0.08675986528396606, -2.7492239475250244], [-23.625654220581055, -4.791533946990967, -49.2446174621582], [-0.4135969281196594, 0.9918517470359802, 0.46200042963027954]], "brockpiece5": [[-0.05074647068977356, 0.031195998191833496, -2.3952224254608154], [-4.6985297203063965, 8.776104927062988, 1.4024862051010132], [-0.436776340007782, 0.9646992683410645, -0.3259457051753998]], "brockpiece6": [[0.4522033929824829, -0.8121993541717529, -3.747962236404419], [-29.268653869628906, 34.22784423828125, -61.64119338989258], [-0.01387631893157959, 0.9064578413963318, -0.06759907305240631]], "brockpiece7": [[0.9518507719039917, -1.156840443611145, -4.1884284019470215], [-160.961181640625, 4.003894329071045, -105.36196899414062], [-0.016788214445114136, 1.2991664409637451, -0.5754176378250122]], "brockpiece8": [[1.5474931001663208, -1.066821813583374, -5.26794958114624], [-151.1578826904297, -5.121917247772217, -101.35179138183594], [-0.10184786468744278, 1.4046438932418823, 0.10018877685070038]], "brockpiece9": [[-1.0002415180206299, -0.7560199499130249, -1.5848875045776367], [10.738805770874023, 6.29091215133667, 23.486604690551758], [0.009604007937014103, 0.8276886940002441, 0.4656519293785095]], "brockpiece10": [[0.0457523912191391, -0.2421799898147583, -1.327204942703247], [14.405285835266113, 5.375246524810791, -173.745849609375], [0.026453230530023575, 0.7262305021286011, -0.09866398572921753]], "brockpiece11": [[-0.13731195032596588, -0.6234624981880188, -2.1266229152679443], [-12.69602108001709, -17.472124099731445, 31.987730026245117], [0.023447148501873016, 0.6883174180984497, -0.6239317655563354]], "brockpiece12": [[-0.015215832740068436, -0.13762322068214417, -1.3730976581573486], [-3.096498966217041, -8.247347831726074, 7.560845375061035], [0.057196881622076035, 0.6268966794013977, -0.06759794801473618]], "brockpiece13": [[-0.038528233766555786, -0.13228176534175873, -0.9444054365158081], [-16.76251220703125, -12.081263542175293, 1.9871776103973389], [0.10751569271087646, 0.33034080266952515, -0.6997447609901428]], "brockpiece14": [[-0.0990913063287735, -0.05821937322616577, -0.9588287472724915], [2.071681261062622, -9.306825637817383, -6.970175743103027], [0.1765923947095871, 0.3738964796066284, -0.06937721371650696]], "brockpiece15": [[-0.04172280430793762, -0.00012598931789398193, -0.07454264909029007], [-0.01270667277276516, 4.4167399406433105, 0.020323826000094414], [0.32439151406288147, 0.17386914789676666, 0.1606941819190979]], "brockpiece16": [[-0.12466612458229065, -0.0006445348262786865, -0.308645099401474], [0.012466007843613625, -8.083232879638672, -0.0298352912068367], [0.2422737032175064, 0.13469432294368744, -0.2985038757324219]], "brockpiece17": [[0.07462920993566513, 0.04975789785385132, -0.9280757904052734], [-2.7376277446746826, -2.865265130996704, 12.677592277526855], [0.05579742044210434, 0.8304786086082458, -0.06759888678789139]], "brockpiece18": [[0.0516628623008728, 5.829334259033203e-05, -0.9466325640678406], [0.0016218924429267645, -4.42957878112793, 0.0003151301061734557], [0.7751116156578064, 1.1647822856903076, 0.4550911784172058]], "brockpiece19": [[0.6123322248458862, -0.7599970102310181, -3.1606740951538086], [-140.57394409179688, 6.718639850616455, -95.98029327392578], [0.04745550453662872, 0.8352649807929993, -0.8555060029029846]], "brockpiece20": [[0.10981933027505875, -0.11175644397735596, -2.278744697570801], [-1.9330508708953857, -26.737770080566406, -57.980342864990234], [0.0324799083173275, 0.8903895616531372, 0.1047213077545166]], "brockpiece21": [[0.06722693145275116, 6.246566772460938e-05, -0.9936373233795166], [0.0008420950034633279, -4.429349422454834, 0.00038278018473647535], [0.15945503115653992, 1.6952928304672241, 0.277337908744812]], "brockpiece22": [[-0.31225675344467163, -1.771054744720459, -6.501852035522461], [152.4595947265625, 9.994417190551758, -31.055381774902344], [0.5310609936714172, 1.9953807592391968, -0.3219248354434967]], "brockpiece23": [[0.15712742507457733, -0.4384829103946686, -2.843841314315796], [-16.728408813476562, 21.88631820678711, 53.92222595214844], [-0.0681355819106102, 0.8056530356407166, -0.06759854406118393]], "brockpiece24": [[0.061765432357788086, -0.09350252151489258, -2.620899200439453], [-18.254011154174805, 2.0931594371795654, -30.65254020690918], [-0.3838520646095276, 0.746596097946167, 0.4647919237613678]], "brockpiece25": [[-0.2569984197616577, -0.005734562873840332, -2.396775722503662], [-0.577511727809906, -0.09274891763925552, -0.6585278511047363], [-1.032001256942749, 0.5244100093841553, 0.6970614790916443]], "brockpiece26": [[-0.8984614014625549, -0.6535375118255615, -1.1681597232818604], [18.537424087524414, 9.121784210205078, -1.9853099584579468], [-0.012171115726232529, 0.7901149392127991, 0.14576949179172516]], "brockpiece27": [[-0.324465811252594, -0.6685742735862732, -2.913444757461548], [4.425907611846924, 2.8305864334106445, -12.159421920776367], [-0.029545554891228676, 0.7074200510978699, -0.5648927092552185]], "brockpiece28": [[-1.3935476541519165, -0.8261099457740784, -1.7325248718261719], [27.699966430664062, 37.055091857910156, -120.15457153320312], [-0.05280172452330589, 0.875779390335083, 0.7411666512489319]], "brockpiece29": [[0.053578607738018036, -0.3252183496952057, -2.654027223587036], [-9.906044960021973, -4.758913516998291, -13.759114265441895], [-0.1528574824333191, 0.604702889919281, -0.03537474945187569]], "brockpiece30": [[0.04792320728302002, -0.31764325499534607, -2.5495643615722656], [-9.691888809204102, -6.9627790451049805, -13.319300651550293], [-0.212638720870018, 0.5194345116615295, -0.6746488809585571]], "brockpiece31": [[-0.048692286014556885, -0.11630186438560486, -2.560859203338623], [-9.691871643066406, -6.962790489196777, -13.319391250610352], [-0.3032321333885193, 0.4032418727874756, 0.2416532039642334]], "brockpiece32": [[0.06183992326259613, -0.14596980810165405, -2.4018073081970215], [36.327171325683594, 20.614944458007812, 154.78106689453125], [-0.014846060425043106, 0.7332823276519775, -0.067598357796669]], "brockpiece33": [[-0.1792719066143036, 0.00012812018394470215, -1.3385429382324219], [-0.010443630628287792, -4.571044445037842, 0.14066924154758453], [-0.07364655286073685, 0.3388040363788605, 0.1644446849822998]], "brockpiece34": [[-0.05129868909716606, 0.0039223432540893555, -1.2478952407836914], [-0.28943100571632385, -8.570845603942871, -0.5675748586654663], [-0.040006935596466064, 0.3192813992500305, -0.5479322671890259]], "brockpiece35": [[-0.0036590173840522766, -0.1117585301399231, -1.4927552938461304], [-16.61149787902832, 1.8295899629592896, 49.05360412597656], [0.03971529006958008, 0.7414476275444031, -0.4923132658004761]], "brockpiece36": [[-0.03319352865219116, -0.14771181344985962, -1.2949533462524414], [-18.3448486328125, -23.610204696655273, -148.1042938232422], [0.04695548489689827, 0.8178877234458923, 0.2522242069244385]], "brockpiece37": [[-1.2909401655197144, -0.8586423397064209, -1.8726468086242676], [-138.66404724121094, 14.31845760345459, 46.38705825805664], [0.018796933814883232, 0.8953180909156799, 0.6815259456634521]],