{"brockpiece0": [[-0.17295756936073303, -0.7314047813415527, -3.392998218536377], [96.87466430664062, -6.329486846923828, 91.79251861572266], [-0.04771063104271889, 0.8072485327720642, -0.47105833888053894]], "brockpiece1": [[0.27514979243278503, -0.45335081219673157, -3.088245391845703], [-14.943803787231445, 70.548828125, 71.39054870605469], [-0.060903601348400116, 0.894946277141571, 0.4562895596027374]], "brockpiece2": [[0.5809960961341858, -0.801773726940155, -3.6761538982391357], [-4.586920738220215, 8.315207481384277, -53.63915252685547], [-0.1568758189678192, 0.8655882477760315, -0.5483085513114929]], "brockpiece3": [[0.1789136677980423, -0.47289150953292847, -3.1913726329803467], [-15.172896385192871, 17.278547286987305, 46.39737319946289], [-0.22012151777744293, 0.9278489947319031, 0.3253736197948456]], "brockpiece4": [[0.262783408164978, -0.14509618282318115, -2.780642509460449], [-15.69054126739502, -13.80652904510498, -57.309478759765625], [-0.4135969281196594, 0.9918517470359802, 0.46200042963027954]], "brockpiece5": [[-0.04124125838279724, 0.02390378713607788, -2.4096999168395996], [-4.9964494705200195, 9.312440872192383, 2.2516679763793945], [-0.436776340007782, 0.9646992683410645, -0.3259457051753998]], "brockpiece6": [[0.5011390447616577, -0.7077341079711914, -3.7404944896698], [50.382240295410156, -23.130102157592773, 116.93498229980469], [-0.01387631893157959, 0.9064578413963318, -0.06759907305240631]], "brockpiece7": [[0.9521801471710205, -1.158400297164917, -4.183213710784912], [-161.3397674560547, 5.014589786529541, -106.31423950195312], [-0.016788214445114136, 1.2991664409637451, -0.5754176378250122]], "brockpiece8": [[1.5852456092834473, -1.0907851457595825, -5.261396408081055], [-150.8440399169922, -2.2183070182800293, -109.30110168457031], [-0.10184786468744278, 1.4046438932418823, 0.10018877685070038]], "brockpiece9": [[-1.1069575548171997, -0.7985092997550964, -1.5685657262802124], [34.81855392456055, 0.6058347821235657, -67.89862823486328], [0.009604007937014103, 0.8276886940002441, 0.4656519293785095]], "brockpiece10": [[0.04225490242242813, -0.2572372853755951, -1.3269619941711426], [15.880118370056152, 6.101324081420898, -174.1089324951172], [0.026453230530023575, 0.7262305021286011, -0.09866398572921753]], "brockpiece11": [[-0.1356278657913208, -0.6256447434425354, -2.1293091773986816], [-15.453584671020508, -17.498920440673828, 37.330604553222656], [0.023447148501873016, 0.6883174180984497, -0.6239317655563354]], "brockpiece12": [[-0.025609418749809265, -0.14326590299606323, -1.3721692562103271], [-3.2227134704589844, -8.044843673706055, 8.265576362609863], [0.057196881622076035, 0.6268966794013977, -0.06759794801473618]], "brockpiece13": [[-0.04239695519208908, -0.14289608597755432, -0.9463319778442383], [-14.044114112854004, -12.610433578491211, 1.8130462169647217], [0.10751569271087646, 0.33034080266952515, -0.6997447609901428]], "brockpiece14": [[-0.11189565062522888, -0.06511867046356201, -0.9524877667427063], [2.623692274093628, -9.752623558044434, -6.672613143920898], [0.1765923947095871, 0.3738964796066284, -0.06937721371650696]], "brockpiece15": [[-0.04285985231399536, -0.0002279132604598999, -0.0758197158575058], [-0.008112411946058273, 4.782203197479248, 0.06287737190723419], [0.32439151406288147, 0.17386914789676666, 0.1606941819190979]], "brockpiece16": [[-0.11608432233333588, -0.0006296336650848389, -0.2990320026874542], [-0.011820852756500244, -7.322371006011963, 0.009570307098329067], [0.2422737032175064, 0.13469432294368744, -0.2985038757324219]], "brockpiece17": [[0.0914120003581047, 0.020125865936279297, -0.9275277853012085], [-2.7493650913238525, -0.6368757486343384, 28.464981079101562], [0.05579742044210434, 0.8304786086082458, -0.06759888678789139]], "brockpiece18": [[0.05237919092178345, 7.963180541992188e-05, -0.946516215801239], [0.000244911148911342, -4.430442810058594, 0.00021922118321526796], [0.7751116156578064, 1.1647822856903076, 0.4550911784172058]], "brockpiece19": [[0.5818013548851013, -0.7628753185272217, -3.1929712295532227], [-159.83566284179688, -14.659072875976562, -63.25300979614258], [0.04745550453662872, 0.8352649807929993, -0.8555060029029846]], "brockpiece20": [[0.11445050686597824, -0.11577010154724121, -2.3382155895233154], [26.37327003479004, -23.49403190612793, -99.78350067138672], [0.0324799083173275, 0.8903895616531372, 0.1047213077545166]], "brockpiece21": [[0.06794987618923187, 8.07046890258789e-05, -0.9935441613197327], [-9.965571371139959e-05, -4.43030309677124, 0.000342533050570637], [0.15945503115653992, 1.6952928304672241, 0.277337908744812]], "brockpiece22": [[-0.29725468158721924, -1.776617407798767, -6.501115322113037], [152.2866668701172, 9.785754203796387, -31.858041763305664], [0.5310609936714172, 1.9953807592391968, -0.3219248354434967]], "brockpiece23": [[0.15004879236221313, -0.42493200302124023, -2.893411159515381], [-1.3102428913116455, 26.272127151489258, 94.74494171142578], [-0.0681355819106102, 0.8056530356407166, -0.06759854406118393]], "brockpiece24": [[0.050718724727630615, -0.10806137323379517, -2.6412177085876465], [-16.85894775390625, 1.1341283321380615, -35.539100646972656], [-0.3838520646095276, 0.746596097946167, 0.4647919237613678]], "brockpiece25": [[-0.25903189182281494, -0.023793518543243408, -2.3922245502471924], [-0.049246154725551605, 1.0955561399459839, -2.6333231925964355], [-1.032001256942749, 0.5244100093841553, 0.6970614790916443]], "brockpiece26": [[-0.7549817562103271, -0.725659966468811, -1.0013619661331177], [21.63924217224121, -12.162065505981445, 114.33467864990234], [-0.012171115726232529, 0.7901149392127991, 0.14576949179172516]], "brockpiece27": [[-0.32208025455474854, -0.6669350862503052, -2.914069175720215], [4.560612678527832, 3.0755856037139893, -6.367919445037842], [-0.029545554891228676, 0.7074200510978699, -0.5648927092552185]], "brockpiece28": [[-1.5450581312179565, -0.8026373386383057, -1.9801336526870728], [-92.30455780029297, -5.1787190437316895, 71.67839050292969], [-0.05280172452330589, 0.875779390335083, 0.7411666512489319]], "brockpiece29": [[0.05302584171295166, -0.33560991287231445, -2.6600518226623535], [-8.288976669311523, -5.833504676818848, -14.802703857421875], [-0.1528574824333191, 0.604702889919281, -0.03537474945187569]], "brockpiece30": [[0.043703749775886536, -0.3193589448928833, -2.5527005195617676], [-10.020734786987305, -6.838521480560303, -10.21082592010498], [-0.212638720870018, 0.5194345116615295, -0.6746488809585571]], "brockpiece31": [[-0.05435413122177124, -0.12343612313270569, -2.563795566558838], [-10.020713806152344, -6.838544845581055, -10.210932731628418], [-0.3032321333885193, 0.4032418727874756, 0.2416532039642334]], "brockpiece32": [[0.07815898209810257, -0.15396267175674438, -2.412302017211914], [34.7117919921875, 22.0986328125, 152.63340759277344], [-0.014846060425043106, 0.7332823276519775, -0.067598357796669]], "brockpiece33": [[-0.18951883912086487, -0.00022304058074951172, -1.3306879997253418], [-0.002261561807245016, -5.532140254974365, 0.007284604478627443], [-0.07364655286073685, 0.3388040363788605, 0.1644446849822998]], "brockpiece34": [[-0.054508063942193985, 0.00044029951095581055, -1.253274917602539], [0.03620053082704544, -9.362889289855957, -0.22123999893665314], [-0.040006935596466064, 0.3192813992500305, -0.5479322671890259]], "brockpiece35": [[0.1117817610502243, -0.15875542163848877, -1.4523168802261353], [18.083385467529297, -1.2396291494369507, -117.83950805664062], [0.03971529006958008, 0.7414476275444031, -0.4923132658004761]], "brockpiece36": [[-0.02294403687119484, -0.17854219675064087, -1.2818882465362549], [-17.37767791748047, -16.284683227539062, -151.8314666748047], [0.04695548489689827, 0.8178877234458923, 0.2522242069244385]], "brockpiece37": [[-1.3225324153900146, -0.8350561261177063, -1.860210657119751], [-110.30937957763672, -36.15339279174805, 100.39857482910156], [0.018796933814883232, 0.8953180909156799, 0.6815259456634521]],