{"brockpiece0": [[-0.16738000512123108, -0.7193645238876343, -3.3259334564208984], [98.37335205078125, -54.36048889160156, 86.5069351196289], [-0.04771063104271889, 0.8072485327720642, -0.47105833888053894]], "brockpiece1": [[0.27390432357788086, -0.4532070457935333, -3.0904083251953125], [-7.7074713706970215, 71.39525604248047, 79.38204193115234], [-0.060903601348400116, 0.894946277141571, 0.4562895596027374]], "brockpiece2": [[0.5728999972343445, -0.8026564717292786, -3.6749789714813232], [-3.799715042114258, 9.199557304382324, -46.3851203918457], [-0.1568758189678192, 0.8655882477760315, -0.5483085513114929]], "brockpiece3": [[0.18164189159870148, -0.47573038935661316, -3.1977858543395996], [-14.931310653686523, 17.22795867919922, 46.707149505615234], [-0.22012151777744293, 0.9278489947319031, 0.3253736197948456]], "brockpiece4": [[0.2611680030822754, -0.15707910060882568, -2.7838058471679688], [-10.965808868408203, -13.122058868408203, -60.63827133178711], [-0.4135969281196594, 0.9918517470359802, 0.46200042963027954]], "brockpiece5": [[-0.039620399475097656, 0.023787617683410645, -2.410797357559204], [-5.006566047668457, 9.347516059875488, 2.250422477722168], [-0.436776340007782, 0.9646992683410645, -0.3259457051753998]], "brockpiece6": [[0.49942898750305176, -0.7074573040008545, -3.743133068084717], [49.47869110107422, -23.66910743713379, 117.90210723876953], [-0.01387631893157959, 0.9064578413963318, -0.06759907305240631]], "brockpiece7": [[0.951552152633667, -1.1584043502807617, -4.182361125946045], [-161.35699462890625, 5.008762359619141, -106.31394958496094], [-0.016788214445114136, 1.2991664409637451, -0.5754176378250122]], "brockpiece8": [[1.5849659442901611, -1.0915179252624512, -5.263468265533447], [-150.78152465820312, -2.2729530334472656, -109.15763854980469], [-0.10184786468744278, 1.4046438932418823, 0.10018877685070038]], "brockpiece9": [[-1.086753487586975, -0.7928886413574219, -1.550771951675415], [37.65315628051758, -14.55916976928711, -49.74555969238281], [0.009604007937014103, 0.8276886940002441, 0.4656519293785095]], "brockpiece10": [[0.04083796590566635, -0.25906822085380554, -1.3282135725021362], [16.117862701416016, 6.293358325958252, -175.68858337402344], [0.026453230530023575, 0.7262305021286011, -0.09866398572921753]], "brockpiece11": [[-0.1348968893289566, -0.6256882548332214, -2.1291873455047607], [-15.678619384765625, -17.58795738220215, 37.59858322143555], [0.023447148501873016, 0.6883174180984497, -0.6239317655563354]], "brockpiece12": [[-0.028158999979496002, -0.14350783824920654, -1.3722636699676514], [-3.2682130336761475, -7.864854335784912, 8.269307136535645], [0.057196881622076035, 0.6268966794013977, -0.06759794801473618]], "brockpiece13": [[-0.04358991980552673, -0.1458020955324173, -0.946886420249939], [-13.292132377624512, -12.667821884155273, 1.7103668451309204], [0.10751569271087646, 0.33034080266952515, -0.6997447609901428]], "brockpiece14": [[-0.11400679498910904, -0.06584805250167847, -0.9523993134498596], [2.6436452865600586, -9.764044761657715, -6.1847100257873535], [0.1765923947095871, 0.3738964796066284, -0.06937721371650696]], "brockpiece15": [[-0.04271036386489868, -0.00015439093112945557, -0.0761021077632904], [-0.009728149510920048, 4.860797882080078, 0.01910102553665638], [0.32439151406288147, 0.17386914789676666, 0.1606941819190979]], "brockpiece16": [[-0.11408470571041107, -0.0006672441959381104, -0.2984601557254791], [0.013302220031619072, -7.115536212921143, 0.0009584859944880009], [0.2422737032175064, 0.13469432294368744, -0.2985038757324219]], "brockpiece17": [[0.09154320508241653, 0.018180787563323975, -0.9284363985061646], [-2.7994706630706787, -0.3398919701576233, 30.101688385009766], [0.05579742044210434, 0.8304786086082458, -0.06759888678789139]], "brockpiece18": [[0.052405476570129395, 5.805492401123047e-05, -0.946571946144104], [0.0013358796713873744, -4.430739879608154, 9.248397691408172e-05], [0.7751116156578064, 1.1647822856903076, 0.4550911784172058]], "brockpiece19": [[0.5705388784408569, -0.7646341323852539, -3.1971116065979004], [-163.36300659179688, -16.952253341674805, -53.15053939819336], [0.04745550453662872, 0.8352649807929993, -0.8555060029029846]], "brockpiece20": [[0.1099671944975853, -0.12443536520004272, -2.3383615016937256], [25.61165428161621, -20.97991180419922, -95.05994415283203], [0.0324799083173275, 0.8903895616531372, 0.1047213077545166]], "brockpiece21": [[0.06797601282596588, 6.258487701416016e-05, -0.9935905337333679], [0.0008259328315034509, -4.430350303649902, 0.00021922118321526796], [0.15945503115653992, 1.6952928304672241, 0.277337908744812]], "brockpiece22": [[-0.29762840270996094, -1.7766141891479492, -6.501543045043945], [152.2724609375, 9.808961868286133, -31.860326766967773], [0.5310609936714172, 1.9953807592391968, -0.3219248354434967]], "brockpiece23": [[0.15249839425086975, -0.4260082542896271, -2.8986411094665527], [-1.6582601070404053, 25.71387481689453, 94.407470703125], [-0.0681355819106102, 0.8056530356407166, -0.06759854406118393]], "brockpiece24": [[0.05150160193443298, -0.10828578472137451, -2.641510486602783], [-16.88971710205078, 1.2077151536941528, -35.689937591552734], [-0.3838520646095276, 0.746596097946167, 0.4647919237613678]], "brockpiece25": [[-0.25985920429229736, -0.02429211139678955, -2.3911256790161133], [-0.05223171040415764, 1.1080080270767212, -2.686786651611328], [-1.032001256942749, 0.5244100093841553, 0.6970614790916443]], "brockpiece26": [[-0.7192889451980591, -0.7107295989990234, -1.0122369527816772], [34.22957992553711, -0.6820132732391357, 82.27847290039062], [-0.012171115726232529, 0.7901149392127991, 0.14576949179172516]], "brockpiece27": [[-0.32167986035346985, -0.6668357849121094, -2.9142894744873047], [4.577656269073486, 3.0574963092803955, -6.023890495300293], [-0.029545554891228676, 0.7074200510978699, -0.5648927092552185]], "brockpiece28": [[-1.5386288166046143, -0.8322744965553284, -1.9978636503219604], [-130.1878662109375, 37.774967193603516, 41.89057540893555], [-0.05280172452330589, 0.875779390335083, 0.7411666512489319]], "brockpiece29": [[0.05402292311191559, -0.3358626663684845, -2.6605141162872314], [-8.229087829589844, -5.975611209869385, -14.910582542419434], [-0.1528574824333191, 0.604702889919281, -0.03537474945187569]], "brockpiece30": [[0.04382692277431488, -0.3194001317024231, -2.552542209625244], [-10.040079116821289, -6.8479228019714355, -10.1185941696167], [-0.212638720870018, 0.5194345116615295, -0.6746488809585571]], "brockpiece31": [[-0.054448843002319336, -0.12344878911972046, -2.5636847019195557], [-10.040047645568848, -6.847945213317871, -10.118722915649414], [-0.3032321333885193, 0.4032418727874756, 0.2416532039642334]], "brockpiece32": [[0.07811713963747025, -0.15459465980529785, -2.4149014949798584], [34.884525299072266, 21.83991050720215, 153.79368591308594], [-0.014846060425043106, 0.7332823276519775, -0.067598357796669]], "brockpiece33": [[-0.1908486783504486, -0.00010880827903747559, -1.3293062448501587], [-0.006055738311260939, -5.653408050537109, 0.03885599225759506], [-0.07364655286073685, 0.3388040363788605, 0.1644446849822998]], "brockpiece34": [[-0.05539786443114281, 0.0007640719413757324, -1.2538955211639404], [0.06046995520591736, -9.653569221496582, -0.35990428924560547], [-0.040006935596466064, 0.3192813992500305, -0.5479322671890259]], "brockpiece35": [[0.11738519370555878, -0.16493475437164307, -1.4511831998825073], [17.241846084594727, 0.2669927179813385, -123.91059112548828], [0.03971529006958008, 0.7414476275444031, -0.4923132658004761]], "brockpiece36": [[-0.020823633298277855, -0.18327170610427856, -1.280129313468933], [-15.687621116638184, -14.066335678100586, -152.27291870117188], [0.04695548489689827, 0.8178877234458923, 0.2522242069244385]], "brockpiece37": [[-1.3226827383041382, -0.8358522057533264, -1.8606250286102295], [-110.71482849121094, -36.84266662597656, 100.94285583496094], [0.018796933814883232, 0.8953180909156799, 0.6815259456634521]],