{"brockpiece0": [[-0.17345809936523438, -0.7336879372596741, -3.3997535705566406], [97.0509262084961, -1.1532822847366333, 92.16222381591797], [-0.04771063104271889, 0.8072485327720642, -0.47105833888053894]], "brockpiece1": [[0.2753047049045563, -0.4533223807811737, -3.0879533290863037], [-15.710265159606934, 70.43151092529297, 70.48091888427734], [-0.060903601348400116, 0.894946277141571, 0.4562895596027374]], "brockpiece2": [[0.580906093120575, -0.8017083406448364, -3.6761457920074463], [-4.574604511260986, 8.322945594787598, -53.54155349731445], [-0.1568758189678192, 0.8655882477760315, -0.5483085513114929]], "brockpiece3": [[0.1788390725851059, -0.4727639853954315, -3.1909985542297363], [-15.214690208435059, 17.23863983154297, 46.223785400390625], [-0.22012151777744293, 0.9278489947319031, 0.3253736197948456]], "brockpiece4": [[0.2632175087928772, -0.1438683271408081, -2.780762195587158], [-16.30539894104004, -13.868492126464844, -56.915489196777344], [-0.4135969281196594, 0.9918517470359802, 0.46200042963027954]], "brockpiece5": [[-0.04129728674888611, 0.02395397424697876, -2.4097206592559814], [-5.000860691070557, 9.312294960021973, 2.2510247230529785], [-0.436776340007782, 0.9646992683410645, -0.3259457051753998]], "brockpiece6": [[0.501571536064148, -0.7077029347419739, -3.7412548065185547], [50.63885498046875, -22.675127029418945, 116.38966369628906], [-0.01387631893157959, 0.9064578413963318, -0.06759907305240631]], "brockpiece7": [[0.9521591663360596, -1.1584113836288452, -4.1832475662231445], [-161.3391571044922, 5.01127290725708, -106.31082153320312], [-0.016788214445114136, 1.2991664409637451, -0.5754176378250122]], "brockpiece8": [[1.5858627557754517, -1.090830683708191, -5.260471343994141], [-150.88026428222656, -1.987596869468689, -109.5223159790039], [-0.10184786468744278, 1.4046438932418823, 0.10018877685070038]], "brockpiece9": [[-1.1058943271636963, -0.8032859563827515, -1.5718185901641846], [33.74037170410156, 3.3652729988098145, -74.31342315673828], [0.009604007937014103, 0.8276886940002441, 0.4656519293785095]], "brockpiece10": [[0.04238127917051315, -0.257072389125824, -1.327099084854126], [15.83617115020752, 6.104005336761475, -174.16041564941406], [0.026453230530023575, 0.7262305021286011, -0.09866398572921753]], "brockpiece11": [[-0.1356247067451477, -0.6255465745925903, -2.1292715072631836], [-15.425200462341309, -17.505508422851562, 37.26438522338867], [0.023447148501873016, 0.6883174180984497, -0.6239317655563354]], "brockpiece12": [[-0.02552976831793785, -0.1431242823600769, -1.3721230030059814], [-3.218647003173828, -8.052777290344238, 8.273787498474121], [0.057196881622076035, 0.6268966794013977, -0.06759794801473618]], "brockpiece13": [[-0.04234990477561951, -0.14272508025169373, -0.9462167024612427], [-14.051620483398438, -12.623123168945312, 1.834257960319519], [0.10751569271087646, 0.33034080266952515, -0.6997447609901428]], "brockpiece14": [[-0.1117355152964592, -0.06491631269454956, -0.952573835849762], [2.6227893829345703, -9.74767017364502, -6.712183475494385], [0.1765923947095871, 0.3738964796066284, -0.06937721371650696]], "brockpiece15": [[-0.0426483154296875, -0.00014863908290863037, -0.07574178278446198], [-0.0038664473686367273, 4.774865627288818, -0.011098303832113743], [0.32439151406288147, 0.17386914789676666, 0.1606941819190979]], "brockpiece16": [[-0.11624141037464142, -0.0007637292146682739, -0.29937437176704407], [0.013782369904220104, -7.342700004577637, -0.032212380319833755], [0.2422737032175064, 0.13469432294368744, -0.2985038757324219]], "brockpiece17": [[0.09121302515268326, 0.020538330078125, -0.9273719191551208], [-2.7674057483673096, -0.6685768961906433, 28.35622787475586], [0.05579742044210434, 0.8304786086082458, -0.06759888678789139]], "brockpiece18": [[0.05238145589828491, 7.176399230957031e-05, -0.9465000033378601], [0.00023292246623896062, -4.430331707000732, 0.0006319734966382384], [0.7751116156578064, 1.1647822856903076, 0.4550911784172058]], "brockpiece19": [[0.5822908878326416, -0.7626960277557373, -3.192795753479004], [-159.42010498046875, -14.549412727355957, -63.82906723022461], [0.04745550453662872, 0.8352649807929993, -0.8555060029029846]], "brockpiece20": [[0.1149594858288765, -0.1148574948310852, -2.3381450176239014], [26.453632354736328, -23.925586700439453, -100.1652603149414], [0.0324799083173275, 0.8903895616531372, 0.1047213077545166]], "brockpiece21": [[0.06794893741607666, 7.152557373046875e-05, -0.9935230612754822], [-8.991489448817447e-05, -4.429996013641357, 0.0003399639099370688], [0.15945503115653992, 1.6952928304672241, 0.277337908744812]], "brockpiece22": [[-0.29716062545776367, -1.7766375541687012, -6.500992298126221], [152.28707885742188, 9.784494400024414, -31.858827590942383], [0.5310609936714172, 1.9953807592391968, -0.3219248354434967]], "brockpiece23": [[0.14977656304836273, -0.4245756268501282, -2.8934531211853027], [-1.2461732625961304, 26.237998962402344, 94.79621124267578], [-0.0681355819106102, 0.8056530356407166, -0.06759854406118393]], "brockpiece24": [[0.05075275897979736, -0.10800719261169434, -2.6412625312805176], [-16.852846145629883, 1.1128721237182617, -35.51725769042969], [-0.3838520646095276, 0.746596097946167, 0.4647919237613678]], "brockpiece25": [[-0.2590322494506836, -0.023762226104736328, -2.3922502994537354], [-0.04728207737207413, 1.0937832593917847, -2.6288177967071533], [-1.032001256942749, 0.5244100093841553, 0.6970614790916443]], "brockpiece26": [[-0.7569644451141357, -0.7276563048362732, -1.0020416975021362], [19.99934959411621, -12.00784969329834, 117.49493408203125], [-0.012171115726232529, 0.7901149392127991, 0.14576949179172516]], "brockpiece27": [[-0.32208251953125, -0.6669242978096008, -2.914065361022949], [4.572261810302734, 3.068479299545288, -6.401658535003662], [-0.029545554891228676, 0.7074200510978699, -0.5648927092552185]], "brockpiece28": [[-1.5487016439437866, -0.7954047918319702, -1.9747800827026367], [-88.9801254272461, -11.34774112701416, 74.09170532226562], [-0.05280172452330589, 0.875779390335083, 0.7411666512489319]], "brockpiece29": [[0.05292322486639023, -0.33554524183273315, -2.660052537918091], [-8.296710014343262, -5.806530475616455, -14.757658004760742], [-0.1528574824333191, 0.604702889919281, -0.03537474945187569]], "brockpiece30": [[0.0438200980424881, -0.31934893131256104, -2.5527124404907227], [-10.019074440002441, -6.843693256378174, -10.221147537231445], [-0.212638720870018, 0.5194345116615295, -0.6746488809585571]], "brockpiece31": [[-0.0543084442615509, -0.12340402603149414, -2.563823699951172], [-10.019063949584961, -6.843699932098389, -10.221227645874023], [-0.3032321333885193, 0.4032418727874756, 0.2416532039642334]], "brockpiece32": [[0.07798105478286743, -0.1537700891494751, -2.4118571281433105], [34.7888069152832, 22.007183074951172, 152.7783660888672], [-0.014846060425043106, 0.7332823276519775, -0.067598357796669]], "brockpiece33": [[-0.189407616853714, -0.00017446279525756836, -1.330873727798462], [-0.003908845596015453, -5.514624118804932, 0.01615774817764759], [-0.07364655286073685, 0.3388040363788605, 0.1644446849822998]], "brockpiece34": [[-0.05444852635264397, 0.0004750192165374756, -1.2532200813293457], [0.03430711850523949, -9.362204551696777, -0.23411644995212555], [-0.040006935596466064, 0.3192813992500305, -0.5479322671890259]], "brockpiece35": [[0.11154736578464508, -0.15827447175979614, -1.452294111251831], [18.270734786987305, -1.2192469835281372, -117.4507827758789], [0.03971529006958008, 0.7414476275444031, -0.4923132658004761]], "brockpiece36": [[-0.024026917293667793, -0.1770138144493103, -1.283250093460083], [-18.17391586303711, -16.9449405670166, -151.34718322753906], [0.04695548489689827, 0.8178877234458923, 0.2522242069244385]], "brockpiece37": [[-1.3219941854476929, -0.8364269733428955, -1.8596878051757812], [-110.4483871459961, -36.510711669921875, 99.95166778564453], [0.018796933814883232, 0.8953180909156799, 0.6815259456634521]],