{"brockpiece0": [[-0.17024707794189453, -0.7230177521705627, -3.3640456199645996], [96.4406509399414, -26.793495178222656, 90.26966857910156], [-0.04771063104271889, 0.8072485327720642, -0.47105833888053894]], "brockpiece1": [[0.15310001373291016, -0.26429635286331177, -3.080568552017212], [14.968308448791504, 48.953182220458984, 117.16957092285156], [-0.060903601348400116, 0.894946277141571, 0.4562895596027374]], "brockpiece2": [[0.5961443185806274, -0.7725781798362732, -3.680340051651001], [-8.18344783782959, 13.881805419921875, -27.623498916625977], [-0.1568758189678192, 0.8655882477760315, -0.5483085513114929]], "brockpiece3": [[0.20247940719127655, -0.4192105531692505, -3.15999436378479], [-23.120067596435547, 13.26443099975586, 34.54004669189453], [-0.22012151777744293, 0.9278489947319031, 0.3253736197948456]], "brockpiece4": [[0.24190302193164825, -0.058762192726135254, -2.7469875812530518], [-13.860963821411133, 10.563271522521973, -40.468326568603516], [-0.4135969281196594, 0.9918517470359802, 0.46200042963027954]], "brockpiece5": [[-0.06361567974090576, 0.04771322011947632, -2.436828374862671], [-6.006711006164551, 8.077621459960938, -0.7832004427909851], [-0.436776340007782, 0.9646992683410645, -0.3259457051753998]], "brockpiece6": [[0.416709840297699, -0.8092985153198242, -3.7296741008758545], [-34.20217514038086, 30.94575309753418, -69.00643920898438], [-0.01387631893157959, 0.9064578413963318, -0.06759907305240631]], "brockpiece7": [[0.9537767171859741, -1.1578760147094727, -4.186193943023682], [-161.18260192871094, 4.692792892456055, -105.99674987792969], [-0.016788214445114136, 1.2991664409637451, -0.5754176378250122]], "brockpiece8": [[1.584649920463562, -1.0614564418792725, -5.241749286651611], [-148.69967651367188, 4.098965644836426, -116.85694122314453], [-0.10184786468744278, 1.4046438932418823, 0.10018877685070038]], "brockpiece9": [[-1.0892493724822998, -0.717933714389801, -1.7935514450073242], [-1.2593845129013062, 8.648550033569336, 56.13199996948242], [0.009604007937014103, 0.8276886940002441, 0.4656519293785095]], "brockpiece10": [[0.04605402052402496, -0.24140655994415283, -1.331022024154663], [14.958579063415527, 4.90895414352417, -174.9960479736328], [0.026453230530023575, 0.7262305021286011, -0.09866398572921753]], "brockpiece11": [[-0.09125778079032898, -0.6143736839294434, -2.1072826385498047], [5.383089065551758, -20.69504165649414, -13.867213249206543], [0.023447148501873016, 0.6883174180984497, -0.6239317655563354]], "brockpiece12": [[-0.013836275786161423, -0.13914397358894348, -1.377211093902588], [-3.7665317058563232, -7.812813758850098, 8.02369499206543], [0.057196881622076035, 0.6268966794013977, -0.06759794801473618]], "brockpiece13": [[-0.038421474397182465, -0.1291949599981308, -0.9462071657180786], [-17.451765060424805, -11.81329345703125, 1.7434221506118774], [0.10751569271087646, 0.33034080266952515, -0.6997447609901428]], "brockpiece14": [[-0.09590473026037216, -0.057402342557907104, -0.9638105034828186], [1.8378926515579224, -9.146953582763672, -7.111837863922119], [0.1765923947095871, 0.3738964796066284, -0.06937721371650696]], "brockpiece15": [[-0.041357845067977905, -0.0005911737680435181, -0.07444996386766434], [-0.22141017019748688, 4.051285266876221, 0.9637380242347717], [0.32439151406288147, 0.17386914789676666, 0.1606941819190979]], "brockpiece16": [[-0.1263333559036255, -0.0006464868783950806, -0.3130638897418976], [-0.008283067494630814, -8.385140419006348, 0.08899597823619843], [0.2422737032175064, 0.13469432294368744, -0.2985038757324219]], "brockpiece17": [[0.07529395073652267, 0.05164289474487305, -0.9326625466346741], [-2.899388313293457, -3.2634449005126953, 10.11700439453125], [0.05579742044210434, 0.8304786086082458, -0.06759888678789139]], "brockpiece18": [[0.051518023014068604, 6.175041198730469e-05, -0.9466243982315063], [0.0005120860296301544, -4.429015159606934, 0.0003767857269849628], [0.7751116156578064, 1.1647822856903076, 0.4550911784172058]], "brockpiece19": [[0.6205518841743469, -0.7627850770950317, -3.149688243865967], [-142.93316650390625, 16.3885555267334, -106.3921127319336], [0.04745550453662872, 0.8352649807929993, -0.8555060029029846]], "brockpiece20": [[0.11017148941755295, -0.1471233367919922, -2.278012990951538], [-10.317111015319824, -11.930044174194336, -29.21491813659668], [0.0324799083173275, 0.8903895616531372, 0.1047213077545166]], "brockpiece21": [[0.06708157062530518, 6.246566772460938e-05, -0.9936347603797913], [2.486542224884033, 8.412153244018555, 158.04579162597656], [0.15945503115653992, 1.6952928304672241, 0.277337908744812]], "brockpiece22": [[-0.31900495290756226, -1.7582509517669678, -6.504406929016113], [152.62484741210938, 11.091073036193848, -29.67244529724121], [0.5310609936714172, 1.9953807592391968, -0.3219248354434967]], "brockpiece23": [[0.15000522136688232, -0.4483419954776764, -2.8304290771484375], [-23.409404754638672, 10.280410766601562, 29.795034408569336], [-0.0681355819106102, 0.8056530356407166, -0.06759854406118393]], "brockpiece24": [[0.05565342307090759, -0.07180124521255493, -2.6420185565948486], [-18.204238891601562, 0.5309396982192993, -34.1591911315918], [-0.3838520646095276, 0.746596097946167, 0.4647919237613678]], "brockpiece25": [[-0.2633523941040039, 0.01857781410217285, -2.410801649093628], [0.1840154379606247, -1.8091453313827515, -1.0055737495422363], [-1.032001256942749, 0.5244100093841553, 0.6970614790916443]], "brockpiece26": [[-0.9270305633544922, -0.712173342704773, -1.3287057876586914], [-7.259580135345459, -21.470491409301758, 174.5238494873047], [-0.012171115726232529, 0.7901149392127991, 0.14576949179172516]], "brockpiece27": [[-0.30488014221191406, -0.6757369637489319, -2.9125726222991943], [4.331683158874512, 1.8920174837112427, -50.71005630493164], [-0.029545554891228676, 0.7074200510978699, -0.5648927092552185]], "brockpiece28": [[-1.2839535474777222, -0.8028316497802734, -1.7140929698944092], [5.423877239227295, 21.862930297851562, 94.94043731689453], [-0.05280172452330589, 0.875779390335083, 0.7411666512489319]], "brockpiece29": [[0.053799450397491455, -0.31752249598503113, -2.663142681121826], [-11.087745666503906, -4.4860711097717285, -13.583131790161133], [-0.1528574824333191, 0.604702889919281, -0.03537474945187569]], "brockpiece30": [[0.04378920793533325, -0.3136640787124634, -2.559323310852051], [-11.028983116149902, -6.477163314819336, -12.624052047729492], [-0.212638720870018, 0.5194345116615295, -0.6746488809585571]], "brockpiece31": [[-0.04152002930641174, -0.09530583024024963, -2.570112943649292], [-11.028966903686523, -6.4771623611450195, -12.624114036560059], [-0.3032321333885193, 0.4032418727874756, 0.2416532039642334]], "brockpiece32": [[0.02636808156967163, -0.14347660541534424, -2.4046528339385986], [40.044578552246094, 12.558443069458008, 170.35755920410156], [-0.014846060425043106, 0.7332823276519775, -0.067598357796669]], "brockpiece33": [[-0.17456254363059998, -0.0004620552062988281, -1.3442870378494263], [-0.0160171277821064, -4.471560001373291, 0.10366835445165634], [-0.07364655286073685, 0.3388040363788605, 0.1644446849822998]], "brockpiece34": [[-0.052285995334386826, 0.007563114166259766, -1.251826524734497], [-0.9556329846382141, -8.218775749206543, -0.25150877237319946], [-0.040006935596466064, 0.3192813992500305, -0.5479322671890259]], "brockpiece35": [[-0.006735667586326599, -0.10897409915924072, -1.498303771018982], [-13.871310234069824, 2.780884027481079, 52.39781951904297], [0.03971529006958008, 0.7414476275444031, -0.4923132658004761]], "brockpiece36": [[-0.03712889179587364, -0.14325296878814697, -1.2991801500320435], [-16.63019561767578, -23.205415725708008, -149.78274536132812], [0.04695548489689827, 0.8178877234458923, 0.2522242069244385]], "brockpiece37": [[-1.2424591779708862, -0.8625950217247009, -2.277531147003174], [-146.02194213867188, 13.177495002746582, 41.22706604003906], [0.018796933814883232, 0.8953180909156799, 0.6815259456634521]],