{"brockpiece0": [[-0.1780652403831482, -0.7777571082115173, -3.4634218215942383], [109.5121841430664, 67.61427307128906, 106.26634216308594], [-0.04771063104271889, 0.8072485327720642, -0.47105833888053894]], "brockpiece1": [[0.2755524218082428, -0.45108452439308167, -3.0910675525665283], [-26.920068740844727, 69.66236877441406, 58.54724884033203], [-0.060903601348400116, 0.894946277141571, 0.4562895596027374]], "brockpiece2": [[0.5804954767227173, -0.8019622564315796, -3.6763670444488525], [-4.473271369934082, 8.49442195892334, -52.34902572631836], [-0.1568758189678192, 0.8655882477760315, -0.5483085513114929]], "brockpiece3": [[0.17630049586296082, -0.4657334089279175, -3.1878092288970947], [-14.188763618469238, 18.597213745117188, 50.54350662231445], [-0.22012151777744293, 0.9278489947319031, 0.3253736197948456]], "brockpiece4": [[0.267905592918396, -0.13292169570922852, -2.7836086750030518], [-22.87769889831543, -12.495269775390625, -53.471370697021484], [-0.4135969281196594, 0.9918517470359802, 0.46200042963027954]], "brockpiece5": [[-0.041560351848602295, 0.024394750595092773, -2.407667636871338], [-5.004640579223633, 9.425516128540039, 2.248680830001831], [-0.436776340007782, 0.9646992683410645, -0.3259457051753998]], "brockpiece6": [[0.5038232207298279, -0.7110900282859802, -3.7455594539642334], [53.97794723510742, -16.22503662109375, 110.11924743652344], [-0.01387631893157959, 0.9064578413963318, -0.06759907305240631]], "brockpiece7": [[0.9525300860404968, -1.1584047079086304, -4.1837477684021], [-161.34158325195312, 5.013530254364014, -106.3148193359375], [-0.016788214445114136, 1.2991664409637451, -0.5754176378250122]], "brockpiece8": [[1.581485390663147, -1.0878773927688599, -5.259311676025391], [-150.9038543701172, -2.4555113315582275, -108.68295288085938], [-0.10184786468744278, 1.4046438932418823, 0.10018877685070038]], "brockpiece9": [[-1.1398531198501587, -0.7661866545677185, -1.6010138988494873], [15.86122989654541, 3.461740016937256, 165.41055297851562], [0.009604007937014103, 0.8276886940002441, 0.4656519293785095]], "brockpiece10": [[0.042900845408439636, -0.2543225884437561, -1.3284852504730225], [15.004291534423828, 5.875558376312256, -175.1181182861328], [0.026453230530023575, 0.7262305021286011, -0.09866398572921753]], "brockpiece11": [[-0.13406363129615784, -0.6248042583465576, -2.128394842147827], [-14.781393051147461, -18.001359939575195, 35.3619270324707], [0.023447148501873016, 0.6883174180984497, -0.6239317655563354]], "brockpiece12": [[-0.02329474687576294, -0.14202892780303955, -1.3730461597442627], [-3.0788652896881104, -8.228395462036133, 7.72676420211792], [0.057196881622076035, 0.6268966794013977, -0.06759794801473618]], "brockpiece13": [[-0.04229752719402313, -0.14098699390888214, -0.9460728168487549], [-14.376960754394531, -12.530113220214844, 1.3879225254058838], [0.10751569271087646, 0.33034080266952515, -0.6997447609901428]], "brockpiece14": [[-0.10899899154901505, -0.06355950236320496, -0.9553942084312439], [2.4449024200439453, -9.650940895080566, -6.706851959228516], [0.1765923947095871, 0.3738964796066284, -0.06937721371650696]], "brockpiece15": [[-0.04260134696960449, -0.0001360177993774414, -0.07545778900384903], [-0.006039536092430353, 4.714007377624512, -0.021860554814338684], [0.32439151406288147, 0.17386914789676666, 0.1606941819190979]], "brockpiece16": [[-0.11879658699035645, -0.0006130635738372803, -0.3031425178050995], [-0.005153719801455736, -7.5908331871032715, -0.018365105614066124], [0.2422737032175064, 0.13469432294368744, -0.2985038757324219]], "brockpiece17": [[0.09002695232629776, 0.025193452835083008, -0.9256212711334229], [-2.60066294670105, -1.205306053161621, 23.03409194946289], [0.05579742044210434, 0.8304786086082458, -0.06759888678789139]], "brockpiece18": [[0.052098214626312256, 8.177757263183594e-05, -0.9464448094367981], [0.0002346351247979328, -4.430222034454346, 0.0003408203483559191], [0.7751116156578064, 1.1647822856903076, 0.4550911784172058]], "brockpiece19": [[0.5888572335243225, -0.7612305879592896, -3.188549041748047], [-154.6842498779297, -12.429492950439453, -71.24054718017578], [0.04745550453662872, 0.8352649807929993, -0.8555060029029846]], "brockpiece20": [[0.11952754110097885, -0.10384690761566162, -2.3300178050994873], [28.28203582763672, -21.592727661132812, -110.28104400634766], [0.0324799083173275, 0.8903895616531372, 0.1047213077545166]], "brockpiece21": [[0.06766672432422638, 8.392333984375e-05, -0.993466317653656], [0.0004939965438097715, -4.4297919273376465, 0.0003622284857556224], [0.15945503115653992, 1.6952928304672241, 0.277337908744812]], "brockpiece22": [[-0.2968093752861023, -1.7766375541687012, -6.5003814697265625], [152.30899047851562, 9.7505464553833, -31.85468101501465], [0.5310609936714172, 1.9953807592391968, -0.3219248354434967]], "brockpiece23": [[0.14921729266643524, -0.4236203134059906, -2.8864874839782715], [-2.453510046005249, 26.529817581176758, 90.72991180419922], [-0.0681355819106102, 0.8056530356407166, -0.06759854406118393]], "brockpiece24": [[0.05207258462905884, -0.10747873783111572, -2.6392111778259277], [-16.801362991333008, 1.0651075839996338, -35.524837493896484], [-0.3838520646095276, 0.746596097946167, 0.4647919237613678]], "brockpiece25": [[-0.25675761699676514, -0.02306234836578369, -2.3930699825286865], [-0.04293093830347061, 1.004647970199585, -2.5529401302337646], [-1.032001256942749, 0.5244100093841553, 0.6970614790916443]], "brockpiece26": [[-0.7696385383605957, -0.7524875998497009, -1.0190457105636597], [-0.0816291943192482, 12.651300430297852, 157.1566925048828], [-0.012171115726232529, 0.7901149392127991, 0.14576949179172516]], "brockpiece27": [[-0.3224327564239502, -0.6673544049263, -2.9138176441192627], [4.519207000732422, 3.056173324584961, -7.633484363555908], [-0.029545554891228676, 0.7074200510978699, -0.5648927092552185]], "brockpiece28": [[-1.5617376565933228, -0.7818183302879333, -1.8542119264602661], [75.59310150146484, -24.778228759765625, -51.30805969238281], [-0.05280172452330589, 0.875779390335083, 0.7411666512489319]], "brockpiece29": [[0.05261940509080887, -0.33491408824920654, -2.6592419147491455], [-8.4175443649292, -5.625105857849121, -14.645489692687988], [-0.1528574824333191, 0.604702889919281, -0.03537474945187569]], "brockpiece30": [[0.0450243204832077, -0.3194182217121124, -2.552816867828369], [-9.955289840698242, -6.864940643310547, -10.531763076782227], [-0.212638720870018, 0.5194345116615295, -0.6746488809585571]], "brockpiece31": [[-0.05319282412528992, -0.12339887022972107, -2.5639560222625732], [-9.955268859863281, -6.864954471588135, -10.531855583190918], [-0.3032321333885193, 0.4032418727874756, 0.2416532039642334]], "brockpiece32": [[0.07413888722658157, -0.15041130781173706, -2.4085853099823], [35.178924560546875, 21.91028594970703, 153.19444274902344], [-0.014846060425043106, 0.7332823276519775, -0.067598357796669]], "brockpiece33": [[-0.1869661509990692, -1.5050172805786133e-05, -1.332633376121521], [-0.004348224028944969, -5.332214832305908, 0.06339383870363235], [-0.07364655286073685, 0.3388040363788605, 0.1644446849822998]], "brockpiece34": [[-0.053712647408246994, 0.0009346902370452881, -1.2530665397644043], [0.07293461263179779, -9.235382080078125, -0.4485333263874054], [-0.040006935596466064, 0.3192813992500305, -0.5479322671890259]], "brockpiece35": [[0.09912995994091034, -0.15021675825119019, -1.4560110569000244], [18.946876525878906, -4.874386787414551, -105.75], [0.03971529006958008, 0.7414476275444031, -0.4923132658004761]], "brockpiece36": [[-0.028411470353603363, -0.17017996311187744, -1.29081130027771], [-20.29566764831543, -22.141660690307617, -152.7903289794922], [0.04695548489689827, 0.8178877234458923, 0.2522242069244385]], "brockpiece37": [[-1.3113515377044678, -0.8396061062812805, -1.859032392501831], [-105.7860107421875, -33.274375915527344, 93.12904357910156], [0.018796933814883232, 0.8953180909156799, 0.6815259456634521]],