{"brockpiece0": [[-0.16520652174949646, -0.722551703453064, -3.3019113540649414], [105.99933624267578, -72.67725372314453, 77.68346405029297], [-0.04771063104271889, 0.8072485327720642, -0.47105833888053894]], "brockpiece1": [[0.2746738791465759, -0.4537017047405243, -3.092773914337158], [-4.133481025695801, 71.4259262084961, 83.35078430175781], [-0.060903601348400116, 0.894946277141571, 0.4562895596027374]], "brockpiece2": [[0.5711963176727295, -0.8030849695205688, -3.674298048019409], [-3.601499319076538, 9.437053680419922, -44.50906753540039], [-0.1568758189678192, 0.8655882477760315, -0.5483085513114929]], "brockpiece3": [[0.18482594192028046, -0.4792594909667969, -3.2046351432800293], [-14.67694091796875, 17.100982666015625, 46.59383010864258], [-0.22012151777744293, 0.9278489947319031, 0.3253736197948456]], "brockpiece4": [[0.2628067135810852, -0.16582053899765015, -2.7920539379119873], [-10.827507019042969, -12.768940925598145, -61.16566467285156], [-0.4135969281196594, 0.9918517470359802, 0.46200042963027954]], "brockpiece5": [[-0.03841724991798401, 0.023518741130828857, -2.4115569591522217], [-5.000598430633545, 9.366157531738281, 2.251392126083374], [-0.436776340007782, 0.9646992683410645, -0.3259457051753998]], "brockpiece6": [[0.5013301372528076, -0.7074230909347534, -3.7420639991760254], [48.88599395751953, -23.929380416870117, 118.0792007446289], [-0.01387631893157959, 0.9064578413963318, -0.06759907305240631]], "brockpiece7": [[0.9509790539741516, -1.1584079265594482, -4.181621551513672], [-161.3555908203125, 5.006863594055176, -106.31291198730469], [-0.016788214445114136, 1.2991664409637451, -0.5754176378250122]], "brockpiece8": [[1.5855755805969238, -1.0923185348510742, -5.264901638031006], [-150.76223754882812, -2.194944143295288, -109.15031433105469], [-0.10184786468744278, 1.4046438932418823, 0.10018877685070038]], "brockpiece9": [[-0.9907835125923157, -0.7907894253730774, -1.5267038345336914], [67.43388366699219, 29.656936645507812, -93.54444885253906], [0.009604007937014103, 0.8276886940002441, 0.4656519293785095]], "brockpiece10": [[0.03910768777132034, -0.26171115040779114, -1.327093482017517], [17.343347549438477, 6.807620048522949, -175.24685668945312], [0.026453230530023575, 0.7262305021286011, -0.09866398572921753]], "brockpiece11": [[-0.13448654115200043, -0.62578946352005, -2.129309892654419], [-15.745442390441895, -17.496322631835938, 37.8386344909668], [0.023447148501873016, 0.6883174180984497, -0.6239317655563354]], "brockpiece12": [[-0.03115912899374962, -0.14427682757377625, -1.3707019090652466], [-3.1403610706329346, -7.728279113769531, 8.191040992736816], [0.057196881622076035, 0.6268966794013977, -0.06759794801473618]], "brockpiece13": [[-0.04475069046020508, -0.14742113649845123, -0.9474271535873413], [-12.893326759338379, -13.042025566101074, 1.6768594980239868], [0.10751569271087646, 0.33034080266952515, -0.6997447609901428]], "brockpiece14": [[-0.11712369322776794, -0.06784945726394653, -0.9491270184516907], [2.7806975841522217, -9.766365051269531, -5.863292217254639], [0.1765923947095871, 0.3738964796066284, -0.06937721371650696]], "brockpiece15": [[-0.04279324412345886, -0.0001246035099029541, -0.0762876495718956], [-0.009024588391184807, 4.953698635101318, 0.03803425654768944], [0.32439151406288147, 0.17386914789676666, 0.1606941819190979]], "brockpiece16": [[-0.11089770495891571, -0.0008639991283416748, -0.2947273552417755], [-0.017132636159658432, -6.854918003082275, 0.07322229444980621], [0.2422737032175064, 0.13469432294368744, -0.2985038757324219]], "brockpiece17": [[0.09091947227716446, 0.01286405324935913, -0.9286428689956665], [-2.683833122253418, 0.03047674149274826, 33.21814727783203], [0.05579742044210434, 0.8304786086082458, -0.06759888678789139]], "brockpiece18": [[0.05263298749923706, 7.712841033935547e-05, -0.946528971195221], [0.00027060191496275365, -4.432509899139404, 0.0003528101078700274], [0.7751116156578064, 1.1647822856903076, 0.4550911784172058]], "brockpiece19": [[0.5758773684501648, -0.7639519572257996, -3.19512939453125], [-162.47315979003906, -15.572789192199707, -57.80286407470703], [0.04745550453662872, 0.8352649807929993, -0.8555060029029846]], "brockpiece20": [[0.11148997396230698, -0.12747681140899658, -2.342334508895874], [25.954877853393555, -19.515321731567383, -95.74821472167969], [0.0324799083173275, 0.8903895616531372, 0.1047213077545166]], "brockpiece21": [[0.068211629986763, 7.772445678710938e-05, -0.9935758709907532], [0.0005295361625030637, -4.432324409484863, 0.0004752659588120878], [0.15945503115653992, 1.6952928304672241, 0.277337908744812]], "brockpiece22": [[-0.29841774702072144, -1.7766247987747192, -6.502116680145264], [152.2508544921875, 9.842520713806152, -31.86447525024414], [0.5310609936714172, 1.9953807592391968, -0.3219248354434967]], "brockpiece23": [[0.15426534414291382, -0.4268230199813843, -2.903428792953491], [-1.789544701576233, 24.969938278198242, 94.40480041503906], [-0.0681355819106102, 0.8056530356407166, -0.06759854406118393]], "brockpiece24": [[0.05249866843223572, -0.10886776447296143, -2.642925262451172], [-16.961042404174805, 1.3296921253204346, -35.7866096496582], [-0.3838520646095276, 0.746596097946167, 0.4647919237613678]], "brockpiece25": [[-0.26154518127441406, -0.025019913911819458, -2.3901731967926025], [-0.05853472277522087, 1.1567373275756836, -2.7636680603027344], [-1.032001256942749, 0.5244100093841553, 0.6970614790916443]], "brockpiece26": [[-0.6449090838432312, -0.7092309594154358, -1.0549489259719849], [18.69399642944336, 23.743623733520508, 25.51359748840332], [-0.012171115726232529, 0.7901149392127991, 0.14576949179172516]], "brockpiece27": [[-0.32132184505462646, -0.6667664051055908, -2.9145896434783936], [4.584942817687988, 3.0263383388519287, -5.830214023590088], [-0.029545554891228676, 0.7074200510978699, -0.5648927092552185]], "brockpiece28": [[-1.5405348539352417, -0.8330783843994141, -1.9970024824142456], [-134.50003051757812, 41.53264617919922, 38.62228775024414], [-0.05280172452330589, 0.875779390335083, 0.7411666512489319]], "brockpiece29": [[0.05412745475769043, -0.33604463934898376, -2.6609158515930176], [-8.179503440856934, -6.036279678344727, -14.830180168151855], [-0.1528574824333191, 0.604702889919281, -0.03537474945187569]], "brockpiece30": [[0.04326905310153961, -0.3193800747394562, -2.5526437759399414], [-10.07532787322998, -6.845350742340088, -9.944330215454102], [-0.212638720870018, 0.5194345116615295, -0.6746488809585571]], "brockpiece31": [[-0.0551072359085083, -0.12345230579376221, -2.563802719116211], [-10.075294494628906, -6.845359802246094, -9.944457054138184], [-0.3032321333885193, 0.4032418727874756, 0.2416532039642334]], "brockpiece32": [[0.07729102671146393, -0.15509700775146484, -2.416123151779175], [35.25871276855469, 21.30170440673828, 156.000732421875], [-0.014846060425043106, 0.7332823276519775, -0.067598357796669]], "brockpiece33": [[-0.1928824484348297, -0.00016519427299499512, -1.327182412147522], [-0.0015390596818178892, -5.796567916870117, 0.020207565277814865], [-0.07364655286073685, 0.3388040363788605, 0.1644446849822998]], "brockpiece34": [[-0.056213293224573135, 0.0006476640701293945, -1.2543330192565918], [0.05046936124563217, -9.924385070800781, -0.3193081319332123], [-0.040006935596466064, 0.3192813992500305, -0.5479322671890259]], "brockpiece35": [[0.1353144347667694, -0.18362349271774292, -1.4428519010543823], [12.907783508300781, 4.099742412567139, -143.37005615234375], [0.03971529006958008, 0.7414476275444031, -0.4923132658004761]], "brockpiece36": [[-0.017300406470894814, -0.19174402952194214, -1.2760266065597534], [-12.722906112670898, -12.793007850646973, -154.7363739013672], [0.04695548489689827, 0.8178877234458923, 0.2522242069244385]], "brockpiece37": [[-1.3159528970718384, -0.8396439552307129, -1.871361494064331], [-109.43521118164062, -26.891443252563477, 93.18870544433594], [0.018796933814883232, 0.8953180909156799, 0.6815259456634521]],