{"brockpiece0": [[-0.17839562892913818, -0.7883471250534058, -3.471771717071533], [174.4064483642578, 83.53925323486328, 171.405517578125], [-0.04771063104271889, 0.8072485327720642, -0.47105833888053894]], "brockpiece1": [[0.2791634500026703, -0.45196980237960815, -3.0863585472106934], [-35.11786651611328, 66.64378356933594, 49.02669906616211], [-0.060903601348400116, 0.894946277141571, 0.4562895596027374]], "brockpiece2": [[0.5801535248756409, -0.801945686340332, -3.6764252185821533], [-4.41968297958374, 8.543617248535156, -51.88857650756836], [-0.1568758189678192, 0.8655882477760315, -0.5483085513114929]], "brockpiece3": [[0.17562520503997803, -0.46341243386268616, -3.1847822666168213], [-14.138409614562988, 18.713104248046875, 50.711212158203125], [-0.22012151777744293, 0.9278489947319031, 0.3253736197948456]], "brockpiece4": [[0.2703635096549988, -0.12754404544830322, -2.7853426933288574], [-25.31478500366211, -12.692883491516113, -52.66659164428711], [-0.4135969281196594, 0.9918517470359802, 0.46200042963027954]], "brockpiece5": [[-0.04241105914115906, 0.024420499801635742, -2.407130479812622], [-4.997453212738037, 9.386038780212402, 2.2509565353393555], [-0.436776340007782, 0.9646992683410645, -0.3259457051753998]], "brockpiece6": [[0.524073600769043, -0.7288193702697754, -3.7608582973480225], [52.713584899902344, -1.3350603580474854, 97.56401824951172], [-0.01387631893157959, 0.9064578413963318, -0.06759907305240631]], "brockpiece7": [[0.9525318145751953, -1.1583999395370483, -4.18397855758667], [-161.3306427001953, 5.01550817489624, -106.31254577636719], [-0.016788214445114136, 1.2991664409637451, -0.5754176378250122]], "brockpiece8": [[1.5877047777175903, -1.0899004936218262, -5.253808975219727], [-151.11048889160156, -1.136669635772705, -110.4885482788086], [-0.10184786468744278, 1.4046438932418823, 0.10018877685070038]], "brockpiece9": [[-1.1373456716537476, -0.7351238131523132, -1.5919855833053589], [4.365374565124512, -3.080206871032715, 154.43463134765625], [0.009604007937014103, 0.8276886940002441, 0.4656519293785095]], "brockpiece10": [[0.043185047805309296, -0.25197046995162964, -1.3275779485702515], [15.026931762695312, 5.796753883361816, -174.01547241210938], [0.026453230530023575, 0.7262305021286011, -0.09866398572921753]], "brockpiece11": [[-0.1335538774728775, -0.6246322989463806, -2.128147602081299], [-14.614555358886719, -18.15538215637207, 34.87445068359375], [0.023447148501873016, 0.6883174180984497, -0.6239317655563354]], "brockpiece12": [[-0.02211867645382881, -0.14108619093894958, -1.373433232307434], [-3.0549614429473877, -8.25774097442627, 7.679102420806885], [0.057196881622076035, 0.6268966794013977, -0.06759794801473618]], "brockpiece13": [[-0.04213210940361023, -0.13985568284988403, -0.9448949098587036], [-14.663637161254883, -12.42984676361084, 1.4500741958618164], [0.10751569271087646, 0.33034080266952515, -0.6997447609901428]], "brockpiece14": [[-0.10794507712125778, -0.0625181794166565, -0.9554429650306702], [2.4218976497650146, -9.634148597717285, -6.7866082191467285], [0.1765923947095871, 0.3738964796066284, -0.06937721371650696]], "brockpiece15": [[-0.042669862508773804, -0.00025440752506256104, -0.07553767412900925], [0.006075908895581961, 4.703778266906738, -0.008696802891790867], [0.32439151406288147, 0.17386914789676666, 0.1606941819190979]], "brockpiece16": [[-0.12022813409566879, -0.0006527602672576904, -0.30418357253074646], [0.008710374124348164, -7.687914848327637, -0.02771502546966076], [0.2422737032175064, 0.13469432294368744, -0.2985038757324219]], "brockpiece17": [[0.089487724006176, 0.0266149640083313, -0.9248207807540894], [-2.423246145248413, -1.575035810470581, 20.036590576171875], [0.05579742044210434, 0.8304786086082458, -0.06759888678789139]], "brockpiece18": [[0.05203002691268921, 8.094310760498047e-05, -0.9465058445930481], [0.00035452202428132296, -4.431017875671387, -0.0003271194000262767], [0.7751116156578064, 1.1647822856903076, 0.4550911784172058]], "brockpiece19": [[0.5910398960113525, -0.7606128454208374, -3.186738967895508], [-152.7932586669922, -11.213661193847656, -74.3090591430664], [0.04745550453662872, 0.8352649807929993, -0.8555060029029846]], "brockpiece20": [[0.12209918349981308, -0.09777253866195679, -2.329690933227539], [30.52196502685547, -21.84290885925293, -115.0328598022461], [0.0324799083173275, 0.8903895616531372, 0.1047213077545166]], "brockpiece21": [[0.06760306656360626, 8.475780487060547e-05, -0.9935367703437805], [0.0004775127745233476, -4.430793285369873, 0.00020123830472584814], [0.15945503115653992, 1.6952928304672241, 0.277337908744812]], "brockpiece22": [[-0.2967830300331116, -1.7766426801681519, -6.5004987716674805], [152.31040954589844, 9.748046875, -31.848281860351562], [0.5310609936714172, 1.9953807592391968, -0.3219248354434967]], "brockpiece23": [[0.1489238142967224, -0.4234188199043274, -2.8848538398742676], [-2.4276082515716553, 26.75636863708496, 90.5767593383789], [-0.0681355819106102, 0.8056530356407166, -0.06759854406118393]], "brockpiece24": [[0.05269178748130798, -0.10694974660873413, -2.6373403072357178], [-16.842191696166992, 1.0895580053329468, -35.28643035888672], [-0.3838520646095276, 0.746596097946167, 0.4647919237613678]], "brockpiece25": [[-0.2558131217956543, -0.022857189178466797, -2.393441677093506], [-0.04499520733952522, 0.9695014953613281, -2.532029151916504], [-1.032001256942749, 0.5244100093841553, 0.6970614790916443]], "brockpiece26": [[-0.8001370429992676, -0.7462965846061707, -1.031691074371338], [-8.557022094726562, 26.84587860107422, 158.3461151123047], [-0.012171115726232529, 0.7901149392127991, 0.14576949179172516]], "brockpiece27": [[-0.32248497009277344, -0.6673921942710876, -2.9138615131378174], [4.515669822692871, 3.066218852996826, -7.992971897125244], [-0.029545554891228676, 0.7074200510978699, -0.5648927092552185]], "brockpiece28": [[-1.559069275856018, -0.8196791410446167, -1.8745111227035522], [81.51412200927734, 17.50630760192871, -70.06031799316406], [-0.05280172452330589, 0.875779390335083, 0.7411666512489319]], "brockpiece29": [[0.05271489918231964, -0.3345109224319458, -2.65889573097229], [-8.49069595336914, -5.507510185241699, -14.504076957702637], [-0.1528574824333191, 0.604702889919281, -0.03537474945187569]], "brockpiece30": [[0.04584449529647827, -0.319429874420166, -2.5523695945739746], [-9.91680908203125, -6.876542568206787, -10.714948654174805], [-0.212638720870018, 0.5194345116615295, -0.6746488809585571]], "brockpiece31": [[-0.052415311336517334, -0.1233813464641571, -2.563520669937134], [-9.916778564453125, -6.876565933227539, -10.715072631835938], [-0.3032321333885193, 0.4032418727874756, 0.2416532039642334]], "brockpiece32": [[0.07325159013271332, -0.14954346418380737, -2.4075496196746826], [35.2105827331543, 22.000852584838867, 153.17739868164062], [-0.014846060425043106, 0.7332823276519775, -0.067598357796669]], "brockpiece33": [[-0.18578189611434937, -0.0001760721206665039, -1.3330714702606201], [0.0019508905243128538, -5.283304214477539, 0.022101199254393578], [-0.07364655286073685, 0.3388040363788605, 0.1644446849822998]], "brockpiece34": [[-0.053320977836847305, 0.001160264015197754, -1.252729892730713], [0.09387987852096558, -9.159332275390625, -0.5594180822372437], [-0.040006935596466064, 0.3192813992500305, -0.5479322671890259]], "brockpiece35": [[0.0878133475780487, -0.14585870504379272, -1.4589866399765015], [19.100791931152344, -7.799935340881348, -94.98861694335938], [0.03971529006958008, 0.7414476275444031, -0.4923132658004761]], "brockpiece36": [[-0.029073277488350868, -0.16830116510391235, -1.2932053804397583], [-20.664268493652344, -23.71671485900879, -153.33731079101562], [0.04695548489689827, 0.8178877234458923, 0.2522242069244385]], "brockpiece37": [[-1.310213327407837, -0.8366648554801941, -1.8618226051330566], [-105.37759399414062, -35.17842483520508, 96.27947998046875], [0.018796933814883232, 0.8953180909156799, 0.6815259456634521]],