{"brockpiece0": [[-1.800060272216797e-05, 7.748603820800781e-06, 0.00013625621795654297], [0.00027304753893986344, -0.00030298304045572877, 0.00015197176253423095], [-0.04771063104271889, 0.8072485327720642, -0.47105833888053894]], "brockpiece1": [[-2.1148473024368286e-05, 7.450580596923828e-06, 0.00013646483421325684], [0.0002830260491464287, -0.00033425248693674803, -4.951888331561349e-05], [-0.060903601348400116, 0.894946277141571, 0.4562895596027374]], "brockpiece2": [[-1.7777085304260254e-05, 7.808208465576172e-06, 0.0001361370086669922], [0.00026915225316770375, -0.0003044771437998861, 0.00016221703845076263], [-0.1568758189678192, 0.8655882477760315, -0.5483085513114929]], "brockpiece3": [[-2.0742416381835938e-05, 7.331371307373047e-06, 0.00013566017150878906], [0.00027171356487087905, -0.00030463721486739814, 0.00015197177708614618], [-0.22012151777744293, 0.9278489947319031, 0.3253736197948456]], "brockpiece4": [[-2.148747444152832e-05, 6.794929504394531e-06, 0.00013628602027893066], [0.00022603663092013448, -0.00028558738995343447, 0.00015197176253423095], [-0.4135969281196594, 0.9918517470359802, 0.46200042963027954]], "brockpiece5": [[-1.8894672393798828e-05, 7.033348083496094e-06, 0.00013512372970581055], [0.00027064632740803063, -0.0003011687658727169, 0.000155386864207685], [-0.436776340007782, 0.9646992683410645, -0.3259457051753998]], "brockpiece6": [[-1.943577080965042e-05, 7.68899917602539e-06, 0.00013665109872817993], [0.0002672979317139834, -0.00028782853041775525, 7.940096838865429e-05], [-0.01387631893157959, 0.9064578413963318, -0.06759907305240631]], "brockpiece7": [[-1.8281862139701843e-05, 7.867813110351562e-06, 0.0001367330551147461], [0.0002743816003203392, -0.0003039435250684619, 0.0001506911066826433], [-0.016788214445114136, 1.2991664409637451, -0.5754176378250122]], "brockpiece8": [[-2.0645558834075928e-05, 7.152557373046875e-06, 0.0001361742615699768], [0.0002823857357725501, -0.00032187276519834995, 0.00032443407690152526], [-0.10184786468744278, 1.4046438932418823, 0.10018877685070038]], "brockpiece9": [[-2.1076761186122894e-05, 7.62939453125e-06, 0.00013679265975952148], [0.00025427789660170674, -0.00028526721871457994, 0.0002561321889515966], [0.009604007937014103, 0.8276886940002441, 0.4656519293785095]], "brockpiece10": [[5.609728395938873e-05, -0.00017189979553222656, 0.0001626238226890564], [0.017019130289554596, 0.014883841387927532, 0.06987970322370529], [0.026453230530023575, 0.7262305021286011, -0.09866398572921753]], "brockpiece11": [[-1.7365440726280212e-05, 7.987022399902344e-06, 0.00013631582260131836], [0.0002599474973976612, -0.0003062380419578403, 0.00015538684965576977], [0.023447148501873016, 0.6883174180984497, -0.6239317655563354]], "brockpiece12": [[-1.9077211618423462e-05, 7.569789886474609e-06, 0.00013700127601623535], [0.000270592950982973, -0.00031482914346270263, 7.513209857279435e-05], [0.057196881622076035, 0.6268966794013977, -0.06759794801473618]], "brockpiece13": [[-1.6652047634124756e-05, 7.838010787963867e-06, 0.00013679265975952148], [0.00027160687022842467, -0.0003056510759051889, 0.00014941045083105564], [0.10751569271087646, 0.33034080266952515, -0.6997447609901428]], "brockpiece14": [[-1.8730759620666504e-05, 7.838010787963867e-06, 0.00013719499111175537], [0.00024902852601371706, -0.0003066649369429797, 0.00015453308878932148], [0.1765923947095871, 0.3738964796066284, -0.06937721371650696]], "brockpiece15": [[8.600950241088867e-05, -0.00022521615028381348, 0.0004403144121170044], [1.280660853808513e-06, 0.002287473762407899, 0.0027252458967268467], [0.32439151406288147, 0.17386914789676666, 0.1606941819190979]], "brockpiece16": [[9.59932804107666e-05, -0.00023667514324188232, 0.00017571449279785156], [0.008669647388160229, -0.0031949288677424192, 0.0003688302531372756], [0.2422737032175064, 0.13469432294368744, -0.2985038757324219]], "brockpiece17": [[-1.9352883100509644e-05, 7.927417755126953e-06, 0.00013685226440429688], [0.00025527842808514833, -0.00039017468225210905, -0.0003756605728995055], [0.05579742044210434, 0.8304786086082458, -0.06759888678789139]], "brockpiece18": [[-2.1278858184814453e-05, 8.702278137207031e-06, 0.0001392364501953125], [0.00024930195650085807, -0.00041834922740235925, 0.00033809454180300236], [0.7751116156578064, 1.1647822856903076, 0.4550911784172058]], "brockpiece19": [[-1.6808509826660156e-05, 7.987022399902344e-06, 0.00013685226440429688], [0.0002832394966389984, -0.00036114637623541057, 0.0005327549879439175], [0.04745550453662872, 0.8352649807929993, -0.8555060029029846]], "brockpiece20": [[-1.996755599975586e-05, 7.62939453125e-06, 0.0001369267702102661], [0.00028398653375916183, -0.0003637076879385859, -0.00025442466721870005], [0.0324799083173275, 0.8903895616531372, 0.1047213077545166]], "brockpiece21": [[-2.1502375602722168e-05, 8.106231689453125e-06, 0.00013723969459533691], [-7.043635832815198e-06, -0.0002027713053394109, 0.0002612548414617777], [0.15945503115653992, 1.6952928304672241, 0.277337908744812]], "brockpiece22": [[-2.014636993408203e-05, 9.298324584960938e-06, 0.00013911724090576172], [0.00026765812071971595, -0.00030906617757864296, 0.00015026421169750392], [0.5310609936714172, 1.9953807592391968, -0.3219248354434967]], "brockpiece23": [[-1.9282102584838867e-05, 7.510185241699219e-06, 0.000136449933052063], [0.00026637749397195876, -0.0002926310116890818, 0.0001246510073542595], [-0.0681355819106102, 0.8056530356407166, -0.06759854406118393]], "brockpiece24": [[-2.0772218704223633e-05, 7.152557373046875e-06, 0.00013643503189086914], [0.00027320769731886685, -0.00030308973509818316, 0.0001536793279228732], [-0.3838520646095276, 0.746596097946167, 0.4647919237613678]], "brockpiece25": [[-2.1219253540039062e-05, 6.139278411865234e-06, 0.0001341700553894043], [0.00027662274078466, -0.00030223597423173487, 0.0001477028854424134], [-1.032001256942749, 0.5244100093841553, 0.6970614790916443]], "brockpiece26": [[-1.9992701709270477e-05, 7.569789886474609e-06, 0.00013662874698638916], [0.0002603743923828006, -0.00029876752523705363, 0.000155386864207685], [-0.012171115726232529, 0.7901149392127991, 0.14576949179172516]], "brockpiece27": [[-1.7566606402397156e-05, 7.62939453125e-06, 0.00013625621795654297], [0.000271393422735855, -0.0003035166300833225, 0.0001656321546761319], [-0.029545554891228676, 0.7074200510978699, -0.5648927092552185]], "brockpiece28": [[-2.2064894437789917e-05, 7.569789886474609e-06, 0.0001367330551147461], [0.00028942932840436697, -0.0003056510759051889, 0.0001963680115295574], [-0.05280172452330589, 0.875779390335083, 0.7411666512489319]], "brockpiece29": [[-1.9103288650512695e-05, 7.271766662597656e-06, 0.00013618171215057373], [0.0002700060431379825, -0.0002962595608551055, 0.00021515102707780898], [-0.1528574824333191, 0.604702889919281, -0.03537474945187569]], "brockpiece30": [[-1.697242259979248e-05, 7.3909759521484375e-06, 0.00013625621795654297], [0.0002751286665443331, -0.00030735862674191594, 0.00013404250785242766], [-0.212638720870018, 0.5194345116615295, -0.6746488809585571]], "brockpiece31": [[-1.9818544387817383e-05, 7.3909759521484375e-06, 0.00013577938079833984], [0.0002829193545039743, -0.0003035166300833225, 3.329717947053723e-05], [-0.3032321333885193, 0.4032418727874756, 0.2416532039642334]], "brockpiece32": [[-1.9230879843235016e-05, 7.569789886474609e-06, 0.00013659149408340454], [0.0002626822388265282, -0.00025015577557496727, 0.0001982889953069389], [-0.014846060425043106, 0.7332823276519775, -0.067598357796669]], "brockpiece33": [[-1.9490718841552734e-05, 7.450580596923828e-06, 0.0001363307237625122], [0.00026743131456896663, -0.0003205921093467623, 9.51957845245488e-05], [-0.07364655286073685, 0.3388040363788605, 0.1644446849822998]], "brockpiece34": [[-1.7121434211730957e-05, 7.659196853637695e-06, 0.00013697147369384766], [0.0002722871722653508, -0.00030266286921687424, 0.00015218522457871586], [-0.040006935596466064, 0.3192813992500305, -0.5479322671890259]],