{"brockpiece0": [[-0.17836028337478638, -0.7887362241744995, -3.4721527099609375], [-169.9406280517578, 83.48455810546875, -172.9468231201172], [-0.04771063104271889, 0.8072485327720642, -0.47105833888053894]], "brockpiece1": [[0.2949930727481842, -0.44155389070510864, -3.1200332641601562], [-38.43039321899414, 73.67262268066406, 42.74092483520508], [-0.060903601348400116, 0.894946277141571, 0.4562895596027374]], "brockpiece2": [[0.5858889818191528, -0.8013036847114563, -3.6768248081207275], [-4.64287805557251, 7.546294212341309, -57.783714294433594], [-0.1568758189678192, 0.8655882477760315, -0.5483085513114929]], "brockpiece3": [[0.17354916036128998, -0.44618359208106995, -3.173466920852661], [-13.012150764465332, 20.51332664489746, 56.237037658691406], [-0.22012151777744293, 0.9278489947319031, 0.3253736197948456]], "brockpiece4": [[0.26353681087493896, -0.10246682167053223, -2.781538963317871], [-31.7126407623291, -11.099373817443848, -46.47599792480469], [-0.4135969281196594, 0.9918517470359802, 0.46200042963027954]], "brockpiece5": [[-0.04787120223045349, 0.02294093370437622, -2.403984308242798], [-4.782545566558838, 8.92887020111084, 1.8948402404785156], [-0.436776340007782, 0.9646992683410645, -0.3259457051753998]], "brockpiece6": [[0.5176408886909485, -0.8128392696380615, -3.764699935913086], [1.8759368658065796, 45.38138198852539, -13.696669578552246], [-0.01387631893157959, 0.9064578413963318, -0.06759907305240631]], "brockpiece7": [[0.9537162780761719, -1.1584032773971558, -4.1850080490112305], [-161.32211303710938, 5.019133567810059, -106.31100463867188], [-0.016788214445114136, 1.2991664409637451, -0.5754176378250122]], "brockpiece8": [[1.6013331413269043, -1.092713475227356, -5.233597755432129], [-152.32855224609375, 4.686310291290283, -116.32365417480469], [-0.10184786468744278, 1.4046438932418823, 0.10018877685070038]], "brockpiece9": [[-0.9221293926239014, -0.8012922406196594, -1.5861865282058716], [10.555418968200684, 9.080838203430176, -74.10791778564453], [0.009604007937014103, 0.8276886940002441, 0.4656519293785095]], "brockpiece10": [[0.04581565409898758, -0.24283790588378906, -1.3278834819793701], [14.35935115814209, 5.372287273406982, -172.7461395263672], [0.026453230530023575, 0.7262305021286011, -0.09866398572921753]], "brockpiece11": [[-0.13517943024635315, -0.6248286962509155, -2.1284825801849365], [-14.401448249816895, -17.575151443481445, 35.15073013305664], [0.023447148501873016, 0.6883174180984497, -0.6239317655563354]], "brockpiece12": [[-0.01541874185204506, -0.137717604637146, -1.3731709718704224], [-2.993013381958008, -8.35919189453125, 7.675809383392334], [0.057196881622076035, 0.6268966794013977, -0.06759794801473618]], "brockpiece13": [[-0.03811746835708618, -0.13313749432563782, -0.9453175067901611], [-16.54866600036621, -11.962698936462402, 1.9506213665008545], [0.10751569271087646, 0.33034080266952515, -0.6997447609901428]], "brockpiece14": [[-0.10157490521669388, -0.05969884991645813, -0.9569000601768494], [2.254826545715332, -9.429837226867676, -6.9981279373168945], [0.1765923947095871, 0.3738964796066284, -0.06937721371650696]], "brockpiece15": [[-0.04225543141365051, -0.00019128620624542236, -0.07510437816381454], [-0.02119772508740425, 4.508359909057617, 0.08645601570606232], [0.32439151406288147, 0.17386914789676666, 0.1606941819190979]], "brockpiece16": [[-0.12221221625804901, -0.0005543678998947144, -0.30638161301612854], [-0.00731328409165144, -7.8530402183532715, 0.02423713356256485], [0.2422737032175064, 0.13469432294368744, -0.2985038757324219]], "brockpiece17": [[0.07859153300523758, 0.04469877481460571, -0.9258237481117249], [-3.1590676307678223, -2.2003026008605957, 17.125675201416016], [0.05579742044210434, 0.8304786086082458, -0.06759888678789139]], "brockpiece18": [[0.051705241203308105, 8.022785186767578e-05, -0.9467481374740601], [0.00025518680922687054, -4.4293951988220215, 0.00035452135489322245], [0.7751116156578064, 1.1647822856903076, 0.4550911784172058]], "brockpiece19": [[0.6071862578392029, -0.7596580982208252, -3.173759937286377], [-148.04837036132812, -1.4229912757873535, -89.27177429199219], [0.04745550453662872, 0.8352649807929993, -0.8555060029029846]], "brockpiece20": [[0.13854718208312988, -0.0710604190826416, -2.3328490257263184], [42.22675323486328, -16.06024932861328, -136.30308532714844], [0.0324799083173275, 0.8903895616531372, 0.1047213077545166]], "brockpiece21": [[0.06727118790149689, 8.20159912109375e-05, -0.9937633872032166], [2.487032413482666, 8.41242504119873, 158.04544067382812], [0.15945503115653992, 1.6952928304672241, 0.277337908744812]], "brockpiece22": [[-0.29815709590911865, -1.7740412950515747, -6.505980014801025], [151.73143005371094, 9.762432098388672, -32.40720748901367], [0.5310609936714172, 1.9953807592391968, -0.3219248354434967]], "brockpiece23": [[0.14917856454849243, -0.4212847054004669, -2.8728599548339844], [-6.084136009216309, 26.093435287475586, 80.31449127197266], [-0.0681355819106102, 0.8056530356407166, -0.06759854406118393]], "brockpiece24": [[0.05592721700668335, -0.10402965545654297, -2.630002498626709], [-17.390798568725586, 1.3980168104171753, -32.47544860839844], [-0.3838520646095276, 0.746596097946167, 0.4647919237613678]], "brockpiece25": [[-0.2518022060394287, -0.021940886974334717, -2.3948702812194824], [0.008007650263607502, 0.8867992162704468, -2.4502553939819336], [-1.032001256942749, 0.5244100093841553, 0.6970614790916443]], "brockpiece26": [[-0.768528401851654, -0.729422390460968, -1.0728601217269897], [-37.74348068237305, 20.301054000854492, 114.30027770996094], [-0.012171115726232529, 0.7901149392127991, 0.14576949179172516]], "brockpiece27": [[-0.3227214515209198, -0.6676602959632874, -2.913300037384033], [4.458343505859375, 3.1923978328704834, -8.871828079223633], [-0.029545554891228676, 0.7074200510978699, -0.5648927092552185]], "brockpiece28": [[-1.4501757621765137, -0.7832692265510559, -1.7819771766662598], [-15.20148754119873, -20.081222534179688, 31.999515533447266], [-0.05280172452330589, 0.875779390335083, 0.7411666512489319]], "brockpiece29": [[0.05280960351228714, -0.32978880405426025, -2.657611131668091], [-9.113545417785645, -5.00064754486084, -13.409248352050781], [-0.1528574824333191, 0.604702889919281, -0.03537474945187569]], "brockpiece30": [[0.04921366274356842, -0.31953486800193787, -2.551464080810547], [-9.746953964233398, -6.932891845703125, -11.502532005310059], [-0.212638720870018, 0.5194345116615295, -0.6746488809585571]], "brockpiece31": [[-0.04936319589614868, -0.1233975887298584, -2.562692880630493], [-9.746935844421387, -6.932900428771973, -11.50262451171875], [-0.3032321333885193, 0.4032418727874756, 0.2416532039642334]], "brockpiece32": [[0.07107909023761749, -0.14918118715286255, -2.4044032096862793], [33.6938362121582, 24.135404586791992, 148.16163635253906], [-0.014846060425043106, 0.7332823276519775, -0.067598357796669]], "brockpiece33": [[-0.18001997470855713, 5.167722702026367e-05, -1.33670973777771], [-0.007951149716973305, -4.918244361877441, 0.10014248639345169], [-0.07364655286073685, 0.3388040363788605, 0.1644446849822998]], "brockpiece34": [[-0.05147407576441765, 0.0027694404125213623, -1.2488899230957031], [-0.22900493443012238, -8.432104110717773, -0.34773626923561096], [-0.040006935596466064, 0.3192813992500305, -0.5479322671890259]], "brockpiece35": [[-0.0024271123111248016, -0.13244575262069702, -1.4905638694763184], [-18.73273277282715, -8.582073211669922, 22.252138137817383], [0.03971529006958008, 0.7414476275444031, -0.4923132658004761]], "brockpiece36": [[-0.03170044347643852, -0.15411174297332764, -1.2934058904647827], [-20.51146125793457, -24.453367233276367, -149.75425720214844], [0.04695548489689827, 0.8178877234458923, 0.2522242069244385]], "brockpiece37": [[-1.2872284650802612, -0.849128007888794, -1.8911030292510986], [-103.69683837890625, -0.8833000063896179, 76.47721862792969], [0.018796933814883232, 0.8953180909156799, 0.6815259456634521]],