{"brockpiece0": [[-2.0090490579605103e-05, 9.775161743164062e-06, 0.00010889768600463867], [0.00027571560349315405, 0.00010720198770286515, 8.366983092855662e-05], [-0.04771063104271889, 0.8072485327720642, -0.47105833888053894]], "brockpiece1": [[-1.6476958990097046e-05, 9.5367431640625e-06, 0.0001093149185180664], [0.0002868680458050221, 8.665805216878653e-05, -6.147172825876623e-05], [-0.060903601348400116, 0.894946277141571, 0.4562895596027374]], "brockpiece2": [[-2.0384788513183594e-05, 9.894371032714844e-06, 0.00010943412780761719], [0.00027790345484390855, 0.00010330664372304454, 4.439624535734765e-05], [-0.1568758189678192, 0.8655882477760315, -0.5483085513114929]], "brockpiece3": [[-1.6957521438598633e-05, 9.357929229736328e-06, 0.00010982155799865723], [0.00027918408159166574, 0.00010544108226895332, 5.8056641137227416e-05], [-0.22012151777744293, 0.9278489947319031, 0.3253736197948456]], "brockpiece4": [[-1.6570091247558594e-05, 9.238719940185547e-06, 0.00011137127876281738], [0.00023308028175961226, 0.0001233703369507566, 6.659436621703207e-05], [-0.4135969281196594, 0.9918517470359802, 0.46200042963027954]], "brockpiece5": [[-1.963973045349121e-05, 9.417533874511719e-06, 0.00011068582534790039], [0.0002787571575026959, 0.00010522763477638364, 5.634906847262755e-05], [-0.436776340007782, 0.9646992683410645, -0.3259457051753998]], "brockpiece6": [[-1.8487684428691864e-05, 9.775161743164062e-06, 0.00010907649993896484], [0.0002762825461104512, 0.00012107582006137818, -2.134435089828912e-05], [-0.01387631893157959, 0.9064578413963318, -0.06759907305240631]], "brockpiece7": [[-2.0366162061691284e-05, 1.0013580322265625e-05, 0.0001093149185180664], [0.0002756622852757573, 0.0001037335314322263, 6.531371036544442e-05], [-0.016788214445114136, 1.2991664409637451, -0.5754176378250122]], "brockpiece8": [[-1.7739832401275635e-05, 9.059906005859375e-06, 0.00010944157838821411], [0.0002914570504799485, 8.87924907146953e-05, 0.00023222650634124875], [-0.10184786468744278, 1.4046438932418823, 0.10018877685070038]], "brockpiece9": [[-1.643877476453781e-05, 9.59634780883789e-06, 0.00010919570922851562], [0.00030262285144999623, 6.0057660448364913e-05, -0.00016904724179767072], [0.009604007937014103, 0.8276886940002441, 0.4656519293785095]], "brockpiece10": [[6.337836384773254e-05, -0.00018036365509033203, 0.00011690706014633179], [0.011406206525862217, 0.0037164778914302588, 0.03152645751833916], [0.026453230530023575, 0.7262305021286011, -0.09866398572921753]], "brockpiece11": [[-2.0736828446388245e-05, 9.715557098388672e-06, 0.00010865926742553711], [0.0002684452338144183, 0.00010410705726826563, 6.744813435943797e-05], [0.023447148501873016, 0.6883174180984497, -0.6239317655563354]], "brockpiece12": [[-1.8578022718429565e-05, 9.357929229736328e-06, 0.00010878592729568481], [0.0002807048731483519, 9.978483285522088e-05, 2.0490573660936207e-05], [0.057196881622076035, 0.6268966794013977, -0.06759794801473618]], "brockpiece13": [[-2.1144747734069824e-05, 9.655952453613281e-06, 0.00010848045349121094], [0.00027704963576979935, 0.00010416041914140806, 5.805662294733338e-05], [0.10751569271087646, 0.33034080266952515, -0.6997447609901428]], "brockpiece14": [[-1.862645149230957e-05, 9.655952453613281e-06, 0.00010818988084793091], [0.00025764628662727773, 0.00010319992725271732, 6.488681538030505e-05], [0.1765923947095871, 0.3738964796066284, -0.06937721371650696]], "brockpiece15": [[6.783008575439453e-05, -0.00021760165691375732, 0.00021679699420928955], [0.002653102856129408, 0.00963163748383522, 0.003987124655395746], [0.32439151406288147, 0.17386914789676666, 0.1606941819190979]], "brockpiece16": [[7.843971252441406e-05, -0.00027514994144439697, 1.1265277862548828e-05], [-0.005409084726125002, 0.0043744174763560295, 0.002713293768465519], [0.2422737032175064, 0.13469432294368744, -0.2985038757324219]], "brockpiece17": [[-1.8514692783355713e-05, 9.775161743164062e-06, 0.00010877102613449097], [0.00026893880567513406, -1.131250428443309e-05, -0.0007274153758771718], [0.05579742044210434, 0.8304786086082458, -0.06759888678789139]], "brockpiece18": [[-1.6391277313232422e-05, 9.179115295410156e-06, 0.00010609626770019531], [0.00026125481235794723, -6.915569247212261e-05, 0.00031248125014826655], [0.7751116156578064, 1.1647822856903076, 0.4550911784172058]], "brockpiece19": [[-2.1588057279586792e-05, 9.953975677490234e-06, 0.00010877847671508789], [0.0002913503849413246, 5.079955008113757e-05, 0.0004337172140367329], [0.04745550453662872, 0.8352649807929993, -0.8555060029029846]], "brockpiece20": [[-1.781061291694641e-05, 9.47713851928711e-06, 0.00010892748832702637], [0.0002843067341018468, 7.76934321038425e-05, -0.00012123589840484783], [0.0324799083173275, 0.8903895616531372, 0.1047213077545166]], "brockpiece21": [[-1.691281795501709e-05, 9.894371032714844e-06, 0.00010854005813598633], [0.8275147080421448, 4.301324367523193, 158.22938537597656], [0.15945503115653992, 1.6952928304672241, 0.277337908744812]], "brockpiece22": [[-1.9073486328125e-05, 1.049041748046875e-05, 0.0001074671745300293], [0.00027662276988849044, 9.90377739071846e-05, 5.976417742203921e-05], [0.5310609936714172, 1.9953807592391968, -0.3219248354434967]], "brockpiece23": [[-1.8514692783355713e-05, 9.5367431640625e-06, 0.00010924041271209717], [0.00027107322239317, 0.00012956019781995565, 0.00015880193677730858], [-0.0681355819106102, 0.8056530356407166, -0.06759854406118393]], "brockpiece24": [[-1.6480684280395508e-05, 9.894371032714844e-06, 0.00011095404624938965], [0.00027406145818531513, 0.00010586796997813508, 5.634907211060636e-05], [-0.3838520646095276, 0.746596097946167, 0.4647919237613678]], "brockpiece25": [[-1.537799835205078e-05, 9.655952453613281e-06, 0.00011390447616577148], [0.00028516046586446464, 0.00011269815877312794, 6.659436621703207e-05], [-1.032001256942749, 0.5244100093841553, 0.6970614790916443]], "brockpiece26": [[-1.7702579498291016e-05, 9.59634780883789e-06, 0.0001090019941329956], [0.00026735130813904107, 0.0001109239092329517, 7.171701872721314e-05], [-0.012171115726232529, 0.7901149392127991, 0.14576949179172516]], "brockpiece27": [[-2.0485371351242065e-05, 9.5367431640625e-06, 0.00010895729064941406], [0.0002787038392852992, 0.0001056545224855654, 5.97641701460816e-05], [-0.029545554891228676, 0.7074200510978699, -0.5648927092552185]], "brockpiece28": [[-1.537799835205078e-05, 9.47713851928711e-06, 0.00010967254638671875], [0.0003039435250684619, 9.220758511219174e-05, 7.683965668547899e-05], [-0.05280172452330589, 0.875779390335083, 0.7411666512489319]], "brockpiece29": [[-1.8417835235595703e-05, 9.47713851928711e-06, 0.00010958686470985413], [0.00027310094446875155, 0.00011525948502821848, 0.0001417264575138688], [-0.1528574824333191, 0.604702889919281, -0.03537474945187569]], "brockpiece30": [[-2.09808349609375e-05, 9.775161743164062e-06, 0.0001099705696105957], [0.00027854376821778715, 0.00010330664372304454, 5.805662658531219e-05], [-0.212638720870018, 0.5194345116615295, -0.6746488809585571]], "brockpiece31": [[-1.7374753952026367e-05, 9.775161743164062e-06, 0.00011025369167327881], [0.00028985628159716725, 0.00010458730685058981, -5.208020957070403e-05], [-0.3032321333885193, 0.4032418727874756, 0.2416532039642334]], "brockpiece32": [[-1.8557533621788025e-05, 9.298324584960938e-06, 0.00010898709297180176], [0.0002598207211121917, 0.0001911386352730915, 0.00036392107722349465], [-0.014846060425043106, 0.7332823276519775, -0.067598357796669]], "brockpiece33": [[-1.774728298187256e-05, 9.804964065551758e-06, 0.00010922551155090332], [0.00027528873761184514, 8.793871529633179e-05, 2.561321707617026e-06], [-0.07364655286073685, 0.3388040363788605, 0.1644446849822998]], "brockpiece34": [[-2.0537525415420532e-05, 9.804964065551758e-06, 0.00010907649993896484], [0.0002785704273264855, 0.00010544108226895332, 6.275237683439627e-05], [-0.040006935596466064, 0.3192813992500305, -0.5479322671890259]],