{"brockpiece0": [[-0.17647621035575867, -0.7603201866149902, -3.446141242980957], [100.66029357910156, 42.461368560791016, 96.92037200927734], [-0.04771063104271889, 0.8072485327720642, -0.47105833888053894]], "brockpiece1": [[0.1964792162179947, -0.2932024598121643, -3.102478265762329], [14.81439208984375, 63.30646896362305, 114.652099609375], [-0.060903601348400116, 0.894946277141571, 0.4562895596027374]], "brockpiece2": [[0.5852497816085815, -0.8015294671058655, -3.675894021987915], [-4.4570207595825195, 7.905852794647217, -55.223876953125], [-0.1568758189678192, 0.8655882477760315, -0.5483085513114929]], "brockpiece3": [[0.17872120440006256, -0.4210163354873657, -3.1597654819488525], [-12.337128639221191, 22.037031173706055, 63.795047760009766], [-0.22012151777744293, 0.9278489947319031, 0.3253736197948456]], "brockpiece4": [[0.25380492210388184, -0.08894407749176025, -2.7516534328460693], [-25.806739807128906, -7.071205139160156, -49.30685043334961], [-0.4135969281196594, 0.9918517470359802, 0.46200042963027954]], "brockpiece5": [[-0.0508100688457489, 0.029906034469604492, -2.3968913555145264], [-4.759977340698242, 8.644558906555176, 1.1804808378219604], [-0.436776340007782, 0.9646992683410645, -0.3259457051753998]], "brockpiece6": [[0.4607304334640503, -0.813167154788971, -3.7482869625091553], [-27.71227264404297, 35.55805206298828, -58.88017272949219], [-0.01387631893157959, 0.9064578413963318, -0.06759907305240631]], "brockpiece7": [[0.9541363716125488, -1.1584033966064453, -4.1860671043396], [-161.26580810546875, 5.0369110107421875, -106.30823516845703], [-0.016788214445114136, 1.2991664409637451, -0.5754176378250122]], "brockpiece8": [[1.5568206310272217, -1.0744857788085938, -5.263648509979248], [-151.0299835205078, -4.3065595626831055, -103.6361312866211], [-0.10184786468744278, 1.4046438932418823, 0.10018877685070038]], "brockpiece9": [[-0.9806237816810608, -0.7644147872924805, -1.5830574035644531], [9.632144927978516, 7.452611446380615, 7.975584030151367], [0.009604007937014103, 0.8276886940002441, 0.4656519293785095]], "brockpiece10": [[0.04551786929368973, -0.24375075101852417, -1.3262999057769775], [14.207763671875, 5.304296016693115, -173.94342041015625], [0.026453230530023575, 0.7262305021286011, -0.09866398572921753]], "brockpiece11": [[-0.13765797019004822, -0.6238416433334351, -2.1270105838775635], [-13.083854675292969, -17.40648078918457, 32.656620025634766], [0.023447148501873016, 0.6883174180984497, -0.6239317655563354]], "brockpiece12": [[-0.01591263711452484, -0.1383143663406372, -1.37235689163208], [-3.118619203567505, -8.228381156921387, 7.71314001083374], [0.057196881622076035, 0.6268966794013977, -0.06759794801473618]], "brockpiece13": [[-0.03888630121946335, -0.13124661147594452, -0.9446688890457153], [-16.9955997467041, -11.98750114440918, 1.7469435930252075], [0.10751569271087646, 0.33034080266952515, -0.6997447609901428]], "brockpiece14": [[-0.09974558651447296, -0.05881723761558533, -0.9577004313468933], [2.0908493995666504, -9.289118766784668, -7.039474010467529], [0.1765923947095871, 0.3738964796066284, -0.06937721371650696]], "brockpiece15": [[-0.041598886251449585, -0.0001138150691986084, -0.07454345375299454], [-0.0034110895358026028, 4.417680263519287, -0.01885955035686493], [0.32439151406288147, 0.17386914789676666, 0.1606941819190979]], "brockpiece16": [[-0.12421102821826935, -0.0007753521203994751, -0.3076803386211395], [-0.0009605227969586849, -8.030349731445312, 0.013562857173383236], [0.2422737032175064, 0.13469432294368744, -0.2985038757324219]], "brockpiece17": [[0.0750710591673851, 0.04880070686340332, -0.9266015887260437], [-2.8561434745788574, -2.6222431659698486, 13.510298728942871], [0.05579742044210434, 0.8304786086082458, -0.06759888678789139]], "brockpiece18": [[0.05167049169540405, 8.559226989746094e-05, -0.9466676115989685], [0.00029457794153131545, -4.4290876388549805, -0.0002962905855383724], [0.7751116156578064, 1.1647822856903076, 0.4550911784172058]], "brockpiece19": [[0.6121861338615417, -0.7598477005958557, -3.1633896827697754], [-142.01107788085938, 5.496387004852295, -95.052001953125], [0.04745550453662872, 0.8352649807929993, -0.8555060029029846]], "brockpiece20": [[0.10873237997293472, -0.10545098781585693, -2.2844178676605225], [3.224017381668091, -29.840618133544922, -68.13445281982422], [0.0324799083173275, 0.8903895616531372, 0.1047213077545166]], "brockpiece21": [[0.06723654270172119, 8.869171142578125e-05, -0.9936794638633728], [2.486628293991089, 8.412147521972656, 158.0454559326172], [0.15945503115653992, 1.6952928304672241, 0.277337908744812]], "brockpiece22": [[-0.29891252517700195, -1.771071195602417, -6.508497714996338], [151.26309204101562, 9.462447166442871, -33.0272102355957], [0.5310609936714172, 1.9953807592391968, -0.3219248354434967]], "brockpiece23": [[0.15615597367286682, -0.4359537363052368, -2.8471953868865967], [-14.536614418029785, 23.643695831298828, 59.83421325683594], [-0.0681355819106102, 0.8056530356407166, -0.06759854406118393]], "brockpiece24": [[0.058982789516448975, -0.09464114904403687, -2.6216177940368652], [-18.186166763305664, 1.9496053457260132, -30.800817489624023], [-0.3838520646095276, 0.746596097946167, 0.4647919237613678]], "brockpiece25": [[-0.2506061792373657, -0.01260530948638916, -2.3931174278259277], [-0.013648437336087227, 0.06349005550146103, -1.3935356140136719], [-1.032001256942749, 0.5244100093841553, 0.6970614790916443]], "brockpiece26": [[-0.8857133984565735, -0.6587612628936768, -1.1276814937591553], [21.771507263183594, -4.932510852813721, 26.111604690551758], [-0.012171115726232529, 0.7901149392127991, 0.14576949179172516]], "brockpiece27": [[-0.3252512216567993, -0.6682438850402832, -2.9133052825927734], [4.491403102874756, 2.8591086864471436, -10.849944114685059], [-0.029545554891228676, 0.7074200510978699, -0.5648927092552185]], "brockpiece28": [[-1.3945738077163696, -0.8064121007919312, -1.7273640632629395], [36.444793701171875, 32.2857780456543, -92.55574798583984], [-0.05280172452330589, 0.875779390335083, 0.7411666512489319]], "brockpiece29": [[0.05203104764223099, -0.3254595100879669, -2.6542437076568604], [-9.814763069152832, -4.882137775421143, -13.626357078552246], [-0.1528574824333191, 0.604702889919281, -0.03537474945187569]], "brockpiece30": [[0.046725496649742126, -0.3185867369174957, -2.549464702606201], [-9.779703140258789, -6.9512457847595215, -12.848347663879395], [-0.212638720870018, 0.5194345116615295, -0.6746488809585571]], "brockpiece31": [[-0.05008411407470703, -0.11745047569274902, -2.560781240463257], [-9.779681205749512, -6.951263904571533, -12.848456382751465], [-0.3032321333885193, 0.4032418727874756, 0.2416532039642334]], "brockpiece32": [[0.06581837683916092, -0.14712858200073242, -2.40183687210083], [35.057769775390625, 22.48443603515625, 151.155029296875], [-0.014846060425043106, 0.7332823276519775, -0.067598357796669]], "brockpiece33": [[-0.18026813864707947, 0.0002288520336151123, -1.3380531072616577], [-0.013888644054532051, -4.5636162757873535, 0.20545504987239838], [-0.07364655286073685, 0.3388040363788605, 0.1644446849822998]], "brockpiece34": [[-0.05222506448626518, 0.00325581431388855, -1.247758388519287], [-0.3489101827144623, -8.389190673828125, -0.24232737720012665], [-0.040006935596466064, 0.3192813992500305, -0.5479322671890259]], "brockpiece35": [[-0.007591359317302704, -0.11348855495452881, -1.4926127195358276], [-17.207630157470703, 0.6359098553657532, 47.18828201293945], [0.03971529006958008, 0.7414476275444031, -0.4923132658004761]], "brockpiece36": [[-0.03347744047641754, -0.1494395136833191, -1.294289469718933], [-19.015382766723633, -24.360164642333984, -148.25804138183594], [0.04695548489689827, 0.8178877234458923, 0.2522242069244385]], "brockpiece37": [[-1.2959914207458496, -0.8555765151977539, -1.877457857131958], [-129.7469024658203, 19.724246978759766, 52.760765075683594], [0.018796933814883232, 0.8953180909156799, 0.6815259456634521]],