{"brockpiece0": [[-0.17466050386428833, -0.7436714172363281, -3.421727180480957], [97.97901153564453, 17.345932006835938, 93.66819763183594], [-0.04771063104271889, 0.8072485327720642, -0.47105833888053894]], "brockpiece1": [[0.16905280947685242, -0.2773982882499695, -3.090543270111084], [17.13271713256836, 54.834197998046875, 122.35490417480469], [-0.060903601348400116, 0.894946277141571, 0.4562895596027374]], "brockpiece2": [[0.5838355422019958, -0.8018916249275208, -3.673935651779175], [-4.202096462249756, 8.324798583984375, -52.04206085205078], [-0.1568758189678192, 0.8655882477760315, -0.5483085513114929]], "brockpiece3": [[0.18179428577423096, -0.4196721315383911, -3.161547899246216], [-13.483196258544922, 21.783973693847656, 61.90171813964844], [-0.22012151777744293, 0.9278489947319031, 0.3253736197948456]], "brockpiece4": [[0.25652527809143066, -0.08418828248977661, -2.7444558143615723], [-20.86636734008789, -1.3648499250411987, -48.45549392700195], [-0.4135969281196594, 0.9918517470359802, 0.46200042963027954]], "brockpiece5": [[-0.05091586709022522, 0.029509544372558594, -2.4027562141418457], [-5.186130523681641, 9.098194122314453, 1.4925968647003174], [-0.436776340007782, 0.9646992683410645, -0.3259457051753998]], "brockpiece6": [[0.44172021746635437, -0.810749888420105, -3.7447762489318848], [-31.432178497314453, 32.046607971191406, -65.6258773803711], [-0.01387631893157959, 0.9064578413963318, -0.06759907305240631]], "brockpiece7": [[0.953804612159729, -1.1579302549362183, -4.18660306930542], [-161.15713500976562, 4.733002662658691, -106.02113342285156], [-0.016788214445114136, 1.2991664409637451, -0.5754176378250122]], "brockpiece8": [[1.5455905199050903, -1.061539649963379, -5.265860080718994], [-151.0482177734375, -5.511497497558594, -100.44465637207031], [-0.10184786468744278, 1.4046438932418823, 0.10018877685070038]], "brockpiece9": [[-1.0699304342269897, -0.7423999309539795, -1.6481704711914062], [8.883234977722168, 1.6473416090011597, 40.86445999145508], [0.009604007937014103, 0.8276886940002441, 0.4656519293785095]], "brockpiece10": [[0.04627443850040436, -0.2420201599597931, -1.326788067817688], [14.56078815460205, 5.439557075500488, -174.6494903564453], [0.026453230530023575, 0.7262305021286011, -0.09866398572921753]], "brockpiece11": [[-0.13003303110599518, -0.6202930212020874, -2.12480092048645], [-9.231139183044434, -19.43126678466797, 22.175539016723633], [0.023447148501873016, 0.6883174180984497, -0.6239317655563354]], "brockpiece12": [[-0.014226719737052917, -0.1376066505908966, -1.3739465475082397], [-3.1614930629730225, -8.171945571899414, 7.516034126281738], [0.057196881622076035, 0.6268966794013977, -0.06759794801473618]], "brockpiece13": [[-0.0380963459610939, -0.13160423934459686, -0.9453775882720947], [-16.857763290405273, -12.130615234375, 1.7161352634429932], [0.10751569271087646, 0.33034080266952515, -0.6997447609901428]], "brockpiece14": [[-0.09800329059362411, -0.05791211128234863, -0.9600088000297546], [2.0781490802764893, -9.274808883666992, -7.092898845672607], [0.1765923947095871, 0.3738964796066284, -0.06937721371650696]], "brockpiece15": [[-0.04194876551628113, -0.00017648935317993164, -0.07448391616344452], [-0.03269330784678459, 4.392026424407959, 0.14418885111808777], [0.32439151406288147, 0.17386914789676666, 0.1606941819190979]], "brockpiece16": [[-0.12478483468294144, -0.0007454454898834229, -0.3104143440723419], [-0.008793815039098263, -8.107025146484375, -0.008977503515779972], [0.2422737032175064, 0.13469432294368744, -0.2985038757324219]], "brockpiece17": [[0.07476211339235306, 0.05079561471939087, -0.9293807744979858], [-2.624232053756714, -3.1519992351531982, 11.116634368896484], [0.05579742044210434, 0.8304786086082458, -0.06759888678789139]], "brockpiece18": [[0.05165177583694458, 8.761882781982422e-05, -0.9466962814331055], [0.00023977317323442549, -4.430479526519775, 0.0003922005125787109], [0.7751116156578064, 1.1647822856903076, 0.4550911784172058]], "brockpiece19": [[0.6146787405014038, -0.7595595717430115, -3.1588335037231445], [-139.01882934570312, 8.1087064743042, -99.47633361816406], [0.04745550453662872, 0.8352649807929993, -0.8555060029029846]], "brockpiece20": [[0.11033117026090622, -0.1221359372138977, -2.273855686187744], [-6.184601306915283, -21.762540817260742, -47.2581787109375], [0.0324799083173275, 0.8903895616531372, 0.1047213077545166]], "brockpiece21": [[0.06722258031368256, 9.059906005859375e-05, -0.9937204718589783], [1.9588602299336344e-05, -4.430056571960449, 0.0002628939982969314], [0.15945503115653992, 1.6952928304672241, 0.277337908744812]], "brockpiece22": [[-0.32592302560806274, -1.7485097646713257, -6.4988179206848145], [153.32948303222656, 10.715922355651855, -27.60489273071289], [0.5310609936714172, 1.9953807592391968, -0.3219248354434967]], "brockpiece23": [[0.1571350395679474, -0.4396359622478485, -2.8404300212860107], [-18.454158782958984, 18.32612419128418, 45.99944305419922], [-0.0681355819106102, 0.8056530356407166, -0.06759854406118393]], "brockpiece24": [[0.06600210070610046, -0.09015887975692749, -2.6231038570404053], [-18.262985229492188, 1.913590669631958, -31.037199020385742], [-0.3838520646095276, 0.746596097946167, 0.4647919237613678]], "brockpiece25": [[-0.25456905364990234, -0.009444832801818848, -2.3957695960998535], [0.7896113991737366, 0.2558974027633667, -1.4274951219558716], [-1.032001256942749, 0.5244100093841553, 0.6970614790916443]], "brockpiece26": [[-0.9600682258605957, -0.6703797578811646, -1.2987043857574463], [3.12334942817688, 23.272951126098633, -53.948307037353516], [-0.012171115726232529, 0.7901149392127991, 0.14576949179172516]], "brockpiece27": [[-0.32323962450027466, -0.6693568825721741, -2.9132864475250244], [4.428722858428955, 2.535757541656494, -15.208377838134766], [-0.029545554891228676, 0.7074200510978699, -0.5648927092552185]], "brockpiece28": [[-1.3757336139678955, -0.8377774357795715, -1.7368569374084473], [22.767044067382812, 34.379154205322266, -158.14984130859375], [-0.05280172452330589, 0.875779390335083, 0.7411666512489319]], "brockpiece29": [[0.05529480427503586, -0.32398244738578796, -2.655977725982666], [-10.121335983276367, -4.785956382751465, -14.002607345581055], [-0.1528574824333191, 0.604702889919281, -0.03537474945187569]], "brockpiece30": [[0.04794256389141083, -0.3177639842033386, -2.551609992980957], [-9.815991401672363, -6.894445896148682, -13.833379745483398], [-0.212638720870018, 0.5194345116615295, -0.6746488809585571]], "brockpiece31": [[-0.04636499285697937, -0.11306628584861755, -2.5627522468566895], [-9.815971374511719, -6.894456386566162, -13.833478927612305], [-0.3032321333885193, 0.4032418727874756, 0.2416532039642334]], "brockpiece32": [[0.05411730334162712, -0.14466792345046997, -2.4026715755462646], [37.72820281982422, 18.18529510498047, 159.49375915527344], [-0.014846060425043106, 0.7332823276519775, -0.067598357796669]], "brockpiece33": [[-0.17748883366584778, -0.0003769397735595703, -1.3398569822311401], [0.0009252981399185956, -4.559940338134766, 0.04812418669462204], [-0.07364655286073685, 0.3388040363788605, 0.1644446849822998]], "brockpiece34": [[-0.05037030205130577, 0.004982262849807739, -1.2487261295318604], [-0.3945161998271942, -8.633970260620117, -0.670133650302887], [-0.040006935596466064, 0.3192813992500305, -0.5479322671890259]], "brockpiece35": [[-0.002290196716785431, -0.11055189371109009, -1.4932600259780884], [-16.089662551879883, 2.299445390701294, 51.887351989746094], [0.03971529006958008, 0.7414476275444031, -0.4923132658004761]], "brockpiece36": [[-0.0335223525762558, -0.14645498991012573, -1.2956018447875977], [-17.518512725830078, -24.17800521850586, -148.9892578125], [0.04695548489689827, 0.8178877234458923, 0.2522242069244385]], "brockpiece37": [[-1.2207515239715576, -0.9308520555496216, -1.9854693412780762], [-145.1606903076172, 11.899219512939453, 45.10763168334961], [0.018796933814883232, 0.8953180909156799, 0.6815259456634521]],