{"brockpiece0": [[-0.17864859104156494, -0.791081428527832, -3.4770565032958984], [-107.71017456054688, 72.03043365478516, -110.76720428466797], [-0.04771063104271889, 0.8072485327720642, -0.47105833888053894]], "brockpiece1": [[0.27994152903556824, -0.45373785495758057, -3.079977512359619], [-40.8857307434082, 62.8671875, 40.90003204345703], [-0.060903601348400116, 0.894946277141571, 0.4562895596027374]], "brockpiece2": [[0.5832828283309937, -0.8016204833984375, -3.6773951053619385], [-4.6561174392700195, 8.091548919677734, -54.999732971191406], [-0.1568758189678192, 0.8655882477760315, -0.5483085513114929]], "brockpiece3": [[0.17368397116661072, -0.4576995372772217, -3.1809675693511963], [-13.903013229370117, 19.206279754638672, 51.87545394897461], [-0.22012151777744293, 0.9278489947319031, 0.3253736197948456]], "brockpiece4": [[0.269188791513443, -0.11631673574447632, -2.7866060733795166], [-28.785131454467773, -12.817444801330566, -50.03073501586914], [-0.4135969281196594, 0.9918517470359802, 0.46200042963027954]], "brockpiece5": [[-0.043722569942474365, 0.02373296022415161, -2.4056293964385986], [-4.920375823974609, 9.315508842468262, 2.2522854804992676], [-0.436776340007782, 0.9646992683410645, -0.3259457051753998]], "brockpiece6": [[0.5530752539634705, -0.7627037167549133, -3.7702720165252686], [45.96485137939453, 17.69839096069336, 70.52178955078125], [-0.01387631893157959, 0.9064578413963318, -0.06759907305240631]], "brockpiece7": [[0.9527953863143921, -1.1584070920944214, -4.184657573699951], [-161.34744262695312, 5.011900424957275, -106.3134536743164], [-0.016788214445114136, 1.2991664409637451, -0.5754176378250122]], "brockpiece8": [[1.6033836603164673, -1.0935306549072266, -5.23477840423584], [-152.19943237304688, 4.46262264251709, -115.96435546875], [-0.10184786468744278, 1.4046438932418823, 0.10018877685070038]], "brockpiece9": [[-0.9016271829605103, -0.7490127682685852, -1.596527099609375], [27.099218368530273, 15.070981979370117, -62.93896484375], [0.009604007937014103, 0.8276886940002441, 0.4656519293785095]], "brockpiece10": [[0.04340841621160507, -0.24996474385261536, -1.3275519609451294], [14.702332496643066, 5.630223274230957, -174.5142364501953], [0.026453230530023575, 0.7262305021286011, -0.09866398572921753]], "brockpiece11": [[-0.13428844511508942, -0.6248605847358704, -2.1284542083740234], [-14.855384826660156, -17.96490478515625, 35.58822250366211], [0.023447148501873016, 0.6883174180984497, -0.6239317655563354]], "brockpiece12": [[-0.02071995660662651, -0.1404476761817932, -1.3733657598495483], [-3.15478777885437, -8.223273277282715, 7.711018085479736], [0.057196881622076035, 0.6268966794013977, -0.06759794801473618]], "brockpiece13": [[-0.04112663120031357, -0.13904264569282532, -0.9445270299911499], [-15.127921104431152, -12.181225776672363, 2.211738109588623], [0.10751569271087646, 0.33034080266952515, -0.6997447609901428]], "brockpiece14": [[-0.10653095692396164, -0.06164652109146118, -0.9558969140052795], [2.3090250492095947, -9.573993682861328, -6.7748589515686035], [0.1765923947095871, 0.3738964796066284, -0.06937721371650696]], "brockpiece15": [[-0.042871713638305664, -0.00013463199138641357, -0.07557404041290283], [-0.019688531756401062, 4.626964092254639, 0.08538760989904404], [0.32439151406288147, 0.17386914789676666, 0.1606941819190979]], "brockpiece16": [[-0.12172163277864456, -0.0004936009645462036, -0.30519184470176697], [0.0007863830542191863, -7.82074499130249, -0.004203810356557369], [0.2422737032175064, 0.13469432294368744, -0.2985038757324219]], "brockpiece17": [[0.08611198514699936, 0.03173607587814331, -0.9241810441017151], [-2.507051944732666, -1.9599684476852417, 17.444761276245117], [0.05579742044210434, 0.8304786086082458, -0.06759888678789139]], "brockpiece18": [[0.05189698934555054, 8.106231689453125e-05, -0.9465770721435547], [0.0006216981564648449, -4.43109130859375, 0.00014728937821928412], [0.7751116156578064, 1.1647822856903076, 0.4550911784172058]], "brockpiece19": [[0.5998539924621582, -0.7598372101783752, -3.1805477142333984], [-151.48533630371094, -6.613492012023926, -81.46170043945312], [0.04745550453662872, 0.8352649807929993, -0.8555060029029846]], "brockpiece20": [[0.12647801637649536, -0.08690845966339111, -2.3324499130249023], [36.04910659790039, -21.066143035888672, -125.44312286376953], [0.0324799083173275, 0.8903895616531372, 0.1047213077545166]], "brockpiece21": [[0.06746923923492432, 8.392333984375e-05, -0.9936074614524841], [-0.0001867877144832164, -4.430870532989502, 0.0005120873684063554], [0.15945503115653992, 1.6952928304672241, 0.277337908744812]], "brockpiece22": [[-0.2982136905193329, -1.7750682830810547, -6.500748634338379], [152.3538360595703, 9.817156791687012, -31.614835739135742], [0.5310609936714172, 1.9953807592391968, -0.3219248354434967]], "brockpiece23": [[0.14734768867492676, -0.4196864068508148, -2.8822860717773438], [-2.8354339599609375, 26.82080841064453, 88.75247955322266], [-0.0681355819106102, 0.8056530356407166, -0.06759854406118393]], "brockpiece24": [[0.05466601252555847, -0.1059768795967102, -2.6347010135650635], [-17.100730895996094, 1.296202540397644, -34.2844352722168], [-0.3838520646095276, 0.746596097946167, 0.4647919237613678]], "brockpiece25": [[-0.25419914722442627, -0.022633254528045654, -2.3946893215179443], [-0.04266061633825302, 0.9668885469436646, -2.5074069499969482], [-1.032001256942749, 0.5244100093841553, 0.6970614790916443]], "brockpiece26": [[-0.7758182287216187, -0.7444900870323181, -1.0895354747772217], [-26.566701889038086, 35.026275634765625, 135.7350616455078], [-0.012171115726232529, 0.7901149392127991, 0.14576949179172516]], "brockpiece27": [[-0.322506844997406, -0.6675512194633484, -2.9136364459991455], [4.483277320861816, 3.120020627975464, -8.361063957214355], [-0.029545554891228676, 0.7074200510978699, -0.5648927092552185]], "brockpiece28": [[-1.5541532039642334, -0.8375198245048523, -1.8785227537155151], [24.82759666442871, 76.16107177734375, -159.9262237548828], [-0.05280172452330589, 0.875779390335083, 0.7411666512489319]], "brockpiece29": [[0.0531136617064476, -0.3329041302204132, -2.6584229469299316], [-8.712288856506348, -5.267469882965088, -14.072096824645996], [-0.1528574824333191, 0.604702889919281, -0.03537474945187569]], "brockpiece30": [[0.04736320674419403, -0.3195004463195801, -2.5519933700561523], [-9.835567474365234, -6.88901424407959, -11.116120338439941], [-0.212638720870018, 0.5194345116615295, -0.6746488809585571]], "brockpiece31": [[-0.05078542232513428, -0.12337583303451538, -2.563128709793091], [-9.835539817810059, -6.889033317565918, -11.116231918334961], [-0.3032321333885193, 0.4032418727874756, 0.2416532039642334]], "brockpiece32": [[0.07098853588104248, -0.14825552701950073, -2.4068522453308105], [34.97719192504883, 22.54086685180664, 152.2858428955078], [-0.014846060425043106, 0.7332823276519775, -0.067598357796669]], "brockpiece33": [[-0.18380621075630188, -0.00013557076454162598, -1.3335779905319214], [-0.006561781279742718, -5.237497806549072, 0.04148305580019951], [-0.07364655286073685, 0.3388040363788605, 0.1644446849822998]], "brockpiece34": [[-0.0529358796775341, 0.0018480420112609863, -1.2524504661560059], [0.04434708133339882, -9.051229476928711, -0.6466361880302429], [-0.040006935596466064, 0.3192813992500305, -0.5479322671890259]], "brockpiece35": [[0.05397740378975868, -0.13830482959747314, -1.4695171117782593], [11.675487518310547, -18.930648803710938, -60.26704025268555], [0.03971529006958008, 0.7414476275444031, -0.4923132658004761]], "brockpiece36": [[-0.03024301864206791, -0.16228389739990234, -1.2973551750183105], [-23.403507232666016, -24.54920768737793, -150.0297088623047], [0.04695548489689827, 0.8178877234458923, 0.2522242069244385]], "brockpiece37": [[-1.3079404830932617, -0.8387678265571594, -1.8690359592437744], [-103.7851333618164, -29.557191848754883, 91.98076629638672], [0.018796933814883232, 0.8953180909156799, 0.6815259456634521]],