{"brockpiece0": [[-0.16622218489646912, -0.7208425402641296, -3.310013771057129], [102.26985931396484, -66.73905181884766, 81.86988830566406], [-0.04771063104271889, 0.8072485327720642, -0.47105833888053894]], "brockpiece1": [[0.27397796511650085, -0.4530496597290039, -3.092543601989746], [-6.639505386352539, 71.58589172363281, 80.64388275146484], [-0.060903601348400116, 0.894946277141571, 0.4562895596027374]], "brockpiece2": [[0.5721128582954407, -0.8027524352073669, -3.674628973007202], [-3.7361860275268555, 9.291467666625977, -45.71017074584961], [-0.1568758189678192, 0.8655882477760315, -0.5483085513114929]], "brockpiece3": [[0.18264730274677277, -0.47705477476119995, -3.200164556503296], [-14.88542366027832, 17.17926597595215, 46.67215347290039], [-0.22012151777744293, 0.9278489947319031, 0.3253736197948456]], "brockpiece4": [[0.2628060579299927, -0.16017717123031616, -2.78635573387146], [-10.280037879943848, -12.891596794128418, -61.63019943237305], [-0.4135969281196594, 0.9918517470359802, 0.46200042963027954]], "brockpiece5": [[-0.03926524519920349, 0.023700296878814697, -2.4110054969787598], [-5.0051703453063965, 9.341514587402344, 2.251351833343506], [-0.436776340007782, 0.9646992683410645, -0.3259457051753998]], "brockpiece6": [[0.50047367811203, -0.7074320912361145, -3.7427279949188232], [49.421836853027344, -23.519392013549805, 117.58619689941406], [-0.01387631893157959, 0.9064578413963318, -0.06759907305240631]], "brockpiece7": [[0.9512829780578613, -1.1584028005599976, -4.181806564331055], [-161.35888671875, 5.008774280548096, -106.3154525756836], [-0.016788214445114136, 1.2991664409637451, -0.5754176378250122]], "brockpiece8": [[1.585422396659851, -1.0918681621551514, -5.263792991638184], [-150.79415893554688, -2.243290424346924, -109.15654754638672], [-0.10184786468744278, 1.4046438932418823, 0.10018877685070038]], "brockpiece9": [[-1.0663810968399048, -0.790397047996521, -1.5540770292282104], [50.107303619384766, 19.395421981811523, -92.02525329589844], [0.009604007937014103, 0.8276886940002441, 0.4656519293785095]], "brockpiece10": [[0.0401172935962677, -0.2594788372516632, -1.3284130096435547], [16.572832107543945, 6.391549587249756, -175.01295471191406], [0.026453230530023575, 0.7262305021286011, -0.09866398572921753]], "brockpiece11": [[-0.13479302823543549, -0.6257146000862122, -2.1291840076446533], [-15.720160484313965, -17.565919876098633, 37.6713981628418], [0.023447148501873016, 0.6883174180984497, -0.6239317655563354]], "brockpiece12": [[-0.029403580352663994, -0.14359799027442932, -1.3715037107467651], [-3.2427985668182373, -7.777583599090576, 8.362404823303223], [0.057196881622076035, 0.6268966794013977, -0.06759794801473618]], "brockpiece13": [[-0.044193536043167114, -0.14498715102672577, -0.9476560354232788], [-13.562822341918945, -12.876445770263672, 1.947277307510376], [0.10751569271087646, 0.33034080266952515, -0.6997447609901428]], "brockpiece14": [[-0.11531214416027069, -0.06661999225616455, -0.9512839913368225], [2.7125051021575928, -9.734604835510254, -6.144482135772705], [0.1765923947095871, 0.3738964796066284, -0.06937721371650696]], "brockpiece15": [[-0.042657822370529175, -9.296834468841553e-05, -0.07624536007642746], [0.0031627498101443052, 4.892497539520264, -0.02885340340435505], [0.32439151406288147, 0.17386914789676666, 0.1606941819190979]], "brockpiece16": [[-0.11290693283081055, -0.000613972544670105, -0.2969471514225006], [0.005209929309785366, -7.019234657287598, 0.011984599754214287], [0.2422737032175064, 0.13469432294368744, -0.2985038757324219]], "brockpiece17": [[0.09159313887357712, 0.016844213008880615, -0.9288204312324524], [-2.779850482940674, -0.12188101559877396, 31.658288955688477], [0.05579742044210434, 0.8304786086082458, -0.06759888678789139]], "brockpiece18": [[0.05250954627990723, 8.547306060791016e-05, -0.9465531706809998], [0.00022264671861194074, -4.431115627288818, 0.0003716487844940275], [0.7751116156578064, 1.1647822856903076, 0.4550911784172058]], "brockpiece19": [[0.5685170888900757, -0.764518141746521, -3.19753360748291], [-163.7213592529297, -17.15314292907715, -51.448890686035156], [0.04745550453662872, 0.8352649807929993, -0.8555060029029846]], "brockpiece20": [[0.1086820736527443, -0.1271803379058838, -2.339057445526123], [25.2542667388916, -19.73586654663086, -93.6305160522461], [0.0324799083173275, 0.8903895616531372, 0.1047213077545166]], "brockpiece21": [[0.06808359920978546, 8.726119995117188e-05, -0.9935863018035889], [4.70983422928839e-06, -4.431056976318359, 9.93346911855042e-05], [0.15945503115653992, 1.6952928304672241, 0.277337908744812]], "brockpiece22": [[-0.297872394323349, -1.776637315750122, -6.501610279083252], [152.2655029296875, 9.819816589355469, -31.861942291259766], [0.5310609936714172, 1.9953807592391968, -0.3219248354434967]], "brockpiece23": [[0.15312618017196655, -0.42667073011398315, -2.9006154537200928], [-1.8666133880615234, 25.369863510131836, 93.95926666259766], [-0.0681355819106102, 0.8056530356407166, -0.06759854406118393]], "brockpiece24": [[0.051647335290908813, -0.10837852954864502, -2.641646385192871], [-16.917470932006836, 1.2556425333023071, -35.69723129272461], [-0.3838520646095276, 0.746596097946167, 0.4647919237613678]], "brockpiece25": [[-0.26042640209198, -0.02455952763557434, -2.3907580375671387], [-0.05150957778096199, 1.125109076499939, -2.7159788608551025], [-1.032001256942749, 0.5244100093841553, 0.6970614790916443]], "brockpiece26": [[-0.6947953701019287, -0.7066778540611267, -1.0253609418869019], [32.79960250854492, 8.884804725646973, 64.61211395263672], [-0.012171115726232529, 0.7901149392127991, 0.14576949179172516]], "brockpiece27": [[-0.32160764932632446, -0.6668224334716797, -2.914393901824951], [4.576455116271973, 3.072129487991333, -6.033926010131836], [-0.029545554891228676, 0.7074200510978699, -0.5648927092552185]], "brockpiece28": [[-1.5392348766326904, -0.833714485168457, -2.0006093978881836], [-140.8259735107422, 44.55192184448242, 32.42270278930664], [-0.05280172452330589, 0.875779390335083, 0.7411666512489319]], "brockpiece29": [[0.05392402410507202, -0.33577650785446167, -2.660933494567871], [-8.229328155517578, -5.955931663513184, -14.797708511352539], [-0.1528574824333191, 0.604702889919281, -0.03537474945187569]], "brockpiece30": [[0.04364195466041565, -0.3193695545196533, -2.5525426864624023], [-10.050603866577148, -6.844649314880371, -10.063140869140625], [-0.212638720870018, 0.5194345116615295, -0.6746488809585571]], "brockpiece31": [[-0.054629355669021606, -0.12344348430633545, -2.563681125640869], [-10.05058479309082, -6.84466552734375, -10.063239097595215], [-0.3032321333885193, 0.4032418727874756, 0.2416532039642334]], "brockpiece32": [[0.07753090560436249, -0.15491962432861328, -2.4155147075653076], [35.07390213012695, 21.51739501953125, 154.78634643554688], [-0.014846060425043106, 0.7332823276519775, -0.067598357796669]], "brockpiece33": [[-0.19156575202941895, -3.5256147384643555e-05, -1.328713297843933], [-0.00885865930467844, -5.71669864654541, 0.0580456480383873], [-0.07364655286073685, 0.3388040363788605, 0.1644446849822998]], "brockpiece34": [[-0.055756110697984695, 0.0007391870021820068, -1.2541897296905518], [0.06085202470421791, -9.754524230957031, -0.35759463906288147], [-0.040006935596466064, 0.3192813992500305, -0.5479322671890259]], "brockpiece35": [[0.12150360643863678, -0.1686885952949524, -1.449083685874939], [16.375469207763672, 1.549625277519226, -128.4901123046875], [0.03971529006958008, 0.7414476275444031, -0.4923132658004761]], "brockpiece36": [[-0.018999576568603516, -0.18472880125045776, -1.278880000114441], [-14.657590866088867, -13.75831127166748, -152.21640014648438], [0.04695548489689827, 0.8178877234458923, 0.2522242069244385]], "brockpiece37": [[-1.3214374780654907, -0.8367040157318115, -1.8633918762207031], [-110.58212280273438, -34.5321159362793, 99.20918273925781], [0.018796933814883232, 0.8953180909156799, 0.6815259456634521]],