{"brockpiece0": [[-0.17853400111198425, -0.7901023030281067, -3.4746580123901367], [-124.45152282714844, 79.5022201538086, -127.4798583984375], [-0.04771063104271889, 0.8072485327720642, -0.47105833888053894]], "brockpiece1": [[0.28086769580841064, -0.4527798593044281, -3.0829570293426514], [-39.269683837890625, 64.37262725830078, 44.02342987060547], [-0.060903601348400116, 0.894946277141571, 0.4562895596027374]], "brockpiece2": [[0.5803660750389099, -0.8018957376480103, -3.6763670444488525], [-4.412017345428467, 8.533519744873047, -51.93388748168945], [-0.1568758189678192, 0.8655882477760315, -0.5483085513114929]], "brockpiece3": [[0.17470571398735046, -0.461489737033844, -3.1820995807647705], [-14.155184745788574, 18.81977081298828, 50.872737884521484], [-0.22012151777744293, 0.9278489947319031, 0.3253736197948456]], "brockpiece4": [[0.2702186703681946, -0.12218743562698364, -2.7849478721618652], [-26.880754470825195, -12.916010856628418, -51.41896438598633], [-0.4135969281196594, 0.9918517470359802, 0.46200042963027954]], "brockpiece5": [[-0.042779892683029175, 0.024281978607177734, -2.4066789150238037], [-4.979074954986572, 9.370142936706543, 2.250487804412842], [-0.436776340007782, 0.9646992683410645, -0.3259457051753998]], "brockpiece6": [[0.5340856313705444, -0.7409201860427856, -3.766254186630249], [50.736454010009766, 6.27849006652832, 88.59306335449219], [-0.01387631893157959, 0.9064578413963318, -0.06759907305240631]], "brockpiece7": [[0.9526824355125427, -1.1584091186523438, -4.184497833251953], [-161.35174560546875, 5.007680892944336, -106.31111145019531], [-0.016788214445114136, 1.2991664409637451, -0.5754176378250122]], "brockpiece8": [[1.5939406156539917, -1.0909901857376099, -5.246387481689453], [-151.47268676757812, 1.1074291467666626, -112.65705108642578], [-0.10184786468744278, 1.4046438932418823, 0.10018877685070038]], "brockpiece9": [[-1.012725830078125, -0.6929243803024292, -1.5806454420089722], [2.52319073677063, -7.649489402770996, 83.92056274414062], [0.009604007937014103, 0.8276886940002441, 0.4656519293785095]], "brockpiece10": [[0.04327423870563507, -0.25166743993759155, -1.3272395133972168], [14.82681941986084, 5.757115364074707, -174.37840270996094], [0.026453230530023575, 0.7262305021286011, -0.09866398572921753]], "brockpiece11": [[-0.133615180850029, -0.6246241927146912, -2.1281561851501465], [-14.635348320007324, -18.151342391967773, 34.924442291259766], [0.023447148501873016, 0.6883174180984497, -0.6239317655563354]], "brockpiece12": [[-0.021441463381052017, -0.14127618074417114, -1.372981071472168], [-3.0648958683013916, -8.289790153503418, 7.612735271453857], [0.057196881622076035, 0.6268966794013977, -0.06759794801473618]], "brockpiece13": [[-0.0416097491979599, -0.14042997360229492, -0.9446495771408081], [-14.646185874938965, -12.243847846984863, 1.660518765449524], [0.10751569271087646, 0.33034080266952515, -0.6997447609901428]], "brockpiece14": [[-0.10745576024055481, -0.06244862079620361, -0.9554582238197327], [2.361597776412964, -9.618704795837402, -6.804080486297607], [0.1765923947095871, 0.3738964796066284, -0.06937721371650696]], "brockpiece15": [[-0.04270392656326294, -0.0002832263708114624, -0.07559686154127121], [-0.01271969173103571, 4.675188064575195, 0.005912418942898512], [0.32439151406288147, 0.17386914789676666, 0.1606941819190979]], "brockpiece16": [[-0.12109030038118362, -0.0007192045450210571, -0.30442801117897034], [-0.005719963926821947, -7.777158260345459, 0.009165040217339993], [0.2422737032175064, 0.13469432294368744, -0.2985038757324219]], "brockpiece17": [[0.08886808902025223, 0.027341723442077637, -0.9242969155311584], [-2.328596830368042, -1.7673544883728027, 18.39436912536621], [0.05579742044210434, 0.8304786086082458, -0.06759888678789139]], "brockpiece18": [[0.05188637971878052, 7.367134094238281e-05, -0.9465785026550293], [0.00021750877203885466, -4.431288719177246, 0.0007227457244880497], [0.7751116156578064, 1.1647822856903076, 0.4550911784172058]], "brockpiece19": [[0.5950329899787903, -0.7601931691169739, -3.1838932037353516], [-152.1529998779297, -9.083094596862793, -77.67369842529297], [0.04745550453662872, 0.8352649807929993, -0.8555060029029846]], "brockpiece20": [[0.12279091030359268, -0.0937274694442749, -2.3299503326416016], [32.19650650024414, -22.236000061035156, -117.98836517333984], [0.0324799083173275, 0.8903895616531372, 0.1047213077545166]], "brockpiece21": [[0.06745763123035431, 7.37905502319336e-05, -0.9936121106147766], [2.4872641563415527, 8.414069175720215, 158.0457000732422], [0.15945503115653992, 1.6952928304672241, 0.277337908744812]], "brockpiece22": [[-0.2971283197402954, -1.7764790058135986, -6.500711441040039], [152.31732177734375, 9.741876602172852, -31.843944549560547], [0.5310609936714172, 1.9953807592391968, -0.3219248354434967]], "brockpiece23": [[0.14794766902923584, -0.42166149616241455, -2.8830583095550537], [-2.7243685722351074, 26.584575653076172, 89.50965118408203], [-0.0681355819106102, 0.8056530356407166, -0.06759854406118393]], "brockpiece24": [[0.053233057260513306, -0.10664373636245728, -2.636362075805664], [-16.90624237060547, 1.1561506986618042, -35.047760009765625], [-0.3838520646095276, 0.746596097946167, 0.4647919237613678]], "brockpiece25": [[-0.25511717796325684, -0.02278125286102295, -2.3933043479919434], [-0.031990088522434235, 0.9396972060203552, -2.526432752609253], [-1.032001256942749, 0.5244100093841553, 0.6970614790916443]], "brockpiece26": [[-0.8099820613861084, -0.7422252893447876, -1.0612390041351318], [-21.346500396728516, 34.342918395996094, 145.0975799560547], [-0.012171115726232529, 0.7901149392127991, 0.14576949179172516]], "brockpiece27": [[-0.3223751485347748, -0.6674636006355286, -2.913738250732422], [4.501785755157471, 3.0916643142700195, -8.297090530395508], [-0.029545554891228676, 0.7074200510978699, -0.5648927092552185]], "brockpiece28": [[-1.5566152334213257, -0.8327105045318604, -1.877180576324463], [81.94324493408203, 42.231422424316406, -82.53228759765625], [-0.05280172452330589, 0.875779390335083, 0.7411666512489319]], "brockpiece29": [[0.052654437720775604, -0.33393898606300354, -2.6584620475769043], [-8.562533378601074, -5.3983612060546875, -14.305964469909668], [-0.1528574824333191, 0.604702889919281, -0.03537474945187569]], "brockpiece30": [[0.04639190435409546, -0.31936508417129517, -2.5521883964538574], [-9.887852668762207, -6.884006500244141, -10.837478637695312], [-0.212638720870018, 0.5194345116615295, -0.6746488809585571]], "brockpiece31": [[-0.05190268158912659, -0.12334799766540527, -2.5633442401885986], [-9.887832641601562, -6.884013652801514, -10.837566375732422], [-0.3032321333885193, 0.4032418727874756, 0.2416532039642334]], "brockpiece32": [[0.07216140627861023, -0.1491120457649231, -2.407121419906616], [35.201637268066406, 22.079620361328125, 153.1114501953125], [-0.014846060425043106, 0.7332823276519775, -0.067598357796669]], "brockpiece33": [[-0.18514913320541382, -0.00010016560554504395, -1.3332343101501465], [-0.003568301908671856, -5.260311126708984, 0.027679381892085075], [-0.07364655286073685, 0.3388040363788605, 0.1644446849822998]], "brockpiece34": [[-0.053220298141241074, 0.001226961612701416, -1.2524902820587158], [0.08398505300283432, -9.088345527648926, -0.5790061950683594], [-0.040006935596466064, 0.3192813992500305, -0.5479322671890259]], "brockpiece35": [[0.07663290202617645, -0.14405906200408936, -1.4601579904556274], [19.155874252319336, -10.001031875610352, -84.7541732788086], [0.03971529006958008, 0.7414476275444031, -0.4923132658004761]], "brockpiece36": [[-0.029240263625979424, -0.16739165782928467, -1.293934941291809], [-21.7821102142334, -23.834115982055664, -152.37448120117188], [0.04695548489689827, 0.8178877234458923, 0.2522242069244385]], "brockpiece37": [[-1.3098556995391846, -0.8371976613998413, -1.8638362884521484], [-104.68550872802734, -33.834205627441406, 95.03218078613281], [0.018796933814883232, 0.8953180909156799, 0.6815259456634521]],