{"brockpiece0": [[-0.1785077154636383, -0.7902606129646301, -3.4748640060424805], [-121.16895294189453, 78.52090454101562, -124.19853973388672], [-0.04771063104271889, 0.8072485327720642, -0.47105833888053894]], "brockpiece1": [[0.301051527261734, -0.4436264634132385, -3.1196746826171875], [-45.864601135253906, 70.58123016357422, 34.191349029541016], [-0.060903601348400116, 0.894946277141571, 0.4562895596027374]], "brockpiece2": [[0.5855194330215454, -0.8013081550598145, -3.6766231060028076], [-4.6250200271606445, 7.573594570159912, -57.56056594848633], [-0.1568758189678192, 0.8655882477760315, -0.5483085513114929]], "brockpiece3": [[0.17266520857810974, -0.4480791985988617, -3.1760685443878174], [-12.678596496582031, 20.623920440673828, 56.65370559692383], [-0.22012151777744293, 0.9278489947319031, 0.3253736197948456]], "brockpiece4": [[0.26523804664611816, -0.10591590404510498, -2.7836196422576904], [-31.449920654296875, -11.79997730255127, -47.4378776550293], [-0.4135969281196594, 0.9918517470359802, 0.46200042963027954]], "brockpiece5": [[-0.04703783988952637, 0.022900879383087158, -2.4044766426086426], [-4.834384918212891, 9.075774192810059, 2.2638044357299805], [-0.436776340007782, 0.9646992683410645, -0.3259457051753998]], "brockpiece6": [[0.5340994596481323, -0.8061552047729492, -3.768453359603882], [17.5291748046875, 43.597469329833984, 9.441462516784668], [-0.01387631893157959, 0.9064578413963318, -0.06759907305240631]], "brockpiece7": [[0.9537498354911804, -1.158408761024475, -4.18479585647583], [-161.32772827148438, 5.01455020904541, -106.30876922607422], [-0.016788214445114136, 1.2991664409637451, -0.5754176378250122]], "brockpiece8": [[1.6087315082550049, -1.0940428972244263, -5.224870681762695], [-153.0799560546875, 6.986506938934326, -118.37322998046875], [-0.10184786468744278, 1.4046438932418823, 0.10018877685070038]], "brockpiece9": [[-0.923246443271637, -0.8032096028327942, -1.5930225849151611], [14.19986629486084, 6.348263263702393, -93.45472717285156], [0.009604007937014103, 0.8276886940002441, 0.4656519293785095]], "brockpiece10": [[0.04508031904697418, -0.24397659301757812, -1.3284389972686768], [14.457094192504883, 5.435572147369385, -172.8232879638672], [0.026453230530023575, 0.7262305021286011, -0.09866398572921753]], "brockpiece11": [[-0.13524124026298523, -0.6249271631240845, -2.128767490386963], [-14.545990943908691, -17.431100845336914, 35.67716979980469], [0.023447148501873016, 0.6883174180984497, -0.6239317655563354]], "brockpiece12": [[-0.016874030232429504, -0.13829493522644043, -1.3730195760726929], [-3.031139373779297, -8.335294723510742, 7.6932220458984375], [0.057196881622076035, 0.6268966794013977, -0.06759794801473618]], "brockpiece13": [[-0.039173662662506104, -0.1341920644044876, -0.9450112581253052], [-16.227962493896484, -12.031294822692871, 1.7533332109451294], [0.10751569271087646, 0.33034080266952515, -0.6997447609901428]], "brockpiece14": [[-0.10266360640525818, -0.05986902117729187, -0.956156313419342], [2.265441417694092, -9.424720764160156, -6.952335357666016], [0.1765923947095871, 0.3738964796066284, -0.06937721371650696]], "brockpiece15": [[-0.042283833026885986, -0.0002205371856689453, -0.0751749649643898], [-0.017189927399158478, 4.540114402770996, 0.036795299500226974], [0.32439151406288147, 0.17386914789676666, 0.1606941819190979]], "brockpiece16": [[-0.12229447811841965, -0.0004974901676177979, -0.3054788410663605], [-0.00647000502794981, -7.828402042388916, -0.013676854781806469], [0.2422737032175064, 0.13469432294368744, -0.2985038757324219]], "brockpiece17": [[0.08008333295583725, 0.04189842939376831, -0.9256324172019958], [-3.048480987548828, -2.161003828048706, 17.590091705322266], [0.05579742044210434, 0.8304786086082458, -0.06759888678789139]], "brockpiece18": [[0.05177205801010132, 6.842613220214844e-05, -0.9466832876205444], [0.0005103746079839766, -4.4308271408081055, 0.00043673001346178353], [0.7751116156578064, 1.1647822856903076, 0.4550911784172058]], "brockpiece19": [[0.6032904982566833, -0.7597135305404663, -3.1767020225524902], [-148.46902465820312, -3.8033998012542725, -86.0989990234375], [0.04745550453662872, 0.8352649807929993, -0.8555060029029846]], "brockpiece20": [[0.14178866147994995, -0.07119131088256836, -2.3357529640197754], [43.03684997558594, -13.569134712219238, -139.09738159179688], [0.0324799083173275, 0.8903895616531372, 0.1047213077545166]], "brockpiece21": [[0.0673425942659378, 7.045269012451172e-05, -0.99370938539505], [0.0005906556034460664, -4.430464267730713, 0.0002920095284935087], [0.15945503115653992, 1.6952928304672241, 0.277337908744812]], "brockpiece22": [[-0.3035646378993988, -1.76863431930542, -6.502346992492676], [152.4818572998047, 10.115425109863281, -30.736684799194336], [0.5310609936714172, 1.9953807592391968, -0.3219248354434967]], "brockpiece23": [[0.14814166724681854, -0.42034685611724854, -2.87631893157959], [-5.344812870025635, 26.210838317871094, 81.57254791259766], [-0.0681355819106102, 0.8056530356407166, -0.06759854406118393]], "brockpiece24": [[0.05562189221382141, -0.10437077283859253, -2.630621910095215], [-17.29900360107422, 1.3314803838729858, -32.97449493408203], [-0.3838520646095276, 0.746596097946167, 0.4647919237613678]], "brockpiece25": [[-0.2531163692474365, -0.022184252738952637, -2.394956111907959], [0.021014316007494926, 0.9584861993789673, -2.488598346710205], [-1.032001256942749, 0.5244100093841553, 0.6970614790916443]], "brockpiece26": [[-0.7691372632980347, -0.7270709872245789, -1.0850743055343628], [-35.050987243652344, 28.54091453552246, 118.66119384765625], [-0.012171115726232529, 0.7901149392127991, 0.14576949179172516]], "brockpiece27": [[-0.3224988579750061, -0.6676967144012451, -2.913360834121704], [4.456334114074707, 3.2059667110443115, -9.09820556640625], [-0.029545554891228676, 0.7074200510978699, -0.5648927092552185]], "brockpiece28": [[-1.5007648468017578, -0.7848312258720398, -1.8243048191070557], [-32.09917068481445, -0.3028469979763031, 67.06399536132812], [-0.05280172452330589, 0.875779390335083, 0.7411666512489319]], "brockpiece29": [[0.05246364325284958, -0.3305209279060364, -2.658264636993408], [-9.018441200256348, -4.980081558227539, -13.443099975585938], [-0.1528574824333191, 0.604702889919281, -0.03537474945187569]], "brockpiece30": [[0.04898694157600403, -0.31951141357421875, -2.5515646934509277], [-9.765957832336426, -6.937163829803467, -11.40771770477295], [-0.212638720870018, 0.5194345116615295, -0.6746488809585571]], "brockpiece31": [[-0.049725860357284546, -0.12337449193000793, -2.5628204345703125], [-9.765932083129883, -6.937174320220947, -11.407818794250488], [-0.3032321333885193, 0.4032418727874756, 0.2416532039642334]], "brockpiece32": [[0.07132215797901154, -0.1494787335395813, -2.4053332805633545], [33.81711196899414, 23.95738410949707, 148.726806640625], [-0.014846060425043106, 0.7332823276519775, -0.067598357796669]], "brockpiece33": [[-0.18098512291908264, 0.00023117661476135254, -1.3362438678741455], [-0.012318188324570656, -4.962615966796875, 0.16657009720802307], [-0.07364655286073685, 0.3388040363788605, 0.1644446849822998]], "brockpiece34": [[-0.05207284167408943, 0.002690523862838745, -1.2494425773620605], [-0.2063855081796646, -8.559469223022461, -0.3758861720561981], [-0.040006935596466064, 0.3192813992500305, -0.5479322671890259]], "brockpiece35": [[0.0063583143055438995, -0.13697576522827148, -1.486646056175232], [-13.260930061340332, -15.810139656066895, 2.7141973972320557], [0.03971529006958008, 0.7414476275444031, -0.4923132658004761]], "brockpiece36": [[-0.031065072864294052, -0.15633916854858398, -1.2942736148834229], [-20.596981048583984, -25.450111389160156, -150.6051483154297], [0.04695548489689827, 0.8178877234458923, 0.2522242069244385]], "brockpiece37": [[-1.2908470630645752, -0.8466935753822327, -1.883554458618164], [-101.80602264404297, -9.938730239868164, 80.69603729248047], [0.018796933814883232, 0.8953180909156799, 0.6815259456634521]],