{"brockpiece0": [[-0.17798537015914917, -0.7802535891532898, -3.4653477668762207], [112.90425109863281, 71.3263168334961, 109.72804260253906], [-0.04771063104271889, 0.8072485327720642, -0.47105833888053894]], "brockpiece1": [[0.27615654468536377, -0.45109087228775024, -3.090517044067383], [-28.241899490356445, 69.33700561523438, 57.05513381958008], [-0.060903601348400116, 0.894946277141571, 0.4562895596027374]], "brockpiece2": [[0.580419659614563, -0.8018879294395447, -3.6763789653778076], [-4.467212200164795, 8.512410163879395, -52.2287483215332], [-0.1568758189678192, 0.8655882477760315, -0.5483085513114929]], "brockpiece3": [[0.17590370774269104, -0.46490544080734253, -3.187690019607544], [-14.0361328125, 18.705657958984375, 50.923946380615234], [-0.22012151777744293, 0.9278489947319031, 0.3253736197948456]], "brockpiece4": [[0.26846349239349365, -0.13224506378173828, -2.784069538116455], [-23.31379508972168, -12.36747932434082, -53.416316986083984], [-0.4135969281196594, 0.9918517470359802, 0.46200042963027954]], "brockpiece5": [[-0.04166913032531738, 0.024470508098602295, -2.407627820968628], [-5.009653568267822, 9.425250053405762, 2.2507145404815674], [-0.436776340007782, 0.9646992683410645, -0.3259457051753998]], "brockpiece6": [[0.5066559314727783, -0.7149389982223511, -3.7502477169036865], [53.954803466796875, -13.16131591796875, 107.95201110839844], [-0.01387631893157959, 0.9064578413963318, -0.06759907305240631]], "brockpiece7": [[0.9524132609367371, -1.1584128141403198, -4.18379020690918], [-161.3425750732422, 5.010976314544678, -106.30970764160156], [-0.016788214445114136, 1.2991664409637451, -0.5754176378250122]], "brockpiece8": [[1.5804988145828247, -1.0873526334762573, -5.2593536376953125], [-150.92784118652344, -2.5321829319000244, -108.4892807006836], [-0.10184786468744278, 1.4046438932418823, 0.10018877685070038]], "brockpiece9": [[-1.1390776634216309, -0.7638693451881409, -1.601667046546936], [15.0679349899292, 2.1770846843719482, 163.4475860595703], [0.009604007937014103, 0.8276886940002441, 0.4656519293785095]], "brockpiece10": [[0.04294680058956146, -0.2538679540157318, -1.3279163837432861], [14.989965438842773, 5.921585559844971, -175.13967895507812], [0.026453230530023575, 0.7262305021286011, -0.09866398572921753]], "brockpiece11": [[-0.13390673696994781, -0.624762773513794, -2.128309965133667], [-14.722838401794434, -18.04915428161621, 35.20757293701172], [0.023447148501873016, 0.6883174180984497, -0.6239317655563354]], "brockpiece12": [[-0.023115243762731552, -0.14187774062156677, -1.3730491399765015], [-3.0704963207244873, -8.229806900024414, 7.758094310760498], [0.057196881622076035, 0.6268966794013977, -0.06759794801473618]], "brockpiece13": [[-0.042066238820552826, -0.14092186093330383, -0.9458212852478027], [-14.5129976272583, -12.512781143188477, 1.717003583908081], [0.10751569271087646, 0.33034080266952515, -0.6997447609901428]], "brockpiece14": [[-0.10880909860134125, -0.06324222683906555, -0.9551746249198914], [2.4363436698913574, -9.637566566467285, -6.732631683349609], [0.1765923947095871, 0.3738964796066284, -0.06937721371650696]], "brockpiece15": [[-0.04273253679275513, -0.00010164082050323486, -0.07541831582784653], [-0.006932467687875032, 4.7098388671875, 0.021593136712908745], [0.32439151406288147, 0.17386914789676666, 0.1606941819190979]], "brockpiece16": [[-0.11912543326616287, -0.0005634278059005737, -0.30356577038764954], [-0.01795266568660736, -7.594033241271973, 0.039788201451301575], [0.2422737032175064, 0.13469432294368744, -0.2985038757324219]], "brockpiece17": [[0.09005213528871536, 0.024999260902404785, -0.9250408411026001], [-2.519273519515991, -1.2851225137710571, 22.449350357055664], [0.05579742044210434, 0.8304786086082458, -0.06759888678789139]], "brockpiece18": [[0.05210381746292114, 8.726119995117188e-05, -0.9464766383171082], [0.00020380719797685742, -4.4304327964782715, 0.0003887751081492752], [0.7751116156578064, 1.1647822856903076, 0.4550911784172058]], "brockpiece19": [[0.5892388224601746, -0.7611243724822998, -3.188295841217041], [-154.39300537109375, -12.264106750488281, -71.7148208618164], [0.04745550453662872, 0.8352649807929993, -0.8555060029029846]], "brockpiece20": [[0.12036655098199844, -0.10211241245269775, -2.3294260501861572], [28.579647064208984, -21.60580062866211, -111.14045715332031], [0.0324799083173275, 0.8903895616531372, 0.1047213077545166]], "brockpiece21": [[0.06767392158508301, 9.02414321899414e-05, -0.9935009479522705], [2.526181015127804e-05, -4.430239677429199, 9.077125287149101e-05], [0.15945503115653992, 1.6952928304672241, 0.277337908744812]], "brockpiece22": [[-0.29675620794296265, -1.7766525745391846, -6.50037145614624], [152.30308532714844, 9.745919227600098, -31.860193252563477], [0.5310609936714172, 1.9953807592391968, -0.3219248354434967]], "brockpiece23": [[0.14932702481746674, -0.42368775606155396, -2.885931968688965], [-2.4827113151550293, 26.601253509521484, 90.63367462158203], [-0.0681355819106102, 0.8056530356407166, -0.06759854406118393]], "brockpiece24": [[0.052114516496658325, -0.10736382007598877, -2.6389176845550537], [-16.791706085205078, 1.0554215908050537, -35.51219940185547], [-0.3838520646095276, 0.746596097946167, 0.4647919237613678]], "brockpiece25": [[-0.256641149520874, -0.02302694320678711, -2.393118381500244], [-0.045053645968437195, 0.9974683523178101, -2.54766583442688], [-1.032001256942749, 0.5244100093841553, 0.6970614790916443]], "brockpiece26": [[-0.7766425013542175, -0.749977171421051, -1.0236001014709473], [-0.03057224676012993, 15.622426986694336, 157.50543212890625], [-0.012171115726232529, 0.7901149392127991, 0.14576949179172516]], "brockpiece27": [[-0.322451651096344, -0.6673184633255005, -2.9138221740722656], [4.519654750823975, 3.053579807281494, -7.724027156829834], [-0.029545554891228676, 0.7074200510978699, -0.5648927092552185]], "brockpiece28": [[-1.560642957687378, -0.7859043478965759, -1.8575439453125], [77.85302734375, -15.636094093322754, -54.02147674560547], [-0.05280172452330589, 0.875779390335083, 0.7411666512489319]], "brockpiece29": [[0.05263148993253708, -0.334891140460968, -2.65913724899292], [-8.420334815979004, -5.6247663497924805, -14.643500328063965], [-0.1528574824333191, 0.604702889919281, -0.03537474945187569]], "brockpiece30": [[0.04495559632778168, -0.3193884491920471, -2.5528178215026855], [-9.954446792602539, -6.859651565551758, -10.534642219543457], [-0.212638720870018, 0.5194345116615295, -0.6746488809585571]], "brockpiece31": [[-0.05317792296409607, -0.12338802218437195, -2.5639383792877197], [-9.954429626464844, -6.859669208526611, -10.534730911254883], [-0.3032321333885193, 0.4032418727874756, 0.2416532039642334]], "brockpiece32": [[0.07389811426401138, -0.14987480640411377, -2.4080443382263184], [35.172576904296875, 21.832998275756836, 153.3751220703125], [-0.014846060425043106, 0.7332823276519775, -0.067598357796669]], "brockpiece33": [[-0.1868184208869934, -5.0067901611328125e-06, -1.3326339721679688], [-0.0070306989364326, -5.322432994842529, 0.06289979070425034], [-0.07364655286073685, 0.3388040363788605, 0.1644446849822998]], "brockpiece34": [[-0.05366675928235054, 0.0008930563926696777, -1.2528767585754395], [0.06877754628658295, -9.20725154876709, -0.43553081154823303], [-0.040006935596466064, 0.3192813992500305, -0.5479322671890259]], "brockpiece35": [[0.09733022749423981, -0.14923518896102905, -1.4564430713653564], [19.24629020690918, -5.172440528869629, -104.38328552246094], [0.03971529006958008, 0.7414476275444031, -0.4923132658004761]], "brockpiece36": [[-0.02871311642229557, -0.17140233516693115, -1.2910890579223633], [-20.62258529663086, -21.985870361328125, -153.43228149414062], [0.04695548489689827, 0.8178877234458923, 0.2522242069244385]], "brockpiece37": [[-1.3091435432434082, -0.8388617038726807, -1.8598475456237793], [-105.73611450195312, -34.827510833740234, 92.67057037353516], [0.018796933814883232, 0.8953180909156799, 0.6815259456634521]],