{"brockpiece0": [[-0.16558372974395752, -0.722032904624939, -3.304405689239502], [104.69085693359375, -70.91622161865234, 79.12802124023438], [-0.04771063104271889, 0.8072485327720642, -0.47105833888053894]], "brockpiece1": [[0.2740405201911926, -0.4532372057437897, -3.093681573867798], [-4.3026533126831055, 71.6611099243164, 83.1618881225586], [-0.060903601348400116, 0.894946277141571, 0.4562895596027374]], "brockpiece2": [[0.5715412497520447, -0.8028579950332642, -3.674600839614868], [-3.688004493713379, 9.36903190612793, -45.175621032714844], [-0.1568758189678192, 0.8655882477760315, -0.5483085513114929]], "brockpiece3": [[0.1838195025920868, -0.47848162055015564, -3.2021052837371826], [-14.9461030960083, 16.96493911743164, 46.01017761230469], [-0.22012151777744293, 0.9278489947319031, 0.3253736197948456]], "brockpiece4": [[0.26428887248039246, -0.162092924118042, -2.788248062133789], [-10.303398132324219, -12.914180755615234, -61.85778045654297], [-0.4135969281196594, 0.9918517470359802, 0.46200042963027954]], "brockpiece5": [[-0.039007216691970825, 0.023574650287628174, -2.4111411571502686], [-4.997772693634033, 9.347768783569336, 2.2503066062927246], [-0.436776340007782, 0.9646992683410645, -0.3259457051753998]], "brockpiece6": [[0.5004494190216064, -0.7074995040893555, -3.7430052757263184], [49.267974853515625, -23.59587860107422, 117.73119354248047], [-0.01387631893157959, 0.9064578413963318, -0.06759907305240631]], "brockpiece7": [[0.9512367248535156, -1.15840482711792, -4.181819438934326], [-161.35528564453125, 5.009307861328125, -106.31358337402344], [-0.016788214445114136, 1.2991664409637451, -0.5754176378250122]], "brockpiece8": [[1.585519552230835, -1.0920788049697876, -5.264483451843262], [-150.76669311523438, -2.223010778427124, -109.14774322509766], [-0.10184786468744278, 1.4046438932418823, 0.10018877685070038]], "brockpiece9": [[-1.0267103910446167, -0.7831939458847046, -1.5445125102996826], [56.612754821777344, 34.42985534667969, -101.60399627685547], [0.009604007937014103, 0.8276886940002441, 0.4656519293785095]], "brockpiece10": [[0.03969781845808029, -0.2601688802242279, -1.3278950452804565], [16.806304931640625, 6.5006279945373535, -175.0062255859375], [0.026453230530023575, 0.7262305021286011, -0.09866398572921753]], "brockpiece11": [[-0.13447223603725433, -0.6257390379905701, -2.129255771636963], [-15.707841873168945, -17.53462791442871, 37.723114013671875], [0.023447148501873016, 0.6883174180984497, -0.6239317655563354]], "brockpiece12": [[-0.03006817400455475, -0.14391005039215088, -1.3714886903762817], [-3.2333788871765137, -7.740725994110107, 8.365776062011719], [0.057196881622076035, 0.6268966794013977, -0.06759794801473618]], "brockpiece13": [[-0.04454291611909866, -0.14532844722270966, -0.9480351209640503], [-13.426809310913086, -12.95078182220459, 1.7566564083099365], [0.10751569271087646, 0.33034080266952515, -0.6997447609901428]], "brockpiece14": [[-0.11607605218887329, -0.0670047402381897, -0.9504606127738953], [2.7399604320526123, -9.740227699279785, -6.106594085693359], [0.1765923947095871, 0.3738964796066284, -0.06937721371650696]], "brockpiece15": [[-0.04273006319999695, -0.00014528632164001465, -0.07631485164165497], [-0.013450964353978634, 4.921683311462402, 0.023209188133478165], [0.32439151406288147, 0.17386914789676666, 0.1606941819190979]], "brockpiece16": [[-0.11217589676380157, -0.00042048096656799316, -0.2954618036746979], [-0.0012032253434881568, -6.932050704956055, 0.024566780775785446], [0.2422737032175064, 0.13469432294368744, -0.2985038757324219]], "brockpiece17": [[0.09152699261903763, 0.015274465084075928, -0.9290347695350647], [-2.791092872619629, -0.006835313979536295, 32.54788589477539], [0.05579742044210434, 0.8304786086082458, -0.06759888678789139]], "brockpiece18": [[0.052590906620025635, 8.296966552734375e-05, -0.9465355277061462], [0.0002038073871517554, -4.431171894073486, 0.00043673018808476627], [0.7751116156578064, 1.1647822856903076, 0.4550911784172058]], "brockpiece19": [[0.5706689953804016, -0.7644719481468201, -3.196220874786377], [-163.05787658691406, -16.31309700012207, -53.398189544677734], [0.04745550453662872, 0.8352649807929993, -0.8555060029029846]], "brockpiece20": [[0.11034191399812698, -0.12814611196517944, -2.3402647972106934], [25.306493759155273, -19.72289276123047, -94.1394271850586], [0.0324799083173275, 0.8903895616531372, 0.1047213077545166]], "brockpiece21": [[0.0681648999452591, 8.440017700195312e-05, -0.9935687184333801], [2.4872641563415527, 8.414069175720215, 158.0457000732422], [0.15945503115653992, 1.6952928304672241, 0.277337908744812]], "brockpiece22": [[-0.29820775985717773, -1.7766156196594238, -6.502015113830566], [152.25982666015625, 9.828861236572266, -31.862470626831055], [0.5310609936714172, 1.9953807592391968, -0.3219248354434967]], "brockpiece23": [[0.15361443161964417, -0.42686977982521057, -2.9017672538757324], [-2.0095231533050537, 25.041301727294922, 93.58341217041016], [-0.0681355819106102, 0.8056530356407166, -0.06759854406118393]], "brockpiece24": [[0.05198103189468384, -0.10869938135147095, -2.642395496368408], [-16.933351516723633, 1.2861212491989136, -35.722469329833984], [-0.3838520646095276, 0.746596097946167, 0.4647919237613678]], "brockpiece25": [[-0.26094186305999756, -0.02480846643447876, -2.3904268741607666], [-0.05503150075674057, 1.1396584510803223, -2.7429580688476562], [-1.032001256942749, 0.5244100093841553, 0.6970614790916443]], "brockpiece26": [[-0.6721534729003906, -0.7068868279457092, -1.0384079217910767], [28.389236450195312, 16.826894760131836, 47.911251068115234], [-0.012171115726232529, 0.7901149392127991, 0.14576949179172516]], "brockpiece27": [[-0.32142144441604614, -0.6667885184288025, -2.914515495300293], [4.582223892211914, 3.029804229736328, -5.902157306671143], [-0.029545554891228676, 0.7074200510978699, -0.5648927092552185]], "brockpiece28": [[-1.5390346050262451, -0.8339564800262451, -2.0013928413391113], [-140.8510284423828, 45.02748489379883, 32.27762985229492], [-0.05280172452330589, 0.875779390335083, 0.7411666512489319]], "brockpiece29": [[0.05389898270368576, -0.33582866191864014, -2.660802125930786], [-8.209485054016113, -5.9656291007995605, -14.746204376220703], [-0.1528574824333191, 0.604702889919281, -0.03537474945187569]], "brockpiece30": [[0.04345431923866272, -0.3193410038948059, -2.552534580230713], [-10.059503555297852, -6.845391273498535, -10.001908302307129], [-0.212638720870018, 0.5194345116615295, -0.6746488809585571]], "brockpiece31": [[-0.05488818883895874, -0.12347370386123657, -2.5636825561523438], [-10.059475898742676, -6.845405578613281, -10.002012252807617], [-0.3032321333885193, 0.4032418727874756, 0.2416532039642334]], "brockpiece32": [[0.07782316207885742, -0.15492194890975952, -2.415647029876709], [35.13164520263672, 21.466049194335938, 155.2051239013672], [-0.014846060425043106, 0.7332823276519775, -0.067598357796669]], "brockpiece33": [[-0.19221478700637817, -6.344914436340332e-05, -1.327966332435608], [-0.005302438046783209, -5.755402088165283, 0.04382357746362686], [-0.07364655286073685, 0.3388040363788605, 0.1644446849822998]], "brockpiece34": [[-0.05605034902691841, 0.0007199347019195557, -1.2541000843048096], [0.06358163058757782, -9.825631141662598, -0.34733760356903076], [-0.040006935596466064, 0.3192813992500305, -0.5479322671890259]], "brockpiece35": [[0.1291935294866562, -0.17582863569259644, -1.4457401037216187], [14.584939956665039, 3.045025110244751, -135.41241455078125], [0.03971529006958008, 0.7414476275444031, -0.4923132658004761]], "brockpiece36": [[-0.01872628554701805, -0.1880953311920166, -1.2768741846084595], [-13.94969654083252, -13.170663833618164, -153.42327880859375], [0.04695548489689827, 0.8178877234458923, 0.2522242069244385]], "brockpiece37": [[-1.3193281888961792, -0.8378190398216248, -1.8664183616638184], [-110.03168487548828, -31.69098472595215, 96.84207916259766], [0.018796933814883232, 0.8953180909156799, 0.6815259456634521]],