{"brockpiece0": [[-0.17392292618751526, -0.7361675500869751, -3.4061779975891113], [97.25713348388672, 3.9305241107940674, 92.54278564453125], [-0.04771063104271889, 0.8072485327720642, -0.47105833888053894]], "brockpiece1": [[0.27528196573257446, -0.4532579481601715, -3.087663412094116], [-16.565200805664062, 70.34752655029297, 69.55667114257812], [-0.060903601348400116, 0.894946277141571, 0.4562895596027374]], "brockpiece2": [[0.58083176612854, -0.8017339706420898, -3.676182508468628], [-4.567549705505371, 8.32723617553711, -53.48460006713867], [-0.1568758189678192, 0.8655882477760315, -0.5483085513114929]], "brockpiece3": [[0.17857472598552704, -0.47237852215766907, -3.1903979778289795], [-15.245328903198242, 17.234317779541016, 46.20248031616211], [-0.22012151777744293, 0.9278489947319031, 0.3253736197948456]], "brockpiece4": [[0.26355230808258057, -0.14231592416763306, -2.780869722366333], [-16.935457229614258, -13.988106727600098, -56.530696868896484], [-0.4135969281196594, 0.9918517470359802, 0.46200042963027954]], "brockpiece5": [[-0.041390419006347656, 0.023937344551086426, -2.4096505641937256], [-4.998012065887451, 9.310423851013184, 2.248868703842163], [-0.436776340007782, 0.9646992683410645, -0.3259457051753998]], "brockpiece6": [[0.5018854737281799, -0.7079711556434631, -3.7419261932373047], [50.88115310668945, -22.206985473632812, 115.95121765136719], [-0.01387631893157959, 0.9064578413963318, -0.06759907305240631]], "brockpiece7": [[0.9521333575248718, -1.1584086418151855, -4.183289051055908], [-161.3380889892578, 5.014832019805908, -106.31282043457031], [-0.016788214445114136, 1.2991664409637451, -0.5754176378250122]], "brockpiece8": [[1.5863419771194458, -1.0908300876617432, -5.259700298309326], [-150.90675354003906, -1.7902830839157104, -109.71553039550781], [-0.10184786468744278, 1.4046438932418823, 0.10018877685070038]], "brockpiece9": [[-1.1113656759262085, -0.8036044239997864, -1.5802695751190186], [31.576169967651367, 7.904321193695068, -82.46446228027344], [0.009604007937014103, 0.8276886940002441, 0.4656519293785095]], "brockpiece10": [[0.042402274906635284, -0.2572583556175232, -1.3269153833389282], [15.77617359161377, 6.088734149932861, -174.33001708984375], [0.026453230530023575, 0.7262305021286011, -0.09866398572921753]], "brockpiece11": [[-0.13565197587013245, -0.6256000399589539, -2.1293234825134277], [-15.408498764038086, -17.472347259521484, 37.25065612792969], [0.023447148501873016, 0.6883174180984497, -0.6239317655563354]], "brockpiece12": [[-0.025216832756996155, -0.14363452792167664, -1.3723331689834595], [-3.249837875366211, -8.073931694030762, 8.25180721282959], [0.057196881622076035, 0.6268966794013977, -0.06759794801473618]], "brockpiece13": [[-0.04160503298044205, -0.14220623672008514, -0.9466811418533325], [-14.235457420349121, -12.401508331298828, 1.9039909839630127], [0.10751569271087646, 0.33034080266952515, -0.6997447609901428]], "brockpiece14": [[-0.11136385053396225, -0.06513479351997375, -0.9529514908790588], [2.6240530014038086, -9.770075798034668, -6.69578742980957], [0.1765923947095871, 0.3738964796066284, -0.06937721371650696]], "brockpiece15": [[-0.042798638343811035, -0.0001388639211654663, -0.07573801279067993], [-0.010359139181673527, 4.767302513122559, 0.04415455833077431], [0.32439151406288147, 0.17386914789676666, 0.1606941819190979]], "brockpiece16": [[-0.11620526015758514, -0.0007043331861495972, -0.29979613423347473], [-0.007399891968816519, -7.352871894836426, -0.013043643906712532], [0.2422737032175064, 0.13469432294368744, -0.2985038757324219]], "brockpiece17": [[0.09135473519563675, 0.021086513996124268, -0.9272083044052124], [-2.7776682376861572, -0.6492334008216858, 28.20034408569336], [0.05579742044210434, 0.8304786086082458, -0.06759888678789139]], "brockpiece18": [[0.052352726459503174, 8.380413055419922e-05, -0.9464849829673767], [0.00026717575383372605, -4.430218696594238, 0.0001609905157238245], [0.7751116156578064, 1.1647822856903076, 0.4550911784172058]], "brockpiece19": [[0.582824170589447, -0.7625923156738281, -3.1926231384277344], [-159.10400390625, -14.469950675964355, -64.37915802001953], [0.04745550453662872, 0.8352649807929993, -0.8555060029029846]], "brockpiece20": [[0.11514701694250107, -0.11449158191680908, -2.3377606868743896], [26.527603149414062, -23.832637786865234, -100.64933776855469], [0.0324799083173275, 0.8903895616531372, 0.1047213077545166]], "brockpiece21": [[0.06792235374450684, 8.594989776611328e-05, -0.9935081005096436], [9.20557213248685e-05, -4.429998874664307, 9.162755304714665e-05], [0.15945503115653992, 1.6952928304672241, 0.277337908744812]], "brockpiece22": [[-0.29710954427719116, -1.7766494750976562, -6.500982284545898], [152.28152465820312, 9.780179977416992, -31.863990783691406], [0.5310609936714172, 1.9953807592391968, -0.3219248354434967]], "brockpiece23": [[0.1493988335132599, -0.4243752062320709, -2.8931729793548584], [-1.1772911548614502, 26.306638717651367, 94.8603744506836], [-0.0681355819106102, 0.8056530356407166, -0.06759854406118393]], "brockpiece24": [[0.05070197582244873, -0.10801070928573608, -2.64125919342041], [-16.849700927734375, 1.1100012063980103, -35.50972366333008], [-0.3838520646095276, 0.746596097946167, 0.4647919237613678]], "brockpiece25": [[-0.2589672803878784, -0.02377718687057495, -2.3922550678253174], [-0.05021946504712105, 1.085930585861206, -2.6307692527770996], [-1.032001256942749, 0.5244100093841553, 0.6970614790916443]], "brockpiece26": [[-0.7602229714393616, -0.7293487787246704, -1.0027172565460205], [18.550039291381836, -11.447148323059082, 120.47734832763672], [-0.012171115726232529, 0.7901149392127991, 0.14576949179172516]], "brockpiece27": [[-0.3221437633037567, -0.6669715046882629, -2.914062023162842], [4.565293312072754, 3.0697312355041504, -6.491629123687744], [-0.029545554891228676, 0.7074200510978699, -0.5648927092552185]], "brockpiece28": [[-1.551642894744873, -0.7900213599205017, -1.9687232971191406], [-85.64016723632812, -17.845781326293945, 75.54490661621094], [-0.05280172452330589, 0.875779390335083, 0.7411666512489319]], "brockpiece29": [[0.052909962832927704, -0.3355398178100586, -2.6599700450897217], [-8.301831245422363, -5.794675350189209, -14.744633674621582], [-0.1528574824333191, 0.604702889919281, -0.03537474945187569]], "brockpiece30": [[0.04388287663459778, -0.31934380531311035, -2.5526580810546875], [-10.016619682312012, -6.845023155212402, -10.233091354370117], [-0.212638720870018, 0.5194345116615295, -0.6746488809585571]], "brockpiece31": [[-0.05425718426704407, -0.1233946681022644, -2.563772678375244], [-10.016587257385254, -6.845036029815674, -10.233207702636719], [-0.3032321333885193, 0.4032418727874756, 0.2416532039642334]], "brockpiece32": [[0.07753345370292664, -0.1537410020828247, -2.4120025634765625], [34.838321685791016, 21.94108009338379, 152.8988800048828], [-0.014846060425043106, 0.7332823276519775, -0.067598357796669]], "brockpiece33": [[-0.18928638100624084, -0.00020420551300048828, -1.3310898542404175], [-0.005259617231786251, -5.503940582275391, 0.019878283143043518], [-0.07364655286073685, 0.3388040363788605, 0.1644446849822998]], "brockpiece34": [[-0.054325465112924576, 0.0004366934299468994, -1.2532196044921875], [0.029740385711193085, -9.356621742248535, -0.22397078573703766], [-0.040006935596466064, 0.3192813992500305, -0.5479322671890259]], "brockpiece35": [[0.11063715815544128, -0.15861868858337402, -1.452771544456482], [18.363508224487305, -1.502937912940979, -116.6405029296875], [0.03971529006958008, 0.7414476275444031, -0.4923132658004761]], "brockpiece36": [[-0.024562740698456764, -0.17551487684249878, -1.2839698791503906], [-18.850446701049805, -16.50870704650879, -150.04673767089844], [0.04695548489689827, 0.8178877234458923, 0.2522242069244385]],