{"brockpiece0": [[-0.17723828554153442, -0.7700625061988831, -3.4564733505249023], [103.93494415283203, 56.37492370605469, 100.46834564208984], [-0.04771063104271889, 0.8072485327720642, -0.47105833888053894]], "brockpiece1": [[0.22223204374313354, -0.3247595429420471, -3.1111276149749756], [8.214959144592285, 69.48373413085938, 102.7407455444336], [-0.060903601348400116, 0.894946277141571, 0.4562895596027374]], "brockpiece2": [[0.586654007434845, -0.8013177514076233, -3.6771161556243896], [-4.6843743324279785, 7.624690532684326, -57.50590133666992], [-0.1568758189678192, 0.8655882477760315, -0.5483085513114929]], "brockpiece3": [[0.1792299747467041, -0.4233757257461548, -3.162330150604248], [-11.788246154785156, 21.877225875854492, 64.24862670898438], [-0.22012151777744293, 0.9278489947319031, 0.3253736197948456]], "brockpiece4": [[0.2559506297111511, -0.091158926486969, -2.7636845111846924], [-29.097692489624023, -10.596138954162598, -49.11100387573242], [-0.4135969281196594, 0.9918517470359802, 0.46200042963027954]], "brockpiece5": [[-0.049611181020736694, 0.025968849658966064, -2.403773784637451], [-4.972129821777344, 8.715205192565918, 1.2985199689865112], [-0.436776340007782, 0.9646992683410645, -0.3259457051753998]], "brockpiece6": [[0.4736289978027344, -0.8152433633804321, -3.748284101486206], [-24.59604835510254, 37.9014892578125, -53.53419876098633], [-0.01387631893157959, 0.9064578413963318, -0.06759907305240631]], "brockpiece7": [[0.9540899991989136, -1.158296823501587, -4.184936046600342], [-161.2853240966797, 4.94022274017334, -106.23453521728516], [-0.016788214445114136, 1.2991664409637451, -0.5754176378250122]], "brockpiece8": [[1.5758479833602905, -1.0871508121490479, -5.256745338439941], [-150.6255340576172, -2.503135919570923, -109.32408142089844], [-0.10184786468744278, 1.4046438932418823, 0.10018877685070038]], "brockpiece9": [[-0.9601574540138245, -0.7749010920524597, -1.583102822303772], [10.22317886352539, 8.621772766113281, -14.463101387023926], [0.009604007937014103, 0.8276886940002441, 0.4656519293785095]], "brockpiece10": [[0.04559598118066788, -0.24291929602622986, -1.3263576030731201], [14.269061088562012, 5.387694835662842, -173.469482421875], [0.026453230530023575, 0.7262305021286011, -0.09866398572921753]], "brockpiece11": [[-0.1369919329881668, -0.6243073344230652, -2.128061532974243], [-13.410672187805176, -17.440902709960938, 33.25189971923828], [0.023447148501873016, 0.6883174180984497, -0.6239317655563354]], "brockpiece12": [[-0.015744823962450027, -0.1376805603504181, -1.3722035884857178], [-3.0296757221221924, -8.303627967834473, 7.73856258392334], [0.057196881622076035, 0.6268966794013977, -0.06759794801473618]], "brockpiece13": [[-0.038604721426963806, -0.1316622942686081, -0.9447356462478638], [-16.893455505371094, -11.837577819824219, 1.816945195198059], [0.10751569271087646, 0.33034080266952515, -0.6997447609901428]], "brockpiece14": [[-0.1000264585018158, -0.05878457427024841, -0.957364022731781], [2.1414928436279297, -9.306160926818848, -6.977209568023682], [0.1765923947095871, 0.3738964796066284, -0.06937721371650696]], "brockpiece15": [[-0.04176095128059387, -0.00013230741024017334, -0.07471522688865662], [-0.004434883128851652, 4.437546253204346, 0.020238766446709633], [0.32439151406288147, 0.17386914789676666, 0.1606941819190979]], "brockpiece16": [[-0.12344023585319519, -0.0006261467933654785, -0.30713364481925964], [0.013428001664578915, -7.9542670249938965, -0.02132928930222988], [0.2422737032175064, 0.13469432294368744, -0.2985038757324219]], "brockpiece17": [[0.0761914774775505, 0.04847455024719238, -0.9264554381370544], [-3.008324146270752, -2.3640005588531494, 14.681859016418457], [0.05579742044210434, 0.8304786086082458, -0.06759888678789139]], "brockpiece18": [[0.05160623788833618, 8.249282836914062e-05, -0.9466654658317566], [0.00029800302581861615, -4.428524971008301, 0.0001455761812394485], [0.7751116156578064, 1.1647822856903076, 0.4550911784172058]], "brockpiece19": [[0.6119495034217834, -0.7600026726722717, -3.1674137115478516], [-144.40077209472656, 2.8589682579040527, -94.37293243408203], [0.04745550453662872, 0.8352649807929993, -0.8555060029029846]], "brockpiece20": [[0.11203254014253616, -0.09434068202972412, -2.2997586727142334], [14.262645721435547, -33.35779571533203, -86.92709350585938], [0.0324799083173275, 0.8903895616531372, 0.1047213077545166]], "brockpiece21": [[0.0671689510345459, 8.392333984375e-05, -0.9936712384223938], [-0.00010821874457178637, -4.428295135498047, 0.000327118206769228], [0.15945503115653992, 1.6952928304672241, 0.277337908744812]], "brockpiece22": [[-0.29279106855392456, -1.7639126777648926, -6.513549327850342], [150.1112518310547, 8.706634521484375, -34.51014709472656], [0.5310609936714172, 1.9953807592391968, -0.3219248354434967]], "brockpiece23": [[0.15532472729682922, -0.4289337694644928, -2.8549559116363525], [-11.231016159057617, 24.698667526245117, 67.98790740966797], [-0.0681355819106102, 0.8056530356407166, -0.06759854406118393]], "brockpiece24": [[0.057391464710235596, -0.09788739681243896, -2.6256496906280518], [-17.660398483276367, 1.3734012842178345, -31.769515991210938], [-0.3838520646095276, 0.746596097946167, 0.4647919237613678]], "brockpiece25": [[-0.2475680112838745, -0.016264796257019043, -2.38838267326355], [0.7616207003593445, 0.46632620692253113, -2.192542314529419], [-1.032001256942749, 0.5244100093841553, 0.6970614790916443]], "brockpiece26": [[-0.8768833875656128, -0.6498957872390747, -1.1060301065444946], [6.343874454498291, -22.353683471679688, 65.82904815673828], [-0.012171115726232529, 0.7901149392127991, 0.14576949179172516]], "brockpiece27": [[-0.3228915333747864, -0.6677712202072144, -2.913041830062866], [4.426110744476318, 3.2791638374328613, -9.330083847045898], [-0.029545554891228676, 0.7074200510978699, -0.5648927092552185]], "brockpiece28": [[-1.3941271305084229, -0.7920613884925842, -1.7216078042984009], [43.46317672729492, 13.211792945861816, -57.326541900634766], [-0.05280172452330589, 0.875779390335083, 0.7411666512489319]], "brockpiece29": [[0.052752189338207245, -0.3257884383201599, -2.6551949977874756], [-9.490534782409668, -4.977047443389893, -13.311736106872559], [-0.1528574824333191, 0.604702889919281, -0.03537474945187569]], "brockpiece30": [[0.048238903284072876, -0.3187978267669678, -2.5498862266540527], [-9.816396713256836, -6.975255489349365, -12.241779327392578], [-0.212638720870018, 0.5194345116615295, -0.6746488809585571]], "brockpiece31": [[-0.04970160126686096, -0.1189931333065033, -2.561311960220337], [-9.81638240814209, -6.975265979766846, -12.241860389709473], [-0.3032321333885193, 0.4032418727874756, 0.2416532039642334]], "brockpiece32": [[0.07000011950731277, -0.14871519804000854, -2.4016551971435547], [33.25462341308594, 24.72289276123047, 146.5363311767578], [-0.014846060425043106, 0.7332823276519775, -0.067598357796669]], "brockpiece33": [[-0.18041950464248657, 0.00042447447776794434, -1.3375333547592163], [-0.018030177801847458, -4.648349761962891, 0.24013584852218628], [-0.07364655286073685, 0.3388040363788605, 0.1644446849822998]], "brockpiece34": [[-0.052453894168138504, 0.0029991567134857178, -1.2474658489227295], [-0.3465147614479065, -8.295124053955078, -0.17172127962112427], [-0.040006935596466064, 0.3192813992500305, -0.5479322671890259]], "brockpiece35": [[-0.006405871361494064, -0.11815285682678223, -1.4915732145309448], [-17.220043182373047, -0.3322172462940216, 42.653892517089844], [0.03971529006958008, 0.7414476275444031, -0.4923132658004761]], "brockpiece36": [[-0.032845042645931244, -0.1498144268989563, -1.2951297760009766], [-19.42992401123047, -25.007314682006836, -147.90682983398438], [0.04695548489689827, 0.8178877234458923, 0.2522242069244385]], "brockpiece37": [[-1.2829307317733765, -0.855636477470398, -1.8965718746185303], [-117.4872055053711, 18.49233627319336, 61.366607666015625], [0.018796933814883232, 0.8953180909156799, 0.6815259456634521]],