{"brockpiece0": [[-8.948519825935364e-05, -1.9669532775878906e-06, 0.00014081597328186035], [-0.00015394610818475485, -0.000756390334572643, -4.439624535734765e-05], [-0.04771063104271889, 0.8072485327720642, -0.47105833888053894]], "brockpiece1": [[-9.963288903236389e-05, 4.827976226806641e-06, 0.0001404285430908203], [-0.00016093636804725975, -0.0007515345350839198, -8.537740541214589e-06], [-0.060903601348400116, 0.894946277141571, 0.4562895596027374]], "brockpiece2": [[-8.845329284667969e-05, -2.0265579223632812e-06, 0.0001392960548400879], [-0.00015720113879069686, -0.0007556966738775373, -4.439624899532646e-05], [-0.1568758189678192, 0.8655882477760315, -0.5483085513114929]], "brockpiece3": [[-9.807944297790527e-05, 4.0531158447265625e-06, 0.00013819336891174316], [-0.00015816162340342999, -0.0007553231553174555, -3.9273603761103004e-05], [-0.22012151777744293, 0.9278489947319031, 0.3253736197948456]], "brockpiece4": [[-9.974837303161621e-05, 5.0067901611328125e-06, 0.00013640522956848145], [-0.00020277129078749567, -0.0007362733012996614, -2.7320766093907878e-05], [-0.4135969281196594, 0.9918517470359802, 0.46200042963027954]], "brockpiece5": [[-9.086728096008301e-05, -4.172325134277344e-07, 0.0001354813575744629], [-0.00015752128092572093, -0.0007545227417722344, -2.7320766093907878e-05], [-0.436776340007782, 0.9646992683410645, -0.3259457051753998]], "brockpiece6": [[-9.377021342515945e-05, 1.0132789611816406e-06, 0.0001407712697982788], [-0.0001645916054258123, -0.0007254410302266479, 5.6349086662521586e-05], [-0.01387631893157959, 0.9064578413963318, -0.06759907305240631]], "brockpiece7": [[-8.737295866012573e-05, -2.6226043701171875e-06, 0.00013816356658935547], [-0.00015672088193241507, -0.0007517479825764894, -3.500473758322187e-05], [-0.016788214445114136, 1.2991664409637451, -0.5754176378250122]], "brockpiece8": [[-9.465217590332031e-05, 2.2649765014648438e-06, 0.00013621151447296143], [-0.00014354073209688067, -0.0007722385344095528, 0.00014684908092021942], [-0.10184786468744278, 1.4046438932418823, 0.10018877685070038]], "brockpiece9": [[-9.985920041799545e-05, 4.76837158203125e-06, 0.0001417994499206543], [-0.00012924002658110112, -0.0008150339708663523, -0.00034492471604608], [0.009604007937014103, 0.8276886940002441, 0.4656519293785095]], "brockpiece10": [[-2.86102294921875e-06, -0.00021511316299438477, 0.00018251687288284302], [0.028205065056681633, 0.021083520725369453, 0.08380476385354996], [0.026453230530023575, 0.7262305021286011, -0.09866398572921753]], "brockpiece11": [[-8.801370859146118e-05, -3.2186508178710938e-06, 0.00014257431030273438], [-0.0001677666004979983, -0.000756710534915328, -3.073586049140431e-05], [0.023447148501873016, 0.6883174180984497, -0.6239317655563354]], "brockpiece12": [[-9.431317448616028e-05, 5.364418029785156e-07, 0.00014378875494003296], [-0.00016163008695002645, -0.0007515345350839198, -1.3660384865943342e-05], [0.057196881622076035, 0.6268966794013977, -0.06759794801473618]], "brockpiece13": [[-8.784234523773193e-05, -3.9637088775634766e-06, 0.0001461505889892578], [-0.00015570703544653952, -0.0007564437109977007, -3.073586412938312e-05], [0.10751569271087646, 0.33034080266952515, -0.6997447609901428]], "brockpiece14": [[-9.47713851928711e-05, 5.960464477539062e-07, 0.00014685839414596558], [-0.00017895232303999364, -0.0007578844670206308, -3.329717947053723e-05], [0.1765923947095871, 0.3738964796066284, -0.06937721371650696]], "brockpiece15": [[1.6182661056518555e-05, -0.0002445727586746216, 0.000500798225402832], [-0.008374455384910107, -0.006318140774965286, 0.00858896505087614], [0.32439151406288147, 0.17386914789676666, 0.1606941819190979]], "brockpiece16": [[0.00010217726230621338, -0.0002062469720840454, 0.00023087859153747559], [-0.0010894153965637088, -0.010590425692498684, 0.0014514157082885504], [0.2422737032175064, 0.13469432294368744, -0.2985038757324219]], "brockpiece17": [[-9.393692016601562e-05, 8.344650268554688e-07, 0.00014213472604751587], [-0.00018889749480877072, -0.00076796964276582, 4.7811339754844084e-05], [0.05579742044210434, 0.8304786086082458, -0.06759888678789139]], "brockpiece18": [[-9.912252426147461e-05, 3.0994415283203125e-06, 0.00014773011207580566], [-0.0003859058197122067, -0.0008085239096544683, -0.00017929250316228718], [0.7751116156578064, 1.1647822856903076, 0.4550911784172058]], "brockpiece19": [[-8.514523506164551e-05, -4.947185516357422e-06, 0.0001418590545654297], [-0.00013980547373648733, -0.0008119390113279223, 0.0003449246287345886], [0.04745550453662872, 0.8352649807929993, -0.8555060029029846]], "brockpiece20": [[-9.57101583480835e-05, 2.3245811462402344e-06, 0.00014153122901916504], [-0.00014258024748414755, -0.0008183423196896911, -0.0004712832742370665], [0.0324799083173275, 0.8903895616531372, 0.1047213077545166]], "brockpiece21": [[-9.609758853912354e-05, 3.4570693969726562e-06, 0.00013691186904907227], [-2.331870018679183e-05, -0.0005942266434431076, 8.87924907146953e-05], [0.15945503115653992, 1.6952928304672241, 0.277337908744812]], "brockpiece22": [[-8.893013000488281e-05, -2.384185791015625e-06, 0.0001392960548400879], [-0.00015837507089599967, -0.0007581512327305973, -3.5858505725627765e-05], [0.5310609936714172, 1.9953807592391968, -0.3219248354434967]], "brockpiece23": [[-9.39592719078064e-05, 8.344650268554688e-07, 0.0001409873366355896], [-0.0001588019513292238, -0.0007494000601582229, -0.00012294345651753247], [-0.0681355819106102, 0.8056530356407166, -0.06759854406118393]], "brockpiece24": [[-9.995698928833008e-05, 5.304813385009766e-06, 0.0001385807991027832], [-0.00015282553795259446, -0.0007547361892648041, -2.902831147366669e-05], [-0.3838520646095276, 0.746596097946167, 0.4647919237613678]], "brockpiece25": [[-0.000102996826171875, 8.463859558105469e-06, 0.00013315677642822266], [-0.0001468491245759651, -0.0007547361892648041, -3.5858505725627765e-05], [-1.032001256942749, 0.5244100093841553, 0.6970614790916443]], "brockpiece26": [[-9.637326002120972e-05, 2.4437904357910156e-06, 0.00014166533946990967], [-0.00016741972649469972, -0.0007497602491639555, -1.536793206469156e-05], [-0.012171115726232529, 0.7901149392127991, 0.14576949179172516]], "brockpiece27": [[-8.86283814907074e-05, -2.9206275939941406e-06, 0.00014168024063110352], [-0.00015586712106596678, -0.0007543092942796648, -1.7075481082429178e-05], [-0.029545554891228676, 0.7074200510978699, -0.5648927092552185]], "brockpiece28": [[-0.0001028701663017273, 7.033348083496094e-06, 0.00014078617095947266], [-0.00013148118159733713, -0.0007701041176915169, -3.415095306991134e-06], [-0.05280172452330589, 0.875779390335083, 0.7411666512489319]], "brockpiece29": [[-9.47117805480957e-05, 1.430511474609375e-06, 0.00014152005314826965], [-0.00015890868962742388, -0.0007466253009624779, 3.4150962164858356e-05], [-0.1528574824333191, 0.604702889919281, -0.03537474945187569]], "brockpiece30": [[-8.779764175415039e-05, -3.2186508178710938e-06, 0.00014132261276245117], [-0.00014877010835334659, -0.00076242012437433, -5.8910394727718085e-05], [-0.212638720870018, 0.5194345116615295, -0.6746488809585571]], "brockpiece31": [[-9.822845458984375e-05, 3.933906555175781e-06, 0.00014166533946990967], [-0.00014471469330601394, -0.0007572975009679794, -0.0001417264575138688], [-0.3032321333885193, 0.4032418727874756, 0.2416532039642334]], "brockpiece32": [[-9.412411600351334e-05, 5.364418029785156e-07, 0.00014209747314453125], [-0.0001697942934697494, -0.000683019170537591, 0.0001494104362791404], [-0.014846060425043106, 0.7332823276519775, -0.067598357796669]], "brockpiece33": [[-9.741634130477905e-05, 2.7418136596679688e-06, 0.00014448165893554688], [-0.0001621370029170066, -0.0007715981919318438, -9.092692198464647e-05], [-0.07364655286073685, 0.3388040363788605, 0.1644446849822998]],