{"brockpiece0": [[-0.16709059476852417, -0.719461977481842, -3.3219447135925293], [99.05570983886719, -57.55891799926758, 85.6493148803711], [-0.04771063104271889, 0.8072485327720642, -0.47105833888053894]], "brockpiece1": [[0.2738882303237915, -0.45323172211647034, -3.090700626373291], [-7.433882236480713, 71.40836334228516, 79.68562316894531], [-0.060903601348400116, 0.894946277141571, 0.4562895596027374]], "brockpiece2": [[0.5726931691169739, -0.8026777505874634, -3.674994707107544], [-3.7824528217315674, 9.211347579956055, -46.254058837890625], [-0.1568758189678192, 0.8655882477760315, -0.5483085513114929]], "brockpiece3": [[0.18174871802330017, -0.47557878494262695, -3.1986074447631836], [-14.817550659179688, 17.314233779907227, 47.04508590698242], [-0.22012151777744293, 0.9278489947319031, 0.3253736197948456]], "brockpiece4": [[0.2608104944229126, -0.15827727317810059, -2.7843828201293945], [-10.64603042602539, -12.935611724853516, -60.85152816772461], [-0.4135969281196594, 0.9918517470359802, 0.46200042963027954]], "brockpiece5": [[-0.03962504863739014, 0.02377307415008545, -2.4108498096466064], [-5.006110191345215, 9.345420837402344, 2.2508435249328613], [-0.436776340007782, 0.9646992683410645, -0.3259457051753998]], "brockpiece6": [[0.49986961483955383, -0.7076276540756226, -3.742906093597412], [49.48514175415039, -23.575368881225586, 117.67874908447266], [-0.01387631893157959, 0.9064578413963318, -0.06759907305240631]], "brockpiece7": [[0.9515045881271362, -1.1584073305130005, -4.182276725769043], [-161.35629272460938, 5.006137371063232, -106.31146240234375], [-0.016788214445114136, 1.2991664409637451, -0.5754176378250122]], "brockpiece8": [[1.5850468873977661, -1.0915913581848145, -5.2634172439575195], [-150.77919006347656, -2.2465031147003174, -109.17767333984375], [-0.10184786468744278, 1.4046438932418823, 0.10018877685070038]], "brockpiece9": [[-1.0866488218307495, -0.7964919209480286, -1.550501823425293], [40.37771224975586, -9.810771942138672, -57.706260681152344], [0.009604007937014103, 0.8276886940002441, 0.4656519293785095]], "brockpiece10": [[0.04041209816932678, -0.2590830624103546, -1.3279536962509155], [16.11444091796875, 6.349734306335449, -175.9440155029297], [0.026453230530023575, 0.7262305021286011, -0.09866398572921753]], "brockpiece11": [[-0.13493549823760986, -0.6257302761077881, -2.1291980743408203], [-15.718700408935547, -17.576658248901367, 37.692630767822266], [0.023447148501873016, 0.6883174180984497, -0.6239317655563354]], "brockpiece12": [[-0.028607504442334175, -0.14344823360443115, -1.3721319437026978], [-3.2354488372802734, -7.8548431396484375, 8.20456314086914], [0.057196881622076035, 0.6268966794013977, -0.06759794801473618]], "brockpiece13": [[-0.04357638210058212, -0.14570142328739166, -0.9478112459182739], [-13.306867599487305, -12.645644187927246, 1.684996485710144], [0.10751569271087646, 0.33034080266952515, -0.6997447609901428]], "brockpiece14": [[-0.11434324830770493, -0.06606775522232056, -0.9522772431373596], [2.6485137939453125, -9.741439819335938, -6.100172519683838], [0.1765923947095871, 0.3738964796066284, -0.06937721371650696]], "brockpiece15": [[-0.04264718294143677, -0.0002234429121017456, -0.07607198506593704], [-0.010040557011961937, 4.8592000007629395, 0.03756789490580559], [0.32439151406288147, 0.17386914789676666, 0.1606941819190979]], "brockpiece16": [[-0.11378888785839081, -0.0005974471569061279, -0.2984274923801422], [0.001497103599831462, -7.117704391479492, -0.03234432637691498], [0.2422737032175064, 0.13469432294368744, -0.2985038757324219]], "brockpiece17": [[0.0914025530219078, 0.018032491207122803, -0.9284841418266296], [-2.8092429637908936, -0.2962130606174469, 30.396581649780273], [0.05579742044210434, 0.8304786086082458, -0.06759888678789139]], "brockpiece18": [[0.05240815877914429, 8.237361907958984e-05, -0.9465960264205933], [0.00020551988563966006, -4.430566310882568, 0.00037164849345572293], [0.7751116156578064, 1.1647822856903076, 0.4550911784172058]], "brockpiece19": [[0.5698637962341309, -0.7646247148513794, -3.196547031402588], [-163.10879516601562, -16.56322479248047, -52.675296783447266], [0.04745550453662872, 0.8352649807929993, -0.8555060029029846]], "brockpiece20": [[0.10960973054170609, -0.12514549493789673, -2.338423252105713], [25.541234970092773, -20.706138610839844, -94.76432800292969], [0.0324799083173275, 0.8903895616531372, 0.1047213077545166]], "brockpiece21": [[0.06797939538955688, 8.308887481689453e-05, -0.9936253428459167], [1.455765959690325e-05, -4.430547714233398, 9.419659909326583e-05], [0.15945503115653992, 1.6952928304672241, 0.277337908744812]], "brockpiece22": [[-0.2977013885974884, -1.7766135931015015, -6.501699924468994], [152.2706298828125, 9.810425758361816, -31.8612003326416], [0.5310609936714172, 1.9953807592391968, -0.3219248354434967]], "brockpiece23": [[0.15189988911151886, -0.4254497289657593, -2.8999717235565186], [-1.499013066291809, 25.600597381591797, 94.6113510131836], [-0.0681355819106102, 0.8056530356407166, -0.06759854406118393]], "brockpiece24": [[0.051455169916152954, -0.10829693078994751, -2.6415507793426514], [-16.893085479736328, 1.2123496532440186, -35.68181610107422], [-0.3838520646095276, 0.746596097946167, 0.4647919237613678]], "brockpiece25": [[-0.2601054906845093, -0.024433493614196777, -2.391002655029297], [-0.05352630093693733, 1.1093932390213013, -2.7024753093719482], [-1.032001256942749, 0.5244100093841553, 0.6970614790916443]], "brockpiece26": [[-0.7148828506469727, -0.7096005082130432, -1.0145182609558105], [34.25862503051758, 1.1607662439346313, 78.95626068115234], [-0.012171115726232529, 0.7901149392127991, 0.14576949179172516]], "brockpiece27": [[-0.321621835231781, -0.6668237447738647, -2.9142630100250244], [4.582766532897949, 3.057051420211792, -6.063924789428711], [-0.029545554891228676, 0.7074200510978699, -0.5648927092552185]], "brockpiece28": [[-1.5392405986785889, -0.8316114544868469, -1.9993678331375122], [-133.45594787597656, 40.086456298828125, 40.172386169433594], [-0.05280172452330589, 0.875779390335083, 0.7411666512489319]], "brockpiece29": [[0.05397545546293259, -0.3358076810836792, -2.660726308822632], [-8.233145713806152, -5.966307640075684, -14.86060619354248], [-0.1528574824333191, 0.604702889919281, -0.03537474945187569]], "brockpiece30": [[0.04376859962940216, -0.3193329870700836, -2.552557945251465], [-10.04128360748291, -6.847200393676758, -10.10042667388916], [-0.212638720870018, 0.5194345116615295, -0.6746488809585571]], "brockpiece31": [[-0.05451759696006775, -0.12342458963394165, -2.5636990070343018], [-10.041266441345215, -6.847213268280029, -10.100523948669434], [-0.3032321333885193, 0.4032418727874756, 0.2416532039642334]], "brockpiece32": [[0.07796064019203186, -0.154743492603302, -2.4151816368103027], [34.93550109863281, 21.724308013916016, 154.06883239746094], [-0.014846060425043106, 0.7332823276519775, -0.067598357796669]], "brockpiece33": [[-0.19104889035224915, -1.0132789611816406e-05, -1.329149842262268], [-0.006647859700024128, -5.665411949157715, 0.06182624027132988], [-0.07364655286073685, 0.3388040363788605, 0.1644446849822998]], "brockpiece34": [[-0.05559167638421059, 0.000744938850402832, -1.2541165351867676], [0.06465137004852295, -9.685676574707031, -0.3612142503261566], [-0.040006935596466064, 0.3192813992500305, -0.5479322671890259]], "brockpiece35": [[0.117038294672966, -0.1648527979850769, -1.450814962387085], [17.221405029296875, 0.3408874571323395, -124.19168853759766], [0.03971529006958008, 0.7414476275444031, -0.4923132658004761]], "brockpiece36": [[-0.020230362191796303, -0.18362396955490112, -1.280523419380188], [-15.488227844238281, -14.313772201538086, -152.53555297851562], [0.04695548489689827, 0.8178877234458923, 0.2522242069244385]], "brockpiece37": [[-1.322736144065857, -0.8359837532043457, -1.861603021621704], [-110.75739288330078, -36.65592956542969, 100.80520629882812], [0.018796933814883232, 0.8953180909156799, 0.6815259456634521]],