{"brockpiece0": [[-0.16831156611442566, -0.7196577787399292, -3.3401336669921875], [96.58018493652344, -42.68563461303711, 88.88788604736328], [-0.04771063104271889, 0.8072485327720642, -0.47105833888053894]], "brockpiece1": [[0.14866474270820618, -0.26044267416000366, -3.079957962036133], [17.94440269470215, 47.540672302246094, 119.33264923095703], [-0.060903601348400116, 0.894946277141571, 0.4562895596027374]], "brockpiece2": [[0.5862370729446411, -0.7643769979476929, -3.677947759628296], [-4.534406661987305, 19.570539474487305, -1.4860703945159912], [-0.1568758189678192, 0.8655882477760315, -0.5483085513114929]], "brockpiece3": [[0.20814797282218933, -0.4151337742805481, -3.156176805496216], [-25.75912857055664, 9.490546226501465, 25.319589614868164], [-0.22012151777744293, 0.9278489947319031, 0.3253736197948456]], "brockpiece4": [[0.24052593111991882, -0.03951197862625122, -2.7560606002807617], [-12.106654167175293, 13.16222858428955, -40.5405387878418], [-0.4135969281196594, 0.9918517470359802, 0.46200042963027954]], "brockpiece5": [[-0.06688565015792847, 0.056459248065948486, -2.451620578765869], [-6.633826732635498, 8.38198471069336, -0.4404168426990509], [-0.436776340007782, 0.9646992683410645, -0.3259457051753998]], "brockpiece6": [[0.40990889072418213, -0.808940052986145, -3.7341089248657227], [-33.14556121826172, 32.280521392822266, -67.04277801513672], [-0.01387631893157959, 0.9064578413963318, -0.06759907305240631]], "brockpiece7": [[0.9554092288017273, -1.1565736532211304, -4.1849822998046875], [-161.31112670898438, 5.1255950927734375, -106.6335678100586], [-0.016788214445114136, 1.2991664409637451, -0.5754176378250122]], "brockpiece8": [[1.5832351446151733, -1.0799812078475952, -5.223852157592773], [-149.9149932861328, 11.435365676879883, -119.68465423583984], [-0.10184786468744278, 1.4046438932418823, 0.10018877685070038]], "brockpiece9": [[-1.1250008344650269, -0.6502643823623657, -1.8361272811889648], [-15.688465118408203, 6.484961032867432, 41.241416931152344], [0.009604007937014103, 0.8276886940002441, 0.4656519293785095]], "brockpiece10": [[0.048532865941524506, -0.24443382024765015, -1.3309879302978516], [12.702728271484375, 4.808527946472168, -177.76239013671875], [0.026453230530023575, 0.7262305021286011, -0.09866398572921753]], "brockpiece11": [[-0.07411955296993256, -0.6148570775985718, -2.099381446838379], [11.441554069519043, -18.55539894104004, -29.1959171295166], [0.023447148501873016, 0.6883174180984497, -0.6239317655563354]], "brockpiece12": [[-0.011844314634799957, -0.14322558045387268, -1.3794604539871216], [-4.63050651550293, -7.890673637390137, 8.366643905639648], [0.057196881622076035, 0.6268966794013977, -0.06759794801473618]], "brockpiece13": [[-0.036356523633003235, -0.1306842714548111, -0.9464563131332397], [-17.068021774291992, -11.778108596801758, 2.2478411197662354], [0.10751569271087646, 0.33034080266952515, -0.6997447609901428]], "brockpiece14": [[-0.09499160945415497, -0.05535915493965149, -0.9668441414833069], [1.053019404411316, -9.436829566955566, -7.089137077331543], [0.1765923947095871, 0.3738964796066284, -0.06937721371650696]], "brockpiece15": [[-0.043457239866256714, -0.0009258687496185303, -0.0757683515548706], [-0.4511134922504425, 3.7442030906677246, 1.9187030792236328], [0.32439151406288147, 0.17386914789676666, 0.1606941819190979]], "brockpiece16": [[-0.12105899304151535, -0.0008035749197006226, -0.3122868239879608], [-0.05694489926099777, -8.24178409576416, 0.10143441706895828], [0.2422737032175064, 0.13469432294368744, -0.2985038757324219]], "brockpiece17": [[0.0736708864569664, 0.0535198450088501, -0.9327458739280701], [-2.916677951812744, -3.2747812271118164, 10.612883567810059], [0.05579742044210434, 0.8304786086082458, -0.06759888678789139]], "brockpiece18": [[0.05152660608291626, 0.0001938343048095703, -0.9463669061660767], [-0.0047988248988986015, -4.420596599578857, -0.00034424118348397315], [0.7751116156578064, 1.1647822856903076, 0.4550911784172058]], "brockpiece19": [[0.6123385429382324, -0.7621666789054871, -3.1566638946533203], [-135.84832763671875, 16.2943058013916, -104.71231079101562], [0.04745550453662872, 0.8352649807929993, -0.8555060029029846]], "brockpiece20": [[0.11211227625608444, -0.1544172763824463, -2.2850215435028076], [-10.838729858398438, -8.979972839355469, -22.907503128051758], [0.0324799083173275, 0.8903895616531372, 0.1047213077545166]], "brockpiece21": [[0.06706380844116211, 0.00018227100372314453, -0.9933342337608337], [2.4787869453430176, 8.406001091003418, 158.0460205078125], [0.15945503115653992, 1.6952928304672241, 0.277337908744812]], "brockpiece22": [[-0.30251604318618774, -1.7646313905715942, -6.527496814727783], [149.75997924804688, 9.462158203125, -34.431095123291016], [0.5310609936714172, 1.9953807592391968, -0.3219248354434967]], "brockpiece23": [[0.15086200833320618, -0.451528400182724, -2.822533369064331], [-25.4600830078125, 5.957499980926514, 24.26750373840332], [-0.0681355819106102, 0.8056530356407166, -0.06759854406118393]], "brockpiece24": [[0.05156436562538147, -0.06239563226699829, -2.647113084793091], [-17.8895206451416, -0.13050201535224915, -36.63975524902344], [-0.3838520646095276, 0.746596097946167, 0.4647919237613678]], "brockpiece25": [[-0.266607403755188, 0.05152469873428345, -2.4204306602478027], [-0.8786966800689697, -2.0161352157592773, -0.9479306936264038], [-1.032001256942749, 0.5244100093841553, 0.6970614790916443]], "brockpiece26": [[-0.8988991379737854, -0.7086431980133057, -1.3606772422790527], [28.604782104492188, -7.6928558349609375, 121.75920104980469], [-0.012171115726232529, 0.7901149392127991, 0.14576949179172516]], "brockpiece27": [[-0.2995840609073639, -0.6766913533210754, -2.9145870208740234], [2.5202128887176514, 0.1551334708929062, -65.08233642578125], [-0.029545554891228676, 0.7074200510978699, -0.5648927092552185]], "brockpiece28": [[-1.2429993152618408, -0.7416563630104065, -1.6841835975646973], [14.160128593444824, 7.407830238342285, 60.1619987487793], [-0.05280172452330589, 0.875779390335083, 0.7411666512489319]], "brockpiece29": [[0.05353279411792755, -0.3162470757961273, -2.663722276687622], [-11.258157730102539, -4.4473772048950195, -13.470732688903809], [-0.1528574824333191, 0.604702889919281, -0.03537474945187569]], "brockpiece30": [[0.04160076379776001, -0.3119408190250397, -2.5634660720825195], [-11.54771900177002, -6.3187384605407715, -11.917236328125], [-0.212638720870018, 0.5194345116615295, -0.6746488809585571]], "brockpiece31": [[-0.04071885347366333, -0.08812937140464783, -2.5743112564086914], [-11.547701835632324, -6.318757057189941, -11.917337417602539], [-0.3032321333885193, 0.4032418727874756, 0.2416532039642334]], "brockpiece32": [[0.01904728077352047, -0.1435280442237854, -2.4040846824645996], [40.595909118652344, 10.481403350830078, 173.862548828125], [-0.014846060425043106, 0.7332823276519775, -0.067598357796669]], "brockpiece33": [[-0.17443928122520447, -6.142258644104004e-05, -1.346843957901001], [-0.03823283314704895, -4.4350714683532715, 0.26742076873779297], [-0.07364655286073685, 0.3388040363788605, 0.1644446849822998]], "brockpiece34": [[-0.05182312801480293, 0.007468491792678833, -1.2530698776245117], [-1.055405616760254, -8.09918212890625, 0.04701585695147514], [-0.040006935596466064, 0.3192813992500305, -0.5479322671890259]], "brockpiece35": [[-0.01113993301987648, -0.10445231199264526, -1.4991283416748047], [-14.750438690185547, 3.163560628890991, 52.30472183227539], [0.03971529006958008, 0.7414476275444031, -0.4923132658004761]], "brockpiece36": [[-0.03713984042406082, -0.1410706639289856, -1.3019094467163086], [-15.92392349243164, -22.581151962280273, -149.17538452148438], [0.04695548489689827, 0.8178877234458923, 0.2522242069244385]], "brockpiece37": [[-1.220846176147461, -0.8607137203216553, -2.2900986671447754], [-146.08340454101562, 20.59618377685547, 27.921092987060547], [0.018796933814883232, 0.8953180909156799, 0.6815259456634521]],