{"brockpiece0": [[-0.17859044671058655, -0.7906795144081116, -3.475925922393799], [-113.57595825195312, 75.75469970703125, -116.62067413330078], [-0.04771063104271889, 0.8072485327720642, -0.47105833888053894]], "brockpiece1": [[0.28129804134368896, -0.4530884325504303, -3.081594705581665], [-41.356876373291016, 63.163726806640625, 41.57975387573242], [-0.060903601348400116, 0.894946277141571, 0.4562895596027374]], "brockpiece2": [[0.5813749432563782, -0.8017833828926086, -3.676825761795044], [-4.491827964782715, 8.397584915161133, -52.893089294433594], [-0.1568758189678192, 0.8655882477760315, -0.5483085513114929]], "brockpiece3": [[0.17405670881271362, -0.45927920937538147, -3.181757688522339], [-13.9723482131958, 19.06555938720703, 51.59317398071289], [-0.22012151777744293, 0.9278489947319031, 0.3253736197948456]], "brockpiece4": [[0.2691313624382019, -0.11927449703216553, -2.7857418060302734], [-27.748703002929688, -12.818697929382324, -50.629844665527344], [-0.4135969281196594, 0.9918517470359802, 0.46200042963027954]], "brockpiece5": [[-0.04313179850578308, 0.0240057110786438, -2.406226634979248], [-4.950005054473877, 9.350810050964355, 2.2522222995758057], [-0.436776340007782, 0.9646992683410645, -0.3259457051753998]], "brockpiece6": [[0.5426895022392273, -0.751276969909668, -3.7690722942352295], [49.051841735839844, 11.165708541870117, 81.76274108886719], [-0.01387631893157959, 0.9064578413963318, -0.06759907305240631]], "brockpiece7": [[0.9528440833091736, -1.1584124565124512, -4.184628486633301], [-161.34786987304688, 5.008651256561279, -106.3109359741211], [-0.016788214445114136, 1.2991664409637451, -0.5754176378250122]], "brockpiece8": [[1.5979411602020264, -1.0919008255004883, -5.241571426391602], [-151.75169372558594, 2.487649917602539, -114.00843048095703], [-0.10184786468744278, 1.4046438932418823, 0.10018877685070038]], "brockpiece9": [[-0.9391882419586182, -0.7227612733840942, -1.5750683546066284], [11.403182983398438, -10.344377517700195, 26.873180389404297], [0.009604007937014103, 0.8276886940002441, 0.4656519293785095]], "brockpiece10": [[0.043078817427158356, -0.2503613531589508, -1.3274908065795898], [14.821776390075684, 5.652029037475586, -174.1461639404297], [0.026453230530023575, 0.7262305021286011, -0.09866398572921753]], "brockpiece11": [[-0.1337718814611435, -0.6246854066848755, -2.1282598972320557], [-14.711543083190918, -18.106775283813477, 35.097503662109375], [0.023447148501873016, 0.6883174180984497, -0.6239317655563354]], "brockpiece12": [[-0.021124914288520813, -0.1409464180469513, -1.373313546180725], [-3.1318447589874268, -8.249283790588379, 7.671408176422119], [0.057196881622076035, 0.6268966794013977, -0.06759794801473618]], "brockpiece13": [[-0.04160743206739426, -0.13930998742580414, -0.9453132152557373], [-14.934919357299805, -12.40777587890625, 1.8068424463272095], [0.10751569271087646, 0.33034080266952515, -0.6997447609901428]], "brockpiece14": [[-0.10714048147201538, -0.06226274371147156, -0.9556810259819031], [2.352787971496582, -9.591276168823242, -6.794186592102051], [0.1765923947095871, 0.3738964796066284, -0.06937721371650696]], "brockpiece15": [[-0.04265835881233215, -0.00023292005062103271, -0.07563440501689911], [-0.011316321790218353, 4.6549835205078125, -0.007839598692953587], [0.32439151406288147, 0.17386914789676666, 0.1606941819190979]], "brockpiece16": [[-0.12134356051683426, -0.0007728934288024902, -0.30460694432258606], [-0.010176575742661953, -7.755259037017822, 0.054689254611730576], [0.2422737032175064, 0.13469432294368744, -0.2985038757324219]], "brockpiece17": [[0.08799945563077927, 0.02904343605041504, -0.9242013692855835], [-2.366020441055298, -1.8348859548568726, 17.912200927734375], [0.05579742044210434, 0.8304786086082458, -0.06759888678789139]], "brockpiece18": [[0.051880836486816406, 7.998943328857422e-05, -0.946579098701477], [0.00028944076620973647, -4.431135654449463, 0.0003356827946845442], [0.7751116156578064, 1.1647822856903076, 0.4550911784172058]], "brockpiece19": [[0.5972541570663452, -0.7600045800209045, -3.1822781562805176], [-151.8527069091797, -7.888638973236084, -79.42221069335938], [0.04745550453662872, 0.8352649807929993, -0.8555060029029846]], "brockpiece20": [[0.12349075824022293, -0.09092116355895996, -2.331117630004883], [33.44292068481445, -22.237224578857422, -120.40234375], [0.0324799083173275, 0.8903895616531372, 0.1047213077545166]], "brockpiece21": [[0.06745292246341705, 8.20159912109375e-05, -0.9936104416847229], [2.488154649734497, 8.41374397277832, 158.04534912109375], [0.15945503115653992, 1.6952928304672241, 0.277337908744812]], "brockpiece22": [[-0.29703906178474426, -1.7760928869247437, -6.501053333282471], [152.23565673828125, 9.697357177734375, -31.948463439941406], [0.5310609936714172, 1.9953807592391968, -0.3219248354434967]], "brockpiece23": [[0.14796121418476105, -0.42043596506118774, -2.8830325603485107], [-2.7373814582824707, 26.750965118408203, 89.33267211914062], [-0.0681355819106102, 0.8056530356407166, -0.06759854406118393]], "brockpiece24": [[0.05402335524559021, -0.10638058185577393, -2.6356425285339355], [-17.00456428527832, 1.2373981475830078, -34.70867919921875], [-0.3838520646095276, 0.746596097946167, 0.4647919237613678]], "brockpiece25": [[-0.2547239065170288, -0.022645235061645508, -2.394656181335449], [-0.043282561004161835, 0.9905551671981812, -2.5074963569641113], [-1.032001256942749, 0.5244100093841553, 0.6970614790916443]], "brockpiece26": [[-0.7780413031578064, -0.7445668578147888, -1.0900828838348389], [-25.870874404907227, 35.67192459106445, 139.01287841796875], [-0.012171115726232529, 0.7901149392127991, 0.14576949179172516]], "brockpiece27": [[-0.3224365711212158, -0.6674667596817017, -2.9136667251586914], [4.500523567199707, 3.108895778656006, -8.291831016540527], [-0.029545554891228676, 0.7074200510978699, -0.5648927092552185]], "brockpiece28": [[-1.556830883026123, -0.8374715447425842, -1.8806006908416748], [76.60480499267578, 58.645240783691406, -95.83256530761719], [-0.05280172452330589, 0.875779390335083, 0.7411666512489319]], "brockpiece29": [[0.053227588534355164, -0.3335884213447571, -2.658435106277466], [-8.61681079864502, -5.376401901245117, -14.2882719039917], [-0.1528574824333191, 0.604702889919281, -0.03537474945187569]], "brockpiece30": [[0.04690872132778168, -0.3194584250450134, -2.552030086517334], [-9.861505508422852, -6.8836870193481445, -10.990679740905762], [-0.212638720870018, 0.5194345116615295, -0.6746488809585571]], "brockpiece31": [[-0.05125004053115845, -0.12335357069969177, -2.5631654262542725], [-9.861486434936523, -6.8837056159973145, -10.990787506103516], [-0.3032321333885193, 0.4032418727874756, 0.2416532039642334]], "brockpiece32": [[0.07112269848585129, -0.14857983589172363, -2.4072494506835938], [35.18619918823242, 22.183433532714844, 153.01589965820312], [-0.014846060425043106, 0.7332823276519775, -0.067598357796669]], "brockpiece33": [[-0.18451038002967834, -0.00020894408226013184, -1.3332468271255493], [-0.0011653379769995809, -5.2698845863342285, 0.03150423243641853], [-0.07364655286073685, 0.3388040363788605, 0.1644446849822998]], "brockpiece34": [[-0.0530441589653492, 0.0014697909355163574, -1.2526016235351562], [0.10630331933498383, -9.096446990966797, -0.670071005821228], [-0.040006935596466064, 0.3192813992500305, -0.5479322671890259]], "brockpiece35": [[0.06782679259777069, -0.13845640420913696, -1.4648032188415527], [16.9122371673584, -14.211228370666504, -76.28524780273438], [0.03971529006958008, 0.7414476275444031, -0.4923132658004761]], "brockpiece36": [[-0.030578680336475372, -0.16536486148834229, -1.295610785484314], [-22.136791229248047, -25.178754806518555, -152.56239318847656], [0.04695548489689827, 0.8178877234458923, 0.2522242069244385]], "brockpiece37": [[-1.309309482574463, -0.8376885056495667, -1.8655321598052979], [-104.27687072753906, -32.45188522338867, 94.00447845458984], [0.018796933814883232, 0.8953180909156799, 0.6815259456634521]],