{"brockpiece0": [[-0.00012176111340522766, 7.450580596923828e-06, 0.0002403855323791504], [0.00019193904881831259, -0.0006197865004651248, 0.00016221705300267786], [-0.04771063104271889, 0.8072485327720642, -0.47105833888053894]], "brockpiece1": [[-0.00012998655438423157, 8.64267349243164e-06, 0.00024050474166870117], [0.00018953782273456454, -0.0006371287745423615, 1.536792842671275e-05], [-0.060903601348400116, 0.894946277141571, 0.4562895596027374]], "brockpiece2": [[-0.00012104213237762451, 7.748603820800781e-06, 0.00023943185806274414], [0.00019690163026098162, -0.000624642358161509, 8.537740359315649e-05], [-0.1568758189678192, 0.8655882477760315, -0.5483085513114929]], "brockpiece3": [[-0.0001287907361984253, 8.285045623779297e-06, 0.0002391040325164795], [0.00019060500198975205, -0.0006229881546460092, 9.733021579449996e-05], [-0.22012151777744293, 0.9278489947319031, 0.3253736197948456]], "brockpiece4": [[-0.00013023614883422852, 8.165836334228516e-06, 0.00023803114891052246], [0.00014578188711311668, -0.0006052189855836332, 9.562268678564578e-05], [-0.4135969281196594, 0.9918517470359802, 0.46200042963027954]], "brockpiece5": [[-0.00012311339378356934, 7.569789886474609e-06, 0.00023695826530456543], [0.0001929528807522729, -0.0006238953210413456, 9.73302376223728e-05], [-0.436776340007782, 0.9646992683410645, -0.3259457051753998]], "brockpiece6": [[-0.00012537464499473572, 8.285045623779297e-06, 0.00024086236953735352], [0.0001873566652648151, -0.0006026042974554002, 7.94009756646119e-05], [-0.01387631893157959, 0.9064578413963318, -0.06759907305240631]], "brockpiece7": [[-0.00012098252773284912, 7.152557373046875e-06, 0.00024044513702392578], [0.0001875634625321254, -0.00062709697522223, 9.348826279165223e-05], [-0.016788214445114136, 1.2991664409637451, -0.5754176378250122]], "brockpiece8": [[-0.00012697279453277588, 7.510185241699219e-06, 0.00023972243070602417], [0.00020415869948919863, -0.000641611113678664, 0.0002629623340908438], [-0.10184786468744278, 1.4046438932418823, 0.10018877685070038]], "brockpiece9": [[-0.00013004988431930542, 8.58306884765625e-06, 0.00024121999740600586], [0.00017574403318576515, -0.0005997495027258992, 0.00022198123042471707], [0.009604007937014103, 0.8276886940002441, 0.4656519293785095]], "brockpiece10": [[-4.649162292480469e-06, -0.0002646446228027344, 0.0003026425838470459], [0.037101179361343384, 0.02842896431684494, 0.04207910969853401], [0.026453230530023575, 0.7262305021286011, -0.09866398572921753]], "brockpiece11": [[-0.00012039020657539368, 7.271766662597656e-06, 0.00024074316024780273], [0.00018389492470305413, -0.0006261364906094968, 9.306136780651286e-05], [0.023447148501873016, 0.6883174180984497, -0.6239317655563354]], "brockpiece12": [[-0.00012527033686637878, 7.748603820800781e-06, 0.00024199485778808594], [0.0001933264429681003, -0.000626776774879545, 7.000945333857089e-05], [0.057196881622076035, 0.6268966794013977, -0.06759794801473618]], "brockpiece13": [[-0.00011959671974182129, 7.092952728271484e-06, 0.00024241209030151367], [0.00019540751236490905, -0.0006232549785636365, 8.964625158114359e-05], [0.10751569271087646, 0.33034080266952515, -0.6997447609901428]], "brockpiece14": [[-0.000125199556350708, 8.07642936706543e-06, 0.00024318695068359375], [0.0001687070616753772, -0.0006272036698646843, 9.050003427546471e-05], [0.1765923947095871, 0.3738964796066284, -0.06937721371650696]], "brockpiece15": [[4.172325134277344e-05, -0.0003746598958969116, 0.000385284423828125], [-0.0028617435600608587, 0.004438343923538923, -0.012803195044398308], [0.32439151406288147, 0.17386914789676666, 0.1606941819190979]], "brockpiece16": [[0.00020529329776763916, -0.0002523958683013916, 0.0004659295082092285], [0.00021472420485224575, -0.03994210809469223, -0.003476568730548024], [0.2422737032175064, 0.13469432294368744, -0.2985038757324219]], "brockpiece17": [[-0.00012532249093055725, 7.987022399902344e-06, 0.00024159252643585205], [0.0001756639831000939, -0.0007075651665218174, -0.0004166416765656322], [0.05579742044210434, 0.8304786086082458, -0.06759888678789139]], "brockpiece18": [[-0.00013023614883422852, 8.821487426757812e-06, 0.0002474784851074219], [0.0002407642750767991, -0.0007607126026414335, 0.0003398020635358989], [0.7751116156578064, 1.1647822856903076, 0.4550911784172058]], "brockpiece19": [[-0.00011840090155601501, 7.033348083496094e-06, 0.00024127960205078125], [0.00021579136955551803, -0.0006800309638492763, 0.0004729907668661326], [0.04745550453662872, 0.8352649807929993, -0.8555060029029846]], "brockpiece20": [[-0.0001268722116947174, 8.225440979003906e-06, 0.0002412945032119751], [0.0002212341787526384, -0.0007747998461127281, -0.0009374438086524606], [0.0324799083173275, 0.8903895616531372, 0.1047213077545166]], "brockpiece21": [[-0.00012855231761932373, 8.225440979003906e-06, 0.00024133920669555664], [-2.0597295588231646e-05, -0.0005103433504700661, 0.0002621085732243955], [0.15945503115653992, 1.6952928304672241, 0.277337908744812]], "brockpiece22": [[-0.0001233220100402832, 8.463859558105469e-06, 0.0002447068691253662], [0.0001899647177197039, -0.0006317927036434412, 9.562267950968817e-05], [0.5310609936714172, 1.9953807592391968, -0.3219248354434967]], "brockpiece23": [[-0.00012534111738204956, 7.748603820800781e-06, 0.0002405121922492981], [0.000186976496479474, -0.0006042585009709001, 0.00014001892122905701], [-0.0681355819106102, 0.8056530356407166, -0.06759854406118393]], "brockpiece24": [[-0.00012996792793273926, 8.64267349243164e-06, 0.0002383887767791748], [0.00019209913443773985, -0.0006249625002965331, 9.562267950968817e-05], [-0.3838520646095276, 0.746596097946167, 0.4647919237613678]], "brockpiece25": [[-0.00013196468353271484, 8.64267349243164e-06, 0.00023287534713745117], [0.00020490569295361638, -0.0006232549785636365, 9.476890409132466e-05], [-1.032001256942749, 0.5244100093841553, 0.6970614790916443]], "brockpiece26": [[-0.0001271972432732582, 8.225440979003906e-06, 0.00024099647998809814], [0.00018240080680698156, -0.0006188927218317986, 9.220759238814935e-05], [-0.012171115726232529, 0.7901149392127991, 0.14576949179172516]], "brockpiece27": [[-0.00012090988457202911, 6.854534149169922e-06, 0.00024074316024780273], [0.00019386007625143975, -0.0006232549785636365, 0.00011099061521235853], [-0.029545554891228676, 0.7074200510978699, -0.5648927092552185]], "brockpiece28": [[-0.00013253465294837952, 9.119510650634766e-06, 0.00024080276489257812], [0.00021258971537463367, -0.0006283776019699872, 0.00013831138494424522], [-0.05280172452330589, 0.875779390335083, 0.7411666512489319]], "brockpiece29": [[-0.00012555718421936035, 7.867813110351562e-06, 0.00024002417922019958], [0.0001891109423013404, -0.0006147172534838319, 0.00018612269195728004], [-0.1528574824333191, 0.604702889919281, -0.03537474945187569]], "brockpiece30": [[-0.00011989474296569824, 7.033348083496094e-06, 0.00023943185806274414], [0.00019743524899240583, -0.0006249625002965331, 8.708495442988351e-05], [-0.212638720870018, 0.5194345116615295, -0.6746488809585571]], "brockpiece31": [[-0.00012806057929992676, 8.314847946166992e-06, 0.00023919343948364258], [0.00020426540868356824, -0.0006206936668604612, -2.0490573660936207e-05], [-0.3032321333885193, 0.4032418727874756, 0.2416532039642334]], "brockpiece32": [[-0.00012532435357570648, 7.68899917602539e-06, 0.0002410784363746643], [0.00018767018627841026, -0.0005951871862635016, -6.019106149324216e-05], [-0.014846060425043106, 0.7332823276519775, -0.067598357796669]], "brockpiece33": [[-0.0001272261142730713, 8.225440979003906e-06, 0.00024113059043884277], [0.00019144543330185115, -0.0006418245611712337, 3.3724067179718986e-05], [-0.07364655286073685, 0.3388040363788605, 0.1644446849822998]], "brockpiece34": [[-0.00012094900012016296, 7.4803829193115234e-06, 0.0002416372299194336], [0.0001936332555487752, -0.0006245356635190547, 9.242103260476142e-05], [-0.040006935596466064, 0.3192813992500305, -0.5479322671890259]],