{"brockpiece0": [[0.001145835965871811, -0.004096806049346924, 0.00044658780097961426], [0.07604444026947021, -0.127484992146492, -0.9794260859489441], [-0.04771063104271889, 0.8072485327720642, -0.47105833888053894]], "brockpiece1": [[0.0014942847192287445, -0.008163690567016602, 0.000567704439163208], [0.5242858529090881, -0.06474553048610687, -0.30750373005867004], [-0.060903601348400116, 0.894946277141571, 0.4562895596027374]], "brockpiece2": [[-0.00016057491302490234, -0.0034866929054260254, 0.00025850534439086914], [0.6789647936820984, -0.18099120259284973, -0.06309934705495834], [-0.1568758189678192, 0.8655882477760315, -0.5483085513114929]], "brockpiece3": [[-0.001195281744003296, -0.005780220031738281, -0.0001952052116394043], [-0.2788211405277252, -0.13579896092414856, -3.2098066806793213], [-0.22012151777744293, 0.9278489947319031, 0.3253736197948456]], "brockpiece4": [[0.0014137029647827148, 2.0205974578857422e-05, 0.0006544888019561768], [0.2758796811103821, -0.23214562237262726, -0.37592583894729614], [-0.4135969281196594, 0.9918517470359802, 0.46200042963027954]], "brockpiece5": [[-0.0007641315460205078, -0.0011374354362487793, 3.7163496017456055e-05], [-0.49718910455703735, 0.3454919457435608, 0.14177018404006958], [-0.436776340007782, 0.9646992683410645, -0.3259457051753998]], "brockpiece6": [[0.005125667899847031, -0.004594087600708008, 0.0007077381014823914], [-0.14566193521022797, -0.10899647325277328, 0.22567395865917206], [-0.01387631893157959, 0.9064578413963318, -0.06759907305240631]], "brockpiece7": [[-0.0005296766757965088, -0.006172060966491699, -0.0014354586601257324], [-0.5454792380332947, -0.19533318281173706, 0.43315476179122925], [-0.016788214445114136, 1.2991664409637451, -0.5754176378250122]], "brockpiece8": [[-0.00024878978729248047, -0.0016411542892456055, 0.0005343034863471985], [-0.11902354657649994, 0.007133708335459232, -0.027488961815834045], [-0.10184786468744278, 1.4046438932418823, 0.10018877685070038]], "brockpiece9": [[0.0004931595176458359, -0.00587385892868042, -0.00013175606727600098], [0.5896332263946533, 0.19289328157901764, 1.7170301675796509], [0.009604007937014103, 0.8276886940002441, 0.4656519293785095]], "brockpiece10": [[-4.978664219379425e-05, -0.001338362693786621, -0.00017842650413513184], [-0.5566905736923218, -0.2711130976676941, 3.4734487533569336], [0.026453230530023575, 0.7262305021286011, -0.09866398572921753]], "brockpiece11": [[0.0013870932161808014, -0.006345152854919434, -0.001765608787536621], [-1.2404097318649292, -0.11925648897886276, 0.07082924246788025], [0.023447148501873016, 0.6883174180984497, -0.6239317655563354]], "brockpiece12": [[0.0009483546018600464, -0.00353395938873291, -0.0004778057336807251], [-0.07821627706289291, -0.08238819986581802, -0.16530641913414001], [0.057196881622076035, 0.6268966794013977, -0.06759794801473618]], "brockpiece13": [[0.00012139976024627686, 0.0006161332130432129, 9.250640869140625e-05], [-0.40522274374961853, -0.12538620829582214, -1.1592875719070435], [0.10751569271087646, 0.33034080266952515, -0.6997447609901428]], "brockpiece14": [[0.00037364661693573, -0.0002168118953704834, 0.0004334971308708191], [0.014394808560609818, -0.05713733285665512, -0.14798571169376373], [0.1765923947095871, 0.3738964796066284, -0.06937721371650696]], "brockpiece15": [[0.0001392066478729248, -0.0003705918788909912, 0.00034956634044647217], [-0.008705292828381062, 0.0014944245340302587, -0.0077864183112978935], [0.32439151406288147, 0.17386914789676666, 0.1606941819190979]], "brockpiece16": [[0.00020259618759155273, -0.00041402876377105713, 0.0006927847862243652], [0.011257014237344265, -0.05343110114336014, 0.026832420378923416], [0.2422737032175064, 0.13469432294368744, -0.2985038757324219]], "brockpiece17": [[0.0011022984981536865, 0.0003482699394226074, 0.0004515349864959717], [-0.2828321158885956, 0.17259131371974945, 1.2872978448867798], [0.05579742044210434, 0.8304786086082458, -0.06759888678789139]], "brockpiece18": [[-3.522634506225586e-05, -3.0994415283203125e-06, 0.0002594292163848877], [-0.00011440570960985497, -4.525001713773236e-05, 0.0010176985524594784], [0.7751116156578064, 1.1647822856903076, 0.4550911784172058]], "brockpiece19": [[-0.0013104751706123352, -0.008853733539581299, -0.0030735135078430176], [-2.084040641784668, 0.02256951481103897, 0.6341382265090942], [0.04745550453662872, 0.8352649807929993, -0.8555060029029846]], "brockpiece20": [[0.0009721070528030396, -0.0026740431785583496, 0.00018180906772613525], [-0.004885213915258646, 0.18850336968898773, 0.1405867338180542], [0.0324799083173275, 0.8903895616531372, 0.1047213077545166]], "brockpiece21": [[-3.8117170333862305e-05, -7.152557373046875e-06, 0.0002585947513580322], [-7.422496855724603e-05, 0.0003037300775758922, 0.00043627843842841685], [0.15945503115653992, 1.6952928304672241, 0.277337908744812]], "brockpiece22": [[0.0006088614463806152, -0.0014905929565429688, -0.00017493963241577148], [-0.03533002361655235, -0.021183839067816734, -0.14852270483970642], [0.5310609936714172, 1.9953807592391968, -0.3219248354434967]], "brockpiece23": [[0.0014542937278747559, -0.003173351287841797, 0.0009314492344856262], [0.09911520779132843, 0.08707024902105331, 0.45354020595550537], [-0.0681355819106102, 0.8056530356407166, -0.06759854406118393]], "brockpiece24": [[-0.0007439851760864258, -0.0016304254531860352, -2.6851892471313477e-05], [-0.19515714049339294, 0.09414782375097275, 0.004846027120947838], [-0.3838520646095276, 0.746596097946167, 0.4647919237613678]], "brockpiece25": [[-0.0002567768096923828, -0.00010478496551513672, 0.000310361385345459], [-0.004888708237558603, -0.001171377836726606, -0.010913790203630924], [-1.032001256942749, 0.5244100093841553, 0.6970614790916443]], "brockpiece26": [[-0.0024458514526486397, -0.002194046974182129, 0.0004092603921890259], [-1.2887035608291626, -0.29991036653518677, -0.6018940806388855], [-0.012171115726232529, 0.7901149392127991, 0.14576949179172516]], "brockpiece27": [[0.0013138428330421448, -0.0011211037635803223, -0.00022304058074951172], [0.7503633499145508, -0.31877031922340393, -0.38052549958229065], [-0.029545554891228676, 0.7074200510978699, -0.5648927092552185]], "brockpiece28": [[0.0020000822842121124, -0.001926720142364502, -0.0007679462432861328], [-0.20032379031181335, 0.958624541759491, -1.0691654682159424], [-0.05280172452330589, 0.875779390335083, 0.7411666512489319]], "brockpiece29": [[0.0003059953451156616, -0.0004925727844238281, 0.0001780875027179718], [0.04528450220823288, -0.03962066397070885, 0.03618807718157768], [-0.1528574824333191, 0.604702889919281, -0.03537474945187569]], "brockpiece30": [[4.246830940246582e-05, -0.0001620650291442871, 0.00024020671844482422], [-0.007178317755460739, -0.007213536184281111, 0.02261391468346119], [-0.212638720870018, 0.5194345116615295, -0.6746488809585571]], "brockpiece31": [[-2.5272369384765625e-05, -7.843971252441406e-05, 0.0002446770668029785], [-0.007169353310018778, -0.007210548035800457, 0.022514017298817635], [-0.3032321333885193, 0.4032418727874756, 0.2416532039642334]], "brockpiece32": [[-0.0008528782054781914, -0.004964470863342285, -0.0007604509592056274], [0.329079806804657, -0.01640782691538334, -0.5165187120437622], [-0.014846060425043106, 0.7332823276519775, -0.067598357796669]], "brockpiece33": [[8.314847946166992e-05, -0.0003362298011779785, 0.00032591819763183594], [0.008658681064844131, 0.008518315851688385, -0.012625609524548054], [-0.07364655286073685, 0.3388040363788605, 0.1644446849822998]], "brockpiece34": [[-5.342811346054077e-05, -0.00010406970977783203, 0.00012177228927612305], [0.0014594600070267916, 0.02809641882777214, 0.003970262594521046], [-0.040006935596466064, 0.3192813992500305, -0.5479322671890259]], "brockpiece35": [[-0.0008070133626461029, -0.002258777618408203, -0.001837998628616333], [-0.3127272427082062, -0.21684885025024414, -0.493641197681427], [0.03971529006958008, 0.7414476275444031, -0.4923132658004761]],