{"brockpiece0": [[-0.00012572482228279114, -5.364418029785156e-06, 0.00022038817405700684], [-0.00038878730265423656, -0.0006356880767270923, 0.00018953780818264931], [-0.04771063104271889, 0.8072485327720642, -0.47105833888053894]], "brockpiece1": [[-0.00013425201177597046, 5.364418029785156e-06, 0.00021961331367492676], [-0.00038462516386061907, -0.0006535639404319227, 4.09811400459148e-05], [-0.060903601348400116, 0.894946277141571, 0.4562895596027374]], "brockpiece2": [[-0.00012502074241638184, -6.139278411865234e-06, 0.00021880865097045898], [-0.0003861193254124373, -0.000639156496617943, 0.00013489626871887594], [-0.1568758189678192, 0.8655882477760315, -0.5483085513114929]], "brockpiece3": [[-0.00013309717178344727, 3.635883331298828e-06, 0.00021773576736450195], [-0.0003882536548189819, -0.0006375556695275009, 0.0001366038341075182], [-0.22012151777744293, 0.9278489947319031, 0.3253736197948456]], "brockpiece4": [[-0.00013449788093566895, 4.589557647705078e-06, 0.00021594762802124023], [-0.0004307289491407573, -0.0006193062872625887, 0.00013831138494424522], [-0.4135969281196594, 0.9918517470359802, 0.46200042963027954]], "brockpiece5": [[-0.00012731552124023438, -4.231929779052734e-06, 0.00021523237228393555], [-0.00038804029463790357, -0.0006396901444531977, 0.0001417264575138688], [-0.436776340007782, 0.9646992683410645, -0.3259457051753998]], "brockpiece6": [[-0.0001295134425163269, -2.384185791015625e-07, 0.00021988153457641602], [-0.00039067494799382985, -0.0006198932533152401, 9.220759238814935e-05], [-0.01387631893157959, 0.9064578413963318, -0.06759907305240631]], "brockpiece7": [[-0.00012526661157608032, -6.67572021484375e-06, 0.00021535158157348633], [-0.0003843583690468222, -0.000636061595287174, 0.00013361564197111875], [-0.016788214445114136, 1.2991664409637451, -0.5754176378250122]], "brockpiece8": [[-0.0001315474510192871, 1.1920928955078125e-06, 0.00021358579397201538], [-0.0003696840722113848, -0.000656125252135098, 0.00031077369931153953], [-0.10184786468744278, 1.4046438932418823, 0.10018877685070038]], "brockpiece9": [[-0.00013427995145320892, 5.424022674560547e-06, 0.0002211928367614746], [-0.0003708980802912265, -0.0006694921758025885, -3.415095488890074e-05], [0.009604007937014103, 0.8276886940002441, 0.4656519293785095]], "brockpiece10": [[-2.5685876607894897e-05, -0.00023245811462402344, 0.0002582743763923645], [0.04118137061595917, 0.02619463950395584, 0.1013498604297638], [0.026453230530023575, 0.7262305021286011, -0.09866398572921753]], "brockpiece11": [[-0.00012423284351825714, -6.854534149169922e-06, 0.00022214651107788086], [-0.0003955775173380971, -0.0006403304287232459, 0.0001357500732410699], [0.023447148501873016, 0.6883174180984497, -0.6239317655563354]], "brockpiece12": [[-0.0001292489469051361, -7.748603820800781e-07, 0.00022383779287338257], [-0.0003862526791635901, -0.0006396901444531977, 0.00012465099280234426], [0.057196881622076035, 0.6268966794013977, -0.06759794801473618]], "brockpiece13": [[-0.0001231953501701355, -7.867813110351562e-06, 0.00022739171981811523], [-0.0003852655063383281, -0.0006428917986340821, 0.0001323349424637854], [0.10751569271087646, 0.33034080266952515, -0.6997447609901428]], "brockpiece14": [[-0.00012892484664916992, -4.470348358154297e-07, 0.00022770464420318604], [-0.00040699003147892654, -0.0006427316693589091, 0.00013062740617897362], [0.1765923947095871, 0.3738964796066284, -0.06937721371650696]], "brockpiece15": [[4.0531158447265625e-05, -0.00038351118564605713, 0.0002724379301071167], [-0.0029938649386167526, -0.000996567658148706, 0.00336045422591269], [0.32439151406288147, 0.17386914789676666, 0.1606941819190979]], "brockpiece16": [[0.0001679062843322754, -0.00021857023239135742, 0.00034049153327941895], [0.00020704021153505892, -0.03754385933279991, 0.013086649589240551], [0.2422737032175064, 0.13469432294368744, -0.2985038757324219]], "brockpiece17": [[-0.0001294165849685669, -4.76837158203125e-07, 0.0002214387059211731], [-0.00041301315650343895, -0.0006625285604968667, 0.00013148119614925236], [0.05579742044210434, 0.8304786086082458, -0.06759888678789139]], "brockpiece18": [[-0.0001347064971923828, 5.9604644775390625e-06, 0.00022414326667785645], [-0.000432009604992345, -0.0007496135076507926, 0.0003210190334357321], [0.7751116156578064, 1.1647822856903076, 0.4550911784172058]], "brockpiece19": [[-0.00012227892875671387, -9.59634780883789e-06, 0.00022125244140625], [-0.0003675496845971793, -0.0006945451023057103, 0.0005054341163486242], [0.04745550453662872, 0.8352649807929993, -0.8555060029029846]], "brockpiece20": [[-0.00013105571269989014, 1.6093254089355469e-06, 0.000220566987991333], [-0.0003542094782460481, -0.0007965710829012096, -0.0009459816501475871], [0.0324799083173275, 0.8903895616531372, 0.1047213077545166]], "brockpiece21": [[-0.00013338029384613037, 3.4570693969726562e-06, 0.00021252036094665527], [0.8270282745361328, 4.30229377746582, 158.2294158935547], [0.15945503115653992, 1.6952928304672241, 0.277337908744812]], "brockpiece22": [[-0.0001283884048461914, -2.7418136596679688e-06, 0.00021278858184814453], [-0.00038804029463790357, -0.0006488682120107114, 0.00013660384865943342], [0.5310609936714172, 1.9953807592391968, -0.3219248354434967]], "brockpiece23": [[-0.0001294165849685669, -1.0132789611816406e-06, 0.0002205371856689453], [-0.0003974317805841565, -0.0006034047110006213, 0.00033638699096627533], [-0.0681355819106102, 0.8056530356407166, -0.06759854406118393]], "brockpiece24": [[-0.0001340806484222412, 4.887580871582031e-06, 0.00021892786026000977], [-0.00038761342875659466, -0.0006377691170200706, 0.0001280660944757983], [-0.3838520646095276, 0.746596097946167, 0.4647919237613678]], "brockpiece25": [[-0.0001360177993774414, 7.092952728271484e-06, 0.00021582841873168945], [-0.0003841982688754797, -0.0006403304287232459, 0.00013062740617897362], [-1.032001256942749, 0.5244100093841553, 0.6970614790916443]], "brockpiece26": [[-0.000131324864923954, 1.9669532775878906e-06, 0.0002212822437286377], [-0.00039595100679434836, -0.0006345807923935354, 0.00012635855819098651], [-0.012171115726232529, 0.7901149392127991, 0.14576949179172516]], "brockpiece27": [[-0.00012477301061153412, -6.794929504394531e-06, 0.0002219676971435547], [-0.00038446509279310703, -0.0006392632494680583, 0.0001314811670454219], [-0.029545554891228676, 0.7074200510978699, -0.5648927092552185]], "brockpiece28": [[-0.00013687089085578918, 8.58306884765625e-06, 0.0002200007438659668], [-0.0003654152387753129, -0.000647160632070154, 0.000155386864207685], [-0.05280172452330589, 0.875779390335083, 0.7411666512489319]], "brockpiece29": [[-0.00012950599193572998, -7.152557373046875e-07, 0.00022214651107788086], [-0.0003895343979820609, -0.0006322195986285806, 0.00019978309865109622], [-0.1528574824333191, 0.604702889919281, -0.03537474945187569]], "brockpiece30": [[-0.0001236051321029663, -7.867813110351562e-06, 0.00022220611572265625], [-0.00038249074714258313, -0.0006411842186935246, 0.00011525950685609132], [-0.212638720870018, 0.5194345116615295, -0.6746488809585571]], "brockpiece31": [[-0.00013193488121032715, 2.7418136596679688e-06, 0.00022330880165100098], [-0.00037427316419780254, -0.0006373422220349312, 2.0490573660936207e-05], [-0.3032321333885193, 0.4032418727874756, 0.2416532039642334]], "brockpiece32": [[-0.00012934859842061996, -1.0728836059570312e-06, 0.00022190064191818237], [-0.00038953431067056954, -0.0006211205618456006, -0.00011419227666920051], [-0.014846060425043106, 0.7332823276519775, -0.067598357796669]], "brockpiece33": [[-0.00013103336095809937, 1.996755599975586e-06, 0.00022581219673156738], [-0.0003861993027385324, -0.0006556983571499586, 7.513210584875196e-05], [-0.07364655286073685, 0.3388040363788605, 0.1644446849822998]],