{"brockpiece0": [[8.816644549369812e-05, -0.0014529228210449219, 0.00041100382804870605], [0.030163733288645744, -0.08659739047288895, 0.02186688408255577], [-0.04771063104271889, 0.8072485327720642, -0.47105833888053894]], "brockpiece1": [[0.00026426464319229126, -0.004097580909729004, 0.0006214380264282227], [0.30643847584724426, -0.01898088864982128, 0.21180473268032074], [-0.060903601348400116, 0.894946277141571, 0.4562895596027374]], "brockpiece2": [[-9.325146675109863e-05, -0.001368880271911621, 0.0005958676338195801], [0.2313922941684723, -0.09856408834457397, -0.22422756254673004], [-0.1568758189678192, 0.8655882477760315, -0.5483085513114929]], "brockpiece3": [[-0.0002473890781402588, -0.0024974942207336426, 0.00021523237228393555], [-0.14323896169662476, -0.06802685558795929, -0.8436314463615417], [-0.22012151777744293, 0.9278489947319031, 0.3253736197948456]], "brockpiece4": [[0.0004063844680786133, -6.377696990966797e-05, 0.0003819465637207031], [0.07805129885673523, -0.10143143683671951, -0.07767821103334427], [-0.4135969281196594, 0.9918517470359802, 0.46200042963027954]], "brockpiece5": [[-7.796287536621094e-05, -0.000517427921295166, 0.00016042590141296387], [-0.18157342076301575, 0.07896685600280762, 0.08885406702756882], [-0.436776340007782, 0.9646992683410645, -0.3259457051753998]], "brockpiece6": [[0.0008690152317285538, -0.0014600753784179688, 1.4200806617736816e-05], [-0.0386664979159832, 0.005681225098669529, 0.04234036058187485], [-0.01387631893157959, 0.9064578413963318, -0.06759907305240631]], "brockpiece7": [[-0.0003981124609708786, -0.0026661157608032227, -0.00023829936981201172], [-0.1910172402858734, -0.03023426979780197, 0.07067159563302994], [-0.016788214445114136, 1.2991664409637451, -0.5754176378250122]], "brockpiece8": [[-0.0002216547727584839, -0.0011820793151855469, 0.0004132091999053955], [-0.08679970353841782, 0.010162470862269402, -0.00832344125956297], [-0.10184786468744278, 1.4046438932418823, 0.10018877685070038]], "brockpiece9": [[0.00013557914644479752, -0.0023977160453796387, -2.0503997802734375e-05], [0.11594939976930618, 0.005254378076642752, 0.7488664388656616], [0.009604007937014103, 0.8276886940002441, 0.4656519293785095]], "brockpiece10": [[0.0014826580882072449, -0.00035244226455688477, -6.270408630371094e-05], [0.29872581362724304, -0.5001257658004761, -0.21241900324821472], [0.026453230530023575, 0.7262305021286011, -0.09866398572921753]], "brockpiece11": [[0.0003753621131181717, -0.002129495143890381, -0.0006628036499023438], [-0.3196384906768799, -0.06786239147186279, -0.2229074388742447], [0.023447148501873016, 0.6883174180984497, -0.6239317655563354]], "brockpiece12": [[0.0004036128520965576, -0.0027196407318115234, 4.698336124420166e-05], [-0.05953490361571312, -0.029462724924087524, -0.1706184595823288], [0.057196881622076035, 0.6268966794013977, -0.06759794801473618]], "brockpiece13": [[-0.0005250722169876099, -0.0007959604263305664, 0.00015091896057128906], [0.07861651480197906, -0.03721430152654648, 0.006198400165885687], [0.10751569271087646, 0.33034080266952515, -0.6997447609901428]], "brockpiece14": [[1.0654330253601074e-05, -0.00029653310775756836, 0.0003619268536567688], [0.005985168740153313, -0.02237335965037346, -0.06470584124326706], [0.1765923947095871, 0.3738964796066284, -0.06937721371650696]], "brockpiece15": [[1.4603137969970703e-05, -0.0004329979419708252, 0.00026875734329223633], [-0.004975581541657448, 0.008546490222215652, 0.029395444318652153], [0.32439151406288147, 0.17386914789676666, 0.1606941819190979]], "brockpiece16": [[0.0001967400312423706, -0.0003894418478012085, 0.0006563067436218262], [-0.002421304117888212, -0.057053662836551666, 0.01385505311191082], [0.2422737032175064, 0.13469432294368744, -0.2985038757324219]], "brockpiece17": [[0.00021245703101158142, -0.00019687414169311523, 0.0002980232238769531], [-0.07773400843143463, 0.02489049918949604, 0.40373262763023376], [0.05579742044210434, 0.8304786086082458, -0.06759888678789139]], "brockpiece18": [[-5.614757537841797e-05, 1.430511474609375e-06, 0.00024521350860595703], [-0.0004627454618457705, 8.623116445960477e-05, 0.0005190945812501013], [0.7751116156578064, 1.1647822856903076, 0.4550911784172058]], "brockpiece19": [[-0.00025787949562072754, -0.0025233030319213867, -0.0005780458450317383], [-0.5263736844062805, 0.032655149698257446, 0.15689143538475037], [0.04745550453662872, 0.8352649807929993, -0.8555060029029846]], "brockpiece20": [[-3.866851329803467e-05, -0.001050412654876709, 6.942451000213623e-05], [-0.021868258714675903, 0.06421790271997452, -0.1237051859498024], [0.0324799083173275, 0.8903895616531372, 0.1047213077545166]], "brockpiece21": [[-5.8010220527648926e-05, -2.5033950805664062e-06, 0.00024169683456420898], [0.82676100730896, 4.301650524139404, 158.2296142578125], [0.15945503115653992, 1.6952928304672241, 0.277337908744812]], "brockpiece22": [[3.314018249511719e-05, -0.0005987882614135742, 1.615285873413086e-05], [-0.01606162264943123, 0.0035858505871146917, -0.04807089641690254], [0.5310609936714172, 1.9953807592391968, -0.3219248354434967]], "brockpiece23": [[0.000274658203125, -0.0013292431831359863, 0.0005337968468666077], [-0.04434932768344879, 0.06981717050075531, -0.2965940833091736], [-0.0681355819106102, 0.8056530356407166, -0.06759854406118393]], "brockpiece24": [[-0.000500798225402832, -0.000812232494354248, 0.00011548399925231934], [-0.07832439988851547, 0.023417310789227486, 0.006567229982465506], [-0.3838520646095276, 0.746596097946167, 0.4647919237613678]], "brockpiece25": [[-0.0001862049102783203, -8.547306060791016e-05, 0.00025981664657592773], [-0.005969587247818708, -0.0016751044895499945, -0.00829441286623478], [-1.032001256942749, 0.5244100093841553, 0.6970614790916443]], "brockpiece26": [[-2.358201891183853e-05, -0.0010252594947814941, -0.00011864304542541504], [-0.31140637397766113, -0.1665046513080597, -0.11632044613361359], [-0.012171115726232529, 0.7901149392127991, 0.14576949179172516]], "brockpiece27": [[0.0006002020090818405, -0.0008580684661865234, -0.00023925304412841797], [0.2783186435699463, -0.06666673719882965, 0.1174333468079567], [-0.029545554891228676, 0.7074200510978699, -0.5648927092552185]], "brockpiece28": [[0.0003018006682395935, -0.0005120635032653809, -4.953145980834961e-05], [-0.035219956189394, 0.41548246145248413, -0.22648885846138], [-0.05280172452330589, 0.875779390335083, 0.7411666512489319]], "brockpiece29": [[0.00018346309661865234, -0.00035011768341064453, 4.565715789794922e-05], [0.010207191109657288, -0.038757070899009705, -0.03603952005505562], [-0.1528574824333191, 0.604702889919281, -0.03537474945187569]], "brockpiece30": [[-1.74790620803833e-05, -2.9265880584716797e-05, 0.00024259090423583984], [-0.0015024289023131132, -0.00557343615218997, 0.011624133214354515], [-0.212638720870018, 0.5194345116615295, -0.6746488809585571]], "brockpiece31": [[-8.13901424407959e-05, -1.9222497940063477e-05, 0.00023783743381500244], [-0.0014917562948539853, -0.005577278323471546, 0.011502894572913647], [-0.3032321333885193, 0.4032418727874756, 0.2416532039642334]], "brockpiece32": [[2.098735421895981e-05, -0.0018630027770996094, 2.950429916381836e-06], [0.10962981730699539, 0.03091622143983841, 0.043473970144987106], [-0.014846060425043106, 0.7332823276519775, -0.067598357796669]], "brockpiece33": [[-7.81714916229248e-05, -0.00023552775382995605, 0.00023129582405090332], [-0.00394862424582243, -0.002440085867419839, -0.003844970604404807], [-0.07364655286073685, 0.3388040363788605, 0.1644446849822998]], "brockpiece34": [[-0.00017857924103736877, -7.978081703186035e-05, 0.0001335740089416504], [0.00024987562210299075, 0.01329710241407156, 0.014064645394682884], [-0.040006935596466064, 0.3192813992500305, -0.5479322671890259]], "brockpiece35": [[8.377432823181152e-05, -0.001331925392150879, -0.0001722276210784912], [0.015681596472859383, 0.06306935846805573, 0.13026049733161926], [0.03971529006958008, 0.7414476275444031, -0.4923132658004761]],