{"brockpiece0": [[-0.00012326985597610474, -3.3974647521972656e-06, 0.00021827220916748047], [-0.00031253459746949375, -0.000638836354482919, 0.00010074532474391162], [-0.04771063104271889, 0.8072485327720642, -0.47105833888053894]], "brockpiece1": [[-0.00013174861669540405, 6.079673767089844e-06, 0.00021767616271972656], [-0.00031248125014826655, -0.0006420380086638033, 9.562268678564578e-05], [-0.060903601348400116, 0.894946277141571, 0.4562895596027374]], "brockpiece2": [[-0.00012260675430297852, -3.993511199951172e-06, 0.0002167224884033203], [-0.0003126947267446667, -0.0006408640765585005, 9.56226940616034e-05], [-0.1568758189678192, 0.8655882477760315, -0.5483085513114929]], "brockpiece3": [[-0.00013056397438049316, 4.76837158203125e-06, 0.00021591782569885254], [-0.0003135484585072845, -0.000638996425550431, 0.00010928306437563151], [-0.22012151777744293, 0.9278489947319031, 0.3253736197948456]], "brockpiece4": [[-0.00013196468353271484, 5.4836273193359375e-06, 0.00021439790725708008], [-0.0003577312163542956, -0.0006208003615029156, 0.00011782081855926663], [-0.4135969281196594, 0.9918517470359802, 0.46200042963027954]], "brockpiece5": [[-0.00012481212615966797, -2.0265579223632812e-06, 0.00021341443061828613], [-0.0003129081451334059, -0.0006403304287232459, 0.00010416041914140806], [-0.436776340007782, 0.9646992683410645, -0.3259457051753998]], "brockpiece6": [[-0.00012700725346803665, 1.0132789611816406e-06, 0.00021792948246002197], [-0.00031881118775345385, -0.0006154642906039953, 0.00012806607992388308], [-0.01387631893157959, 0.9064578413963318, -0.06759907305240631]], "brockpiece7": [[-0.00012259744107723236, -4.410743713378906e-06, 0.00021409988403320312], [-0.00031146741821430624, -0.0006377691170200706, 0.00011141749564558268], [-0.016788214445114136, 1.2991664409637451, -0.5754176378250122]], "brockpiece8": [[-0.00012879818677902222, 2.2649765014648438e-06, 0.000212155282497406], [-0.00029935449128970504, -0.0006574059370905161, 0.0002860142558347434], [-0.10184786468744278, 1.4046438932418823, 0.10018877685070038]], "brockpiece9": [[-0.0001318110153079033, 6.139278411865234e-06, 0.00021901726722717285], [-0.0003174571320414543, -0.0006342206615954638, 0.00013831138494424522], [0.009604007937014103, 0.8276886940002441, 0.4656519293785095]], "brockpiece10": [[-2.5074928998947144e-05, -0.0002365708351135254, 0.0002473071217536926], [0.03481519594788551, 0.025196576490998268, 0.09250132739543915], [0.026453230530023575, 0.7262305021286011, -0.09866398572921753]], "brockpiece11": [[-0.00012181885540485382, -4.947185516357422e-06, 0.00022011995315551758], [-0.00032457421184517443, -0.0006409974885173142, 0.00011184439790667966], [0.023447148501873016, 0.6883174180984497, -0.6239317655563354]], "brockpiece12": [[-0.0001268424093723297, 7.152557373046875e-07, 0.0002215653657913208], [-0.00031360183493234217, -0.000647160632070154, 5.1226437790319324e-05], [0.057196881622076035, 0.6268966794013977, -0.06759794801473618]], "brockpiece13": [[-0.00012093782424926758, -5.692243576049805e-06, 0.00022453069686889648], [-0.0003129081742372364, -0.0006411842186935246, 0.00011355193419149145], [0.10751569271087646, 0.33034080266952515, -0.6997447609901428]], "brockpiece14": [[-0.00012667477130889893, 9.834766387939453e-07, 0.00022507458925247192], [-0.0003378076071385294, -0.0006407040054909885, 0.00011867456487379968], [0.1765923947095871, 0.3738964796066284, -0.06937721371650696]], "brockpiece15": [[0.00017195940017700195, -0.0004500150680541992, 0.0004198700189590454], [-0.0045293779112398624, -0.0067602889612317085, -0.015490874648094177], [0.32439151406288147, 0.17386914789676666, 0.1606941819190979]], "brockpiece16": [[0.00023195147514343262, -0.00026795268058776855, 0.00035890936851501465], [0.0011735125444829464, -0.041923824697732925, -0.02249353565275669], [0.2422737032175064, 0.13469432294368744, -0.2985038757324219]], "brockpiece17": [[-0.0001269504427909851, 8.940696716308594e-07, 0.00021943449974060059], [-0.00032891641603782773, -0.0007278422708623111, -0.0004456699825823307], [0.05579742044210434, 0.8304786086082458, -0.06759888678789139]], "brockpiece18": [[-0.00013208389282226562, 6.67572021484375e-06, 0.0002225339412689209], [-0.00039615106652490795, -0.0007333917892538011, 0.0002919906983152032], [0.7751116156578064, 1.1647822856903076, 0.4550911784172058]], "brockpiece19": [[-0.00011980533599853516, -7.033348083496094e-06, 0.00021922588348388672], [-0.0002954057708848268, -0.0006962526240386069, 0.0004900661879219115], [0.04745550453662872, 0.8352649807929993, -0.8555060029029846]], "brockpiece20": [[-0.00012855976819992065, 2.682209014892578e-06, 0.00021864473819732666], [-0.0002898562524933368, -0.0007637008093297482, -0.0007444909424521029], [0.0324799083173275, 0.8903895616531372, 0.1047213077545166]], "brockpiece21": [[-0.00013048946857452393, 4.410743713378906e-06, 0.00021156668663024902], [-0.0008021740359254181, -0.0005139718996360898, 0.0002612548414617777], [0.15945503115653992, 1.6952928304672241, 0.277337908744812]], "brockpiece22": [[-0.00012505054473876953, -1.9073486328125e-06, 0.0002123415470123291], [-0.000312481279252097, -0.0006437455303966999, 0.00010074532474391162], [0.5310609936714172, 1.9953807592391968, -0.3219248354434967]], "brockpiece23": [[-0.00012694299221038818, 5.364418029785156e-07, 0.00021849572658538818], [-0.0003154694859404117, -0.000636701937764883, -1.1952834938711021e-05], [-0.0681355819106102, 0.8056530356407166, -0.06759854406118393]], "brockpiece24": [[-0.00013169646263122559, 5.841255187988281e-06, 0.00021690130233764648], [-0.0003176039026584476, -0.000639476696960628, 0.00011440569505793974], [-0.3838520646095276, 0.746596097946167, 0.4647919237613678]], "brockpiece25": [[-0.0001341104507446289, 7.927417755126953e-06, 0.00021284818649291992], [-0.0003090661484748125, -0.0006386229069903493, 0.0001101368252420798], [-1.032001256942749, 0.5244100093841553, 0.6970614790916443]], "brockpiece26": [[-0.00012886617332696915, 2.9206275939941406e-06, 0.00021907687187194824], [-0.0003247542481403798, -0.0006356080411933362, 0.00010416043369332328], [-0.012171115726232529, 0.7901149392127991, 0.14576949179172516]], "brockpiece27": [[-0.00012235529720783234, -4.649162292480469e-06, 0.00021958351135253906], [-0.0003129081742372364, -0.0006396901444531977, 0.00011440569505793974], [-0.029545554891228676, 0.7074200510978699, -0.5648927092552185]], "brockpiece28": [[-0.0001343749463558197, 9.000301361083984e-06, 0.0002181529998779297], [-0.00028174539329484105, -0.000647160632070154, 0.0001366038341075182], [-0.05280172452330589, 0.875779390335083, 0.7411666512489319]], "brockpiece29": [[-0.0001271665096282959, 1.0132789611816406e-06, 0.00021975859999656677], [-0.0003173904842697084, -0.0006258162902668118, 0.00023564157891087234], [-0.1528574824333191, 0.604702889919281, -0.03537474945187569]], "brockpiece30": [[-0.00012129545211791992, -5.543231964111328e-06, 0.00021988153457641602], [-0.00031184093677438796, -0.0006386229069903493, 0.00010928307892754674], [-0.212638720870018, 0.5194345116615295, -0.6746488809585571]], "brockpiece31": [[-0.00012949109077453613, 3.7550926208496094e-06, 0.00022074580192565918], [-0.000302449450828135, -0.0006386229069903493, -1.7075478808692424e-06], [-0.3032321333885193, 0.4032418727874756, 0.2416532039642334]], "brockpiece32": [[-0.00012691505253314972, 4.76837158203125e-07, 0.00021971017122268677], [-0.0003271955356467515, -0.0005774713354185224, 0.00021344349079299718], [-0.014846060425043106, 0.7332823276519775, -0.067598357796669]], "brockpiece33": [[-0.00012878328561782837, 3.2186508178710938e-06, 0.00022327899932861328], [-0.0003120143373962492, -0.0006544177304022014, 5.3787756769452244e-05], [-0.07364655286073685, 0.3388040363788605, 0.1644446849822998]],