{"brockpiece0": [[-9.374693036079407e-05, 8.225440979003906e-06, 0.00015184283256530762], [0.00024316545750480145, -0.0005935596418567002, 5.1226437790319324e-05], [-0.04771063104271889, 0.8072485327720642, -0.47105833888053894]], "brockpiece1": [[-0.00010142102837562561, 8.64267349243164e-06, 0.00015214085578918457], [0.00023265340132638812, -0.0005777915357612073, 0.00016392458928748965], [-0.060903601348400116, 0.894946277141571, 0.4562895596027374]], "brockpiece2": [[-9.302794933319092e-05, 8.52346420288086e-06, 0.00015091896057128906], [0.000245460047153756, -0.0005939065013080835, 4.781134339282289e-05], [-0.1568758189678192, 0.8655882477760315, -0.5483085513114929]], "brockpiece3": [[-0.00010028481483459473, 8.463859558105469e-06, 0.00015059113502502441], [0.00024097769346553832, -0.0005931060877628624, 4.95188869535923e-05], [-0.22012151777744293, 0.9278489947319031, 0.3253736197948456]], "brockpiece4": [[-0.00010156631469726562, 8.344650268554688e-06, 0.0001500844955444336], [0.00019658142991829664, -0.0005752301658503711, 4.7811339754844084e-05], [-0.4135969281196594, 0.9918517470359802, 0.46200042963027954]], "brockpiece5": [[-9.500980377197266e-05, 8.225440979003906e-06, 0.00014886260032653809], [0.00024247179680969566, -0.0005912384367547929, 4.78113470308017e-05], [-0.436776340007782, 0.9646992683410645, -0.3259457051753998]], "brockpiece6": [[-9.70577821135521e-05, 8.761882781982422e-06, 0.00015245378017425537], [0.000237362488405779, -0.0005690403049811721, 7.513211312470958e-05], [-0.01387631893157959, 0.9064578413963318, -0.06759907305240631]], "brockpiece7": [[-9.264424443244934e-05, 7.987022399902344e-06, 0.00015240907669067383], [0.0002425785205559805, -0.000594653538428247, 5.037266237195581e-05], [-0.016788214445114136, 1.2991664409637451, -0.5754176378250122]], "brockpiece8": [[-9.816884994506836e-05, 8.106231689453125e-06, 0.0001517757773399353], [0.00025549184647388756, -0.0006117290467955172, 0.00022368875215761364], [-0.10184786468744278, 1.4046438932418823, 0.10018877685070038]], "brockpiece9": [[-0.00010152626782655716, 8.58306884765625e-06, 0.00015279650688171387], [0.00022779755818191916, -0.0005696273292414844, 0.00018953780818264931], [0.009604007937014103, 0.8276886940002441, 0.4656519293785095]], "brockpiece10": [[5.561858415603638e-06, -0.00020247697830200195, 0.00017055869102478027], [0.030623169615864754, 0.014457381330430508, 0.06903618574142456], [0.026453230530023575, 0.7262305021286011, -0.09866398572921753]], "brockpiece11": [[-9.255670011043549e-05, 8.344650268554688e-06, 0.000152587890625], [0.00023316034639719874, -0.0005963077419437468, 5.208020957070403e-05], [0.023447148501873016, 0.6883174180984497, -0.6239317655563354]], "brockpiece12": [[-9.719282388687134e-05, 8.165836334228516e-06, 0.00015320628881454468], [0.00024268524430226535, -0.0005965745658613741, 3.2443407690152526e-05], [0.057196881622076035, 0.6268966794013977, -0.06759794801473618]], "brockpiece13": [[-9.208917617797852e-05, 8.016824722290039e-06, 0.00015354156494140625], [0.00024311215383931994, -0.0005933729116804898, 5.208021684666164e-05], [0.10751569271087646, 0.33034080266952515, -0.6997447609901428]], "brockpiece14": [[-9.728968143463135e-05, 8.374452590942383e-06, 0.00015421956777572632], [0.00021811256010551006, -0.000595293880905956, 6.232549640117213e-05], [0.1765923947095871, 0.3738964796066284, -0.06937721371650696]], "brockpiece15": [[-2.7418136596679688e-06, -0.00032523274421691895, 0.0007199496030807495], [-0.009194505400955677, 0.0050910538993775845, 0.0039000397082418203], [0.32439151406288147, 0.17386914789676666, 0.1606941819190979]], "brockpiece16": [[8.754432201385498e-05, -0.0002894848585128784, 0.0003657042980194092], [0.00853603146970272, -0.019796669483184814, -0.0038744264747947454], [0.2422737032175064, 0.13469432294368744, -0.2985038757324219]], "brockpiece17": [[-9.708479046821594e-05, 8.404254913330078e-06, 0.00015310943126678467], [0.00022731728677172214, -0.0006796040688641369, -0.0004781133611686528], [0.05579742044210434, 0.8304786086082458, -0.06759888678789139]], "brockpiece18": [[-0.00010114908218383789, 8.106231689453125e-06, 0.0001589059829711914], [0.0002407642750767991, -0.0007607126026414335, 0.0003398020635358989], [0.7751116156578064, 1.1647822856903076, 0.4550911784172058]], "brockpiece19": [[-9.056553244590759e-05, 8.165836334228516e-06, 0.00015294551849365234], [0.0002625355264171958, -0.0006492951069958508, 0.00042347193812020123], [0.04745550453662872, 0.8352649807929993, -0.8555060029029846]], "brockpiece20": [[-9.849295020103455e-05, 8.404254913330078e-06, 0.00015287846326828003], [0.0002518633264116943, -0.0006518564186990261, -0.0003432171361055225], [0.0324799083173275, 0.8903895616531372, 0.1047213077545166]], "brockpiece21": [[-9.953975677490234e-05, 8.58306884765625e-06, 0.00015354156494140625], [-1.6942076399573125e-05, -0.0004085308173671365, 0.00025954729062505066], [0.15945503115653992, 1.6952928304672241, 0.277337908744812]], "brockpiece22": [[-9.41157341003418e-05, 8.940696716308594e-06, 0.0001570582389831543], [0.0002369222929701209, -0.0006044719484634697, 5.293398862704635e-05], [0.5310609936714172, 1.9953807592391968, -0.3219248354434967]], "brockpiece23": [[-9.711086750030518e-05, 8.344650268554688e-06, 0.00015206634998321533], [0.00023606848844792694, -0.0005666924407705665, 0.00017587743059266359], [-0.0681355819106102, 0.8056530356407166, -0.06759854406118393]], "brockpiece24": [[-0.00010144710540771484, 8.821487426757812e-06, 0.0001499652862548828], [0.00024332557222805917, -0.0005933729116804898, 5.805662294733338e-05], [-0.3838520646095276, 0.746596097946167, 0.4647919237613678]], "brockpiece25": [[-0.00010395050048828125, 9.238719940185547e-06, 0.00014483928680419922], [0.00023734912974759936, -0.0005993493250571191, 5.549530033022165e-05], [-1.032001256942749, 0.5244100093841553, 0.6970614790916443]], "brockpiece26": [[-9.88813117146492e-05, 8.58306884765625e-06, 0.00015254318714141846], [0.0002305323287146166, -0.0005892774206586182, 5.2933992265025154e-05], [-0.012171115726232529, 0.7901149392127991, 0.14576949179172516]], "brockpiece27": [[-9.301863610744476e-05, 7.987022399902344e-06, 0.00015246868133544922], [0.00024332557222805917, -0.0005940131959505379, 5.805662658531219e-05], [-0.029545554891228676, 0.7074200510978699, -0.5648927092552185]], "brockpiece28": [[-0.00010381639003753662, 8.881092071533203e-06, 0.00015240907669067383], [0.0002791840524878353, -0.0006044719484634697, 5.976417742203921e-05], [-0.05280172452330589, 0.875779390335083, 0.7411666512489319]], "brockpiece29": [[-9.743869304656982e-05, 8.58306884765625e-06, 0.0001514926552772522], [0.00024119117006193846, -0.0005844082334078848, 0.0001280660944757983], [-0.1528574824333191, 0.604702889919281, -0.03537474945187569]], "brockpiece30": [[-9.22083854675293e-05, 8.285045623779297e-06, 0.00015103816986083984], [0.00024481970467604697, -0.000600203056819737, 3.244341496611014e-05], [-0.212638720870018, 0.5194345116615295, -0.6746488809585571]], "brockpiece31": [[-9.97781753540039e-05, 8.791685104370117e-06, 0.00015029311180114746], [0.00025367760099470615, -0.000594653538428247, -6.574058352271095e-05], [-0.3032321333885193, 0.4032418727874756, 0.2416532039642334]], "brockpiece32": [[-9.715184569358826e-05, 8.106231689453125e-06, 0.00015256553888320923], [0.0002251561963930726, -0.0005200550658628345, 0.00025549184647388756], [-0.014846060425043106, 0.7332823276519775, -0.067598357796669]], "brockpiece33": [[-9.925663471221924e-05, 8.58306884765625e-06, 0.00015237927436828613], [0.00023548149329144508, -0.0006093811243772507, -7.2570778684166726e-06], [-0.07364655286073685, 0.3388040363788605, 0.1644446849822998]], "brockpiece34": [[-9.335577487945557e-05, 8.016824722290039e-06, 0.00015276670455932617], [0.0002435790083836764, -0.0005942266434431076, 5.229364614933729e-05], [-0.040006935596466064, 0.3192813992500305, -0.5479322671890259]],