{"brockpiece0": [[-9.749084711074829e-06, -1.5497207641601562e-06, -3.0994415283203125e-06], [-0.0004661071579903364, -0.00017211548401974142, 0.00028003781335428357], [-0.04771063104271889, 0.8072485327720642, -0.47105833888053894]], "brockpiece1": [[-1.091882586479187e-05, 1.0073184967041016e-05, -4.380941390991211e-06], [-0.0004614648059941828, -0.00018526894564274698, 0.0001588019513292238], [-0.060903601348400116, 0.894946277141571, 0.4562895596027374]], "brockpiece2": [[-9.834766387939453e-06, -3.039836883544922e-06, -4.172325134277344e-06], [-0.00046178503544069827, -0.00017737153393682092, 0.00020149064948782325], [-0.1568758189678192, 0.8655882477760315, -0.5483085513114929]], "brockpiece3": [[-1.0862946510314941e-05, 7.68899917602539e-06, -4.798173904418945e-06], [-0.00046466640196740627, -0.0001767312060110271, 0.00021344349079299718], [-0.22012151777744293, 0.9278489947319031, 0.3253736197948456]], "brockpiece4": [[-1.1235475540161133e-05, 9.119510650634766e-06, -5.245208740234375e-06], [-0.0005101299029774964, -0.00015741457173135132, 0.0002100284182233736], [-0.4135969281196594, 0.9918517470359802, 0.46200042963027954]], "brockpiece5": [[-1.0222196578979492e-05, -6.556510925292969e-07, -5.781650543212891e-06], [-0.00046231859596446157, -0.00017587743059266359, 0.00021515101252589375], [-0.436776340007782, 0.9646992683410645, -0.3259457051753998]], "brockpiece6": [[-1.040194183588028e-05, 3.7550926208496094e-06, -4.380941390991211e-06], [-0.00046760798431932926, -0.0001554935734020546, 0.00019466048979666084], [-0.01387631893157959, 0.9064578413963318, -0.06759907305240631]], "brockpiece7": [[-1.0816380381584167e-05, -3.0994415283203125e-06, -9.119510650634766e-06], [-0.0004664274165406823, -0.00017801186186261475, 0.00021600481704808772], [-0.016788214445114136, 1.2991664409637451, -0.5754176378250122]], "brockpiece8": [[-1.1786818504333496e-05, 5.0067901611328125e-06, -1.0654330253601074e-05], [-0.0004526068514678627, -0.00019423356570769101, 0.00039017468225210905], [-0.10184786468744278, 1.4046438932418823, 0.10018877685070038]], "brockpiece9": [[-1.0761432349681854e-05, 1.043081283569336e-05, -3.337860107421875e-06], [-0.00048058133688755333, -0.00015034426178317517, 0.00035858506453223526], [0.009604007937014103, 0.8276886940002441, 0.4656519293785095]], "brockpiece10": [[5.038455128669739e-05, -0.00013494491577148438, -1.808255910873413e-05], [-0.0166983250528574, -0.012049738317728043, 0.012675129808485508], [0.026453230530023575, 0.7262305021286011, -0.09866398572921753]], "brockpiece11": [[-9.311363101005554e-06, -3.516674041748047e-06, -1.8477439880371094e-06], [-0.0004747250350192189, -0.00017891899915412068, 0.00021344346168916672], [0.023447148501873016, 0.6883174180984497, -0.6239317655563354]], "brockpiece12": [[-9.741634130477905e-06, 3.7550926208496094e-06, -6.258487701416016e-07], [-0.0004641595296561718, -0.0001791858085198328, 0.00018953780818264931], [0.057196881622076035, 0.6268966794013977, -0.06759794801473618]], "brockpiece13": [[-8.381903171539307e-06, -4.202127456665039e-06, 2.9206275939941406e-06], [-0.00046338586253114045, -0.00017587743059266359, 0.00021429723710753024], [0.10751569271087646, 0.33034080266952515, -0.6997447609901428]], "brockpiece14": [[-9.149312973022461e-06, 4.112720489501953e-06, 2.60770320892334e-06], [-0.00048479685210622847, -0.00017902572290040553, 0.00021344349079299718], [0.1765923947095871, 0.3738964796066284, -0.06937721371650696]], "brockpiece15": [[-8.821487426757812e-06, 7.256865501403809e-06, 5.334615707397461e-06], [-0.0017931385664269328, -0.004616355523467064, -0.009319796226918697], [0.32439151406288147, 0.17386914789676666, 0.1606941819190979]], "brockpiece16": [[-8.32974910736084e-06, 1.2069940567016602e-06, 5.662441253662109e-06], [0.0014868472935631871, 0.000577684782911092, 0.0027013407088816166], [0.2422737032175064, 0.13469432294368744, -0.2985038757324219]], "brockpiece17": [[-1.0229647159576416e-05, 3.6954879760742188e-06, -3.3602118492126465e-06], [-0.0004883586661890149, -0.00023030552256386727, -4.951889059157111e-05], [0.05579742044210434, 0.8304786086082458, -0.06759888678789139]], "brockpiece18": [[-1.1444091796875e-05, 1.2040138244628906e-05, -6.884336471557617e-06], [-0.0001673396909609437, -0.00017246232891920954, 0.0004832361009903252], [0.7751116156578064, 1.1647822856903076, 0.4550911784172058]], "brockpiece19": [[-9.424984455108643e-06, -6.318092346191406e-06, -3.6954879760742188e-06], [-0.0004516463668551296, -0.00023350717674475163, 0.0005891040782444179], [0.04745550453662872, 0.8352649807929993, -0.8555060029029846]], "brockpiece20": [[-1.0538846254348755e-05, 5.900859832763672e-06, -4.082918167114258e-06], [-0.0004448162217158824, -0.00026723125483840704, -0.000404688878916204], [0.0324799083173275, 0.8903895616531372, 0.1047213077545166]], "brockpiece21": [[-1.259148120880127e-05, 8.463859558105469e-06, -1.424551010131836e-05], [0.8268336653709412, 4.30184268951416, 158.22959899902344], [0.15945503115653992, 1.6952928304672241, 0.277337908744812]], "brockpiece22": [[-1.2755393981933594e-05, 1.3113021850585938e-06, -1.728534698486328e-05], [-0.0004665875167120248, -0.00018270761938765645, 0.00021173593995627016], [0.5310609936714172, 1.9953807592391968, -0.3219248354434967]], "brockpiece23": [[-1.0155141353607178e-05, 3.2782554626464844e-06, -3.166496753692627e-06], [-0.0004657336976379156, -0.00017886563728097826, 4.951889786752872e-05], [-0.0681355819106102, 0.8056530356407166, -0.06759854406118393]], "brockpiece24": [[-1.0609626770019531e-05, 9.715557098388672e-06, -2.2649765014648438e-06], [-0.00046701435348950326, -0.00017502365517430007, 0.00021685854881070554], [-0.3838520646095276, 0.746596097946167, 0.4647919237613678]], "brockpiece25": [[-1.0013580322265625e-05, 1.1146068572998047e-05, -1.7881393432617188e-07], [-0.000461037881905213, -0.00017929253226611763, 0.00021856609964743257], [-1.032001256942749, 0.5244100093841553, 0.6970614790916443]], "brockpiece26": [[-1.0349787771701813e-05, 6.556510925292969e-06, -2.9206275939941406e-06], [-0.00047525865375064313, -0.00017171527724713087, 0.00021685854881070554], [-0.012171115726232529, 0.7901149392127991, 0.14576949179172516]], "brockpiece27": [[-9.41939651966095e-06, -2.9206275939941406e-06, -2.0265579223632812e-06], [-0.0004629056202247739, -0.00017694465350359678, 0.00021856609964743257], [-0.029545554891228676, 0.7074200510978699, -0.5648927092552185]], "brockpiece28": [[-1.1157244443893433e-05, 1.4007091522216797e-05, -3.814697265625e-06], [-0.00043030205415561795, -0.00019466046069283038, 0.0002049057511612773], [-0.05280172452330589, 0.875779390335083, 0.7411666512489319]], "brockpiece29": [[-9.641051292419434e-06, 3.7550926208496094e-06, -7.040798664093018e-07], [-0.0004657336976379156, -0.00016947412223089486, 0.00028516052407212555], [-0.1528574824333191, 0.604702889919281, -0.03537474945187569]], "brockpiece30": [[-8.866190910339355e-06, -4.5299530029296875e-06, 2.980232238769531e-07], [-0.0004610379401128739, -0.00018270761938765645, 0.00019636798242572695], [-0.212638720870018, 0.5194345116615295, -0.6746488809585571]], "brockpiece31": [[-9.59634780883789e-06, 6.8247318267822266e-06, 2.0712614059448242e-06], [-0.00045260696788318455, -0.00017971941269934177, 9.989153477363288e-05], [-0.3032321333885193, 0.4032418727874756, 0.2416532039642334]], "brockpiece32": [[-9.988434612751007e-06, 3.337860107421875e-06, -2.2277235984802246e-06], [-0.0004798809823114425, -0.00011109733168268576, 0.0003476993879303336], [-0.014846060425043106, 0.7332823276519775, -0.067598357796669]], "brockpiece33": [[-9.261071681976318e-06, 6.407499313354492e-06, 2.6673078536987305e-06], [-0.00045973059604875743, -0.00019423356570769101, 0.00015538684965576977], [-0.07364655286073685, 0.3388040363788605, 0.1644446849822998]],