{"brockpiece0": [[-9.896978735923767e-05, 5.245208740234375e-06, 0.00015357136726379395], [7.41182520869188e-05, -0.000512237660586834, 0.00012635854363907129], [-0.04771063104271889, 0.8072485327720642, -0.47105833888053894]], "brockpiece1": [[-0.00010545551776885986, 8.225440979003906e-06, 0.00015336275100708008], [7.214389188447967e-05, -0.0005146122421137989, 0.00012806610902771354], [-0.060903601348400116, 0.894946277141571, 0.4562895596027374]], "brockpiece2": [[-9.845197200775146e-05, 5.125999450683594e-06, 0.00015246868133544922], [7.534555334132165e-05, -0.0005148256896063685, 0.00012635854363907129], [-0.1568758189678192, 0.8655882477760315, -0.5483085513114929]], "brockpiece3": [[-0.00010457634925842285, 7.987022399902344e-06, 0.0001520216464996338], [7.321110751945525e-05, -0.0005141319707036018, 0.00012977364531252533], [-0.22012151777744293, 0.9278489947319031, 0.3253736197948456]], "brockpiece4": [[-0.00010570883750915527, 7.62939453125e-06, 0.00015145540237426758], [3.07358568534255e-05, -0.0004947619745507836, 0.00012806607992388308], [-0.4135969281196594, 0.9918517470359802, 0.46200042963027954]], "brockpiece5": [[-0.00010031461715698242, 5.0067901611328125e-06, 0.00015044212341308594], [7.342456228798255e-05, -0.0005105567979626358, 0.00012977364531252533], [-0.436776340007782, 0.9646992683410645, -0.3259457051753998]], "brockpiece6": [[-0.00010185129940509796, 6.616115570068359e-06, 0.0001536235213279724], [7.02162433299236e-05, -0.0004952422459609807, 8.708493987796828e-05], [-0.01387631893157959, 0.9064578413963318, -0.06759907305240631]], "brockpiece7": [[-9.869597852230072e-05, 4.649162292480469e-06, 0.000152587890625], [7.587915752083063e-05, -0.0005088492762297392, 0.00012593167775776237], [-0.016788214445114136, 1.2991664409637451, -0.5754176378250122]], "brockpiece8": [[-0.00010350346565246582, 6.556510925292969e-06, 0.0001515895128250122], [8.473706111544743e-05, -0.0005306205130182207, 0.0002979670825880021], [-0.10184786468744278, 1.4046438932418823, 0.10018877685070038]], "brockpiece9": [[-0.00010547507554292679, 8.344650268554688e-06, 0.00015422701835632324], [7.429166726069525e-05, -0.000527792377397418, 5.805662294733338e-05], [0.009604007937014103, 0.8276886940002441, 0.4656519293785095]], "brockpiece10": [[2.3543834686279297e-06, -0.0002060532569885254, 0.0002238154411315918], [0.03200862929224968, 0.01320147980004549, 0.04067721217870712], [0.026453230530023575, 0.7262305021286011, -0.09866398572921753]], "brockpiece11": [[-9.78223979473114e-05, 4.589557647705078e-06, 0.00015437602996826172], [6.224546814337373e-05, -0.0005157861742191017, 0.00013404250785242766], [0.023447148501873016, 0.6883174180984497, -0.6239317655563354]], "brockpiece12": [[-0.00010159611701965332, 6.258487701416016e-06, 0.00015516579151153564], [7.315776019822806e-05, -0.0005195214180275798, 8.366984548047185e-05], [0.057196881622076035, 0.6268966794013977, -0.06759794801473618]], "brockpiece13": [[-9.696930646896362e-05, 4.351139068603516e-06, 0.00015628337860107422], [7.534555334132165e-05, -0.0005148256896063685, 0.00012379723193589598], [0.10751569271087646, 0.33034080266952515, -0.6997447609901428]], "brockpiece14": [[-0.00010138750076293945, 6.735324859619141e-06, 0.00015673041343688965], [4.95055501232855e-05, -0.0005165332113392651, 0.0001357500732410699], [0.1765923947095871, 0.3738964796066284, -0.06937721371650696]], "brockpiece15": [[6.154179573059082e-05, -0.0003325343132019043, 0.0006879568099975586], [-0.005252524744719267, 0.0024128719232976437, -0.007354410365223885], [0.32439151406288147, 0.17386914789676666, 0.1606941819190979]], "brockpiece16": [[0.0001364201307296753, -0.00025641918182373047, 0.0003262460231781006], [0.008355886675417423, -0.028927356004714966, 0.008790457621216774], [0.2422737032175064, 0.13469432294368744, -0.2985038757324219]], "brockpiece17": [[-0.00010176748037338257, 6.616115570068359e-06, 0.00015444308519363403], [4.845167131861672e-05, -0.0005649849190376699, -0.00011611325317062438], [0.05579742044210434, 0.8304786086082458, -0.06759888678789139]], "brockpiece18": [[-0.00010579824447631836, 8.940696716308594e-06, 0.0001582503318786621], [0.00021002836001571268, -0.0004712832160294056, 0.00039444357389584184], [0.7751116156578064, 1.1647822856903076, 0.4550911784172058]], "brockpiece19": [[-9.636953473091125e-05, 3.814697265625e-06, 0.0001544952392578125], [8.879247616278008e-05, -0.0005698940949514508, 0.0005037266528233886], [0.04745550453662872, 0.8352649807929993, -0.8555060029029846]], "brockpiece20": [[-0.00010303035378456116, 7.331371307373047e-06, 0.00015410035848617554], [9.29546367842704e-05, -0.0005989224300719798, -0.0004525001859292388], [0.0324799083173275, 0.8903895616531372, 0.1047213077545166]], "brockpiece21": [[-0.00010488927364349365, 8.106231689453125e-06, 0.00015217065811157227], [0.8277218341827393, 4.301904201507568, 158.2293701171875], [0.15945503115653992, 1.6952928304672241, 0.277337908744812]], "brockpiece22": [[-0.00010079145431518555, 7.271766662597656e-06, 0.00015422701835632324], [7.086323603289202e-05, -0.000527632306329906, 0.00013318871788214892], [0.5310609936714172, 1.9953807592391968, -0.3219248354434967]], "brockpiece23": [[-0.00010173767805099487, 6.258487701416016e-06, 0.0001535862684249878], [7.299766730284318e-05, -0.0005154660320840776, -2.5613218895159662e-05], [-0.0681355819106102, 0.8056530356407166, -0.06759854406118393]], "brockpiece24": [[-0.00010532140731811523, 7.808208465576172e-06, 0.00015237927436828613], [7.086323603289202e-05, -0.0005148256896063685, 0.00012806610902771354], [-0.3838520646095276, 0.746596097946167, 0.4647919237613678]], "brockpiece25": [[-0.00010669231414794922, 8.225440979003906e-06, 0.0001488327980041504], [7.000945333857089e-05, -0.0005139718996360898, 0.00012635854363907129], [-1.032001256942749, 0.5244100093841553, 0.6970614790916443]], "brockpiece26": [[-0.0001032194122672081, 7.331371307373047e-06, 0.00015397369861602783], [6.232550367712975e-05, -0.0005085024167783558, 0.0001434340374544263], [-0.012171115726232529, 0.7901149392127991, 0.14576949179172516]], "brockpiece27": [[-9.822845458984375e-05, 4.5299530029296875e-06, 0.00015425682067871094], [7.449177792295814e-05, -0.0005139718996360898, 0.0001417264575138688], [-0.029545554891228676, 0.7074200510978699, -0.5648927092552185]], "brockpiece28": [[-0.00010745599865913391, 9.179115295410156e-06, 0.00015372037887573242], [9.220758511219174e-05, -0.0005173870013095438, 0.00016733970551285893], [-0.05280172452330589, 0.875779390335083, 0.7411666512489319]], "brockpiece29": [[-0.00010178983211517334, 6.496906280517578e-06, 0.00015369802713394165], [6.851536454632878e-05, -0.0005058610695414245, 0.0001980755478143692], [-0.1528574824333191, 0.604702889919281, -0.03537474945187569]], "brockpiece30": [[-9.733438491821289e-05, 4.231929779052734e-06, 0.0001531839370727539], [7.812031981302425e-05, -0.0005139718996360898, 0.0001058679772540927], [-0.212638720870018, 0.5194345116615295, -0.6746488809585571]], "brockpiece31": [[-0.0001035928726196289, 7.450580596923828e-06, 0.00015354156494140625], [8.420346421189606e-05, -0.0005131181096658111, 1.3660381227964535e-05], [-0.3032321333885193, 0.4032418727874756, 0.2416532039642334]], "brockpiece32": [[-0.00010171812027692795, 6.198883056640625e-06, 0.00015420466661453247], [5.821670492878184e-05, -0.0004450296692084521, 0.0002915638033300638], [-0.014846060425043106, 0.7332823276519775, -0.067598357796669]], "brockpiece33": [[-0.00010294467210769653, 7.331371307373047e-06, 0.00015527009963989258], [7.20238167559728e-05, -0.0005312608554959297, 6.915567064424977e-05], [-0.07364655286073685, 0.3388040363788605, 0.1644446849822998]], "brockpiece34": [[-9.801611304283142e-05, 4.887580871582031e-06, 0.0001558065414428711], [7.717316475464031e-05, -0.0005143987946212292, 0.00013126774865668267], [-0.040006935596466064, 0.3192813992500305, -0.5479322671890259]],