{"brockpiece0": [[-9.43206250667572e-05, 7.748603820800781e-07, 0.00018203258514404297], [-0.00011723382340278476, -0.0006268034921959043, 0.00010757550626294687], [-0.04771063104271889, 0.8072485327720642, -0.47105833888053894]], "brockpiece1": [[-0.00010263919830322266, 7.033348083496094e-06, 0.00018158555030822754], [-0.00011611324589466676, -0.0006328599411062896, 8.537739631719887e-05], [-0.060903601348400116, 0.894946277141571, 0.4562895596027374]], "brockpiece2": [[-9.360909461975098e-05, 4.76837158203125e-07, 0.00018066167831420898], [-0.00011782081855926663, -0.0006276305648498237, 0.00012294344196561724], [-0.1568758189678192, 0.8655882477760315, -0.5483085513114929]], "brockpiece3": [[-0.00010159611701965332, 5.7220458984375e-06, 0.00018003582954406738], [-0.00011995524982921779, -0.0006266167038120329, 0.0001348962978227064], [-0.22012151777744293, 0.9278489947319031, 0.3253736197948456]], "brockpiece4": [[-0.000102996826171875, 6.139278411865234e-06, 0.0001786351203918457], [-0.00016627245349809527, -0.0006081004976294935, 0.00014172648661769927], [-0.4135969281196594, 0.9918517470359802, 0.46200042963027954]], "brockpiece5": [[-9.587407112121582e-05, 1.3113021850585938e-06, 0.00017768144607543945], [-0.0001203821157105267, -0.0006279507069848478, 0.0001366038341075182], [-0.436776340007782, 0.9646992683410645, -0.3259457051753998]], "brockpiece6": [[-9.800586849451065e-05, 3.814697265625e-06, 0.00018201768398284912], [-0.00012609173427335918, -0.0006116756703704596, 4.01273719035089e-05], [-0.01387631893157959, 0.9064578413963318, -0.06759907305240631]], "brockpiece7": [[-9.387172758579254e-05, -1.1920928955078125e-07, 0.00017917156219482422], [-0.00011888801964232698, -0.0006241087685339153, 0.00013361562741920352], [-0.016788214445114136, 1.2991664409637451, -0.5754176378250122]], "brockpiece8": [[-9.9964439868927e-05, 4.887580871582031e-06, 0.00017805397510528564], [-0.00010853601270355284, -0.0006454531103372574, 0.00031162748928181827], [-0.10184786468744278, 1.4046438932418823, 0.10018877685070038]], "brockpiece9": [[-0.00010265782475471497, 7.033348083496094e-06, 0.00018280744552612305], [-0.00014061923138797283, -0.0005962009890936315, 0.00030052842339500785], [0.009604007937014103, 0.8276886940002441, 0.4656519293785095]], "brockpiece10": [[8.614733815193176e-06, -0.00022166967391967773, 0.00021751970052719116], [0.035405371338129044, 0.023090315982699394, 0.0918712466955185], [0.026453230530023575, 0.7262305021286011, -0.09866398572921753]], "brockpiece11": [[-9.286031126976013e-05, -2.384185791015625e-07, 0.00018340349197387695], [-0.00013018054596614093, -0.0006288044969551265, 0.00013575004413723946], [0.023447148501873016, 0.6883174180984497, -0.6239317655563354]], "brockpiece12": [[-9.772181510925293e-05, 3.2186508178710938e-06, 0.0001846104860305786], [-0.00011904809070983902, -0.0006328599411062896, 8.537739631719887e-05], [0.057196881622076035, 0.6268966794013977, -0.06759794801473618]], "brockpiece13": [[-9.18358564376831e-05, -6.854534149169922e-07, 0.00018674135208129883], [-0.00011952836212003604, -0.0006283776019699872, 0.00013404250785242766], [0.10751569271087646, 0.33034080266952515, -0.6997447609901428]], "brockpiece14": [[-9.751319885253906e-05, 3.933906555175781e-06, 0.00018730014562606812], [-0.0001416197483194992, -0.0006297649815678596, 0.0001314811670454219], [0.1765923947095871, 0.3738964796066284, -0.06937721371650696]], "brockpiece15": [[-2.047419548034668e-05, -0.0003021508455276489, 0.0005885064601898193], [0.005166826769709587, 0.013123893178999424, 0.007844476029276848], [0.32439151406288147, 0.17386914789676666, 0.1606941819190979]], "brockpiece16": [[0.00014121830463409424, -0.00023509562015533447, 0.0003307759761810303], [0.00726220291107893, -0.04430766776204109, 0.0071187689900398254], [0.2422737032175064, 0.13469432294368744, -0.2985038757324219]], "brockpiece17": [[-9.792670607566833e-05, 3.874301910400391e-06, 0.00018319487571716309], [-0.00014193993411026895, -0.0006868611089885235, -0.00018441517022438347], [0.05579742044210434, 0.8304786086082458, -0.06759888678789139]], "brockpiece18": [[-0.00010317564010620117, 7.748603820800781e-06, 0.00018727779388427734], [-9.733021579449996e-05, -0.000759005022700876, 0.0003432171361055225], [0.7751116156578064, 1.1647822856903076, 0.4550911784172058]], "brockpiece19": [[-9.09566879272461e-05, -1.6093254089355469e-06, 0.00018298625946044922], [-9.925120684783906e-05, -0.0006825922755524516, 0.0005122644361108541], [0.04745550453662872, 0.8352649807929993, -0.8555060029029846]], "brockpiece20": [[-9.951367974281311e-05, 4.827976226806641e-06, 0.00018264353275299072], [-9.754367056302726e-05, -0.0007402219926007092, -0.0006488681538030505], [0.0324799083173275, 0.8903895616531372, 0.1047213077545166]], "brockpiece21": [[-0.0001017451286315918, 6.079673767089844e-06, 0.00017824769020080566], [0.8270906209945679, 4.302307605743408, 158.2295684814453], [0.15945503115653992, 1.6952928304672241, 0.277337908744812]], "brockpiece22": [[-9.691715240478516e-05, 3.337860107421875e-06, 0.00018015503883361816], [-0.0001225165615323931, -0.0006352078053168952, 0.0001297736307606101], [0.5310609936714172, 1.9953807592391968, -0.3219248354434967]], "brockpiece23": [[-9.789317846298218e-05, 3.3974647521972656e-06, 0.0001821964979171753], [-0.00012337035150267184, -0.0006191995344124734, 6.488682265626267e-05], [-0.0681355819106102, 0.8056530356407166, -0.06759854406118393]], "brockpiece24": [[-0.0001023411750793457, 6.735324859619141e-06, 0.0001805424690246582], [-0.00012123589840484783, -0.0006262431852519512, 0.00012635854363907129], [-0.3838520646095276, 0.746596097946167, 0.4647919237613678]], "brockpiece25": [[-0.00010442733764648438, 7.748603820800781e-06, 0.00017642974853515625], [-0.00011269814422121271, -0.00062154745683074, 0.00013062740617897362], [-1.032001256942749, 0.5244100093841553, 0.6970614790916443]], "brockpiece26": [[-9.977631270885468e-05, 5.0067901611328125e-06, 0.00018280744552612305], [-0.00012847963080275804, -0.0006220276700332761, 0.00013489628327079117], [-0.012171115726232529, 0.7901149392127991, 0.14576949179172516]], "brockpiece27": [[-9.339116513729095e-05, -1.1920928955078125e-07, 0.00018310546875], [-0.0001183010681415908, -0.0006264566327445209, 0.00014172647206578404], [-0.029545554891228676, 0.7074200510978699, -0.5648927092552185]], "brockpiece28": [[-0.0001051872968673706, 9.059906005859375e-06, 0.00018209218978881836], [-0.00010074532474391162, -0.0006317927036434412, 0.00018612275016494095], [-0.05280172452330589, 0.875779390335083, 0.7411666512489319]], "brockpiece29": [[-9.797513484954834e-05, 3.516674041748047e-06, 0.00018282607197761536], [-0.00012283673277124763, -0.0006164247752167284, 0.0002271038683829829], [-0.1528574824333191, 0.604702889919281, -0.03537474945187569]], "brockpiece30": [[-9.228289127349854e-05, -8.940696716308594e-07, 0.00018268823623657227], [-0.0001124847331084311, -0.0006326464936137199, 0.00010330665099900216], [-0.212638720870018, 0.5194345116615295, -0.6746488809585571]], "brockpiece31": [[-0.00010025501251220703, 5.3942203521728516e-06, 0.00018329918384552002], [-0.00010842929623322561, -0.0006253893952816725, 2.049057547992561e-05], [-0.3032321333885193, 0.4032418727874756, 0.2416532039642334]], "brockpiece32": [[-9.785033762454987e-05, 3.2186508178710938e-06, 0.0001831650733947754], [-0.00013637036317959428, -0.0005436405772343278, 0.0004057560581713915], [-0.014846060425043106, 0.7332823276519775, -0.067598357796669]], "brockpiece33": [[-9.95248556137085e-05, 5.066394805908203e-06, 0.00018547475337982178], [-0.0001236238022102043, -0.0006445993203669786, 7.000945333857089e-05], [-0.07364655286073685, 0.3388040363788605, 0.1644446849822998]], "brockpiece34": [[-9.318068623542786e-05, 2.682209014892578e-07, 0.00018596649169921875], [-0.00012074231199221686, -0.0006245356635190547, 0.00013489626871887594], [-0.040006935596466064, 0.3192813992500305, -0.5479322671890259]],