{"brockpiece0": [[0.02115797810256481, 0.026709794998168945, -0.4509690999984741], [-8.350341796875, -7.006402492523193, -2.32377552986145], [-0.04771063104271889, 0.8072485327720642, -0.47105833888053894]], "brockpiece1": [[-0.06174245849251747, 0.02139461040496826, -0.49051448702812195], [1.1455165147781372, -0.29151543974876404, -6.953551292419434], [-0.060903601348400116, 0.894946277141571, 0.4562895596027374]], "brockpiece2": [[0.011026069521903992, 0.02349543571472168, -0.497079074382782], [1.6701340675354004, 0.45347830653190613, 6.184388160705566], [-0.1568758189678192, 0.8655882477760315, -0.5483085513114929]], "brockpiece3": [[-0.02136845886707306, 0.048082709312438965, -0.6420416831970215], [-1.1670846939086914, 1.2715482711791992, -4.991370677947998], [-0.22012151777744293, 0.9278489947319031, 0.3253736197948456]], "brockpiece4": [[-0.0047713518142700195, 0.07216012477874756, -0.7133605480194092], [1.6017080545425415, -0.3980022966861725, 5.826648712158203], [-0.4135969281196594, 0.9918517470359802, 0.46200042963027954]], "brockpiece5": [[-0.061241358518600464, 0.04440218210220337, -0.5320364236831665], [-1.1867514848709106, -0.6370694637298584, 3.235531806945801], [-0.436776340007782, 0.9646992683410645, -0.3259457051753998]], "brockpiece6": [[0.002278123050928116, 0.07482326030731201, -0.6081131100654602], [-3.9279232025146484, -1.2251160144805908, 4.373147964477539], [-0.01387631893157959, 0.9064578413963318, -0.06759907305240631]], "brockpiece7": [[0.03315805643796921, -0.008664727210998535, -0.4687137007713318], [-6.894142150878906, -1.0659384727478027, 4.632589817047119], [-0.016788214445114136, 1.2991664409637451, -0.5754176378250122]], "brockpiece8": [[-0.04967407137155533, 0.07990646362304688, -0.7228772044181824], [-1.7684530019760132, 0.04236682876944542, -0.037654854357242584], [-0.10184786468744278, 1.4046438932418823, 0.10018877685070038]], "brockpiece9": [[-0.016760101541876793, 0.04372984170913696, -0.4840697646141052], [4.451358795166016, 4.4878950119018555, 15.69175910949707], [0.009604007937014103, 0.8276886940002441, 0.4656519293785095]], "brockpiece10": [[0.019045865163207054, 0.03894209861755371, -0.471277117729187], [0.9461581707000732, -9.809334754943848, 2.3243823051452637], [0.026453230530023575, 0.7262305021286011, -0.09866398572921753]], "brockpiece11": [[0.018505962565541267, 0.041432082653045654, -0.48820263147354126], [-5.1616106033325195, -7.924057960510254, -20.319168090820312], [0.023447148501873016, 0.6883174180984497, -0.6239317655563354]], "brockpiece12": [[0.04444146901369095, 0.008231878280639648, -0.7213375568389893], [-2.5904650688171387, -2.333538293838501, 6.3443684577941895], [0.057196881622076035, 0.6268966794013977, -0.06759794801473618]], "brockpiece13": [[0.01798252761363983, 0.03572720289230347, -0.3914405107498169], [-4.197618007659912, -3.0882115364074707, -6.6059770584106445], [0.10751569271087646, 0.33034080266952515, -0.6997447609901428]], "brockpiece14": [[0.04030260443687439, 0.007169604301452637, -0.6691977977752686], [-2.5340983867645264, -2.8740217685699463, 0.6159213185310364], [0.1765923947095871, 0.3738964796066284, -0.06937721371650696]], "brockpiece15": [[0.012290120124816895, 0.01740613579750061, -0.022588923573493958], [-0.6085422039031982, 0.1825394183397293, 0.494895339012146], [0.32439151406288147, 0.17386914789676666, 0.1606941819190979]], "brockpiece16": [[0.00498594343662262, 0.035475149750709534, -0.18885397911071777], [-3.162142515182495, -4.019829750061035, 1.8053795099258423], [0.2422737032175064, 0.13469432294368744, -0.2985038757324219]], "brockpiece17": [[-0.012083634734153748, 0.08588838577270508, -0.37517136335372925], [-3.9936869144439697, -6.705808639526367, -0.15944556891918182], [0.05579742044210434, 0.8304786086082458, -0.06759888678789139]], "brockpiece18": [[-0.0008065104484558105, 0.07556331157684326, -0.70285964012146], [-4.224384784698486, -4.891029357910156, 1.2505959272384644], [0.7751116156578064, 1.1647822856903076, 0.4550911784172058]], "brockpiece19": [[0.10935726761817932, -0.021490275859832764, -0.5966838598251343], [-14.169655799865723, -12.096125602722168, 8.68989086151123], [0.04745550453662872, 0.8352649807929993, -0.8555060029029846]], "brockpiece20": [[-0.009318338707089424, 0.05373680591583252, -0.5033138394355774], [-3.2709126472473145, -5.007565021514893, -0.4411906599998474], [0.0324799083173275, 0.8903895616531372, 0.1047213077545166]], "brockpiece21": [[0.008764848113059998, 0.04792463779449463, -0.7931568622589111], [-4.224819660186768, -4.890873432159424, 1.2506866455078125], [0.15945503115653992, 1.6952928304672241, 0.277337908744812]], "brockpiece22": [[0.03352999687194824, 0.01089179515838623, -0.8460981249809265], [-3.255286455154419, -2.213982105255127, -0.49940481781959534], [0.5310609936714172, 1.9953807592391968, -0.3219248354434967]], "brockpiece23": [[-0.015421532094478607, 0.038323044776916504, -0.4649675190448761], [-0.9257279634475708, -5.110739707946777, -6.924243450164795], [-0.0681355819106102, 0.8056530356407166, -0.06759854406118393]], "brockpiece24": [[-0.06190866231918335, 0.03453493118286133, -0.7375327944755554], [0.863161563873291, -0.5652685761451721, 3.029970407485962], [-0.3838520646095276, 0.746596097946167, 0.4647919237613678]], "brockpiece25": [[-0.0903235673904419, 0.061469435691833496, -0.706596314907074], [-0.9245532155036926, 0.29748862981796265, -0.4005737900733948], [-1.032001256942749, 0.5244100093841553, 0.6970614790916443]], "brockpiece26": [[-0.01127962302416563, 0.056917548179626465, -0.5541471242904663], [0.29421985149383545, -16.313026428222656, 2.166243314743042], [-0.012171115726232529, 0.7901149392127991, 0.14576949179172516]], "brockpiece27": [[-0.004488419741392136, 0.009687840938568115, -0.44784051179885864], [-4.901315212249756, -3.524994373321533, -5.567928791046143], [-0.029545554891228676, 0.7074200510978699, -0.5648927092552185]], "brockpiece28": [[-0.011847883462905884, 0.017112314701080322, -0.7335892915725708], [-7.18411922454834, 11.222200393676758, -3.0993423461914062], [-0.05280172452330589, 0.875779390335083, 0.7411666512489319]], "brockpiece29": [[-0.0529886931180954, 0.040576040744781494, -0.7314193248748779], [-0.11809845268726349, -0.9236133694648743, -3.494276285171509], [-0.1528574824333191, 0.604702889919281, -0.03537474945187569]], "brockpiece30": [[-0.0494856983423233, 0.048421621322631836, -0.7414095401763916], [0.9201809167861938, 0.15660282969474792, -5.214442253112793], [-0.212638720870018, 0.5194345116615295, -0.6746488809585571]], "brockpiece31": [[-0.05851587653160095, 0.04227396845817566, -0.7431480288505554], [0.9201866388320923, 0.15660880506038666, -5.214534282684326], [-0.3032321333885193, 0.4032418727874756, 0.2416532039642334]], "brockpiece32": [[-0.019649188965559006, 0.05143994092941284, -0.44822627305984497], [-1.3737822771072388, -1.9700690507888794, -8.037019729614258], [-0.014846060425043106, 0.7332823276519775, -0.067598357796669]], "brockpiece33": [[-0.07131786644458771, 0.028529196977615356, -0.6996883153915405], [-2.1274337768554688, 0.5035417079925537, -2.1119394302368164], [-0.07364655286073685, 0.3388040363788605, 0.1644446849822998]], "brockpiece34": [[0.02064608223736286, 0.04390797019004822, -0.5316783785820007], [-2.9619908332824707, -1.2139067649841309, -2.402479410171509], [-0.040006935596466064, 0.3192813992500305, -0.5479322671890259]], "brockpiece35": [[0.033972691744565964, 0.01906907558441162, -0.4597698748111725], [-1.6767264604568481, -5.320752143859863, -9.985347747802734], [0.03971529006958008, 0.7414476275444031, -0.4923132658004761]], "brockpiece36": [[-0.006958194077014923, 0.03885006904602051, -0.47200798988342285], [8.19787883758545, 4.6250834465026855, -19.39202117919922], [0.04695548489689827, 0.8178877234458923, 0.2522242069244385]],