{"brockpiece0": [[-0.0012897774577140808, 0.01938807964324951, -0.18838149309158325], [-5.588765621185303, -2.235738754272461, -4.6876935958862305], [-0.04771063104271889, 0.8072485327720642, -0.47105833888053894]], "brockpiece1": [[-0.04130904749035835, 0.044173598289489746, -0.19595122337341309], [-1.48796808719635, -1.0241265296936035, -0.8188613057136536], [-0.060903601348400116, 0.894946277141571, 0.4562895596027374]], "brockpiece2": [[0.0026444047689437866, 0.011693894863128662, -0.22481673955917358], [1.5211772918701172, -0.47590628266334534, 0.4624658524990082], [-0.1568758189678192, 0.8655882477760315, -0.5483085513114929]], "brockpiece3": [[-0.019983574748039246, 0.03257483243942261, -0.35743406414985657], [-2.6222240924835205, 1.39415442943573, -7.5665202140808105], [-0.22012151777744293, 0.9278489947319031, 0.3253736197948456]], "brockpiece4": [[0.004252254962921143, 0.04861867427825928, -0.4074627161026001], [1.5845624208450317, 0.19906632602214813, -0.1480625420808792], [-0.4135969281196594, 0.9918517470359802, 0.46200042963027954]], "brockpiece5": [[-0.040882617235183716, 0.024074137210845947, -0.2582320272922516], [-1.9704395532608032, -0.6292471289634705, 4.316851615905762], [-0.436776340007782, 0.9646992683410645, -0.3259457051753998]], "brockpiece6": [[0.00514625757932663, 0.030892372131347656, -0.3212149739265442], [-2.78509521484375, -0.8051699995994568, 4.750901222229004], [-0.01387631893157959, 0.9064578413963318, -0.06759907305240631]], "brockpiece7": [[0.012260166928172112, -0.01888132095336914, -0.2388361096382141], [-3.9182546138763428, 1.492074966430664, 3.676996946334839], [-0.016788214445114136, 1.2991664409637451, -0.5754176378250122]], "brockpiece8": [[-0.03556636720895767, 0.05116677284240723, -0.43609797954559326], [-0.7748661041259766, -0.22184817492961884, 0.42943501472473145], [-0.10184786468744278, 1.4046438932418823, 0.10018877685070038]], "brockpiece9": [[0.019328523427248, 0.02686256170272827, -0.20793870091438293], [-0.7423003315925598, 3.096135377883911, 1.3844971656799316], [0.009604007937014103, 0.8276886940002441, 0.4656519293785095]], "brockpiece10": [[0.019407177343964577, 0.025015830993652344, -0.22513660788536072], [-2.8943748474121094, -8.865791320800781, -5.863637924194336], [0.026453230530023575, 0.7262305021286011, -0.09866398572921753]], "brockpiece11": [[0.005355330184102058, 0.023535966873168945, -0.228163480758667], [-5.648969650268555, -0.2380077838897705, -12.848849296569824], [0.023447148501873016, 0.6883174180984497, -0.6239317655563354]], "brockpiece12": [[0.027646109461784363, 0.005951642990112305, -0.4209308326244354], [-0.9096883535385132, -1.1367371082305908, 0.5051575899124146], [0.057196881622076035, 0.6268966794013977, -0.06759794801473618]], "brockpiece13": [[0.00833960622549057, 0.03764119744300842, -0.17666906118392944], [-5.8230204582214355, 0.6805566549301147, -3.0304489135742188], [0.10751569271087646, 0.33034080266952515, -0.6997447609901428]], "brockpiece14": [[0.016182512044906616, -0.017569661140441895, -0.37624454498291016], [-1.4803208112716675, -1.6155065298080444, -0.6920297741889954], [0.1765923947095871, 0.3738964796066284, -0.06937721371650696]], "brockpiece15": [[0.02075698971748352, 0.00199340283870697, -0.0055965036153793335], [-0.21850430965423584, 0.09325488656759262, 0.05334728583693504], [0.32439151406288147, 0.17386914789676666, 0.1606941819190979]], "brockpiece16": [[0.02110569179058075, 0.0014899522066116333, -0.07562103867530823], [-0.4419788420200348, -2.148916244506836, 1.1757858991622925], [0.2422737032175064, 0.13469432294368744, -0.2985038757324219]], "brockpiece17": [[0.010889552533626556, 0.0600091814994812, -0.1736668348312378], [-2.7401018142700195, -4.582023620605469, -0.918678343296051], [0.05579742044210434, 0.8304786086082458, -0.06759888678789139]], "brockpiece18": [[-0.0032866597175598145, 0.04095911979675293, -0.39570581912994385], [-2.6593210697174072, -3.5810446739196777, 1.2746655941009521], [0.7751116156578064, 1.1647822856903076, 0.4550911784172058]], "brockpiece19": [[0.051069650799036026, -0.015347182750701904, -0.3138749599456787], [-6.916481018066406, -5.643974781036377, 3.5474634170532227], [0.04745550453662872, 0.8352649807929993, -0.8555060029029846]], "brockpiece20": [[0.004992928355932236, 0.023784101009368896, -0.25013822317123413], [-2.4930946826934814, -3.1185481548309326, 4.375565052032471], [0.0324799083173275, 0.8903895616531372, 0.1047213077545166]], "brockpiece21": [[-0.0009119659662246704, 0.018625736236572266, -0.45818573236465454], [-0.3220368027687073, 8.611836433410645, 159.5498809814453], [0.15945503115653992, 1.6952928304672241, 0.277337908744812]], "brockpiece22": [[1.4603137969970703e-05, -0.005132913589477539, -0.4331133961677551], [-2.125504732131958, -1.841695785522461, 0.7668092250823975], [0.5310609936714172, 1.9953807592391968, -0.3219248354434967]], "brockpiece23": [[-0.008620291948318481, 0.031171202659606934, -0.2081509828567505], [-2.53507137298584, -2.487578868865967, 1.52984619140625], [-0.0681355819106102, 0.8056530356407166, -0.06759854406118393]], "brockpiece24": [[-0.03958415985107422, 0.025800108909606934, -0.4266008734703064], [-0.4753633439540863, 0.27779608964920044, 3.586374282836914], [-0.3838520646095276, 0.746596097946167, 0.4647919237613678]], "brockpiece25": [[-0.032901763916015625, 0.06104212999343872, -0.39685410261154175], [-0.06563206762075424, -0.2732069790363312, -0.5656279921531677], [-1.032001256942749, 0.5244100093841553, 0.6970614790916443]], "brockpiece26": [[-0.009718903340399265, 0.04955160617828369, -0.2754230499267578], [-0.809156596660614, -4.674266338348389, 2.1556124687194824], [-0.012171115726232529, 0.7901149392127991, 0.14576949179172516]], "brockpiece27": [[-0.003722578287124634, 0.0014946460723876953, -0.18808859586715698], [-4.3657450675964355, -3.8760440349578857, -6.329410552978516], [-0.029545554891228676, 0.7074200510978699, -0.5648927092552185]], "brockpiece28": [[-0.004979021847248077, 0.030567467212677002, -0.4494492709636688], [-5.474513530731201, 6.383174896240234, -2.397157907485962], [-0.05280172452330589, 0.875779390335083, 0.7411666512489319]], "brockpiece29": [[-0.024053528904914856, 0.03715622425079346, -0.4095303416252136], [-1.2476261854171753, -1.0861029624938965, -2.879848003387451], [-0.1528574824333191, 0.604702889919281, -0.03537474945187569]], "brockpiece30": [[-0.043859824538230896, 0.05189758539199829, -0.4200897216796875], [1.528093934059143, 0.26158612966537476, -1.875003695487976], [-0.212638720870018, 0.5194345116615295, -0.6746488809585571]], "brockpiece31": [[-0.044242918491363525, 0.03041142225265503, -0.42310863733291626], [1.5281004905700684, 0.26159125566482544, -1.875110149383545], [-0.3032321333885193, 0.4032418727874756, 0.2416532039642334]], "brockpiece32": [[-0.013538281433284283, 0.04367029666900635, -0.1962854266166687], [-2.5667881965637207, -0.38137373328208923, -0.7808636426925659], [-0.014846060425043106, 0.7332823276519775, -0.067598357796669]], "brockpiece33": [[-0.048656679689884186, 0.035014986991882324, -0.36397844552993774], [-3.187091827392578, 0.28649231791496277, -2.144091844558716], [-0.07364655286073685, 0.3388040363788605, 0.1644446849822998]], "brockpiece34": [[0.006318580359220505, 0.03013959527015686, -0.24153262376785278], [-3.6879799365997314, 0.013235203921794891, -2.270447015762329], [-0.040006935596466064, 0.3192813992500305, -0.5479322671890259]], "brockpiece35": [[0.04108016565442085, 0.000702977180480957, -0.21280786395072937], [-1.4155142307281494, -3.719614267349243, -6.4097161293029785], [0.03971529006958008, 0.7414476275444031, -0.4923132658004761]], "brockpiece36": [[-0.002242572605609894, 0.02947819232940674, -0.2313348352909088], [5.899255275726318, -0.6394985318183899, -13.056572914123535], [0.04695548489689827, 0.8178877234458923, 0.2522242069244385]],