{"brockpiece0": [[-0.16523772478103638, -0.7225018739700317, -3.302152633666992], [105.87754821777344, -72.51203155517578, 77.81819915771484], [-0.04771063104271889, 0.8072485327720642, -0.47105833888053894]], "brockpiece1": [[0.2757076025009155, -0.45441189408302307, -3.091358184814453], [-5.00847864151001, 71.03881072998047, 82.37295532226562], [-0.060903601348400116, 0.894946277141571, 0.4562895596027374]], "brockpiece2": [[0.5697367787361145, -0.8032754063606262, -3.6742355823516846], [-3.4379584789276123, 9.560585021972656, -43.23637390136719], [-0.1568758189678192, 0.8655882477760315, -0.5483085513114929]], "brockpiece3": [[0.1855282187461853, -0.4806419312953949, -3.205643892288208], [-14.763158798217773, 16.96722412109375, 46.21420669555664], [-0.22012151777744293, 0.9278489947319031, 0.3253736197948456]], "brockpiece4": [[0.26307910680770874, -0.16767007112503052, -2.7937088012695312], [-10.896041870117188, -12.796992301940918, -61.41801834106445], [-0.4135969281196594, 0.9918517470359802, 0.46200042963027954]], "brockpiece5": [[-0.038060128688812256, 0.0234527587890625, -2.411693811416626], [-5.000241279602051, 9.374842643737793, 2.2501838207244873], [-0.436776340007782, 0.9646992683410645, -0.3259457051753998]], "brockpiece6": [[0.5022464990615845, -0.7079180479049683, -3.7432265281677246], [48.92308044433594, -23.326391220092773, 117.54132843017578], [-0.01387631893157959, 0.9064578413963318, -0.06759907305240631]], "brockpiece7": [[0.9509575963020325, -1.1584142446517944, -4.181552410125732], [-161.36387634277344, 5.003594875335693, -106.31236267089844], [-0.016788214445114136, 1.2991664409637451, -0.5754176378250122]], "brockpiece8": [[1.5858492851257324, -1.0925688743591309, -5.265649795532227], [-150.75473022460938, -2.185730457305908, -109.13410186767578], [-0.10184786468744278, 1.4046438932418823, 0.10018877685070038]], "brockpiece9": [[-0.9742070436477661, -0.799888551235199, -1.5146358013153076], [72.49027252197266, 17.96937370300293, -86.6617202758789], [0.009604007937014103, 0.8276886940002441, 0.4656519293785095]], "brockpiece10": [[0.03873611241579056, -0.2627101540565491, -1.3266507387161255], [16.970327377319336, 6.707902908325195, -175.8843231201172], [0.026453230530023575, 0.7262305021286011, -0.09866398572921753]], "brockpiece11": [[-0.13438695669174194, -0.62586909532547, -2.129394292831421], [-15.907661437988281, -17.53631591796875, 38.07401657104492], [0.023447148501873016, 0.6883174180984497, -0.6239317655563354]], "brockpiece12": [[-0.032044000923633575, -0.14453572034835815, -1.370550513267517], [-3.151183605194092, -7.6887006759643555, 8.198319435119629], [0.057196881622076035, 0.6268966794013977, -0.06759794801473618]], "brockpiece13": [[-0.04487038403749466, -0.14864835143089294, -0.9468859434127808], [-12.632057189941406, -13.105354309082031, 1.8327139616012573], [0.10751569271087646, 0.33034080266952515, -0.6997447609901428]], "brockpiece14": [[-0.11784377694129944, -0.06793785095214844, -0.948228657245636], [2.7686662673950195, -9.774229049682617, -5.655610084533691], [0.1765923947095871, 0.3738964796066284, -0.06937721371650696]], "brockpiece15": [[-0.04282665252685547, -0.00013551115989685059, -0.07631635665893555], [-0.013687201775610447, 4.970457077026367, 0.05791585519909859], [0.32439151406288147, 0.17386914789676666, 0.1606941819190979]], "brockpiece16": [[-0.11036138236522675, -0.0006109923124313354, -0.29365864396095276], [-0.0035233895760029554, -6.777867794036865, -0.005892951041460037], [0.2422737032175064, 0.13469432294368744, -0.2985038757324219]], "brockpiece17": [[0.09063746780157089, 0.011340320110321045, -0.929123044013977], [-2.657278060913086, 0.10364223271608353, 33.70275115966797], [0.05579742044210434, 0.8304786086082458, -0.06759888678789139]], "brockpiece18": [[0.052632033824920654, 7.748603820800781e-05, -0.9464925527572632], [0.00028087807004339993, -4.432910442352295, 0.0002312106516910717], [0.7751116156578064, 1.1647822856903076, 0.4550911784172058]], "brockpiece19": [[0.5786154866218567, -0.7633451223373413, -3.1937742233276367], [-161.8976287841797, -14.655492782592773, -60.12263870239258], [0.04745550453662872, 0.8352649807929993, -0.8555060029029846]], "brockpiece20": [[0.11322227865457535, -0.12741386890411377, -2.343843936920166], [26.427331924438477, -19.239042282104492, -97.1258316040039], [0.0324799083173275, 0.8903895616531372, 0.1047213077545166]], "brockpiece21": [[0.06821082532405853, 7.772445678710938e-05, -0.9935448169708252], [2.488085985183716, 8.415748596191406, 158.04551696777344], [0.15945503115653992, 1.6952928304672241, 0.277337908744812]], "brockpiece22": [[-0.2985532879829407, -1.7766499519348145, -6.5022196769714355], [152.232421875, 9.857565879821777, -31.872600555419922], [0.5310609936714172, 1.9953807592391968, -0.3219248354434967]], "brockpiece23": [[0.15561404824256897, -0.42728036642074585, -2.904374837875366], [-2.0797371864318848, 24.76009750366211, 94.01795959472656], [-0.0681355819106102, 0.8056530356407166, -0.06759854406118393]], "brockpiece24": [[0.0523625910282135, -0.10888856649398804, -2.642935037612915], [-16.980459213256836, 1.3619028329849243, -35.804080963134766], [-0.3838520646095276, 0.746596097946167, 0.4647919237613678]], "brockpiece25": [[-0.2619495391845703, -0.025103479623794556, -2.3899667263031006], [-0.05812503769993782, 1.167114496231079, -2.7736411094665527], [-1.032001256942749, 0.5244100093841553, 0.6970614790916443]], "brockpiece26": [[-0.6260209083557129, -0.7143800258636475, -1.066378116607666], [9.913811683654785, 26.10851287841797, 8.016908645629883], [-0.012171115726232529, 0.7901149392127991, 0.14576949179172516]], "brockpiece27": [[-0.32137221097946167, -0.6667218804359436, -2.914619207382202], [4.588290691375732, 3.036864757537842, -5.691793441772461], [-0.029545554891228676, 0.7074200510978699, -0.5648927092552185]], "brockpiece28": [[-1.5431177616119385, -0.8315452337265015, -1.989363431930542], [-125.80069732666016, 34.738914489746094, 47.30424880981445], [-0.05280172452330589, 0.875779390335083, 0.7411666512489319]], "brockpiece29": [[0.05419265478849411, -0.33607473969459534, -2.6611099243164062], [-8.1600341796875, -6.064146518707275, -14.816690444946289], [-0.1528574824333191, 0.604702889919281, -0.03537474945187569]], "brockpiece30": [[0.04307505488395691, -0.3193252384662628, -2.552570343017578], [-10.082378387451172, -6.845552921295166, -9.891260147094727], [-0.212638720870018, 0.5194345116615295, -0.6746488809585571]], "brockpiece31": [[-0.055357903242111206, -0.12345999479293823, -2.5637359619140625], [-10.082362174987793, -6.845564365386963, -9.891345977783203], [-0.3032321333885193, 0.4032418727874756, 0.2416532039642334]], "brockpiece32": [[0.07708873599767685, -0.15530115365982056, -2.416687250137329], [35.42915725708008, 21.024925231933594, 156.72958374023438], [-0.014846060425043106, 0.7332823276519775, -0.067598357796669]], "brockpiece33": [[-0.19358494877815247, -0.00022336840629577637, -1.3265403509140015], [-0.013143290765583515, -5.833552837371826, 0.05092797055840492], [-0.07364655286073685, 0.3388040363788605, 0.1644446849822998]], "brockpiece34": [[-0.05649212375283241, 0.0005667805671691895, -1.254450798034668], [0.049476392567157745, -10.027643203735352, -0.30006957054138184], [-0.040006935596466064, 0.3192813992500305, -0.5479322671890259]], "brockpiece35": [[0.13599106669425964, -0.18586045503616333, -1.4430911540985107], [12.686137199401855, 3.7225983142852783, -144.24684143066406], [0.03971529006958008, 0.7414476275444031, -0.4923132658004761]], "brockpiece36": [[-0.016110936179757118, -0.19460076093673706, -1.2720937728881836], [-11.918706893920898, -11.739705085754395, -154.72630310058594], [0.04695548489689827, 0.8178877234458923, 0.2522242069244385]], "brockpiece37": [[-1.3126835823059082, -0.8416731953620911, -1.876138687133789], [-109.21412658691406, -22.044818878173828, 89.68905639648438], [0.018796933814883232, 0.8953180909156799, 0.6815259456634521]],