{"brockpiece0": [[-0.060196056962013245, -0.0212937593460083, -1.9283198118209839], [18.061368942260742, -2.0364108085632324, -130.2474822998047], [-0.04771063104271889, 0.8072485327720642, -0.47105833888053894]], "brockpiece1": [[-0.20277175307273865, 0.05734628438949585, -1.888063907623291], [21.453041076660156, -2.6502766609191895, -65.0261001586914], [-0.060903601348400116, 0.894946277141571, 0.4562895596027374]], "brockpiece2": [[-0.028842180967330933, 0.11056381464004517, -2.018929958343506], [-2.192152500152588, 3.5124874114990234, 48.14248275756836], [-0.1568758189678192, 0.8655882477760315, -0.5483085513114929]], "brockpiece3": [[-0.09771911799907684, 0.10837507247924805, -2.1586062908172607], [0.7542504072189331, -0.4357738792896271, -12.261253356933594], [-0.22012151777744293, 0.9278489947319031, 0.3253736197948456]], "brockpiece4": [[-0.09121114015579224, 0.1504420042037964, -2.264127492904663], [-1.9597806930541992, -3.2005956172943115, 5.791338920593262], [-0.4135969281196594, 0.9918517470359802, 0.46200042963027954]], "brockpiece5": [[-0.11353766918182373, 0.09568458795547485, -2.1040875911712646], [-2.8452165126800537, -3.149158239364624, 2.7363803386688232], [-0.436776340007782, 0.9646992683410645, -0.3259457051753998]], "brockpiece6": [[-0.03277309238910675, 0.05453306436538696, -1.9993420839309692], [-12.266376495361328, -4.602903842926025, -8.712335586547852], [-0.01387631893157959, 0.9064578413963318, -0.06759907305240631]], "brockpiece7": [[0.10272851586341858, -0.11648726463317871, -1.8936808109283447], [-7.163209438323975, -4.917729377746582, -4.478446960449219], [-0.016788214445114136, 1.2991664409637451, -0.5754176378250122]], "brockpiece8": [[0.005024433135986328, 0.09383046627044678, -2.224963665008545], [-5.856982707977295, -8.055285453796387, -6.292242527008057], [-0.10184786468744278, 1.4046438932418823, 0.10018877685070038]], "brockpiece9": [[-0.2548867464065552, 0.13032281398773193, -1.2607327699661255], [19.98927116394043, 14.688173294067383, 145.44113159179688], [0.009604007937014103, 0.8276886940002441, 0.4656519293785095]], "brockpiece10": [[0.033685050904750824, -0.09305143356323242, -1.296312689781189], [-6.436359882354736, 41.45402145385742, -65.67121124267578], [0.026453230530023575, 0.7262305021286011, -0.09866398572921753]], "brockpiece11": [[-0.036860376596450806, 0.030930280685424805, -1.319472074508667], [11.775790214538574, -23.381101608276367, -53.146209716796875], [0.023447148501873016, 0.6883174180984497, -0.6239317655563354]], "brockpiece12": [[0.0017581768333911896, -0.08758127689361572, -1.4322187900543213], [-14.740400314331055, -3.7381591796875, 11.684762954711914], [0.057196881622076035, 0.6268966794013977, -0.06759794801473618]], "brockpiece13": [[0.013570450246334076, -0.08994309604167938, -0.9594764709472656], [-30.18703269958496, -0.7291699647903442, 21.513654708862305], [0.10751569271087646, 0.33034080266952515, -0.6997447609901428]], "brockpiece14": [[-0.0013716965913772583, 0.024019449949264526, -1.0155079364776611], [-11.582599639892578, -8.948089599609375, 7.9536027908325195], [0.1765923947095871, 0.3738964796066284, -0.06937721371650696]], "brockpiece15": [[-0.0039851367473602295, -0.0008626878261566162, -0.07414047420024872], [-0.5630149245262146, -0.36168473958969116, 1.8303557634353638], [0.32439151406288147, 0.17386914789676666, 0.1606941819190979]], "brockpiece16": [[-0.08192041516304016, 0.04175300896167755, -0.361401230096817], [-3.7606382369995117, -11.923913955688477, 0.9247627854347229], [0.2422737032175064, 0.13469432294368744, -0.2985038757324219]], "brockpiece17": [[-0.10853090137243271, 0.19753557443618774, -1.0211411714553833], [-7.835894584655762, -15.849831581115723, -3.863138437271118], [0.05579742044210434, 0.8304786086082458, -0.06759888678789139]], "brockpiece18": [[-0.017779886722564697, 0.2723846435546875, -1.2732148170471191], [-12.428814888000488, -7.133293628692627, 1.3450658321380615], [0.7751116156578064, 1.1647822856903076, 0.4550911784172058]], "brockpiece19": [[0.20296485722064972, -0.19034576416015625, -1.694395661354065], [-91.6892318725586, 12.14745807647705, 26.761754989624023], [0.04745550453662872, 0.8352649807929993, -0.8555060029029846]], "brockpiece20": [[-0.019253456965088844, 0.019380629062652588, -1.7437260150909424], [10.541572570800781, -18.889684677124023, -51.49551010131836], [0.0324799083173275, 0.8903895616531372, 0.1047213077545166]], "brockpiece21": [[0.011621847748756409, 0.20806944370269775, -1.457452416419983], [-12.429150581359863, -7.1328864097595215, 1.3443726301193237], [0.15945503115653992, 1.6952928304672241, 0.277337908744812]], "brockpiece22": [[0.027096033096313477, -0.10655248165130615, -2.3848090171813965], [-20.902786254882812, 2.167473793029785, 26.70035743713379], [0.5310609936714172, 1.9953807592391968, -0.3219248354434967]], "brockpiece23": [[-0.10554458945989609, 0.047704875469207764, -1.9272499084472656], [1.0661866664886475, -10.427168846130371, -20.818674087524414], [-0.0681355819106102, 0.8056530356407166, -0.06759854406118393]], "brockpiece24": [[-0.1472080945968628, 0.0996817946434021, -2.2742767333984375], [-0.1661829948425293, -7.903543949127197, 1.477500557899475], [-0.3838520646095276, 0.746596097946167, 0.4647919237613678]], "brockpiece25": [[-0.20179390907287598, 0.15301913022994995, -2.2196569442749023], [-4.719250202178955, -1.4533542394638062, 0.791620671749115], [-1.032001256942749, 0.5244100093841553, 0.6970614790916443]], "brockpiece26": [[-0.23507609963417053, -0.004282653331756592, -1.3937486410140991], [-9.054547309875488, -8.600354194641113, -10.574136734008789], [-0.012171115726232529, 0.7901149392127991, 0.14576949179172516]], "brockpiece27": [[-0.08891746401786804, -0.07681381702423096, -1.8536229133605957], [11.828710556030273, -1.2261078357696533, -54.082679748535156], [-0.029545554891228676, 0.7074200510978699, -0.5648927092552185]], "brockpiece28": [[-0.24263784289360046, 0.018330931663513184, -1.6166635751724243], [-15.199845314025879, 32.67109298706055, 75.7227554321289], [-0.05280172452330589, 0.875779390335083, 0.7411666512489319]], "brockpiece29": [[-0.09913630783557892, 0.10409140586853027, -2.2442946434020996], [2.33740496635437, -5.387082576751709, -5.829928398132324], [-0.1528574824333191, 0.604702889919281, -0.03537474945187569]], "brockpiece30": [[-0.1017247885465622, 0.08311730623245239, -2.259535312652588], [-0.8868824243545532, -2.0253634452819824, 0.5379321575164795], [-0.212638720870018, 0.5194345116615295, -0.6746488809585571]], "brockpiece31": [[-0.13314682245254517, 0.0961686372756958, -2.26162052154541], [-0.8868698477745056, -2.025357484817505, 0.5378355979919434], [-0.3032321333885193, 0.4032418727874756, 0.2416532039642334]], "brockpiece32": [[-0.1646079570055008, 0.05382215976715088, -1.761290431022644], [26.202789306640625, -9.00537395477295, -93.13523864746094], [-0.014846060425043106, 0.7332823276519775, -0.067598357796669]], "brockpiece33": [[-0.16015736758708954, 0.02005791664123535, -1.3835147619247437], [-0.9051162600517273, -2.5728442668914795, 4.307908535003662], [-0.07364655286073685, 0.3388040363788605, 0.1644446849822998]], "brockpiece34": [[-0.03757720813155174, 0.03680095076560974, -1.2562849521636963], [-3.8367862701416016, -6.265068531036377, 5.500802516937256], [-0.040006935596466064, 0.3192813992500305, -0.5479322671890259]], "brockpiece35": [[-0.020208690315485, -0.014313697814941406, -1.229879379272461], [18.762393951416016, -16.326040267944336, -90.57845306396484], [0.03971529006958008, 0.7414476275444031, -0.4923132658004761]], "brockpiece36": [[-0.14052221179008484, 0.048033833503723145, -1.2375282049179077], [14.838339805603027, 9.190289497375488, 26.10658836364746], [0.04695548489689827, 0.8178877234458923, 0.2522242069244385]], "brockpiece37": [[-0.2346811592578888, 0.18095022439956665, -1.526222586631775], [22.58184051513672, -1.158048391342163, -99.41716766357422], [0.018796933814883232, 0.8953180909156799, 0.6815259456634521]],