{"brockpiece0": [[0.011201418936252594, 0.03714543581008911, -0.6585782766342163], [-4.695574760437012, -11.38897705078125, -24.029726028442383], [-0.04771063104271889, 0.8072485327720642, -0.47105833888053894]], "brockpiece1": [[-0.08212938904762268, 0.023145854473114014, -0.6872169971466064], [4.701513290405273, -0.02751852385699749, -23.788646697998047], [-0.060903601348400116, 0.894946277141571, 0.4562895596027374]], "brockpiece2": [[0.009091377258300781, 0.08008038997650146, -0.7137903571128845], [3.8347880840301514, 2.4621641635894775, 17.879562377929688], [-0.1568758189678192, 0.8655882477760315, -0.5483085513114929]], "brockpiece3": [[-0.038155362010002136, 0.08094489574432373, -0.8558052778244019], [-0.2839585840702057, 0.21846768260002136, -7.782652378082275], [-0.22012151777744293, 0.9278489947319031, 0.3253736197948456]], "brockpiece4": [[-0.023461759090423584, 0.12053608894348145, -0.9183315634727478], [2.365999937057495, -1.5741901397705078, 4.382134437561035], [-0.4135969281196594, 0.9918517470359802, 0.46200042963027954]], "brockpiece5": [[-0.06522858142852783, 0.09931212663650513, -0.7493928670883179], [-0.5520337224006653, -2.1711812019348145, 2.3195106983184814], [-0.436776340007782, 0.9646992683410645, -0.3259457051753998]], "brockpiece6": [[-0.02031777985394001, 0.10471564531326294, -0.7485388517379761], [-6.55723237991333, -1.279119849205017, 4.17198371887207], [-0.01387631893157959, 0.9064578413963318, -0.06759907305240631]], "brockpiece7": [[0.031088663265109062, 0.010861754417419434, -0.6330198645591736], [-8.368778228759766, 0.501968264579773, 2.236835479736328], [-0.016788214445114136, 1.2991664409637451, -0.5754176378250122]], "brockpiece8": [[-0.05939164012670517, 0.13279938697814941, -0.9303313493728638], [-1.5604420900344849, -1.614922285079956, -1.7179301977157593], [-0.10184786468744278, 1.4046438932418823, 0.10018877685070038]], "brockpiece9": [[-0.05381561443209648, 0.08233916759490967, -0.6257802248001099], [1.514748215675354, 9.131135940551758, 36.52916717529297], [0.009604007937014103, 0.8276886940002441, 0.4656519293785095]], "brockpiece10": [[0.016127897426486015, 0.018391668796539307, -0.6577839255332947], [13.289140701293945, -3.9879767894744873, 8.883118629455566], [0.026453230530023575, 0.7262305021286011, -0.09866398572921753]], "brockpiece11": [[0.013659147545695305, 0.05921560525894165, -0.6510124802589417], [-8.005014419555664, -12.19308853149414, -23.644685745239258], [0.023447148501873016, 0.6883174180984497, -0.6239317655563354]], "brockpiece12": [[0.035204529762268066, 0.007454633712768555, -0.8609459400177002], [-4.690555572509766, -2.413454055786133, 7.801681041717529], [0.057196881622076035, 0.6268966794013977, -0.06759794801473618]], "brockpiece13": [[0.021949872374534607, 0.01710498332977295, -0.5310244560241699], [-6.442441463470459, -5.20441198348999, -3.8680317401885986], [0.10751569271087646, 0.33034080266952515, -0.6997447609901428]], "brockpiece14": [[0.041092321276664734, 0.017886310815811157, -0.7756817936897278], [-4.177814483642578, -3.8255317211151123, 1.9743112325668335], [0.1765923947095871, 0.3738964796066284, -0.06937721371650696]], "brockpiece15": [[0.0038261711597442627, 0.017125651240348816, -0.039568208158016205], [-0.9973509907722473, 0.2769898772239685, 0.9358776211738586], [0.32439151406288147, 0.17386914789676666, 0.1606941819190979]], "brockpiece16": [[-0.004365473985671997, 0.04735413193702698, -0.2849601209163666], [-4.148163795471191, -4.782258033752441, 1.1338902711868286], [0.2422737032175064, 0.13469432294368744, -0.2985038757324219]], "brockpiece17": [[-0.024777129292488098, 0.11320126056671143, -0.49599939584732056], [-4.490269660949707, -9.422348976135254, -3.709968328475952], [0.05579742044210434, 0.8304786086082458, -0.06759888678789139]], "brockpiece18": [[-0.004335284233093262, 0.1321399211883545, -0.8040992617607117], [-6.535262584686279, -5.599825382232666, 1.5002650022506714], [0.7751116156578064, 1.1647822856903076, 0.4550911784172058]], "brockpiece19": [[0.12090656161308289, -0.03037506341934204, -0.745445728302002], [-23.074735641479492, -16.286752700805664, 19.215463638305664], [0.04745550453662872, 0.8352649807929993, -0.8555060029029846]], "brockpiece20": [[-0.015380308032035828, 0.08182328939437866, -0.6343796849250793], [-4.029489517211914, -7.507785797119141, -5.8247175216674805], [0.0324799083173275, 0.8903895616531372, 0.1047213077545166]], "brockpiece21": [[0.008663058280944824, 0.09285688400268555, -0.922267496585846], [-6.5355658531188965, -5.5993218421936035, 1.5000749826431274], [0.15945503115653992, 1.6952928304672241, 0.277337908744812]], "brockpiece22": [[0.030444741249084473, 0.03448069095611572, -1.0610861778259277], [-5.69984769821167, -2.515347957611084, 3.0053603649139404], [0.5310609936714172, 1.9953807592391968, -0.3219248354434967]], "brockpiece23": [[-0.0378640815615654, 0.056391239166259766, -0.647797167301178], [-0.07300607115030289, -7.07894229888916, -11.116352081298828], [-0.0681355819106102, 0.8056530356407166, -0.06759854406118393]], "brockpiece24": [[-0.07398518919944763, 0.08293867111206055, -0.9440485239028931], [1.7369455099105835, -1.9720622301101685, 1.8521466255187988], [-0.3838520646095276, 0.746596097946167, 0.4647919237613678]], "brockpiece25": [[-0.12939941883087158, 0.10764956474304199, -0.9169415235519409], [-1.6995222568511963, 0.6403437852859497, -0.38371798396110535], [-1.032001256942749, 0.5244100093841553, 0.6970614790916443]], "brockpiece26": [[-0.04075955972075462, 0.07155299186706543, -0.734410285949707], [8.054936408996582, -20.64515495300293, -4.452282428741455], [-0.012171115726232529, 0.7901149392127991, 0.14576949179172516]], "brockpiece27": [[-0.04176618903875351, 0.014852941036224365, -0.6511695981025696], [-5.681369304656982, -2.918487548828125, -11.038958549499512], [-0.029545554891228676, 0.7074200510978699, -0.5648927092552185]], "brockpiece28": [[-0.05574050545692444, 0.03338325023651123, -0.8970519304275513], [-1.0746957063674927, 10.984418869018555, 15.325189590454102], [-0.05280172452330589, 0.875779390335083, 0.7411666512489319]], "brockpiece29": [[-0.05252788960933685, 0.10403656959533691, -0.9388061761856079], [1.5074466466903687, -1.3503291606903076, -3.3363780975341797], [-0.1528574824333191, 0.604702889919281, -0.03537474945187569]], "brockpiece30": [[-0.056071147322654724, 0.10430282354354858, -0.9412323236465454], [1.001236081123352, 0.27373120188713074, -4.324087619781494], [-0.212638720870018, 0.5194345116615295, -0.6746488809585571]], "brockpiece31": [[-0.06142222881317139, 0.09519132971763611, -0.9429789185523987], [1.001247525215149, 0.2737329304218292, -4.324199199676514], [-0.3032321333885193, 0.4032418727874756, 0.2416532039642334]], "brockpiece32": [[-0.0589263029396534, 0.07344216108322144, -0.6116495132446289], [1.6482133865356445, -6.302922248840332, -22.539722442626953], [-0.014846060425043106, 0.7332823276519775, -0.067598357796669]], "brockpiece33": [[-0.08303503692150116, 0.030126899480819702, -0.8896944522857666], [-0.13394029438495636, -0.03605039417743683, -1.9511170387268066], [-0.07364655286073685, 0.3388040363788605, 0.1644446849822998]], "brockpiece34": [[0.017732366919517517, 0.05489569902420044, -0.7243596911430359], [-1.7830477952957153, -2.3437936305999756, -1.644388198852539], [-0.040006935596466064, 0.3192813992500305, -0.5479322671890259]], "brockpiece35": [[0.036289747804403305, 0.03179728984832764, -0.6329735517501831], [-1.7657414674758911, -9.983610153198242, -25.837621688842773], [0.03971529006958008, 0.7414476275444031, -0.4923132658004761]], "brockpiece36": [[-0.027791377156972885, 0.05030888319015503, -0.6173521280288696], [12.342477798461914, 7.470199108123779, -12.039750099182129], [0.04695548489689827, 0.8178877234458923, 0.2522242069244385]],