{"brockpiece0": [[8.475035429000854e-06, 4.76837158203125e-07, 1.1414289474487305e-05], [-5.186676571611315e-05, -0.0001584817946422845, 0.0001536793279228732], [-0.04771063104271889, 0.8072485327720642, -0.47105833888053894]], "brockpiece1": [[7.685273885726929e-06, 5.4836273193359375e-06, 1.0877847671508789e-05], [-5.3787756769452244e-05, -0.0001711816730676219, 6.488682265626267e-05], [-0.060903601348400116, 0.894946277141571, 0.4562895596027374]], "brockpiece2": [[8.463859558105469e-06, -1.7881393432617188e-07, 1.1026859283447266e-05], [-4.9945774662774056e-05, -0.00016189688176382333, 0.00010757550626294687], [-0.1568758189678192, 0.8655882477760315, -0.5483085513114929]], "brockpiece3": [[7.763504981994629e-06, 4.351139068603516e-06, 1.0639429092407227e-05], [-5.186676571611315e-05, -0.0001601893309270963, 0.00012465099280234426], [-0.22012151777744293, 0.9278489947319031, 0.3253736197948456]], "brockpiece4": [[7.539987564086914e-06, 5.185604095458984e-06, 1.0699033737182617e-05], [-9.733023034641519e-05, -0.00014193991955835372, 0.00012465099280234426], [-0.4135969281196594, 0.9918517470359802, 0.46200042963027954]], "brockpiece5": [[8.285045623779297e-06, 8.940696716308594e-07, 1.0192394256591797e-05], [-4.909200288238935e-05, -0.000159869174240157, 0.00011782078945543617], [-0.436776340007782, 0.9646992683410645, -0.3259457051753998]], "brockpiece6": [[8.087605237960815e-06, 2.9206275939941406e-06, 1.0885298252105713e-05], [-5.875032002222724e-05, -0.0001255581300938502, 0.0002740614872891456], [-0.01387631893157959, 0.9064578413963318, -0.06759907305240631]], "brockpiece7": [[8.102506399154663e-06, -1.1920928955078125e-07, 9.119510650634766e-06], [-5.325415258994326e-05, -0.00016093638259917498, 0.0001310543157160282], [-0.016788214445114136, 1.2991664409637451, -0.5754176378250122]], "brockpiece8": [[7.4803829193115234e-06, 3.933906555175781e-06, 8.068978786468506e-06], [-3.73526090697851e-05, -0.00017715808644425124, 0.00030650480766780674], [-0.10184786468744278, 1.4046438932418823, 0.10018877685070038]], "brockpiece9": [[7.753260433673859e-06, 5.7220458984375e-06, 1.1295080184936523e-05], [-5.328083352651447e-05, -0.00015949564112816006, 0.0001434340374544263], [0.009604007937014103, 0.8276886940002441, 0.4656519293785095]], "brockpiece10": [[5.573965609073639e-05, -0.00013834238052368164, 1.5169382095336914e-05], [-0.012451866641640663, -0.0053062052465975285, 0.021994926035404205], [0.026453230530023575, 0.7262305021286011, -0.09866398572921753]], "brockpiece11": [[8.687376976013184e-06, -2.384185791015625e-07, 1.1801719665527344e-05], [-6.19453057879582e-05, -0.00016248384781647474, 0.00013062742073088884], [0.023447148501873016, 0.6883174180984497, -0.6239317655563354]], "brockpiece12": [[8.318573236465454e-06, 2.562999725341797e-06, 1.255422830581665e-05], [-5.472156772157177e-05, -0.00015773472841829062, 0.00015026421169750392], [0.057196881622076035, 0.6268966794013977, -0.06759794801473618]], "brockpiece13": [[9.074807167053223e-06, -6.854534149169922e-07, 1.3947486877441406e-05], [-4.983905819244683e-05, -0.00016050950216595083, 0.00013062740617897362], [0.10751569271087646, 0.33034080266952515, -0.6997447609901428]], "brockpiece14": [[8.553266525268555e-06, 2.9802322387695312e-06, 1.4021992683410645e-05], [-7.162362453527749e-05, -0.00016280401905532926, 0.00013831138494424522], [0.1765923947095871, 0.3738964796066284, -0.06937721371650696]], "brockpiece15": [[-9.387731552124023e-06, -2.592802047729492e-06, 6.645917892456055e-06], [-0.0004857974126935005, -0.001773822121322155, -0.00964935403317213], [0.32439151406288147, 0.17386914789676666, 0.1606941819190979]], "brockpiece16": [[8.970499038696289e-06, 1.7583370208740234e-06, 1.5348196029663086e-05], [0.001899220165796578, 0.0005941199488006532, 0.0026176711544394493], [0.2422737032175064, 0.13469432294368744, -0.2985038757324219]], "brockpiece17": [[8.147209882736206e-06, 2.9206275939941406e-06, 1.1369585990905762e-05], [-7.49186729080975e-05, -0.0002121628203894943, -0.00010928306437563151], [0.05579742044210434, 0.8304786086082458, -0.06759888678789139]], "brockpiece18": [[7.808208465576172e-06, 6.4373016357421875e-06, 1.0073184967041016e-05], [0.00016050950216595083, -0.00024161802139133215, 0.0005481229163706303], [0.7751116156578064, 1.1647822856903076, 0.4550911784172058]], "brockpiece19": [[8.717179298400879e-06, -1.430511474609375e-06, 1.1324882507324219e-05], [-3.1162748200586066e-05, -0.000216858577914536, 0.0005054341745562851], [0.04745550453662872, 0.8352649807929993, -0.8555060029029846]], "brockpiece20": [[7.964670658111572e-06, 3.5762786865234375e-06, 1.1168420314788818e-05], [-4.2581974412314594e-05, -0.00018868404731620103, -6.488682265626267e-05], [0.0324799083173275, 0.8903895616531372, 0.1047213077545166]], "brockpiece21": [[7.078051567077637e-06, 4.887580871582031e-06, 6.67572021484375e-06], [-8.705826621735469e-05, -3.841982561425539e-06, 0.00043883975013159215], [0.15945503115653992, 1.6952928304672241, 0.277337908744812]], "brockpiece22": [[7.331371307373047e-06, 2.384185791015625e-06, 5.811452865600586e-06], [-5.592219895333983e-05, -0.0001673396909609437, 0.00013489628327079117], [0.5310609936714172, 1.9953807592391968, -0.3219248354434967]], "brockpiece23": [[8.158385753631592e-06, 2.8014183044433594e-06, 1.1421740055084229e-05], [-5.7629746152088046e-05, -0.00014322057540994138, 0.00015709441504441202], [-0.0681355819106102, 0.8056530356407166, -0.06759854406118393]], "brockpiece24": [[7.808208465576172e-06, 5.602836608886719e-06, 1.2278556823730469e-05], [-5.037266237195581e-05, -0.00016093638259917498, 0.00012977364531252533], [-0.3838520646095276, 0.746596097946167, 0.4647919237613678]], "brockpiece25": [[7.748603820800781e-06, 6.318092346191406e-06, 1.3053417205810547e-05], [-5.805662658531219e-05, -0.00016392458928748965, 0.00014258024748414755], [-1.032001256942749, 0.5244100093841553, 0.6970614790916443]], "brockpiece26": [[8.022412657737732e-06, 4.231929779052734e-06, 1.1488795280456543e-05], [-5.99909653828945e-05, -0.00015514672850258648, 0.0001434340374544263], [-0.012171115726232529, 0.7901149392127991, 0.14576949179172516]], "brockpiece27": [[8.624047040939331e-06, -1.1920928955078125e-07, 1.1742115020751953e-05], [-5.2347018936416134e-05, -0.000159869174240157, 0.00014514155918732285], [-0.029545554891228676, 0.7074200510978699, -0.5648927092552185]], "brockpiece28": [[7.495284080505371e-06, 7.271766662597656e-06, 1.1324882507324219e-05], [-2.9882088711019605e-05, -0.00017075479263439775, 0.00016904724179767072], [-0.05280172452330589, 0.875779390335083, 0.7411666512489319]], "brockpiece29": [[8.299946784973145e-06, 2.682209014892578e-06, 1.2479722499847412e-05], [-5.368103666114621e-05, -0.0001468491245759651, 0.00022881139011587948], [-0.1528574824333191, 0.604702889919281, -0.03537474945187569]], "brockpiece30": [[8.866190910339355e-06, -7.748603820800781e-07, 1.2636184692382812e-05], [-4.823823110200465e-05, -0.0001588019513292238, 0.00011867460125358775], [-0.212638720870018, 0.5194345116615295, -0.6746488809585571]], "brockpiece31": [[8.255243301391602e-06, 4.380941390991211e-06, 1.379847526550293e-05], [-3.9807211578590795e-05, -0.00015752129547763616, 1.2806610357074533e-05], [-0.3032321333885193, 0.4032418727874756, 0.2416532039642334]], "brockpiece32": [[8.227303624153137e-06, 2.562999725341797e-06, 1.1824071407318115e-05], [-6.732807378284633e-05, -0.00010362681496189907, 0.00019615457858890295], [-0.014846060425043106, 0.7332823276519775, -0.067598357796669]], "brockpiece33": [[8.411705493927002e-06, 3.993511199951172e-06, 1.4036893844604492e-05], [-5.3867799579165876e-05, -0.00017630432557780296, 7.29976745788008e-05], [-0.07364655286073685, 0.3388040363788605, 0.1644446849822998]], "brockpiece34": [[8.955597877502441e-06, 5.960464477539063e-08, 1.4126300811767578e-05], [-5.1039674872299656e-05, -0.00015624062507413328, 0.0001323349424637854], [-0.040006935596466064, 0.3192813992500305, -0.5479322671890259]],