{"brockpiece0": [[-0.057881250977516174, 0.0332263708114624, -1.7139776945114136], [16.51786994934082, -4.915248870849609, -115.37295532226562], [-0.04771063104271889, 0.8072485327720642, -0.47105833888053894]], "brockpiece1": [[-0.19170606136322021, 0.057345688343048096, -1.6998001337051392], [22.184202194213867, 1.734849452972412, -62.26586151123047], [-0.060903601348400116, 0.894946277141571, 0.4562895596027374]], "brockpiece2": [[-0.021403908729553223, 0.14424383640289307, -1.7931582927703857], [-1.7222678661346436, 4.039355754852295, 45.00839614868164], [-0.1568758189678192, 0.8655882477760315, -0.5483085513114929]], "brockpiece3": [[-0.08329756557941437, 0.13685429096221924, -1.939802646636963], [0.7664273381233215, 0.6955095529556274, -12.627584457397461], [-0.22012151777744293, 0.9278489947319031, 0.3253736197948456]], "brockpiece4": [[-0.08140072226524353, 0.1856456995010376, -2.03316068649292], [-1.4283348321914673, -2.964648485183716, 5.704880714416504], [-0.4135969281196594, 0.9918517470359802, 0.46200042963027954]], "brockpiece5": [[-0.10679858922958374, 0.1356084942817688, -1.8721003532409668], [-2.561450242996216, -3.1537551879882812, 2.593473434448242], [-0.436776340007782, 0.9646992683410645, -0.3259457051753998]], "brockpiece6": [[-0.03277735412120819, 0.10657590627670288, -1.7866315841674805], [-11.56658935546875, -3.7652318477630615, -6.665116786956787], [-0.01387631893157959, 0.9064578413963318, -0.06759907305240631]], "brockpiece7": [[0.09067530930042267, -0.05794119834899902, -1.6845932006835938], [-6.936412811279297, -3.934096336364746, -3.4144294261932373], [-0.016788214445114136, 1.2991664409637451, -0.5754176378250122]], "brockpiece8": [[-0.006058141589164734, 0.13960695266723633, -2.0093541145324707], [-5.21298360824585, -7.011582851409912, -5.5819172859191895], [-0.10184786468744278, 1.4046438932418823, 0.10018877685070038]], "brockpiece9": [[-0.22817900776863098, 0.13755369186401367, -1.1719157695770264], [18.96202278137207, 15.613810539245605, 132.53538513183594], [0.009604007937014103, 0.8276886940002441, 0.4656519293785095]], "brockpiece10": [[0.031054677441716194, -0.08613866567611694, -1.2407251596450806], [27.070331573486328, 43.00813674926758, -19.901920318603516], [0.026453230530023575, 0.7262305021286011, -0.09866398572921753]], "brockpiece11": [[-0.007965745404362679, 0.026683330535888672, -1.2406718730926514], [14.275137901306152, -21.578636169433594, -60.21845245361328], [0.023447148501873016, 0.6883174180984497, -0.6239317655563354]], "brockpiece12": [[0.0002235211431980133, -0.0797995924949646, -1.3633228540420532], [-14.063863754272461, -3.1881580352783203, 11.838486671447754], [0.057196881622076035, 0.6268966794013977, -0.06759794801473618]], "brockpiece13": [[0.002593882381916046, -0.10367079079151154, -0.9488377571105957], [-29.526020050048828, -4.928958415985107, 18.383655548095703], [0.10751569271087646, 0.33034080266952515, -0.6997447609901428]], "brockpiece14": [[0.008221358060836792, 0.021553486585617065, -1.0122252702713013], [-10.717962265014648, -8.119709968566895, 6.681005001068115], [0.1765923947095871, 0.3738964796066284, -0.06937721371650696]], "brockpiece15": [[-0.004750102758407593, -0.0010468363761901855, -0.07431016862392426], [-0.6594527959823608, -0.36976271867752075, 2.1022746562957764], [0.32439151406288147, 0.17386914789676666, 0.1606941819190979]], "brockpiece16": [[-0.0647083967924118, 0.048808857798576355, -0.36129263043403625], [-4.333374500274658, -10.542189598083496, 0.6235991716384888], [0.2422737032175064, 0.13469432294368744, -0.2985038757324219]], "brockpiece17": [[-0.07597177475690842, 0.18163210153579712, -0.9651927351951599], [-6.437520503997803, -13.928482055664062, -5.034258842468262], [0.05579742044210434, 0.8304786086082458, -0.06759888678789139]], "brockpiece18": [[-0.024334311485290527, 0.25872766971588135, -1.2375099658966064], [-11.72830867767334, -7.3296732902526855, 1.5295259952545166], [0.7751116156578064, 1.1647822856903076, 0.4550911784172058]], "brockpiece19": [[0.1850385069847107, -0.1287580132484436, -1.5279909372329712], [-79.87490844726562, 7.501084327697754, 29.798179626464844], [0.04745550453662872, 0.8352649807929993, -0.8555060029029846]], "brockpiece20": [[-0.022335734218358994, 0.06096118688583374, -1.5705139636993408], [7.103763103485107, -18.619911193847656, -43.35464096069336], [0.0324799083173275, 0.8903895616531372, 0.1047213077545166]], "brockpiece21": [[0.003964915871620178, 0.19601094722747803, -1.417878270149231], [-7.517294406890869, 15.399776458740234, 160.44100952148438], [0.15945503115653992, 1.6952928304672241, 0.277337908744812]], "brockpiece22": [[0.02885723114013672, -0.04267680644989014, -2.163450002670288], [-18.519039154052734, 0.8021024465560913, 22.877302169799805], [0.5310609936714172, 1.9953807592391968, -0.3219248354434967]], "brockpiece23": [[-0.09203583747148514, 0.08365827798843384, -1.7156388759613037], [1.539320707321167, -9.742671012878418, -19.548736572265625], [-0.0681355819106102, 0.8056530356407166, -0.06759854406118393]], "brockpiece24": [[-0.13711345195770264, 0.13751167058944702, -2.048552989959717], [0.2634317874908447, -7.0150227546691895, 1.5400136709213257], [-0.3838520646095276, 0.746596097946167, 0.4647919237613678]], "brockpiece25": [[-0.18966937065124512, 0.1847456693649292, -2.00256609916687], [-4.206371307373047, -1.0976788997650146, 0.5909193754196167], [-1.032001256942749, 0.5244100093841553, 0.6970614790916443]], "brockpiece26": [[-0.20279838144779205, 0.02130037546157837, -1.317185640335083], [-3.866539478302002, -10.379467010498047, -11.653976440429688], [-0.012171115726232529, 0.7901149392127991, 0.14576949179172516]], "brockpiece27": [[-0.06445924192667007, -0.011167347431182861, -1.6417334079742432], [10.99576187133789, -3.210583448410034, -47.419166564941406], [-0.029545554891228676, 0.7074200510978699, -0.5648927092552185]], "brockpiece28": [[-0.2147294282913208, 0.02600330114364624, -1.5108312368392944], [-14.158193588256836, 24.476640701293945, 69.04457092285156], [-0.05280172452330589, 0.875779390335083, 0.7411666512489319]], "brockpiece29": [[-0.09342314302921295, 0.14410704374313354, -2.0244483947753906], [2.3546066284179688, -4.696228981018066, -5.528282642364502], [-0.1528574824333191, 0.604702889919281, -0.03537474945187569]], "brockpiece30": [[-0.09323693811893463, 0.12424290180206299, -2.037637710571289], [-0.6610443592071533, -1.6870893239974976, -0.3364100754261017], [-0.212638720870018, 0.5194345116615295, -0.6746488809585571]], "brockpiece31": [[-0.12082809209823608, 0.13551858067512512, -2.0394225120544434], [-0.6610381007194519, -1.687081217765808, -0.3364894390106201], [-0.3032321333885193, 0.4032418727874756, 0.2416532039642334]], "brockpiece32": [[-0.15490923821926117, 0.06255114078521729, -1.6032612323760986], [23.522783279418945, -7.31251335144043, -87.86737823486328], [-0.014846060425043106, 0.7332823276519775, -0.067598357796669]], "brockpiece33": [[-0.14751051366329193, 0.02030012011528015, -1.3719793558120728], [-0.9630510210990906, -2.2399559020996094, 3.562284231185913], [-0.07364655286073685, 0.3388040363788605, 0.1644446849822998]], "brockpiece34": [[-0.029780764132738113, 0.031500399112701416, -1.2484016418457031], [-3.407487154006958, -6.51557731628418, 4.128246784210205], [-0.040006935596466064, 0.3192813992500305, -0.5479322671890259]], "brockpiece35": [[-0.011836688965559006, -0.00015944242477416992, -1.1529042720794678], [21.066020965576172, -15.27801513671875, -89.91393280029297], [0.03971529006958008, 0.7414476275444031, -0.4923132658004761]], "brockpiece36": [[-0.13542869687080383, 0.05409902334213257, -1.1604048013687134], [19.25892448425293, 7.21192741394043, 23.54566192626953], [0.04695548489689827, 0.8178877234458923, 0.2522242069244385]], "brockpiece37": [[-0.21028271317481995, 0.16251236200332642, -1.4305062294006348], [16.811464309692383, -4.288733959197998, -79.9950180053711], [0.018796933814883232, 0.8953180909156799, 0.6815259456634521]],