{"brockpiece0": [[-0.055988289415836334, -0.1775665283203125, -2.3570470809936523], [19.61748695373535, 5.232755661010742, -159.56529235839844], [-0.04771063104271889, 0.8072485327720642, -0.47105833888053894]], "brockpiece1": [[-0.1907614767551422, 0.033374667167663574, -2.180290937423706], [9.82272720336914, -21.335350036621094, -44.157127380371094], [-0.060903601348400116, 0.894946277141571, 0.4562895596027374]], "brockpiece2": [[-0.06760331988334656, 0.0653042197227478, -2.2929930686950684], [-1.4278193712234497, 2.361205816268921, 24.910362243652344], [-0.1568758189678192, 0.8655882477760315, -0.5483085513114929]], "brockpiece3": [[-0.10654084384441376, 0.11066305637359619, -2.4636850357055664], [0.6890454888343811, -1.1931583881378174, -17.572826385498047], [-0.22012151777744293, 0.9278489947319031, 0.3253736197948456]], "brockpiece4": [[-0.09332436323165894, 0.15725994110107422, -2.5620839595794678], [-3.613595724105835, -3.2979226112365723, 2.812615156173706], [-0.4135969281196594, 0.9918517470359802, 0.46200042963027954]], "brockpiece5": [[-0.13610821962356567, 0.08773702383041382, -2.371812343597412], [-4.249836444854736, -2.0097312927246094, 3.419776201248169], [-0.436776340007782, 0.9646992683410645, -0.3259457051753998]], "brockpiece6": [[-0.02563408948481083, -0.0370447039604187, -2.3650121688842773], [-10.52805233001709, -6.459306716918945, -12.310768127441406], [-0.01387631893157959, 0.9064578413963318, -0.06759907305240631]], "brockpiece7": [[0.13452377915382385, -0.246535062789917, -2.2838551998138428], [-10.743062973022461, -6.491520404815674, -7.277242183685303], [-0.016788214445114136, 1.2991664409637451, -0.5754176378250122]], "brockpiece8": [[0.03636694699525833, -0.01378321647644043, -2.6312203407287598], [-10.392904281616211, -8.808387756347656, -7.448950290679932], [-0.10184786468744278, 1.4046438932418823, 0.10018877685070038]], "brockpiece9": [[-0.30786293745040894, 0.1137802004814148, -1.3956060409545898], [22.63260841369629, 12.521906852722168, 170.35186767578125], [0.009604007937014103, 0.8276886940002441, 0.4656519293785095]], "brockpiece10": [[0.027200894430279732, -0.13318562507629395, -1.3946198225021362], [-14.40394115447998, 9.24324893951416, -97.37391662597656], [0.026453230530023575, 0.7262305021286011, -0.09866398572921753]], "brockpiece11": [[-0.040808625519275665, 0.05398601293563843, -1.4393956661224365], [-9.60775089263916, -20.737287521362305, -30.848060607910156], [0.023447148501873016, 0.6883174180984497, -0.6239317655563354]], "brockpiece12": [[-0.01555246114730835, -0.1014208197593689, -1.4464185237884521], [-15.760461807250977, -5.588199138641357, 11.066413879394531], [0.057196881622076035, 0.6268966794013977, -0.06759794801473618]], "brockpiece13": [[0.032506123185157776, -0.10308706760406494, -0.9738502502441406], [-29.729658126831055, 7.676615238189697, 27.672149658203125], [0.10751569271087646, 0.33034080266952515, -0.6997447609901428]], "brockpiece14": [[-0.022130995988845825, 0.025378793478012085, -1.0156066417694092], [-12.642622947692871, -10.616604804992676, 10.760870933532715], [0.1765923947095871, 0.3738964796066284, -0.06937721371650696]], "brockpiece15": [[-0.0010434091091156006, -0.00042235851287841797, -0.07330480962991714], [-0.2451549470424652, -0.34754320979118347, 0.7992157340049744], [0.32439151406288147, 0.17386914789676666, 0.1606941819190979]], "brockpiece16": [[-0.11687813699245453, 0.012516289949417114, -0.3596923053264618], [-1.306257963180542, -14.756181716918945, 1.319305181503296], [0.2422737032175064, 0.13469432294368744, -0.2985038757324219]], "brockpiece17": [[-0.12713000178337097, 0.26755183935165405, -1.0858345031738281], [-12.906804084777832, -17.383514404296875, 0.6583943367004395], [0.05579742044210434, 0.8304786086082458, -0.06759888678789139]], "brockpiece18": [[0.0037505626678466797, 0.2923935651779175, -1.3125334978103638], [-13.406500816345215, -6.5721049308776855, 0.8559521436691284], [0.7751116156578064, 1.1647822856903076, 0.4550911784172058]], "brockpiece19": [[0.23844172060489655, -0.3585967421531677, -2.028841972351074], [-116.6636734008789, 18.567359924316406, 16.627843856811523], [0.04745550453662872, 0.8352649807929993, -0.8555060029029846]], "brockpiece20": [[-0.006589392200112343, -0.09253966808319092, -2.074528217315674], [17.378929138183594, -17.988494873046875, -67.35657501220703], [0.0324799083173275, 0.8903895616531372, 0.1047213077545166]], "brockpiece21": [[0.03463895618915558, 0.22804510593414307, -1.499210238456726], [-9.410879135131836, 15.287595748901367, 160.06546020507812], [0.15945503115653992, 1.6952928304672241, 0.277337908744812]], "brockpiece22": [[0.045541346073150635, -0.2563985586166382, -2.8281917572021484], [-25.406038284301758, 6.1089606285095215, 33.6380500793457], [0.5310609936714172, 1.9953807592391968, -0.3219248354434967]], "brockpiece23": [[-0.10906482487916946, 0.015426933765411377, -2.245938777923584], [0.14148642122745514, -11.048723220825195, -21.066896438598633], [-0.0681355819106102, 0.8056530356407166, -0.06759854406118393]], "brockpiece24": [[-0.15997910499572754, 0.09251701831817627, -2.5293116569519043], [-3.5767898559570312, -6.079723358154297, -2.31728196144104], [-0.3838520646095276, 0.746596097946167, 0.4647919237613678]], "brockpiece25": [[-0.2191101312637329, 0.19159770011901855, -2.451699733734131], [-5.599128723144531, -0.3991527855396271, 2.1123666763305664], [-1.032001256942749, 0.5244100093841553, 0.6970614790916443]], "brockpiece26": [[-0.28409716486930847, -0.06383192539215088, -1.5385090112686157], [-12.243701934814453, -7.548182964324951, -12.973849296569824], [-0.012171115726232529, 0.7901149392127991, 0.14576949179172516]], "brockpiece27": [[-0.13754361867904663, -0.25389501452445984, -2.277099609375], [12.585468292236328, 3.090216875076294, -67.30835723876953], [-0.029545554891228676, 0.7074200510978699, -0.5648927092552185]], "brockpiece28": [[-0.2806240916252136, 0.001307845115661621, -1.7429442405700684], [-16.853801727294922, 49.207035064697266, 88.97884368896484], [-0.05280172452330589, 0.875779390335083, 0.7411666512489319]], "brockpiece29": [[-0.10300527513027191, 0.038780391216278076, -2.5256714820861816], [-2.587282657623291, -4.679872989654541, -5.881718635559082], [-0.1528574824333191, 0.604702889919281, -0.03537474945187569]], "brockpiece30": [[-0.11874891817569733, 0.02383720874786377, -2.501810073852539], [-4.334070205688477, -1.6048301458358765, 0.7935395240783691], [-0.212638720870018, 0.5194345116615295, -0.6746488809585571]], "brockpiece31": [[-0.14388912916183472, 0.09181305766105652, -2.4985458850860596], [-4.334061622619629, -1.6048386096954346, 0.793439507484436], [-0.3032321333885193, 0.4032418727874756, 0.2416532039642334]], "brockpiece32": [[-0.16385073959827423, -0.03444695472717285, -1.9819600582122803], [13.784793853759766, -21.796682357788086, -70.46000671386719], [-0.014846060425043106, 0.7332823276519775, -0.067598357796669]], "brockpiece33": [[-0.17781201004981995, 0.013072729110717773, -1.377953290939331], [-0.26166245341300964, -3.1752336025238037, 5.435985565185547], [-0.07364655286073685, 0.3388040363788605, 0.1644446849822998]], "brockpiece34": [[-0.050914522260427475, 0.04042765498161316, -1.2696170806884766], [-4.627536773681641, -8.155171394348145, 5.1294660568237305], [-0.040006935596466064, 0.3192813992500305, -0.5479322671890259]], "brockpiece35": [[0.020212266594171524, 0.021358072757720947, -1.3950779438018799], [2.698139190673828, -25.68362808227539, -76.47429656982422], [0.03971529006958008, 0.7414476275444031, -0.4923132658004761]], "brockpiece36": [[-0.1523597240447998, 0.035216569900512695, -1.3566045761108398], [4.957457542419434, 13.147502899169922, 4.109823226928711], [0.04695548489689827, 0.8178877234458923, 0.2522242069244385]], "brockpiece37": [[-0.32354211807250977, 0.1898297667503357, -1.6709942817687988], [30.75101089477539, 13.239625930786133, -134.5221710205078], [0.018796933814883232, 0.8953180909156799, 0.6815259456634521]],