{"brockpiece0": [[-0.023301787674427032, 0.06501108407974243, -0.8522500991821289], [1.7599639892578125, -13.36506175994873, -45.08463668823242], [-0.04771063104271889, 0.8072485327720642, -0.47105833888053894]], "brockpiece1": [[-0.11440423130989075, 0.06290668249130249, -0.8508135676383972], [13.20839786529541, -2.555427312850952, -30.185962677001953], [-0.060903601348400116, 0.894946277141571, 0.4562895596027374]], "brockpiece2": [[0.0026290863752365112, 0.12804025411605835, -0.9276213049888611], [3.315547466278076, 3.211270332336426, 25.91109848022461], [-0.1568758189678192, 0.8655882477760315, -0.5483085513114929]], "brockpiece3": [[-0.04890616238117218, 0.12356138229370117, -1.0663834810256958], [-0.3621136248111725, -0.037776727229356766, -8.848651885986328], [-0.22012151777744293, 0.9278489947319031, 0.3253736197948456]], "brockpiece4": [[-0.03919494152069092, 0.16777539253234863, -1.1338200569152832], [1.616923213005066, -2.445237636566162, 5.088911056518555], [-0.4135969281196594, 0.9918517470359802, 0.46200042963027954]], "brockpiece5": [[-0.0715910792350769, 0.1386966109275818, -0.9650168418884277], [-0.9713390469551086, -2.851475715637207, 1.917263150215149], [-0.436776340007782, 0.9646992683410645, -0.3259457051753998]], "brockpiece6": [[-0.03550947457551956, 0.15966802835464478, -0.9399896264076233], [-7.291156768798828, -2.0004489421844482, 3.878213405609131], [-0.01387631893157959, 0.9064578413963318, -0.06759907305240631]], "brockpiece7": [[0.04100581631064415, 0.03388619422912598, -0.8397577404975891], [-7.943378925323486, 0.4665038287639618, 0.506369411945343], [-0.016788214445114136, 1.2991664409637451, -0.5754176378250122]], "brockpiece8": [[-0.04944222420454025, 0.16538405418395996, -1.1466715335845947], [-2.4260592460632324, -2.975938320159912, -2.557874917984009], [-0.10184786468744278, 1.4046438932418823, 0.10018877685070038]], "brockpiece9": [[-0.09531310945749283, 0.10913550853729248, -0.7647616863250732], [2.566354274749756, 18.202341079711914, 57.51120376586914], [0.009604007937014103, 0.8276886940002441, 0.4656519293785095]], "brockpiece10": [[0.008604532107710838, 0.006432473659515381, -0.8094212412834167], [22.066072463989258, -0.01365368627011776, 12.695547103881836], [0.026453230530023575, 0.7262305021286011, -0.09866398572921753]], "brockpiece11": [[0.006913898512721062, 0.05711042881011963, -0.7932063937187195], [-5.144322872161865, -14.281214714050293, -32.58847427368164], [0.023447148501873016, 0.6883174180984497, -0.6239317655563354]], "brockpiece12": [[0.022695645689964294, -0.013295173645019531, -0.9751208424568176], [-7.096238613128662, -2.437533378601074, 9.428826332092285], [0.057196881622076035, 0.6268966794013977, -0.06759794801473618]], "brockpiece13": [[0.01707654446363449, -0.025847941637039185, -0.6403405666351318], [-7.2475786209106445, -7.076905727386475, 1.6240265369415283], [0.10751569271087646, 0.33034080266952515, -0.6997447609901428]], "brockpiece14": [[0.03961394727230072, 0.022087424993515015, -0.8629143238067627], [-5.6491546630859375, -4.7675347328186035, 2.9032082557678223], [0.1765923947095871, 0.3738964796066284, -0.06937721371650696]], "brockpiece15": [[-0.003413081169128418, 0.00551702082157135, -0.06033068150281906], [-1.162308692932129, 0.2989366054534912, 1.325195074081421], [0.32439151406288147, 0.17386914789676666, 0.1606941819190979]], "brockpiece16": [[-0.006964653730392456, 0.05214947462081909, -0.34071120619773865], [-4.573767185211182, -5.485315799713135, 0.0624801442027092], [0.2422737032175064, 0.13469432294368744, -0.2985038757324219]], "brockpiece17": [[-0.026968279853463173, 0.1403478980064392, -0.6085541248321533], [-3.7936267852783203, -10.056050300598145, -3.7737905979156494], [0.05579742044210434, 0.8304786086082458, -0.06759888678789139]], "brockpiece18": [[-0.009818732738494873, 0.19030165672302246, -0.8957004547119141], [-8.222650527954102, -6.091843128204346, 1.5194953680038452], [0.7751116156578064, 1.1647822856903076, 0.4550911784172058]], "brockpiece19": [[0.11959293484687805, -0.0268593430519104, -0.877381443977356], [-33.591793060302734, -13.296340942382812, 25.74111557006836], [0.04745550453662872, 0.8352649807929993, -0.8555060029029846]], "brockpiece20": [[-0.024764444679021835, 0.09873270988464355, -0.8353003263473511], [-2.8505470752716064, -11.148508071899414, -12.857156753540039], [0.0324799083173275, 0.8903895616531372, 0.1047213077545166]], "brockpiece21": [[0.007338091731071472, 0.143729567527771, -1.0336573123931885], [-8.223295211791992, -6.091436386108398, 1.5196195840835571], [0.15945503115653992, 1.6952928304672241, 0.277337908744812]], "brockpiece22": [[0.035184383392333984, 0.05376613140106201, -1.2782137393951416], [-8.428154945373535, -2.093442916870117, 6.900839805603027], [0.5310609936714172, 1.9953807592391968, -0.3219248354434967]], "brockpiece23": [[-0.046476393938064575, 0.08154261112213135, -0.8505911231040955], [-0.14872857928276062, -8.501572608947754, -14.676273345947266], [-0.0681355819106102, 0.8056530356407166, -0.06759854406118393]], "brockpiece24": [[-0.08674845099449158, 0.12494516372680664, -1.159738540649414], [1.6347869634628296, -3.192138910293579, 1.6720770597457886], [-0.3838520646095276, 0.746596097946167, 0.4647919237613678]], "brockpiece25": [[-0.14114892482757568, 0.1547713279724121, -1.1341201066970825], [-2.164048194885254, 0.33304542303085327, -0.18994008004665375], [-1.032001256942749, 0.5244100093841553, 0.6970614790916443]], "brockpiece26": [[-0.06737912446260452, 0.06847923994064331, -0.8908416032791138], [14.365318298339844, -17.58962631225586, -9.760208129882812], [-0.012171115726232529, 0.7901149392127991, 0.14576949179172516]], "brockpiece27": [[-0.04135442525148392, 0.042969465255737305, -0.8499450087547302], [-2.3400728702545166, -4.443655014038086, -18.30071258544922], [-0.029545554891228676, 0.7074200510978699, -0.5648927092552185]], "brockpiece28": [[-0.08642967790365219, 0.017156243324279785, -1.0630534887313843], [4.1660261154174805, 6.426372051239014, 37.94144821166992], [-0.05280172452330589, 0.875779390335083, 0.7411666512489319]], "brockpiece29": [[-0.05871017277240753, 0.13996702432632446, -1.1515895128250122], [2.2212917804718018, -2.0830416679382324, -3.7232744693756104], [-0.1528574824333191, 0.604702889919281, -0.03537474945187569]], "brockpiece30": [[-0.06418271362781525, 0.1342993974685669, -1.1565206050872803], [0.32048410177230835, -0.0030624871142208576, -3.6949479579925537], [-0.212638720870018, 0.5194345116615295, -0.6746488809585571]], "brockpiece31": [[-0.07185950875282288, 0.13527414202690125, -1.1571886539459229], [0.3204924166202545, -0.0030633409041911364, -3.6950602531433105], [-0.3032321333885193, 0.4032418727874756, 0.2416532039642334]], "brockpiece32": [[-0.0923580527305603, 0.08716017007827759, -0.7725728750228882], [5.012059688568115, -8.66411018371582, -35.55366897583008], [-0.014846060425043106, 0.7332823276519775, -0.067598357796669]], "brockpiece33": [[-0.09836378693580627, 0.017758101224899292, -1.0573077201843262], [1.0163054466247559, -0.713586688041687, -1.1945295333862305], [-0.07364655286073685, 0.3388040363788605, 0.1644446849822998]], "brockpiece34": [[0.012188050895929337, 0.04231017827987671, -0.9070072770118713], [-0.737226128578186, -3.322577476501465, -0.6845742464065552], [-0.040006935596466064, 0.3192813992500305, -0.5479322671890259]], "brockpiece35": [[0.019165407866239548, 0.05150574445724487, -0.7509678602218628], [2.0845329761505127, -14.260618209838867, -42.33279800415039], [0.03971529006958008, 0.7414476275444031, -0.4923132658004761]], "brockpiece36": [[-0.06157965585589409, 0.06029790639877319, -0.7365095615386963], [16.109600067138672, 8.036502838134766, -1.7333050966262817], [0.04695548489689827, 0.8178877234458923, 0.2522242069244385]],