{"brockpiece0": [[-0.0422150120139122, 0.0899539589881897, -1.2771860361099243], [11.633393287658691, -10.218314170837402, -82.19937896728516], [-0.04771063104271889, 0.8072485327720642, -0.47105833888053894]], "brockpiece1": [[-0.15115894377231598, 0.09585738182067871, -1.258862853050232], [21.987646102905273, -1.3919105529785156, -46.67731475830078], [-0.060903601348400116, 0.894946277141571, 0.4562895596027374]], "brockpiece2": [[-0.008407741785049438, 0.1674818992614746, -1.3511390686035156], [0.2971346080303192, 3.7750353813171387, 36.086326599121094], [-0.1568758189678192, 0.8655882477760315, -0.5483085513114929]], "brockpiece3": [[-0.06277908384799957, 0.16643953323364258, -1.4965696334838867], [-0.002555659506469965, 1.3797835111618042, -11.3115816116333], [-0.22012151777744293, 0.9278489947319031, 0.3253736197948456]], "brockpiece4": [[-0.05984488129615784, 0.21047961711883545, -1.5790987014770508], [-0.17036890983581543, -2.6413893699645996, 5.463296890258789], [-0.4135969281196594, 0.9918517470359802, 0.46200042963027954]], "brockpiece5": [[-0.08871382474899292, 0.16916829347610474, -1.4129070043563843], [-1.8768727779388428, -3.1457390785217285, 2.061413288116455], [-0.436776340007782, 0.9646992683410645, -0.3259457051753998]], "brockpiece6": [[-0.03223118185997009, 0.16717642545700073, -1.3575780391693115], [-9.292664527893066, -2.7284793853759766, -1.5919859409332275], [-0.01387631893157959, 0.9064578413963318, -0.06759907305240631]], "brockpiece7": [[0.065072201192379, 0.017876744270324707, -1.2616994380950928], [-7.307612419128418, -1.8658661842346191, -1.48445725440979], [-0.016788214445114136, 1.2991664409637451, -0.5754176378250122]], "brockpiece8": [[-0.02823517471551895, 0.1840529441833496, -1.5779703855514526], [-3.865551471710205, -4.973456859588623, -4.113607883453369], [-0.10184786468744278, 1.4046438932418823, 0.10018877685070038]], "brockpiece9": [[-0.17145410180091858, 0.11835318803787231, -0.9934295415878296], [13.301568984985352, 18.1666259765625, 100.2115707397461], [0.009604007937014103, 0.8276886940002441, 0.4656519293785095]], "brockpiece10": [[-0.005625694990158081, -0.05799663066864014, -1.0962384939193726], [40.487831115722656, 5.1268792152404785, 21.195837020874023], [0.026453230530023575, 0.7262305021286011, -0.09866398572921753]], "brockpiece11": [[-0.010113827884197235, 0.03538370132446289, -1.0561459064483643], [2.2846744060516357, -16.441852569580078, -49.19773483276367], [0.023447148501873016, 0.6883174180984497, -0.6239317655563354]], "brockpiece12": [[-0.0024870745837688446, -0.0950208306312561, -1.1998348236083984], [-11.942922592163086, -2.1321253776550293, 12.856925010681152], [0.057196881622076035, 0.6268966794013977, -0.06759794801473618]], "brockpiece13": [[0.01586393266916275, -0.12889741361141205, -0.8532211780548096], [-13.35351848602295, -8.870100975036621, 10.017679214477539], [0.10751569271087646, 0.33034080266952515, -0.6997447609901428]], "brockpiece14": [[0.027212977409362793, 0.018598705530166626, -0.9802164435386658], [-8.406747817993164, -6.468957424163818, 4.573554992675781], [0.1765923947095871, 0.3738964796066284, -0.06937721371650696]], "brockpiece15": [[-0.00706818699836731, 0.0014783740043640137, -0.07380595058202744], [-0.4592627286911011, -0.2096453458070755, 2.4135684967041016], [0.32439151406288147, 0.17386914789676666, 0.1606941819190979]], "brockpiece16": [[-0.031575992703437805, 0.051977917551994324, -0.35783180594444275], [-4.567272186279297, -7.875159740447998, 0.20207864046096802], [0.2422737032175064, 0.13469432294368744, -0.2985038757324219]], "brockpiece17": [[-0.047399792820215225, 0.1796448826789856, -0.7884901165962219], [-4.925796031951904, -11.802804946899414, -4.724099636077881], [0.05579742044210434, 0.8304786086082458, -0.06759888678789139]], "brockpiece18": [[-0.020040392875671387, 0.25043022632598877, -1.0807647705078125], [-10.34355640411377, -6.920133113861084, 1.5622795820236206], [0.7751116156578064, 1.1647822856903076, 0.4550911784172058]], "brockpiece19": [[0.14657078683376312, -0.05141955614089966, -1.1911627054214478], [-56.43557357788086, -3.1377668380737305, 31.512605667114258], [0.04745550453662872, 0.8352649807929993, -0.8555060029029846]], "brockpiece20": [[-0.0269809328019619, 0.09817177057266235, -1.2246510982513428], [1.0935547351837158, -16.539173126220703, -27.281042098999023], [0.0324799083173275, 0.8903895616531372, 0.1047213077545166]], "brockpiece21": [[0.0038516223430633545, 0.19394361972808838, -1.2453365325927734], [-10.344816207885742, -6.919833660125732, 1.5616049766540527], [0.15945503115653992, 1.6952928304672241, 0.277337908744812]], "brockpiece22": [[0.03241622447967529, 0.03813350200653076, -1.7205531597137451], [-13.560169219970703, -1.1637295484542847, 14.990823745727539], [0.5310609936714172, 1.9953807592391968, -0.3219248354434967]], "brockpiece23": [[-0.07198961824178696, 0.11448478698730469, -1.2753963470458984], [0.5209813714027405, -8.814478874206543, -17.97905921936035], [-0.0681355819106102, 0.8056530356407166, -0.06759854406118393]], "brockpiece24": [[-0.11285722255706787, 0.16428512334823608, -1.5999102592468262], [1.0353752374649048, -5.1830153465271, 1.638878345489502], [-0.3838520646095276, 0.746596097946167, 0.4647919237613678]], "brockpiece25": [[-0.1654137372970581, 0.20113444328308105, -1.568359613418579], [-3.1834356784820557, -0.38389208912849426, 0.19613881409168243], [-1.032001256942749, 0.5244100093841553, 0.6970614790916443]], "brockpiece26": [[-0.14338669180870056, 0.04939424991607666, -1.1677674055099487], [10.200084686279297, -14.625761985778809, -13.499418258666992], [-0.012171115726232529, 0.7901149392127991, 0.14576949179172516]], "brockpiece27": [[-0.04499754309654236, 0.052463650703430176, -1.2401018142700195], [5.24431848526001, -5.537974834442139, -33.13878631591797], [-0.029545554891228676, 0.7074200510978699, -0.5648927092552185]], "brockpiece28": [[-0.15633714199066162, 0.022401750087738037, -1.2965648174285889], [-6.061979293823242, 7.762025833129883, 57.47462844848633], [-0.05280172452330589, 0.875779390335083, 0.7411666512489319]], "brockpiece29": [[-0.07770723104476929, 0.17499279975891113, -1.5837204456329346], [2.3481528759002686, -3.3930695056915283, -4.69115686416626], [-0.1528574824333191, 0.604702889919281, -0.03537474945187569]], "brockpiece30": [[-0.07884027063846588, 0.16035383939743042, -1.5939890146255493], [-0.19631150364875793, -0.8714388608932495, -2.030751943588257], [-0.212638720870018, 0.5194345116615295, -0.6746488809585571]], "brockpiece31": [[-0.096710205078125, 0.16727378964424133, -1.5950791835784912], [-0.19629791378974915, -0.871446967124939, -2.0308737754821777], [-0.3032321333885193, 0.4032418727874756, 0.2416532039642334]], "brockpiece32": [[-0.12652797996997833, 0.09278005361557007, -1.2012383937835693], [13.815598487854004, -10.51237964630127, -62.1550178527832], [-0.014846060425043106, 0.7332823276519775, -0.067598357796669]], "brockpiece33": [[-0.11993305385112762, 0.010054081678390503, -1.277587652206421], [-0.32329657673835754, -2.083059072494507, 2.1192445755004883], [-0.07364655286073685, 0.3388040363788605, 0.1644446849822998]], "brockpiece34": [[-0.0015662908554077148, 0.011057823896408081, -1.21329665184021], [-1.2186003923416138, -5.204931259155273, 1.3627195358276367], [-0.040006935596466064, 0.3192813992500305, -0.5479322671890259]], "brockpiece35": [[-0.0017372556030750275, 0.03322112560272217, -0.993944525718689], [14.701763153076172, -17.64026641845703, -74.3448486328125], [0.03971529006958008, 0.7414476275444031, -0.4923132658004761]], "brockpiece36": [[-0.11835996061563492, 0.05142003297805786, -0.974595308303833], [24.64588165283203, 6.312280178070068, 16.216564178466797], [0.04695548489689827, 0.8178877234458923, 0.2522242069244385]],