{"brockpiece0": [[-0.05955091863870621, -0.09130340814590454, -2.1427221298217773], [19.14995002746582, 1.3691363334655762, -144.9632110595703], [-0.04771063104271889, 0.8072485327720642, -0.47105833888053894]], "brockpiece1": [[-0.21944844722747803, 0.04113638401031494, -2.0459482669830322], [15.918231010437012, -18.736419677734375, -58.67340850830078], [-0.060903601348400116, 0.894946277141571, 0.4562895596027374]], "brockpiece2": [[-0.04920734465122223, 0.0701952576637268, -2.204099416732788], [-2.3087522983551025, 5.084878444671631, 42.75267028808594], [-0.1568758189678192, 0.8655882477760315, -0.5483085513114929]], "brockpiece3": [[-0.1101306825876236, 0.08985722064971924, -2.347836971282959], [0.840584397315979, -2.085911989212036, -11.424089431762695], [-0.22012151777744293, 0.9278489947319031, 0.3253736197948456]], "brockpiece4": [[-0.09573972225189209, 0.12814927101135254, -2.461362838745117], [-2.7094836235046387, -3.235395669937134, 4.5791754722595215], [-0.4135969281196594, 0.9918517470359802, 0.46200042963027954]], "brockpiece5": [[-0.12911075353622437, 0.06797903776168823, -2.2836663722991943], [-3.6734344959259033, -3.368121385574341, 3.5256664752960205], [-0.436776340007782, 0.9646992683410645, -0.3259457051753998]], "brockpiece6": [[-0.031135650351643562, -0.0033074021339416504, -2.201361894607544], [-12.619140625, -5.615931510925293, -10.264304161071777], [-0.01387631893157959, 0.9064578413963318, -0.06759907305240631]], "brockpiece7": [[0.11551034450531006, -0.18320834636688232, -2.096303701400757], [-8.342019081115723, -5.803582668304443, -5.836744785308838], [-0.016788214445114136, 1.2991664409637451, -0.5754176378250122]], "brockpiece8": [[0.01372431218624115, 0.03549790382385254, -2.441118001937866], [-6.8182692527771, -9.011144638061523, -7.063166618347168], [-0.10184786468744278, 1.4046438932418823, 0.10018877685070038]], "brockpiece9": [[-0.28022900223731995, 0.10702276229858398, -1.349488615989685], [21.301300048828125, 13.798971176147461, 158.37350463867188], [0.009604007937014103, 0.8276886940002441, 0.4656519293785095]], "brockpiece10": [[0.02979199029505253, -0.10602313280105591, -1.3433462381362915], [-11.080678939819336, 24.246217727661133, -82.59585571289062], [0.026453230530023575, 0.7262305021286011, -0.09866398572921753]], "brockpiece11": [[-0.0675053820014, 0.03036820888519287, -1.3938276767730713], [8.360403060913086, -22.651994705200195, -43.54252243041992], [0.023447148501873016, 0.6883174180984497, -0.6239317655563354]], "brockpiece12": [[-0.004453115165233612, -0.09221696853637695, -1.4460265636444092], [-15.330023765563965, -4.494693279266357, 11.766255378723145], [0.057196881622076035, 0.6268966794013977, -0.06759794801473618]], "brockpiece13": [[0.02468663454055786, -0.0927547812461853, -0.9678432941436768], [-30.111595153808594, 3.4809889793395996, 24.574134826660156], [0.10751569271087646, 0.33034080266952515, -0.6997447609901428]], "brockpiece14": [[-0.011437281966209412, 0.025291770696640015, -1.016671061515808], [-12.220714569091797, -9.777228355407715, 9.308720588684082], [0.1765923947095871, 0.3738964796066284, -0.06937721371650696]], "brockpiece15": [[-0.0027527809143066406, -0.0006744861602783203, -0.07379487156867981], [-0.4318862855434418, -0.3546786308288574, 1.3892204761505127], [0.32439151406288147, 0.17386914789676666, 0.1606941819190979]], "brockpiece16": [[-0.09929996728897095, 0.02967613935470581, -0.36080917716026306], [-2.753944158554077, -13.328120231628418, 1.1584322452545166], [0.2422737032175064, 0.13469432294368744, -0.2985038757324219]], "brockpiece17": [[-0.14020028710365295, 0.20890897512435913, -1.0612314939498901], [-9.160490989685059, -17.736412048339844, -1.7422137260437012], [0.05579742044210434, 0.8304786086082458, -0.06759888678789139]], "brockpiece18": [[-0.007299602031707764, 0.28640294075012207, -1.2957690954208374], [-12.983247756958008, -6.855728626251221, 1.1035550832748413], [0.7751116156578064, 1.1647822856903076, 0.4550911784172058]], "brockpiece19": [[0.2207486778497696, -0.26691555976867676, -1.8612900972366333], [-103.94291687011719, 15.966059684753418, 22.30885887145996], [0.04745550453662872, 0.8352649807929993, -0.8555060029029846]], "brockpiece20": [[-0.015609433874487877, -0.037591516971588135, -1.9170596599578857], [14.12910270690918, -18.577392578125, -59.61962890625], [0.0324799083173275, 0.8903895616531372, 0.1047213077545166]], "brockpiece21": [[0.02292919158935547, 0.22172272205352783, -1.481811285018921], [-12.983057975769043, -6.855571746826172, 1.1031395196914673], [0.15945503115653992, 1.6952928304672241, 0.277337908744812]], "brockpiece22": [[0.030630946159362793, -0.18353939056396484, -2.6083412170410156], [-23.149232864379883, 3.8800477981567383, 30.37567138671875], [0.5310609936714172, 1.9953807592391968, -0.3219248354434967]], "brockpiece23": [[-0.11183666437864304, 0.015065252780914307, -2.125210762023926], [-0.4400859475135803, -11.204461097717285, -19.49163055419922], [-0.0681355819106102, 0.8056530356407166, -0.06759854406118393]], "brockpiece24": [[-0.1603136658668518, 0.07385092973709106, -2.4550395011901855], [-1.3066298961639404, -7.617605686187744, 0.12403646111488342], [-0.3838520646095276, 0.746596097946167, 0.4647919237613678]], "brockpiece25": [[-0.21464359760284424, 0.13278037309646606, -2.4041635990142822], [-5.032373905181885, -1.072317361831665, 1.5050321817398071], [-1.032001256942749, 0.5244100093841553, 0.6970614790916443]], "brockpiece26": [[-0.27566248178482056, -0.053501009941101074, -1.4817994832992554], [-12.820514678955078, -7.267617702484131, -10.1306734085083], [-0.012171115726232529, 0.7901149392127991, 0.14576949179172516]], "brockpiece27": [[-0.11329545825719833, -0.15771907567977905, -2.0654191970825195], [12.363520622253418, 0.8879867196083069, -60.70576477050781], [-0.029545554891228676, 0.7074200510978699, -0.5648927092552185]], "brockpiece28": [[-0.2638363540172577, 0.0059893131256103516, -1.706668734550476], [-15.572945594787598, 40.26618957519531, 82.66069030761719], [-0.05280172452330589, 0.875779390335083, 0.7411666512489319]], "brockpiece29": [[-0.10149364173412323, 0.0624050498008728, -2.4268946647644043], [1.2224212884902954, -5.541699409484863, -6.130321502685547], [-0.1528574824333191, 0.604702889919281, -0.03537474945187569]], "brockpiece30": [[-0.11427901685237885, 0.03345823287963867, -2.4349050521850586], [-2.5953125953674316, -2.0608150959014893, 1.6932294368743896], [-0.212638720870018, 0.5194345116615295, -0.6746488809585571]], "brockpiece31": [[-0.14506661891937256, 0.07145252823829651, -2.434434413909912], [-2.595306396484375, -2.060816526412964, 1.6931380033493042], [-0.3032321333885193, 0.4032418727874756, 0.2416532039642334]], "brockpiece32": [[-0.18157589435577393, 0.015319228172302246, -1.880895733833313], [23.53636360168457, -14.916450500488281, -82.83666229248047], [-0.014846060425043106, 0.7332823276519775, -0.067598357796669]], "brockpiece33": [[-0.17046865820884705, 0.01517745852470398, -1.3817769289016724], [-0.5340422987937927, -3.0091893672943115, 4.984562873840332], [-0.07364655286073685, 0.3388040363788605, 0.1644446849822998]], "brockpiece34": [[-0.042647119611501694, 0.03830265998840332, -1.263986587524414], [-4.141250133514404, -6.940559387207031, 5.531365394592285], [-0.040006935596466064, 0.3192813992500305, -0.5479322671890259]], "brockpiece35": [[-0.005660463124513626, 0.02341240644454956, -1.3336622714996338], [10.58535385131836, -21.2450008392334, -88.64501190185547], [0.03971529006958008, 0.7414476275444031, -0.4923132658004761]], "brockpiece36": [[-0.1520729959011078, 0.05240356922149658, -1.3118878602981567], [10.349686622619629, 10.913615226745605, 17.1778621673584], [0.04695548489689827, 0.8178877234458923, 0.2522242069244385]], "brockpiece37": [[-0.27468499541282654, 0.19134563207626343, -1.6034140586853027], [27.56163215637207, 4.895273685455322, -117.52322387695312], [0.018796933814883232, 0.8953180909156799, 0.6815259456634521]],