{"brockpiece0": [[-0.05238117277622223, 0.07199066877365112, -1.4968318939208984], [14.510636329650879, -7.5134968757629395, -99.72696685791016], [-0.04771063104271889, 0.8072485327720642, -0.47105833888053894]], "brockpiece1": [[-0.17126154899597168, 0.08388197422027588, -1.4793096780776978], [22.117050170898438, 0.1583821028470993, -54.47507095336914], [-0.060903601348400116, 0.894946277141571, 0.4562895596027374]], "brockpiece2": [[-0.014760568737983704, 0.16308152675628662, -1.566049337387085], [-1.0452284812927246, 4.302335739135742, 41.117095947265625], [-0.1568758189678192, 0.8655882477760315, -0.5483085513114929]], "brockpiece3": [[-0.07384277880191803, 0.15965032577514648, -1.7185256481170654], [0.3243422508239746, 1.2136058807373047, -12.080584526062012], [-0.22012151777744293, 0.9278489947319031, 0.3253736197948456]], "brockpiece4": [[-0.07099807262420654, 0.2060610055923462, -1.8039536476135254], [-0.8103741407394409, -2.757168769836426, 5.635521411895752], [-0.4135969281196594, 0.9918517470359802, 0.46200042963027954]], "brockpiece5": [[-0.09781116247177124, 0.16019147634506226, -1.6411056518554688], [-2.229201316833496, -3.1769189834594727, 2.3173625469207764], [-0.436776340007782, 0.9646992683410645, -0.3259457051753998]], "brockpiece6": [[-0.03383137285709381, 0.1451839804649353, -1.5717899799346924], [-10.57762622833252, -3.110381603240967, -4.458739757537842], [-0.01387631893157959, 0.9064578413963318, -0.06759907305240631]], "brockpiece7": [[0.07775719463825226, -0.012668728828430176, -1.4734899997711182], [-7.099628448486328, -2.911785125732422, -2.4457991123199463], [-0.016788214445114136, 1.2991664409637451, -0.5754176378250122]], "brockpiece8": [[-0.017145030200481415, 0.16968083381652832, -1.7936900854110718], [-4.549284934997559, -5.9840850830078125, -4.8557963371276855], [-0.10184786468744278, 1.4046438932418823, 0.10018877685070038]], "brockpiece9": [[-0.20661884546279907, 0.13587558269500732, -1.0826300382614136], [17.400672912597656, 15.931493759155273, 119.03976440429688], [0.009604007937014103, 0.8276886940002441, 0.4656519293785095]], "brockpiece10": [[0.009627198800444603, -0.06343072652816772, -1.178343415260315], [45.693172454833984, 19.771764755249023, 8.176861763000488], [0.026453230530023575, 0.7262305021286011, -0.09866398572921753]], "brockpiece11": [[-0.0112539017572999, 0.049102604389190674, -1.1293282508850098], [8.12885570526123, -19.14232063293457, -55.21662902832031], [0.023447148501873016, 0.6883174180984497, -0.6239317655563354]], "brockpiece12": [[-0.00090007483959198, -0.08097320795059204, -1.2868273258209229], [-13.20600414276123, -2.663274049758911, 12.240966796875], [0.057196881622076035, 0.6268966794013977, -0.06759794801473618]], "brockpiece13": [[0.01996511220932007, -0.1128971129655838, -0.9078854322433472], [-22.695207595825195, -6.527280807495117, 12.380684852600098], [0.10751569271087646, 0.33034080266952515, -0.6997447609901428]], "brockpiece14": [[0.01741175353527069, 0.01811802387237549, -1.0051822662353516], [-9.63455581665039, -7.28441047668457, 5.490885257720947], [0.1765923947095871, 0.3738964796066284, -0.06937721371650696]], "brockpiece15": [[-0.005430698394775391, -0.0005921125411987305, -0.07402513176202774], [-0.6566480994224548, -0.33877524733543396, 2.2768585681915283], [0.32439151406288147, 0.17386914789676666, 0.1606941819190979]], "brockpiece16": [[-0.047582462430000305, 0.05126599967479706, -0.3598000705242157], [-4.5159735679626465, -9.189833641052246, 0.28763267397880554], [0.2422737032175064, 0.13469432294368744, -0.2985038757324219]], "brockpiece17": [[-0.05777100473642349, 0.1764478087425232, -0.8792336583137512], [-5.500308990478516, -12.664809226989746, -5.163870334625244], [0.05579742044210434, 0.8304786086082458, -0.06759888678789139]], "brockpiece18": [[-0.024182438850402832, 0.2555733919143677, -1.17072594165802], [-11.026494979858398, -7.243335247039795, 1.5772517919540405], [0.7751116156578064, 1.1647822856903076, 0.4550911784172058]], "brockpiece19": [[0.1669282764196396, -0.08206844329833984, -1.3618818521499634], [-68.33382415771484, 2.430027723312378, 31.35674285888672], [0.04745550453662872, 0.8352649807929993, -0.8555060029029846]], "brockpiece20": [[-0.02489498071372509, 0.08720749616622925, -1.3974735736846924], [3.9243578910827637, -17.815141677856445, -35.26670455932617], [0.0324799083173275, 0.8903895616531372, 0.1047213077545166]], "brockpiece21": [[0.0023447126150131226, 0.19574403762817383, -1.3443361520767212], [-6.876376628875732, 15.06782054901123, 160.41015625], [0.15945503115653992, 1.6952928304672241, 0.277337908744812]], "brockpiece22": [[0.030755281448364258, 0.005946755409240723, -1.9418580532073975], [-16.071748733520508, -0.30477994680404663, 18.966108322143555], [0.5310609936714172, 1.9953807592391968, -0.3219248354434967]], "brockpiece23": [[-0.08231290429830551, 0.10528165102005005, -1.4934676885604858], [0.7677383422851562, -9.277406692504883, -18.7889347076416], [-0.0681355819106102, 0.8056530356407166, -0.06759854406118393]], "brockpiece24": [[-0.12635493278503418, 0.15946555137634277, -1.8245664834976196], [0.6212173700332642, -6.158529758453369, 1.6158487796783447], [-0.3838520646095276, 0.746596097946167, 0.4647919237613678]], "brockpiece25": [[-0.17754268646240234, 0.20078390836715698, -1.7854669094085693], [-3.69443941116333, -0.7411817908287048, 0.392437219619751], [-1.032001256942749, 0.5244100093841553, 0.6970614790916443]], "brockpiece26": [[-0.17760920524597168, 0.034944236278533936, -1.2454630136489868], [3.0284461975097656, -12.623680114746094, -13.090847969055176], [-0.012171115726232529, 0.7901149392127991, 0.14576949179172516]], "brockpiece27": [[-0.04679340124130249, 0.03418302536010742, -1.434952735900879], [9.107593536376953, -4.862213611602783, -40.5279655456543], [-0.029545554891228676, 0.7074200510978699, -0.5648927092552185]], "brockpiece28": [[-0.18189004063606262, 0.02634751796722412, -1.387940526008606], [-12.253073692321777, 15.974735260009766, 62.42256164550781], [-0.05280172452330589, 0.875779390335083, 0.7411666512489319]], "brockpiece29": [[-0.08643065392971039, 0.1681276559829712, -1.8043842315673828], [2.339491844177246, -4.0604047775268555, -5.093635559082031], [-0.1528574824333191, 0.604702889919281, -0.03537474945187569]], "brockpiece30": [[-0.08555902540683746, 0.14997637271881104, -1.8158022165298462], [-0.43181368708610535, -1.3038628101348877, -1.1941038370132446], [-0.212638720870018, 0.5194345116615295, -0.6746488809585571]], "brockpiece31": [[-0.10865634679794312, 0.15923604369163513, -1.8172500133514404], [-0.43179935216903687, -1.3038654327392578, -1.1942216157913208], [-0.3032321333885193, 0.4032418727874756, 0.2416532039642334]], "brockpiece32": [[-0.14083872735500336, 0.08371150493621826, -1.4044691324234009], [18.79930305480957, -9.491028785705566, -75.35935974121094], [-0.014846060425043106, 0.7332823276519775, -0.067598357796669]], "brockpiece33": [[-0.13446949422359467, 0.016324877738952637, -1.3374909162521362], [-0.7847449779510498, -2.089953899383545, 2.8949906826019287], [-0.07364655286073685, 0.3388040363788605, 0.1644446849822998]], "brockpiece34": [[-0.01582200452685356, 0.025271713733673096, -1.2311375141143799], [-2.900730609893799, -5.86340856552124, 2.470980167388916], [-0.040006935596466064, 0.3192813992500305, -0.5479322671890259]], "brockpiece35": [[0.008844103664159775, 0.031995534896850586, -1.0794978141784668], [20.237430572509766, -16.9002685546875, -87.80999755859375], [0.03971529006958008, 0.7414476275444031, -0.4923132658004761]], "brockpiece36": [[-0.1268826723098755, 0.05317920446395874, -1.0765893459320068], [23.250856399536133, 6.13084077835083, 20.59764862060547], [0.04695548489689827, 0.8178877234458923, 0.2522242069244385]], "brockpiece37": [[-0.183808833360672, 0.14752691984176636, -1.3324997425079346], [10.033730506896973, -6.28120756149292, -59.77244567871094], [0.018796933814883232, 0.8953180909156799, 0.6815259456634521]],