{"brockpiece0": [[-0.049754753708839417, -0.28080105781555176, -2.571132183074951], [19.298357009887695, 9.432694435119629, -174.14654541015625], [-0.04771063104271889, 0.8072485327720642, -0.47105833888053894]], "brockpiece1": [[-0.1341695338487625, 0.04677093029022217, -2.288374900817871], [6.854448318481445, -20.603858947753906, -43.73238754272461], [-0.060903601348400116, 0.894946277141571, 0.4562895596027374]], "brockpiece2": [[-0.07174809277057648, 0.06114846467971802, -2.376857280731201], [-4.021356582641602, 1.403052568435669, 15.034598350524902], [-0.1568758189678192, 0.8655882477760315, -0.5483085513114929]], "brockpiece3": [[-0.09893958270549774, 0.13915681838989258, -2.5580644607543945], [-1.1334666013717651, 0.5062645077705383, -35.83534240722656], [-0.22012151777744293, 0.9278489947319031, 0.3253736197948456]], "brockpiece4": [[-0.08344101905822754, 0.18815016746520996, -2.614532947540283], [-4.135312557220459, -3.391143560409546, 1.0173373222351074], [-0.4135969281196594, 0.9918517470359802, 0.46200042963027954]], "brockpiece5": [[-0.141021728515625, 0.11314433813095093, -2.4270193576812744], [-5.0952043533325195, -0.4263947010040283, 2.5803914070129395], [-0.436776340007782, 0.9646992683410645, -0.3259457051753998]], "brockpiece6": [[-0.010089272633194923, -0.08017420768737793, -2.5179402828216553], [-6.677990436553955, -5.794658184051514, -18.99285316467285], [-0.01387631893157959, 0.9064578413963318, -0.06759907305240631]], "brockpiece7": [[0.16227391362190247, -0.3195803761482239, -2.4598841667175293], [-13.663883209228516, -6.68232536315918, -8.495798110961914], [-0.016788214445114136, 1.2991664409637451, -0.5754176378250122]], "brockpiece8": [[0.0804724469780922, -0.052002549171447754, -2.7979001998901367], [-15.93517017364502, -7.445949554443359, -7.079813480377197], [-0.10184786468744278, 1.4046438932418823, 0.10018877685070038]], "brockpiece9": [[-0.33547282218933105, 0.12442106008529663, -1.4200423955917358], [24.045644760131836, 10.976962089538574, -178.02801513671875], [0.009604007937014103, 0.8276886940002441, 0.4656519293785095]], "brockpiece10": [[0.016880130395293236, -0.14469802379608154, -1.43043053150177], [-13.546164512634277, 0.20458431541919708, -118.1096420288086], [0.026453230530023575, 0.7262305021286011, -0.09866398572921753]], "brockpiece11": [[-0.03637445718050003, 0.04808145761489868, -1.520547866821289], [-19.67179298400879, -14.673635482788086, -14.274157524108887], [0.023447148501873016, 0.6883174180984497, -0.6239317655563354]], "brockpiece12": [[-0.018620118498802185, -0.10788345336914062, -1.447540044784546], [-16.06349754333496, -6.873879909515381, 9.76480770111084], [0.057196881622076035, 0.6268966794013977, -0.06759794801473618]], "brockpiece13": [[0.03815758228302002, -0.10109050571918488, -0.9761356115341187], [-28.751619338989258, 10.909148216247559, 30.42815399169922], [0.10751569271087646, 0.33034080266952515, -0.6997447609901428]], "brockpiece14": [[-0.03259129822254181, 0.019857823848724365, -1.0291969776153564], [-13.372382164001465, -11.120229721069336, 12.366357803344727], [0.1765923947095871, 0.3738964796066284, -0.06937721371650696]], "brockpiece15": [[0.0011615455150604248, -7.2479248046875e-05, -0.07266996055841446], [-0.01384173147380352, -0.3382532298564911, 0.039060842245817184], [0.32439151406288147, 0.17386914789676666, 0.1606941819190979]], "brockpiece16": [[-0.11995687335729599, 0.009773865342140198, -0.36248162388801575], [-1.1058520078659058, -15.170695304870605, 1.30266535282135], [0.2422737032175064, 0.13469432294368744, -0.2985038757324219]], "brockpiece17": [[-0.11314117163419724, 0.3076630234718323, -1.1204651594161987], [-17.080305099487305, -15.75191879272461, 2.2377233505249023], [0.05579742044210434, 0.8304786086082458, -0.06759888678789139]], "brockpiece18": [[0.01751035451889038, 0.2957463264465332, -1.3253657817840576], [-13.672857284545898, -6.293422222137451, 0.5713076591491699], [0.7751116156578064, 1.1647822856903076, 0.4550911784172058]], "brockpiece19": [[0.256102979183197, -0.46555525064468384, -2.1971817016601562], [-129.68931579589844, 19.622333526611328, 10.081303596496582], [0.04745550453662872, 0.8352649807929993, -0.8555060029029846]], "brockpiece20": [[0.040425583720207214, -0.10155540704727173, -2.1888251304626465], [20.09274673461914, -17.103599548339844, -75.96033477783203], [0.0324799083173275, 0.8903895616531372, 0.1047213077545166]], "brockpiece21": [[0.04921084642410278, 0.23289811611175537, -1.5114219188690186], [-9.770055770874023, 15.120534896850586, 159.84564208984375], [0.15945503115653992, 1.6952928304672241, 0.277337908744812]], "brockpiece22": [[0.07018649578094482, -0.330280065536499, -3.0411009788513184], [-27.57843780517578, 8.80847454071045, 36.554786682128906], [0.5310609936714172, 1.9953807592391968, -0.3219248354434967]], "brockpiece23": [[-0.09913577884435654, 0.06217217445373535, -2.336897611618042], [0.0690346360206604, -9.213516235351562, -24.355823516845703], [-0.0681355819106102, 0.8056530356407166, -0.06759854406118393]], "brockpiece24": [[-0.15240061283111572, 0.11949199438095093, -2.5749733448028564], [-5.668903350830078, -5.738401889801025, -4.504947185516357], [-0.3838520646095276, 0.746596097946167, 0.4647919237613678]], "brockpiece25": [[-0.22186875343322754, 0.24586284160614014, -2.4703307151794434], [-7.331704139709473, -0.728691816329956, 1.887271761894226], [-1.032001256942749, 0.5244100093841553, 0.6970614790916443]], "brockpiece26": [[-0.26496055722236633, -0.0314105749130249, -1.5507110357284546], [-7.367673873901367, -8.212972640991211, -19.394779205322266], [-0.012171115726232529, 0.7901149392127991, 0.14576949179172516]], "brockpiece27": [[-0.16161412000656128, -0.3653591275215149, -2.4886412620544434], [12.483231544494629, 5.337656497955322, -73.91357421875], [-0.029545554891228676, 0.7074200510978699, -0.5648927092552185]], "brockpiece28": [[-0.29548320174217224, -0.0007826089859008789, -1.7603918313980103], [-16.830615997314453, 58.48384094238281, 96.3973388671875], [-0.05280172452330589, 0.875779390335083, 0.7411666512489319]], "brockpiece29": [[-0.10077069699764252, 0.030081987380981445, -2.5676612854003906], [-7.113508701324463, -3.350348472595215, -6.213916301727295], [-0.1528574824333191, 0.604702889919281, -0.03537474945187569]], "brockpiece30": [[-0.11803869903087616, 0.022613883018493652, -2.534029960632324], [-5.712891101837158, -1.2788375616073608, -1.0094457864761353], [-0.212638720870018, 0.5194345116615295, -0.6746488809585571]], "brockpiece31": [[-0.13903364539146423, 0.1163700520992279, -2.529264211654663], [-5.712882995605469, -1.2788453102111816, -1.009531021118164], [-0.3032321333885193, 0.4032418727874756, 0.2416532039642334]], "brockpiece32": [[-0.12663932144641876, -0.07940435409545898, -2.05824613571167], [0.6663220524787903, -26.272937774658203, -55.95099639892578], [-0.014846060425043106, 0.7332823276519775, -0.067598357796669]], "brockpiece33": [[-0.18150919675827026, 0.011937648057937622, -1.3767269849777222], [-0.28718119859695435, -3.0746872425079346, 5.3366923332214355], [-0.07364655286073685, 0.3388040363788605, 0.1644446849822998]], "brockpiece34": [[-0.05403796210885048, 0.03992551565170288, -1.2693991661071777], [-4.593046188354492, -8.637386322021484, 5.116180896759033], [-0.040006935596466064, 0.3192813992500305, -0.5479322671890259]], "brockpiece35": [[0.04069404676556587, -0.012540340423583984, -1.4685596227645874], [-5.1204447746276855, -27.211034774780273, -63.53403854370117], [0.03971529006958008, 0.7414476275444031, -0.4923132658004761]], "brockpiece36": [[-0.14801624417304993, 0.01602792739868164, -1.4116849899291992], [-1.953350305557251, 14.186460494995117, -8.621036529541016], [0.04695548489689827, 0.8178877234458923, 0.2522242069244385]], "brockpiece37": [[-0.3709193170070648, 0.1725873351097107, -1.7379419803619385], [31.431407928466797, 23.06524658203125, -151.30589294433594], [0.018796933814883232, 0.8953180909156799, 0.6815259456634521]],