{"brockpiece0": [[-0.032464735209941864, 0.08978897333145142, -1.0596423149108887], [7.73061466217041, -12.297306060791016, -63.92354965209961], [-0.04771063104271889, 0.8072485327720642, -0.47105833888053894]], "brockpiece1": [[-0.129414901137352, 0.09155458211898804, -1.0406626462936401], [21.09058380126953, -2.8080337047576904, -38.639225006103516], [-0.060903601348400116, 0.894946277141571, 0.4562895596027374]], "brockpiece2": [[-0.0025544017553329468, 0.15558099746704102, -1.1390280723571777], [1.7826982736587524, 3.376255989074707, 30.999435424804688], [-0.1568758189678192, 0.8655882477760315, -0.5483085513114929]], "brockpiece3": [[-0.054645851254463196, 0.15270566940307617, -1.2826628684997559], [-0.18469248712062836, 0.7479950189590454, -10.107175827026367], [-0.22012151777744293, 0.9278489947319031, 0.3253736197948456]], "brockpiece4": [[-0.0495244562625885, 0.19804620742797852, -1.3560724258422852], [0.6398636698722839, -2.572906970977783, 5.3177924156188965], [-0.4135969281196594, 0.9918517470359802, 0.46200042963027954]], "brockpiece5": [[-0.08010601997375488, 0.1618977189064026, -1.1874066591262817], [-1.4887540340423584, -3.0226962566375732, 1.918745994567871], [-0.436776340007782, 0.9646992683410645, -0.3259457051753998]], "brockpiece6": [[-0.031621433794498444, 0.17370575666427612, -1.1452642679214478], [-7.927668571472168, -2.541611433029175, 1.5301567316055298], [-0.01387631893157959, 0.9064578413963318, -0.06759907305240631]], "brockpiece7": [[0.05256161093711853, 0.03290987014770508, -1.0502328872680664], [-7.533331394195557, -0.7890700101852417, -0.5173074007034302], [-0.016788214445114136, 1.2991664409637451, -0.5754176378250122]], "brockpiece8": [[-0.0393277183175087, 0.18272006511688232, -1.3621972799301147], [-3.1614863872528076, -3.9803879261016846, -3.3550753593444824], [-0.10184786468744278, 1.4046438932418823, 0.10018877685070038]], "brockpiece9": [[-0.13204224407672882, 0.13510102033615112, -0.8760300874710083], [8.427034378051758, 17.909133911132812, 80.10700988769531], [0.009604007937014103, 0.8276886940002441, 0.4656519293785095]], "brockpiece10": [[-0.00033715181052684784, -0.019711732864379883, -0.9574182033538818], [30.864294052124023, 3.0816657543182373, 16.925399780273438], [0.026453230530023575, 0.7262305021286011, -0.09866398572921753]], "brockpiece11": [[-0.0010678879916667938, 0.05277442932128906, -0.9237869381904602], [-1.540294885635376, -15.597657203674316, -40.88135528564453], [0.023447148501873016, 0.6883174180984497, -0.6239317655563354]], "brockpiece12": [[0.010060824453830719, -0.04849034547805786, -1.0883121490478516], [-9.522989273071289, -2.3409903049468994, 11.081721305847168], [0.057196881622076035, 0.6268966794013977, -0.06759794801473618]], "brockpiece13": [[0.014444097876548767, -0.07902449369430542, -0.7510083913803101], [-8.91010570526123, -8.791324615478516, 6.640356540679932], [0.10751569271087646, 0.33034080266952515, -0.6997447609901428]], "brockpiece14": [[0.03564080595970154, 0.020707517862319946, -0.9331843256950378], [-7.082175254821777, -5.650137901306152, 3.784062623977661], [0.1765923947095871, 0.3738964796066284, -0.06937721371650696]], "brockpiece15": [[-0.006755739450454712, -0.0006036609411239624, -0.07484346628189087], [-0.5545393228530884, -0.03730357438325882, 2.125476598739624], [0.32439151406288147, 0.17386914789676666, 0.1606941819190979]], "brockpiece16": [[-0.01662096381187439, 0.05153515934944153, -0.35577359795570374], [-4.522359848022461, -6.6311798095703125, 0.07767176628112793], [0.2422737032175064, 0.13469432294368744, -0.2985038757324219]], "brockpiece17": [[-0.0370035246014595, 0.1671465039253235, -0.6978559494018555], [-4.340529918670654, -10.950374603271484, -4.2742767333984375], [0.05579742044210434, 0.8304786086082458, -0.06759888678789139]], "brockpiece18": [[-0.015205085277557373, 0.22954118251800537, -0.9880656003952026], [-9.448171615600586, -6.529236316680908, 1.5383882522583008], [0.7751116156578064, 1.1647822856903076, 0.4550911784172058]], "brockpiece19": [[0.12548600137233734, -0.035924553871154785, -1.019274115562439], [-44.198970794677734, -8.43388557434082, 30.07984161376953], [0.04745550453662872, 0.8352649807929993, -0.8555060029029846]], "brockpiece20": [[-0.02451358363032341, 0.10059833526611328, -1.0396602153778076], [-1.2079534530639648, -14.34512996673584, -19.84844398498535], [0.0324799083173275, 0.8903895616531372, 0.1047213077545166]], "brockpiece21": [[0.005575358867645264, 0.17737150192260742, -1.1410436630249023], [-5.634716987609863, 13.834774017333984, 160.2501220703125], [0.15945503115653992, 1.6952928304672241, 0.277337908744812]], "brockpiece22": [[0.03383457660675049, 0.05398356914520264, -1.4994697570800781], [-11.003534317016602, -1.7652997970581055, 10.964372634887695], [0.5310609936714172, 1.9953807592391968, -0.3219248354434967]], "brockpiece23": [[-0.05957005172967911, 0.10573166608810425, -1.0611332654953003], [0.37882882356643677, -8.619677543640137, -16.42190933227539], [-0.0681355819106102, 0.8056530356407166, -0.06759854406118393]], "brockpiece24": [[-0.0994730293750763, 0.15294629335403442, -1.3774468898773193], [1.3878928422927856, -4.204963207244873, 1.6575030088424683], [-0.3838520646095276, 0.746596097946167, 0.4647919237613678]], "brockpiece25": [[-0.1532825231552124, 0.185796856880188, -1.3512438535690308], [-2.673316717147827, -0.02580958791077137, 0.002016613958403468], [-1.032001256942749, 0.5244100093841553, 0.6970614790916443]], "brockpiece26": [[-0.10478634387254715, 0.06635403633117676, -1.0306165218353271], [12.367790222167969, -15.955581665039062, -11.666979789733887], [-0.012171115726232529, 0.7901149392127991, 0.14576949179172516]], "brockpiece27": [[-0.043166711926460266, 0.05539977550506592, -1.0450859069824219], [1.3804495334625244, -5.39411735534668, -25.70063018798828], [-0.029545554891228676, 0.7074200510978699, -0.5648927092552185]], "brockpiece28": [[-0.11947271972894669, 0.02008843421936035, -1.1882256269454956], [0.030663827434182167, 5.692688465118408, 49.32719039916992], [-0.05280172452330589, 0.875779390335083, 0.7411666512489319]], "brockpiece29": [[-0.06861543655395508, 0.16569006443023682, -1.3646886348724365], [2.36716365814209, -2.7503366470336914, -4.215163707733154], [-0.1528574824333191, 0.604702889919281, -0.03537474945187569]], "brockpiece30": [[-0.07205416262149811, 0.15586936473846436, -1.3713232278823853], [0.08197549730539322, -0.4274066388607025, -2.8531246185302734], [-0.212638720870018, 0.5194345116615295, -0.6746488809585571]], "brockpiece31": [[-0.0846116840839386, 0.15955856442451477, -1.372189998626709], [0.08198670297861099, -0.4274079203605652, -2.85323429107666], [-0.3032321333885193, 0.4032418727874756, 0.2416532039642334]], "brockpiece32": [[-0.10992617905139923, 0.09173315763473511, -0.9937980771064758], [9.18876838684082, -10.119965553283691, -48.61198043823242], [-0.014846060425043106, 0.7332823276519775, -0.067598357796669]], "brockpiece33": [[-0.10845069587230682, 0.011331677436828613, -1.183795690536499], [0.463248610496521, -1.641109585762024, 0.7309075593948364], [-0.07364655286073685, 0.3388040363788605, 0.1644446849822998]], "brockpiece34": [[0.006300132721662521, 0.013588488101959229, -1.0890319347381592], [0.3124327063560486, -4.352016448974609, 0.24756141006946564], [-0.040006935596466064, 0.3192813992500305, -0.5479322671890259]], "brockpiece35": [[0.006149914115667343, 0.048539698123931885, -0.8707597255706787], [7.798526763916016, -17.152942657470703, -58.595741271972656], [0.03971529006958008, 0.7414476275444031, -0.4923132658004761]], "brockpiece36": [[-0.09419156610965729, 0.053878843784332275, -0.8562341332435608], [20.163244247436523, 7.664610385894775, 8.516541481018066], [0.04695548489689827, 0.8178877234458923, 0.2522242069244385]],