{"brockpiece0": [[-0.21546196937561035, -0.6351961493492126, -3.0651426315307617], [45.953460693359375, 8.925637245178223, 89.39878845214844], [-0.04771063104271889, 0.8072485327720642, -0.47105833888053894]], "brockpiece1": [[0.18654116988182068, 0.04061532020568848, -2.8016960620880127], [18.984405517578125, -58.15688705444336, -123.42652130126953], [-0.060903601348400116, 0.894946277141571, 0.4562895596027374]], "brockpiece2": [[0.050816237926483154, -0.040491700172424316, -2.655146837234497], [-8.664933204650879, 10.743289947509766, -26.821861267089844], [-0.1568758189678192, 0.8655882477760315, -0.5483085513114929]], "brockpiece3": [[0.06367368996143341, 0.124916672706604, -2.891343355178833], [-20.783451080322266, 13.314884185791016, -59.944580078125], [-0.22012151777744293, 0.9278489947319031, 0.3253736197948456]], "brockpiece4": [[0.06953203678131104, 0.2903941869735718, -2.8479185104370117], [-11.626677513122559, 8.449638366699219, -16.107994079589844], [-0.4135969281196594, 0.9918517470359802, 0.46200042963027954]], "brockpiece5": [[-0.12214398384094238, 0.1612345576286316, -2.6056721210479736], [-16.347700119018555, 5.262599468231201, 0.8704675436019897], [-0.436776340007782, 0.9646992683410645, -0.3259457051753998]], "brockpiece6": [[0.02626774087548256, -0.6465309858322144, -3.191145420074463], [0.8200076222419739, -15.993778228759766, -89.9421157836914], [-0.01387631893157959, 0.9064578413963318, -0.06759907305240631]], "brockpiece7": [[0.3948136866092682, -0.774544894695282, -3.4548213481903076], [-44.92403793334961, -7.37845516204834, -20.011430740356445], [-0.016788214445114136, 1.2991664409637451, -0.5754176378250122]], "brockpiece8": [[0.3860101103782654, -0.3994886875152588, -3.86784291267395], [-58.110660552978516, 2.468494176864624, -16.907812118530273], [-0.10184786468744278, 1.4046438932418823, 0.10018877685070038]], "brockpiece9": [[-0.5667917728424072, -0.1217876672744751, -1.630149483680725], [35.622501373291016, -28.009469985961914, -90.8846664428711], [0.009604007937014103, 0.8276886940002441, 0.4656519293785095]], "brockpiece10": [[0.045107774436473846, -0.23872283101081848, -1.4113792181015015], [20.88975715637207, 5.056698322296143, -174.44561767578125], [0.026453230530023575, 0.7262305021286011, -0.09866398572921753]], "brockpiece11": [[0.05579295754432678, -0.3617096245288849, -2.0707263946533203], [-10.224339485168457, 27.71170997619629, 66.14700317382812], [0.023447148501873016, 0.6883174180984497, -0.6239317655563354]], "brockpiece12": [[-0.007381778210401535, -0.15279611945152283, -1.4309364557266235], [-11.691572189331055, -11.769600868225098, -1.6369878053665161], [0.057196881622076035, 0.6268966794013977, -0.06759794801473618]], "brockpiece13": [[0.010757699608802795, -0.13899041712284088, -0.9603426456451416], [-26.084928512573242, 1.3567880392074585, 35.7987174987793], [0.10751569271087646, 0.33034080266952515, -0.6997447609901428]], "brockpiece14": [[-0.05874757468700409, -0.0168551504611969, -1.0436108112335205], [-15.121768951416016, -7.198997974395752, 18.265737533569336], [0.1765923947095871, 0.3738964796066284, -0.06937721371650696]], "brockpiece15": [[0.0008424818515777588, -0.00013230741024017334, -0.07292722910642624], [-0.046940580010414124, -0.29370421171188354, 0.13175112009048462], [0.32439151406288147, 0.17386914789676666, 0.1606941819190979]], "brockpiece16": [[-0.10226432979106903, 0.0001248866319656372, -0.3893900215625763], [0.006675045937299728, -16.84040641784668, -0.026523564010858536], [0.2422737032175064, 0.13469432294368744, -0.2985038757324219]], "brockpiece17": [[-0.1199192926287651, 0.42086201906204224, -1.2765530347824097], [-36.62586975097656, -0.7883160710334778, 25.813915252685547], [0.05579742044210434, 0.8304786086082458, -0.06759888678789139]], "brockpiece18": [[0.05451136827468872, 0.31093788146972656, -1.2972828149795532], [-13.691874504089355, -5.314834117889404, -0.15662218630313873], [0.7751116156578064, 1.1647822856903076, 0.4550911784172058]], "brockpiece19": [[0.32285207509994507, -0.575419545173645, -2.788219451904297], [59.88815689086914, -51.25242614746094, 9.78332233428955], [0.04745550453662872, 0.8352649807929993, -0.8555060029029846]], "brockpiece20": [[0.12761995196342468, -0.21043992042541504, -2.371790885925293], [44.229827880859375, -1.5051392316818237, -139.9563751220703], [0.0324799083173275, 0.8903895616531372, 0.1047213077545166]], "brockpiece21": [[0.08608943223953247, 0.255393385887146, -1.473549246788025], [-10.145280838012695, 14.211742401123047, 159.21029663085938], [0.15945503115653992, 1.6952928304672241, 0.277337908744812]], "brockpiece22": [[0.3032815456390381, -1.197084903717041, -4.574738025665283], [-44.62968063354492, 41.915245056152344, 51.80146789550781], [0.5310609936714172, 1.9953807592391968, -0.3219248354434967]], "brockpiece23": [[0.0309956856071949, -0.15256637334823608, -2.689401626586914], [-20.458457946777344, -4.516115188598633, -30.57608985900879], [-0.0681355819106102, 0.8056530356407166, -0.06759854406118393]], "brockpiece24": [[-0.05799165368080139, 0.20460456609725952, -2.7226028442382812], [-19.268367767333984, -2.9796650409698486, -25.23210906982422], [-0.3838520646095276, 0.746596097946167, 0.4647919237613678]], "brockpiece25": [[-0.2748143672943115, 0.39268267154693604, -2.564645290374756], [-15.843154907226562, -3.640622615814209, -0.5423243045806885], [-1.032001256942749, 0.5244100093841553, 0.6970614790916443]], "brockpiece26": [[-0.16250573098659515, -0.027207612991333008, -1.5801655054092407], [10.338135719299316, -13.219887733459473, -51.75881576538086], [-0.012171115726232529, 0.7901149392127991, 0.14576949179172516]], "brockpiece27": [[-0.31964460015296936, -0.6750674247741699, -2.9042131900787354], [-10.756736755371094, 12.893563270568848, -54.77211380004883], [-0.029545554891228676, 0.7074200510978699, -0.5648927092552185]], "brockpiece28": [[-0.34054887294769287, -0.1588476300239563, -1.8546825647354126], [115.67154693603516, 62.28147888183594, -51.62726593017578], [-0.05280172452330589, 0.875779390335083, 0.7411666512489319]], "brockpiece29": [[-0.027235671877861023, -0.07371562719345093, -2.6969432830810547], [-20.508453369140625, 0.5664352774620056, -15.203975677490234], [-0.1528574824333191, 0.604702889919281, -0.03537474945187569]], "brockpiece30": [[-0.06649468839168549, -0.04595828056335449, -2.606583595275879], [-12.221149444580078, -3.2857208251953125, -13.967416763305664], [-0.212638720870018, 0.5194345116615295, -0.6746488809585571]], "brockpiece31": [[-0.09544011950492859, 0.18282994627952576, -2.60945463180542], [-12.221134185791016, -3.285754442214966, -13.967530250549316], [-0.3032321333885193, 0.4032418727874756, 0.2416532039642334]], "brockpiece32": [[0.02533416636288166, -0.12133771181106567, -2.330179214477539], [-25.081281661987305, 28.062715530395508, 26.9029598236084], [-0.014846060425043106, 0.7332823276519775, -0.067598357796669]], "brockpiece33": [[-0.1701950877904892, 0.006017118692398071, -1.374839425086975], [-0.13821794092655182, -3.05190110206604, 2.6354432106018066], [-0.07364655286073685, 0.3388040363788605, 0.1644446849822998]], "brockpiece34": [[-0.04950081184506416, 0.02933374047279358, -1.2672324180603027], [-3.3794968128204346, -8.923055648803711, 3.5989999771118164], [-0.040006935596466064, 0.3192813992500305, -0.5479322671890259]], "brockpiece35": [[0.03889070823788643, -0.11033427715301514, -1.5751837491989136], [-32.166015625, -10.337197303771973, -11.621746063232422], [0.03971529006958008, 0.7414476275444031, -0.4923132658004761]], "brockpiece36": [[-0.10147407650947571, -0.02454078197479248, -1.446277379989624], [-10.047541618347168, -11.477638244628906, -96.1812973022461], [0.04695548489689827, 0.8178877234458923, 0.2522242069244385]], "brockpiece37": [[-0.7407895922660828, -0.3031426668167114, -2.1117007732391357], [-65.76593017578125, 0.028249671682715416, 41.60410690307617], [0.018796933814883232, 0.8953180909156799, 0.6815259456634521]],