{"brockpiece0": [[8.199363946914673e-06, 7.3909759521484375e-06, 2.8789043426513672e-05], [0.00013377569848671556, 6.216541351022897e-06, 0.00018953779363073409], [-0.04771063104271889, 0.8072485327720642, -0.47105833888053894]], "brockpiece1": [[1.0069459676742554e-05, 9.179115295410156e-06, 2.86102294921875e-05], [0.0001438609033357352, -1.6862035408848897e-05, -1.878302646218799e-05], [-0.060903601348400116, 0.894946277141571, 0.4562895596027374]], "brockpiece2": [[8.001923561096191e-06, 7.033348083496094e-06, 2.8848648071289062e-05], [0.00013660384865943342, 2.561321707617026e-06, 0.00011269814422121271], [-0.1568758189678192, 0.8655882477760315, -0.5483085513114929]], "brockpiece3": [[9.73045825958252e-06, 9.000301361083984e-06, 2.8848648071289062e-05], [0.00013873826537746936, 2.4546000076952623e-06, 9.90377739071846e-05], [-0.22012151777744293, 0.9278489947319031, 0.3253736197948456]], "brockpiece4": [[1.004338264465332e-05, 9.179115295410156e-06, 2.9772520065307617e-05], [9.1353795141913e-05, 2.2304844605969265e-05, 0.00011099062248831615], [-0.4135969281196594, 0.9918517470359802, 0.46200042963027954]], "brockpiece5": [[8.374452590942383e-06, 7.3909759521484375e-06, 2.9146671295166016e-05], [0.0001404458307661116, 2.7747653348342283e-06, 0.00010245287558063865], [-0.436776340007782, 0.9646992683410645, -0.3259457051753998]], "brockpiece6": [[8.985400199890137e-06, 8.404254913330078e-06, 2.847611904144287e-05], [0.00013510971621144563, 2.1397709133452736e-05, 6.488682265626267e-05], [-0.01387631893157959, 0.9064578413963318, -0.06759907305240631]], "brockpiece7": [[7.692724466323853e-06, 7.510185241699219e-06, 2.777576446533203e-05], [0.00013985885016154498, 3.4150957617384847e-06, 0.00011184439790667966], [-0.016788214445114136, 1.2991664409637451, -0.5754176378250122]], "brockpiece8": [[9.03010368347168e-06, 8.106231689453125e-06, 2.781301736831665e-05], [0.00015047764463815838, -1.4941044355509803e-05, 0.0002843067341018468], [-0.10184786468744278, 1.4046438932418823, 0.10018877685070038]], "brockpiece9": [[1.01504847407341e-05, 9.59634780883789e-06, 2.8759241104125977e-05], [0.00013236164522822946, 5.3360872698249295e-06, 0.00012635855819098651], [0.009604007937014103, 0.8276886940002441, 0.4656519293785095]], "brockpiece10": [[6.20521605014801e-05, -0.00015050172805786133, 2.822279930114746e-05], [-0.008720447309315205, -0.004488289821892977, 0.019259434193372726], [0.026453230530023575, 0.7262305021286011, -0.09866398572921753]], "brockpiece11": [[7.94045627117157e-06, 7.092952728271484e-06, 2.8789043426513672e-05], [0.00012737908400595188, 3.4684566685427853e-07, 0.00011269817332504317], [0.023447148501873016, 0.6883174180984497, -0.6239317655563354]], "brockpiece12": [[9.156763553619385e-06, 8.046627044677734e-06, 2.9087066650390625e-05], [0.0001390584366163239, 6.8301915234769695e-06, 0.0001366038341075182], [0.057196881622076035, 0.6268966794013977, -0.06759794801473618]], "brockpiece13": [[7.994472980499268e-06, 6.943941116333008e-06, 2.9265880584716797e-05], [0.00014023238327354193, 2.561321707617026e-06, 0.00010928307892754674], [0.10751569271087646, 0.33034080266952515, -0.6997447609901428]], "brockpiece14": [[9.253621101379395e-06, 8.553266525268555e-06, 2.9265880584716797e-05], [0.00011582644219743088, -1.8676305444387253e-06, 0.0001007453101919964], [0.1765923947095871, 0.3738964796066284, -0.06937721371650696]], "brockpiece15": [[8.502602577209473e-05, -0.00010545551776885986, -2.346932888031006e-05], [-0.0012630518758669496, -0.003263017162680626, -0.0013609158340841532], [0.32439151406288147, 0.17386914789676666, 0.1606941819190979]], "brockpiece16": [[8.985400199890137e-06, 7.912516593933105e-06, 2.956390380859375e-05], [0.0020896117202937603, 0.0007568706059828401, 0.002597180427983403], [0.2422737032175064, 0.13469432294368744, -0.2985038757324219]], "brockpiece17": [[9.026378393173218e-06, 8.52346420288086e-06, 2.8520822525024414e-05], [9.967810910893604e-05, 2.646699249453377e-05, 0.0005071416962891817], [0.05579742044210434, 0.8304786086082458, -0.06759888678789139]], "brockpiece18": [[1.0013580322265625e-05, 1.0013580322265625e-05, 2.631545066833496e-05], [-5.1226437790319324e-05, -8.708493987796828e-05, 0.0003244341060053557], [0.7751116156578064, 1.1647822856903076, 0.4550911784172058]], "brockpiece19": [[7.372349500656128e-06, 6.67572021484375e-06, 2.86102294921875e-05], [0.00015133143460843712, -5.506841989699751e-05, 0.00048665120266377926], [0.04745550453662872, 0.8352649807929993, -0.8555060029029846]], "brockpiece20": [[9.354203939437866e-06, 8.761882781982422e-06, 2.857297658920288e-05], [0.0001344693882856518, 2.347878398722969e-05, 0.00025613224715925753], [0.0324799083173275, 0.8903895616531372, 0.1047213077545166]], "brockpiece21": [[9.238719940185547e-06, 9.179115295410156e-06, 2.637505531311035e-05], [3.335054543640581e-06, 0.00010501419455977157, 0.0002612548414617777], [0.15945503115653992, 1.6952928304672241, 0.277337908744812]], "brockpiece22": [[7.987022399902344e-06, 8.463859558105469e-06, 2.568960189819336e-05], [0.00013660384865943342, -3.4150957617384847e-06, 0.00010928307892754674], [0.5310609936714172, 1.9953807592391968, -0.3219248354434967]], "brockpiece23": [[9.052455425262451e-06, 8.165836334228516e-06, 2.882629632949829e-05], [0.00012977364531252533, 3.841982834273949e-05, 0.00031589638092555106], [-0.0681355819106102, 0.8056530356407166, -0.06759854406118393]], "brockpiece24": [[1.0401010513305664e-05, 9.5367431640625e-06, 3.013014793395996e-05], [0.00013660384865943342, 4.268869815859944e-06, 0.00011440569505793974], [-0.3838520646095276, 0.746596097946167, 0.4647919237613678]], "brockpiece25": [[1.049041748046875e-05, 9.47713851928711e-06, 3.129243850708008e-05], [0.0001366038341075182, 5.122643415234052e-06, 0.00012208968109916896], [-1.032001256942749, 0.5244100093841553, 0.6970614790916443]], "brockpiece26": [[9.508803486824036e-06, 8.702278137207031e-06, 2.8699636459350586e-05], [0.00012933340622112155, 7.1903773459780496e-06, 0.00010928306437563151], [-0.012171115726232529, 0.7901149392127991, 0.14576949179172516]], "brockpiece27": [[8.065253496170044e-06, 7.212162017822266e-06, 2.8848648071289062e-05], [0.0001382046757498756, 2.9882087346777553e-06, 0.00012635854363907129], [-0.029545554891228676, 0.7074200510978699, -0.5648927092552185]], "brockpiece28": [[1.0691583156585693e-05, 1.0251998901367188e-05, 2.8967857360839844e-05], [0.0001673396909609437, -8.537739631719887e-06, 0.00013318873243406415], [-0.05280172452330589, 0.875779390335083, 0.7411666512489319]], "brockpiece29": [[9.253621101379395e-06, 8.285045623779297e-06, 2.9500573873519897e-05], [0.00013575008779298514, 8.964626431406941e-06, 0.00016904724179767072], [-0.1528574824333191, 0.604702889919281, -0.03537474945187569]], "brockpiece30": [[7.9423189163208e-06, 6.794929504394531e-06, 2.9981136322021484e-05], [0.0001432205899618566, -7.683965122851077e-06, 7.683964940952137e-05], [-0.212638720870018, 0.5194345116615295, -0.6746488809585571]], "brockpiece31": [[9.775161743164062e-06, 8.881092071533203e-06, 3.038346767425537e-05], [0.00015005076420493424, 4.695756615546998e-06, -8.537738267477835e-07], [-0.3032321333885193, 0.4032418727874756, 0.2416532039642334]], "brockpiece32": [[9.082257747650146e-06, 7.987022399902344e-06, 2.886354923248291e-05], [0.0001247777254320681, 7.427833043038845e-05, 0.00030586449429392815], [-0.014846060425043106, 0.7332823276519775, -0.067598357796669]], "brockpiece33": [[9.804964065551758e-06, 8.910894393920898e-06, 2.9861927032470703e-05], [0.0001356299762846902, -1.5367930245702155e-05, 5.208020957070403e-05], [-0.07364655286073685, 0.3388040363788605, 0.1644446849822998]], "brockpiece34": [[8.337199687957764e-06, 7.331371307373047e-06, 3.0040740966796875e-05], [0.00013913845759816468, 3.4150957617384847e-06, 0.00011632671521510929], [-0.040006935596466064, 0.3192813992500305, -0.5479322671890259]],