{"brockpiece0": [[-0.10513041168451309, -0.5822211503982544, -3.0364761352539062], [13.156495094299316, 13.37633991241455, 136.86917114257812], [-0.04771063104271889, 0.8072485327720642, -0.47105833888053894]], "brockpiece1": [[-0.04172562435269356, 0.06456965208053589, -2.5089199542999268], [-1.2497920989990234, -28.788936614990234, -73.83192443847656], [-0.060903601348400116, 0.894946277141571, 0.4562895596027374]], "brockpiece2": [[-0.06969045102596283, 0.06703919172286987, -2.5705554485321045], [-9.027993202209473, 3.064678430557251, 23.33011245727539], [-0.1568758189678192, 0.8655882477760315, -0.5483085513114929]], "brockpiece3": [[-0.05008958280086517, 0.16851723194122314, -2.750692129135132], [-7.539875507354736, 4.950628757476807, -46.63264465332031], [-0.22012151777744293, 0.9278489947319031, 0.3253736197948456]], "brockpiece4": [[-0.03463301062583923, 0.2523341178894043, -2.749755859375], [-8.955918312072754, 0.31561022996902466, -5.1892924308776855], [-0.4135969281196594, 0.9918517470359802, 0.46200042963027954]], "brockpiece5": [[-0.145097017288208, 0.1438245177268982, -2.5366101264953613], [-10.062827110290527, 1.5671730041503906, 0.48019057512283325], [-0.436776340007782, 0.9646992683410645, -0.3259457051753998]], "brockpiece6": [[0.02628212608397007, -0.2506474256515503, -2.849388599395752], [-4.541130542755127, -5.798457145690918, -47.1176643371582], [-0.01387631893157959, 0.9064578413963318, -0.06759907305240631]], "brockpiece7": [[0.24866671860218048, -0.6244911551475525, -2.983431577682495], [-22.95254135131836, -7.6448974609375, -12.034723281860352], [-0.016788214445114136, 1.2991664409637451, -0.5754176378250122]], "brockpiece8": [[0.19516019523143768, -0.24018990993499756, -3.2679407596588135], [-32.6347770690918, -2.500154495239258, -8.217925071716309], [-0.10184786468744278, 1.4046438932418823, 0.10018877685070038]], "brockpiece9": [[-0.4151144325733185, 0.11424833536148071, -1.5013655424118042], [29.67113494873047, 4.300750255584717, -144.09950256347656], [0.009604007937014103, 0.8276886940002441, 0.4656519293785095]], "brockpiece10": [[0.05699067562818527, -0.22808805108070374, -1.4424442052841187], [5.234425067901611, -13.264443397521973, 179.0650634765625], [0.026453230530023575, 0.7262305021286011, -0.09866398572921753]], "brockpiece11": [[-0.0032465439289808273, -0.02692544460296631, -1.7406351566314697], [-28.36935043334961, 8.92245864868164, 23.180875778198242], [0.023447148501873016, 0.6883174180984497, -0.6239317655563354]], "brockpiece12": [[-0.015519451349973679, -0.13131040334701538, -1.4388140439987183], [-14.61805248260498, -10.661791801452637, 3.3101742267608643], [0.057196881622076035, 0.6268966794013977, -0.06759794801473618]], "brockpiece13": [[0.010616287589073181, -0.13399869203567505, -0.9583785533905029], [-26.85845947265625, 2.0185530185699463, 36.12435531616211], [0.10751569271087646, 0.33034080266952515, -0.6997447609901428]], "brockpiece14": [[-0.06778479367494583, -0.006456166505813599, -1.0470224618911743], [-16.216779708862305, -9.909212112426758, 13.617630958557129], [0.1765923947095871, 0.3738964796066284, -0.06937721371650696]], "brockpiece15": [[0.00024399161338806152, -0.000300481915473938, -0.07293238490819931], [-0.14959071576595306, -0.34609782695770264, 0.4854944348335266], [0.32439151406288147, 0.17386914789676666, 0.1606941819190979]], "brockpiece16": [[-0.10588207840919495, 0.0117940753698349, -0.38980022072792053], [-1.5150954723358154, -16.207231521606445, 2.558511257171631], [0.2422737032175064, 0.13469432294368744, -0.2985038757324219]], "brockpiece17": [[-0.08806848526000977, 0.3796418309211731, -1.2222275733947754], [-27.283702850341797, -11.53404426574707, 9.244386672973633], [0.05579742044210434, 0.8304786086082458, -0.06759888678789139]], "brockpiece18": [[0.051961660385131836, 0.32145237922668457, -1.3232100009918213], [-14.115447998046875, -5.5935282707214355, -0.1994697004556656], [0.7751116156578064, 1.1647822856903076, 0.4550911784172058]], "brockpiece19": [[0.3035306930541992, -0.7373704314231873, -2.60219144821167], [174.4564208984375, 7.4228129386901855, -15.558107376098633], [0.04745550453662872, 0.8352649807929993, -0.8555060029029846]], "brockpiece20": [[0.10994409769773483, -0.16286563873291016, -2.3594870567321777], [28.461339950561523, -13.471661567687988, -98.52983093261719], [0.0324799083173275, 0.8903895616531372, 0.1047213077545166]], "brockpiece21": [[0.0859500914812088, 0.26411235332489014, -1.5057919025421143], [-14.116201400756836, -5.5935187339782715, -0.1993650645017624], [0.15945503115653992, 1.6952928304672241, 0.277337908744812]], "brockpiece22": [[0.1744002103805542, -0.6082661151885986, -3.6623282432556152], [-33.446048736572266, 19.581645965576172, 43.696475982666016], [0.5310609936714172, 1.9953807592391968, -0.3219248354434967]], "brockpiece23": [[-0.072813980281353, -0.03499811887741089, -2.501899480819702], [-14.653250694274902, -6.7703938484191895, -24.672523498535156], [-0.0681355819106102, 0.8056530356407166, -0.06759854406118393]], "brockpiece24": [[-0.1408206820487976, 0.1727544665336609, -2.6621503829956055], [-12.56417179107666, -3.8303773403167725, -13.368374824523926], [-0.3838520646095276, 0.746596097946167, 0.4647919237613678]], "brockpiece25": [[-0.2490617036819458, 0.3317803740501404, -2.516819953918457], [-12.77038860321045, -1.428638219833374, 0.5113833546638489], [-1.032001256942749, 0.5244100093841553, 0.6970614790916443]], "brockpiece26": [[-0.21052640676498413, -0.008312880992889404, -1.5801265239715576], [4.828672409057617, -6.910733222961426, -37.523292541503906], [-0.012171115726232529, 0.7901149392127991, 0.14576949179172516]], "brockpiece27": [[-0.21362614631652832, -0.6681608557701111, -2.933685064315796], [7.473891735076904, -4.401209354400635, -89.51383209228516], [-0.029545554891228676, 0.7074200510978699, -0.5648927092552185]], "brockpiece28": [[-0.3238188624382019, -0.030615925788879395, -1.806635856628418], [7.496301651000977, 79.5306167602539, 144.4176788330078], [-0.05280172452330589, 0.875779390335083, 0.7411666512489319]], "brockpiece29": [[-0.06677980720996857, -0.03816443681716919, -2.6543285846710205], [-16.344532012939453, -0.6766802668571472, -9.159808158874512], [-0.1528574824333191, 0.604702889919281, -0.03537474945187569]], "brockpiece30": [[-0.09227298200130463, -0.017285525798797607, -2.588418960571289], [-10.316551208496094, -2.5258450508117676, -6.565150260925293], [-0.212638720870018, 0.5194345116615295, -0.6746488809585571]], "brockpiece31": [[-0.12627673149108887, 0.16336330771446228, -2.587310791015625], [-10.316544532775879, -2.525865316390991, -6.565253257751465], [-0.3032321333885193, 0.4032418727874756, 0.2416532039642334]], "brockpiece32": [[-0.04881584271788597, -0.14762455224990845, -2.216294765472412], [-28.82847023010254, -10.860854148864746, -14.490761756896973], [-0.014846060425043106, 0.7332823276519775, -0.067598357796669]], "brockpiece33": [[-0.17774417996406555, 0.010045826435089111, -1.376273512840271], [-0.24550074338912964, -3.167649984359741, 4.481590747833252], [-0.07364655286073685, 0.3388040363788605, 0.1644446849822998]], "brockpiece34": [[-0.05504828318953514, 0.03575393557548523, -1.2684459686279297], [-3.9690020084381104, -8.6251859664917, 5.158207893371582], [-0.040006935596466064, 0.3192813992500305, -0.5479322671890259]], "brockpiece35": [[0.04853326454758644, -0.07538217306137085, -1.5539132356643677], [-27.266937255859375, -18.678897857666016, -29.649417877197266], [0.03971529006958008, 0.7414476275444031, -0.4923132658004761]], "brockpiece36": [[-0.13740894198417664, 0.020971596240997314, -1.4633255004882812], [-19.75667953491211, 3.574737548828125, -46.16934585571289], [0.04695548489689827, 0.8178877234458923, 0.2522242069244385]], "brockpiece37": [[-0.5060727596282959, 0.05301624536514282, -1.9200429916381836], [3.9828908443450928, 50.99684143066406, 143.98226928710938], [0.018796933814883232, 0.8953180909156799, 0.6815259456634521]],