{"brockpiece0": [[-0.031165294349193573, -0.5405266284942627, -2.9978818893432617], [15.664352416992188, 18.082056045532227, 156.1653594970703], [-0.04771063104271889, 0.8072485327720642, -0.47105833888053894]], "brockpiece1": [[-0.0885978490114212, 0.06143075227737427, -2.447620153427124], [0.049128104001283646, -23.967100143432617, -64.74807739257812], [-0.060903601348400116, 0.894946277141571, 0.4562895596027374]], "brockpiece2": [[-0.07425099611282349, 0.06713837385177612, -2.531463146209717], [-9.059019088745117, 0.6544742584228516, 21.04374885559082], [-0.1568758189678192, 0.8655882477760315, -0.5483085513114929]], "brockpiece3": [[-0.067619189620018, 0.17383193969726562, -2.6995723247528076], [-5.893401622772217, 2.8136675357818604, -47.36662292480469], [-0.22012151777744293, 0.9278489947319031, 0.3253736197948456]], "brockpiece4": [[-0.052001625299453735, 0.2318180799484253, -2.713947296142578], [-7.640172004699707, -1.3593378067016602, -2.5929787158966064], [-0.4135969281196594, 0.9918517470359802, 0.46200042963027954]], "brockpiece5": [[-0.14438682794570923, 0.1355411410331726, -2.5092427730560303], [-7.986350059509277, 1.181775689125061, 0.819275438785553], [-0.436776340007782, 0.9646992683410645, -0.3259457051753998]], "brockpiece6": [[0.021693065762519836, -0.19794213771820068, -2.7661497592926025], [-4.491454124450684, -4.805469512939453, -38.26805877685547], [-0.01387631893157959, 0.9064578413963318, -0.06759907305240631]], "brockpiece7": [[0.21918465197086334, -0.5088707804679871, -2.809704542160034], [-19.723901748657227, -7.263235092163086, -10.89852237701416], [-0.016788214445114136, 1.2991664409637451, -0.5754176378250122]], "brockpiece8": [[0.15706078708171844, -0.16640973091125488, -3.11370849609375], [-27.172927856445312, -4.106937885284424, -7.371681213378906], [-0.10184786468744278, 1.4046438932418823, 0.10018877685070038]], "brockpiece9": [[-0.3845723867416382, 0.12455993890762329, -1.4732776880264282], [26.760019302368164, 7.523287773132324, -155.39651489257812], [0.009604007937014103, 0.8276886940002441, 0.4656519293785095]], "brockpiece10": [[0.030666159465909004, -0.19481515884399414, -1.434579610824585], [-2.606560468673706, -13.262052536010742, -161.62831115722656], [0.026453230530023575, 0.7262305021286011, -0.09866398572921753]], "brockpiece11": [[-0.00950715783983469, -0.03848540782928467, -1.6884143352508545], [-28.968246459960938, 3.0408809185028076, 14.567404747009277], [0.023447148501873016, 0.6883174180984497, -0.6239317655563354]], "brockpiece12": [[-0.01643712818622589, -0.1231641173362732, -1.4420255422592163], [-15.575952529907227, -9.463793754577637, 5.96890926361084], [0.057196881622076035, 0.6268966794013977, -0.06759794801473618]], "brockpiece13": [[0.024863407015800476, -0.12091434001922607, -0.9681493043899536], [-26.96255874633789, 8.204017639160156, 35.06285095214844], [0.10751569271087646, 0.33034080266952515, -0.6997447609901428]], "brockpiece14": [[-0.06705648452043533, 0.0011758208274841309, -1.0431876182556152], [-15.656414031982422, -10.668137550354004, 13.649120330810547], [0.1765923947095871, 0.3738964796066284, -0.06937721371650696]], "brockpiece15": [[0.0015118420124053955, -0.0001595616340637207, -0.07249781489372253], [-0.02206084504723549, -0.34186166524887085, 0.0607231967151165], [0.32439151406288147, 0.17386914789676666, 0.1606941819190979]], "brockpiece16": [[-0.10552924871444702, 0.0157536119222641, -0.38696524500846863], [-1.8197455406188965, -16.025178909301758, 2.4259214401245117], [0.2422737032175064, 0.13469432294368744, -0.2985038757324219]], "brockpiece17": [[-0.09262805432081223, 0.36446207761764526, -1.189084529876709], [-24.23766326904297, -12.822724342346191, 6.781097888946533], [0.05579742044210434, 0.8304786086082458, -0.06759888678789139]], "brockpiece18": [[0.044680655002593994, 0.31124210357666016, -1.328418254852295], [-14.004536628723145, -5.74057674407959, -0.05685621500015259], [0.7751116156578064, 1.1647822856903076, 0.4550911784172058]], "brockpiece19": [[0.2915801405906677, -0.7260916829109192, -2.5364956855773926], [-155.25271606445312, 16.437021255493164, -3.4590814113616943], [0.04745550453662872, 0.8352649807929993, -0.8555060029029846]], "brockpiece20": [[0.09428370743989944, -0.13896054029464722, -2.3242199420928955], [25.649995803833008, -14.745837211608887, -91.25940704345703], [0.0324799083173275, 0.8903895616531372, 0.1047213077545166]], "brockpiece21": [[0.07833172380924225, 0.2530374526977539, -1.5115901231765747], [-14.00495719909668, -5.740128993988037, -0.056511204689741135], [0.15945503115653992, 1.6952928304672241, 0.277337908744812]], "brockpiece22": [[0.13823187351226807, -0.5021865367889404, -3.45755672454834], [-31.624500274658203, 15.721166610717773, 41.51521301269531], [0.5310609936714172, 1.9953807592391968, -0.3219248354434967]], "brockpiece23": [[-0.07992156594991684, 0.030765533447265625, -2.469116449356079], [-8.121440887451172, -7.28057336807251, -23.145183563232422], [-0.0681355819106102, 0.8056530356407166, -0.06759854406118393]], "brockpiece24": [[-0.1471160650253296, 0.1587623953819275, -2.6385810375213623], [-9.943815231323242, -4.438573837280273, -10.38780689239502], [-0.3838520646095276, 0.746596097946167, 0.4647919237613678]], "brockpiece25": [[-0.22998440265655518, 0.3105408549308777, -2.5060245990753174], [-10.82547378540039, -1.3504351377487183, 1.3432484865188599], [-1.032001256942749, 0.5244100093841553, 0.6970614790916443]], "brockpiece26": [[-0.22780385613441467, -0.014519572257995605, -1.5760074853897095], [2.239959716796875, -7.054266929626465, -32.31290817260742], [-0.012171115726232529, 0.7901149392127991, 0.14576949179172516]], "brockpiece27": [[-0.20904001593589783, -0.6342570185661316, -2.9112281799316406], [11.27689266204834, 9.790301322937012, -87.23121643066406], [-0.029545554891228676, 0.7074200510978699, -0.5648927092552185]], "brockpiece28": [[-0.313094824552536, -0.016839981079101562, -1.7932720184326172], [-8.334881782531738, 73.98017120361328, 120.24899291992188], [-0.05280172452330589, 0.875779390335083, 0.7411666512489319]], "brockpiece29": [[-0.08041180670261383, -0.011608302593231201, -2.6383705139160156], [-13.740885734558105, -1.473984718322754, -8.004020690917969], [-0.1528574824333191, 0.604702889919281, -0.03537474945187569]], "brockpiece30": [[-0.09659980237483978, -0.012069165706634521, -2.5795435905456543], [-9.42768383026123, -2.1572818756103516, -4.780328750610352], [-0.212638720870018, 0.5194345116615295, -0.6746488809585571]], "brockpiece31": [[-0.12788480520248413, 0.14991363883018494, -2.576948404312134], [-9.427671432495117, -2.1572952270507812, -4.780433177947998], [-0.3032321333885193, 0.4032418727874756, 0.2416532039642334]], "brockpiece32": [[-0.06861740350723267, -0.15456664562225342, -2.185533046722412], [-24.469308853149414, -19.97150230407715, -26.145092010498047], [-0.014846060425043106, 0.7332823276519775, -0.067598357796669]], "brockpiece33": [[-0.17887499928474426, 0.010468840599060059, -1.3764677047729492], [-0.26182931661605835, -3.1643900871276855, 4.728148937225342], [-0.07364655286073685, 0.3388040363788605, 0.1644446849822998]], "brockpiece34": [[-0.05489286407828331, 0.03734263777732849, -1.269376516342163], [-4.224642753601074, -8.651756286621094, 5.082797527313232], [-0.040006935596466064, 0.3192813992500305, -0.5479322671890259]], "brockpiece35": [[0.05209089443087578, -0.0750359296798706, -1.5584770441055298], [-20.7955322265625, -23.387420654296875, -40.188751220703125], [0.03971529006958008, 0.7414476275444031, -0.4923132658004761]], "brockpiece36": [[-0.14128927886486053, 0.0181465744972229, -1.4599486589431763], [-17.615373611450195, 9.552277565002441, -34.36304473876953], [0.04695548489689827, 0.8178877234458923, 0.2522242069244385]], "brockpiece37": [[-0.4621589779853821, 0.08805733919143677, -1.868260383605957], [21.384502410888672, 43.57314682006836, 170.47274780273438], [0.018796933814883232, 0.8953180909156799, 0.6815259456634521]],