{"brockpiece0": [[-0.2183547019958496, -0.6428420543670654, -3.0660252571105957], [54.848697662353516, 6.142520427703857, 90.08929443359375], [-0.04771063104271889, 0.8072485327720642, -0.47105833888053894]], "brockpiece1": [[0.17914538085460663, 0.01766955852508545, -2.8130674362182617], [51.403507232666016, -53.059627532958984, -151.68516540527344], [-0.060903601348400116, 0.894946277141571, 0.4562895596027374]], "brockpiece2": [[0.11076229810714722, -0.14979565143585205, -2.6841495037078857], [-14.241524696350098, 11.422022819519043, -57.67546844482422], [-0.1568758189678192, 0.8655882477760315, -0.5483085513114929]], "brockpiece3": [[0.06797672808170319, 0.10608577728271484, -2.9152510166168213], [-19.838459014892578, 3.0087835788726807, -81.41600036621094], [-0.22012151777744293, 0.9278489947319031, 0.3253736197948456]], "brockpiece4": [[0.12079891562461853, 0.25878918170928955, -2.8601877689361572], [-12.101529121398926, 11.855456352233887, -19.956262588500977], [-0.4135969281196594, 0.9918517470359802, 0.46200042963027954]], "brockpiece5": [[-0.10637557506561279, 0.15468913316726685, -2.609785795211792], [-15.562850952148438, 6.7043304443359375, 0.3229559063911438], [-0.436776340007782, 0.9646992683410645, -0.3259457051753998]], "brockpiece6": [[0.10893338173627853, -0.6424412727355957, -3.1993861198425293], [9.436055183410645, -13.502937316894531, -108.4617919921875], [-0.01387631893157959, 0.9064578413963318, -0.06759907305240631]], "brockpiece7": [[0.46820592880249023, -0.7883424162864685, -3.566383123397827], [-55.86843490600586, -4.81840705871582, -26.402616500854492], [-0.016788214445114136, 1.2991664409637451, -0.5754176378250122]], "brockpiece8": [[0.45661622285842896, -0.41831260919570923, -4.014893531799316], [-67.5140151977539, 2.762599468231201, -21.41667938232422], [-0.10184786468744278, 1.4046438932418823, 0.10018877685070038]], "brockpiece9": [[-0.6297842264175415, -0.3127869963645935, -1.6823755502700806], [27.538158416748047, -42.85308074951172, -66.69044494628906], [0.009604007937014103, 0.8276886940002441, 0.4656519293785095]], "brockpiece10": [[0.0510934442281723, -0.243775874376297, -1.4089012145996094], [19.18264389038086, 4.188609600067139, -173.5245361328125], [0.026453230530023575, 0.7262305021286011, -0.09866398572921753]], "brockpiece11": [[0.04512156546115875, -0.4582291543483734, -2.0712528228759766], [-10.197369575500488, 41.86982345581055, 75.93702697753906], [0.023447148501873016, 0.6883174180984497, -0.6239317655563354]], "brockpiece12": [[-0.0033878013491630554, -0.15557482838630676, -1.4298057556152344], [-11.059961318969727, -11.121308326721191, -0.9693860411643982], [0.057196881622076035, 0.6268966794013977, -0.06759794801473618]], "brockpiece13": [[0.010077714920043945, -0.1396961659193039, -0.9610997438430786], [-25.335186004638672, 0.9560816884040833, 34.81963348388672], [0.10751569271087646, 0.33034080266952515, -0.6997447609901428]], "brockpiece14": [[-0.056383535265922546, -0.023955702781677246, -1.0425418615341187], [-14.003410339355469, -7.109570026397705, 17.90825843811035], [0.1765923947095871, 0.3738964796066284, -0.06937721371650696]], "brockpiece15": [[0.0008493959903717041, -0.0002139955759048462, -0.07282279431819916], [-0.061389680951833725, -0.28391578793525696, 0.1878175288438797], [0.32439151406288147, 0.17386914789676666, 0.1606941819190979]], "brockpiece16": [[-0.10288791358470917, -0.00025391578674316406, -0.38984331488609314], [-0.027836265042424202, -16.988933563232422, 0.05388350039720535], [0.2422737032175064, 0.13469432294368744, -0.2985038757324219]], "brockpiece17": [[-0.12789757549762726, 0.41642123460769653, -1.275068998336792], [-37.443763732910156, 4.318160057067871, 32.1241340637207], [0.05579742044210434, 0.8304786086082458, -0.06759888678789139]], "brockpiece18": [[0.05376678705215454, 0.30146515369415283, -1.2844908237457275], [-13.224790573120117, -5.293679237365723, -0.14984309673309326], [0.7751116156578064, 1.1647822856903076, 0.4550911784172058]], "brockpiece19": [[0.365831583738327, -0.6167132258415222, -2.793210983276367], [6.187986373901367, -39.416404724121094, 43.034812927246094], [0.04745550453662872, 0.8352649807929993, -0.8555060029029846]], "brockpiece20": [[0.13919293880462646, -0.20122265815734863, -2.3644349575042725], [42.04120635986328, 13.756975173950195, -157.9346466064453], [0.0324799083173275, 0.8903895616531372, 0.1047213077545166]], "brockpiece21": [[0.08480346202850342, 0.24826574325561523, -1.4566863775253296], [-13.224283218383789, -5.293191909790039, -0.14988671243190765], [0.15945503115653992, 1.6952928304672241, 0.277337908744812]], "brockpiece22": [[0.26329368352890015, -1.2079100608825684, -4.740004539489746], [-58.254676818847656, 54.110565185546875, 49.09690475463867], [0.5310609936714172, 1.9953807592391968, -0.3219248354434967]], "brockpiece23": [[0.05087912455201149, -0.22402411699295044, -2.739755868911743], [-20.985435485839844, -4.63500452041626, -34.635894775390625], [-0.0681355819106102, 0.8056530356407166, -0.06759854406118393]], "brockpiece24": [[-0.027301430702209473, 0.1862010955810547, -2.7272207736968994], [-18.700912475585938, -2.0064892768859863, -26.95882225036621], [-0.3838520646095276, 0.746596097946167, 0.4647919237613678]], "brockpiece25": [[-0.2806175947189331, 0.39518600702285767, -2.5667481422424316], [-14.979581832885742, -4.283555030822754, -0.3289012014865875], [-1.032001256942749, 0.5244100093841553, 0.6970614790916443]], "brockpiece26": [[-0.15766726434230804, -0.03216320276260376, -1.5804827213287354], [10.36764907836914, -18.349721908569336, -50.12855911254883], [-0.012171115726232529, 0.7901149392127991, 0.14576949179172516]], "brockpiece27": [[-0.31537169218063354, -0.6727850437164307, -2.8980915546417236], [-6.071353912353516, 17.513259887695312, -32.22980880737305], [-0.029545554891228676, 0.7074200510978699, -0.5648927092552185]], "brockpiece28": [[-0.3304149806499481, -0.24636322259902954, -1.8670276403427124], [112.5880355834961, 47.95912551879883, -26.4519100189209], [-0.05280172452330589, 0.875779390335083, 0.7411666512489319]], "brockpiece29": [[-0.009107500314712524, -0.10627016425132751, -2.6998512744903564], [-19.14167022705078, 1.6011378765106201, -15.039753913879395], [-0.1528574824333191, 0.604702889919281, -0.03537474945187569]], "brockpiece30": [[-0.0531209260225296, -0.0828867256641388, -2.607224464416504], [-13.189303398132324, -3.981924295425415, -17.830432891845703], [-0.212638720870018, 0.5194345116615295, -0.6746488809585571]], "brockpiece31": [[-0.07990959286689758, 0.1718522608280182, -2.613389492034912], [-13.189276695251465, -3.9819560050964355, -17.83054542541504], [-0.3032321333885193, 0.4032418727874756, 0.2416532039642334]], "brockpiece32": [[0.05790213122963905, -0.12652772665023804, -2.332315444946289], [-10.52720832824707, 38.25859069824219, 49.9905891418457], [-0.014846060425043106, 0.7332823276519775, -0.067598357796669]], "brockpiece33": [[-0.16785714030265808, 0.004810243844985962, -1.374277949333191], [-0.11083347350358963, -3.029606342315674, 2.0821409225463867], [-0.07364655286073685, 0.3388040363788605, 0.1644446849822998]], "brockpiece34": [[-0.047812242060899734, 0.027499288320541382, -1.2671828269958496], [-3.200080156326294, -8.754398345947266, 3.1252918243408203], [-0.040006935596466064, 0.3192813992500305, -0.5479322671890259]], "brockpiece35": [[0.03848086670041084, -0.11761122941970825, -1.572560429573059], [-31.295007705688477, -10.26561450958252, -11.945429801940918], [0.03971529006958008, 0.7414476275444031, -0.4923132658004761]], "brockpiece36": [[-0.08124450594186783, -0.03960031270980835, -1.434859275817871], [-9.08867073059082, -17.480676651000977, -105.98246002197266], [0.04695548489689827, 0.8178877234458923, 0.2522242069244385]], "brockpiece37": [[-0.8591241836547852, -0.567176878452301, -2.1899099349975586], [-65.48009490966797, -34.09061813354492, 21.868852615356445], [0.018796933814883232, 0.8953180909156799, 0.6815259456634521]],