{"brockpiece0": [[-0.20835217833518982, -0.6371472477912903, -3.067019462585449], [40.83351516723633, 9.62071704864502, 90.70767974853516], [-0.04771063104271889, 0.8072485327720642, -0.47105833888053894]], "brockpiece1": [[0.1289507895708084, 0.03300231695175171, -2.7722208499908447], [9.909435272216797, -52.9319953918457, -111.4779052734375], [-0.060903601348400116, 0.894946277141571, 0.4562895596027374]], "brockpiece2": [[0.019345596432685852, -0.004605710506439209, -2.6381490230560303], [-7.011841773986816, 9.743366241455078, -11.65084171295166], [-0.1568758189678192, 0.8655882477760315, -0.5483085513114929]], "brockpiece3": [[0.0446120947599411, 0.14316368103027344, -2.8603994846343994], [-18.92275619506836, 13.161130905151367, -55.823543548583984], [-0.22012151777744293, 0.9278489947319031, 0.3253736197948456]], "brockpiece4": [[0.04411163926124573, 0.2942063808441162, -2.8347866535186768], [-11.150666236877441, 6.90489387512207, -14.387175559997559], [-0.4135969281196594, 0.9918517470359802, 0.46200042963027954]], "brockpiece5": [[-0.13237178325653076, 0.16187113523483276, -2.5978763103485107], [-16.24306297302246, 4.423248291015625, 1.3804497718811035], [-0.436776340007782, 0.9646992683410645, -0.3259457051753998]], "brockpiece6": [[0.023045750334858894, -0.5610795021057129, -3.1402809619903564], [-1.0068325996398926, -13.117584228515625, -82.22440338134766], [-0.01387631893157959, 0.9064578413963318, -0.06759907305240631]], "brockpiece7": [[0.3738824427127838, -0.7713272571563721, -3.3953442573547363], [-39.431697845458984, -7.277585983276367, -18.718793869018555], [-0.016788214445114136, 1.2991664409637451, -0.5754176378250122]], "brockpiece8": [[0.34601107239723206, -0.4224097728729248, -3.7756214141845703], [-53.72315216064453, 1.8445662260055542, -14.683959007263184], [-0.10184786468744278, 1.4046438932418823, 0.10018877685070038]], "brockpiece9": [[-0.5363839268684387, -0.0480007529258728, -1.60477876663208], [36.793331146240234, -20.478145599365234, -101.47955322265625], [0.009604007937014103, 0.8276886940002441, 0.4656519293785095]], "brockpiece10": [[0.04279421269893646, -0.23468098044395447, -1.4149487018585205], [20.549468994140625, 5.112943172454834, -173.4782257080078], [0.026453230530023575, 0.7262305021286011, -0.09866398572921753]], "brockpiece11": [[0.05823535472154617, -0.2955416142940521, -2.0390851497650146], [-11.174939155578613, 23.561655044555664, 59.794944763183594], [0.023447148501873016, 0.6883174180984497, -0.6239317655563354]], "brockpiece12": [[-0.009260520339012146, -0.1514762043952942, -1.4307502508163452], [-11.756180763244629, -12.295683860778809, -2.7998392581939697], [0.057196881622076035, 0.6268966794013977, -0.06759794801473618]], "brockpiece13": [[0.010583572089672089, -0.13835516571998596, -0.9592615365982056], [-26.262495040893555, 2.3341917991638184, 36.64051055908203], [0.10751569271087646, 0.33034080266952515, -0.6997447609901428]], "brockpiece14": [[-0.06156965345144272, -0.013065904378890991, -1.0430691242218018], [-15.490813255310059, -7.448663711547852, 18.108943939208984], [0.1765923947095871, 0.3738964796066284, -0.06937721371650696]], "brockpiece15": [[-0.00027000904083251953, -0.0002758204936981201, -0.07323110103607178], [-0.16449981927871704, -0.30396169424057007, 0.532987117767334], [0.32439151406288147, 0.17386914789676666, 0.1606941819190979]], "brockpiece16": [[-0.1003645658493042, 0.0011338144540786743, -0.3870498836040497], [0.22556480765342712, -16.54270362854004, -0.4677690267562866], [0.2422737032175064, 0.13469432294368744, -0.2985038757324219]], "brockpiece17": [[-0.11623406410217285, 0.4150545001029968, -1.2658119201660156], [-35.90507888793945, -3.068105936050415, 22.51954460144043], [0.05579742044210434, 0.8304786086082458, -0.06759888678789139]], "brockpiece18": [[0.05513828992843628, 0.315743088722229, -1.30269455909729], [-13.879122734069824, -5.328496932983398, -0.1780490279197693], [0.7751116156578064, 1.1647822856903076, 0.4550911784172058]], "brockpiece19": [[0.30049049854278564, -0.5790636539459229, -2.7824902534484863], [88.6006851196289, -47.1186637878418, -7.670720100402832], [0.04745550453662872, 0.8352649807929993, -0.8555060029029846]], "brockpiece20": [[0.12068165093660355, -0.218547523021698, -2.364133596420288], [41.448848724365234, -6.531121253967285, -131.5161895751953], [0.0324799083173275, 0.8903895616531372, 0.1047213077545166]], "brockpiece21": [[0.08711741864681244, 0.2594360113143921, -1.4806407690048218], [-10.320873260498047, 14.29052448272705, 159.2151336669922], [0.15945503115653992, 1.6952928304672241, 0.277337908744812]], "brockpiece22": [[0.3189600706100464, -1.1974310874938965, -4.478429794311523], [-39.42572021484375, 36.063682556152344, 51.21416091918945], [0.5310609936714172, 1.9953807592391968, -0.3219248354434967]], "brockpiece23": [[0.016536448150873184, -0.1100226640701294, -2.6504364013671875], [-19.20564079284668, -4.615877628326416, -28.664220809936523], [-0.0681355819106102, 0.8056530356407166, -0.06759854406118393]], "brockpiece24": [[-0.07478249073028564, 0.20542597770690918, -2.7182013988494873], [-19.030357360839844, -3.182446002960205, -24.26114845275879], [-0.3838520646095276, 0.746596097946167, 0.4647919237613678]], "brockpiece25": [[-0.27106237411499023, 0.3876357078552246, -2.5597329139709473], [-15.97053337097168, -3.0885183811187744, -0.6342106461524963], [-1.032001256942749, 0.5244100093841553, 0.6970614790916443]], "brockpiece26": [[-0.16835227608680725, -0.01268458366394043, -1.5836548805236816], [9.595656394958496, -11.176005363464355, -50.437461853027344], [-0.012171115726232529, 0.7901149392127991, 0.14576949179172516]], "brockpiece27": [[-0.31579315662384033, -0.6726864576339722, -2.9102652072906494], [-12.707682609558105, 4.592661380767822, -67.29545593261719], [-0.029545554891228676, 0.7074200510978699, -0.5648927092552185]], "brockpiece28": [[-0.34492558240890503, -0.12722504138946533, -1.8476635217666626], [113.77125549316406, 69.07691955566406, -66.53504180908203], [-0.05280172452330589, 0.875779390335083, 0.7411666512489319]], "brockpiece29": [[-0.03428769111633301, -0.06845253705978394, -2.693784236907959], [-20.72404670715332, 0.21621619164943695, -14.927364349365234], [-0.1528574824333191, 0.604702889919281, -0.03537474945187569]], "brockpiece30": [[-0.07206790149211884, -0.03711742162704468, -2.6044111251831055], [-11.948042869567871, -3.105959177017212, -12.407661437988281], [-0.212638720870018, 0.5194345116615295, -0.6746488809585571]], "brockpiece31": [[-0.10219636559486389, 0.18347910046577454, -2.6064653396606445], [-11.94803524017334, -3.105978488922119, -12.407751083374023], [-0.3032321333885193, 0.4032418727874756, 0.2416532039642334]], "brockpiece32": [[0.009379622526466846, -0.12759673595428467, -2.322338104248047], [-28.734554290771484, 21.414892196655273, 18.2088680267334], [-0.014846060425043106, 0.7332823276519775, -0.067598357796669]], "brockpiece33": [[-0.1715899109840393, 0.006804436445236206, -1.3751906156539917], [-0.16323180496692657, -3.06292986869812, 3.0050251483917236], [-0.07364655286073685, 0.3388040363788605, 0.1644446849822998]], "brockpiece34": [[-0.051422614604234695, 0.03051111102104187, -1.2672173976898193], [-3.4517033100128174, -8.801989555358887, 4.027030944824219], [-0.040006935596466064, 0.3192813992500305, -0.5479322671890259]], "brockpiece35": [[0.04083749279379845, -0.09911161661148071, -1.5637558698654175], [-30.47721290588379, -11.608911514282227, -16.682579040527344], [0.03971529006958008, 0.7414476275444031, -0.4923132658004761]], "brockpiece36": [[-0.10955226421356201, -0.016383111476898193, -1.4499273300170898], [-10.375277519226074, -10.107288360595703, -91.14230346679688], [0.04695548489689827, 0.8178877234458923, 0.2522242069244385]], "brockpiece37": [[-0.6875404119491577, -0.19591140747070312, -2.074939727783203], [-62.009559631347656, 16.3792667388916, 52.37371063232422], [0.018796933814883232, 0.8953180909156799, 0.6815259456634521]],