{"brockpiece0": [[-0.13524994254112244, -0.6272275447845459, -3.0596542358398438], [17.825672149658203, 5.553889751434326, 117.1012191772461], [-0.04771063104271889, 0.8072485327720642, -0.47105833888053894]], "brockpiece1": [[0.0036825500428676605, 0.04776889085769653, -2.581286668777466], [-1.1595968008041382, -34.53841018676758, -82.40009307861328], [-0.060903601348400116, 0.894946277141571, 0.4562895596027374]], "brockpiece2": [[-0.05314423143863678, 0.06732892990112305, -2.582871675491333], [-7.163311958312988, 4.786387920379639, 23.743532180786133], [-0.1568758189678192, 0.8655882477760315, -0.5483085513114929]], "brockpiece3": [[-0.02190151810646057, 0.1611487865447998, -2.793445110321045], [-9.791548728942871, 7.393795967102051, -47.225894927978516], [-0.22012151777744293, 0.9278489947319031, 0.3253736197948456]], "brockpiece4": [[-0.01714453101158142, 0.26749181747436523, -2.776538372039795], [-9.962661743164062, 1.9510380029678345, -7.7577009201049805], [-0.4135969281196594, 0.9918517470359802, 0.46200042963027954]], "brockpiece5": [[-0.14449524879455566, 0.14866572618484497, -2.5572917461395264], [-12.31707763671875, 1.9626619815826416, 0.308529794216156], [-0.436776340007782, 0.9646992683410645, -0.3259457051753998]], "brockpiece6": [[0.027004722505807877, -0.30503368377685547, -2.922348976135254], [-4.539384365081787, -7.582596778869629, -55.7888298034668], [-0.01387631893157959, 0.9064578413963318, -0.06759907305240631]], "brockpiece7": [[0.27818527817726135, -0.7558979988098145, -3.157320737838745], [-26.177841186523438, -8.121915817260742, -13.134495735168457], [-0.016788214445114136, 1.2991664409637451, -0.5754176378250122]], "brockpiece8": [[0.23332616686820984, -0.32893896102905273, -3.421091318130493], [-38.112548828125, -1.0169297456741333, -9.267330169677734], [-0.10184786468744278, 1.4046438932418823, 0.10018877685070038]], "brockpiece9": [[-0.4456179141998291, 0.09151321649551392, -1.5280430316925049], [32.850860595703125, -0.6775400638580322, -132.89720153808594], [0.009604007937014103, 0.8276886940002441, 0.4656519293785095]], "brockpiece10": [[0.044370584189891815, -0.23444026708602905, -1.4304826259613037], [7.353489875793457, -4.801861763000488, 171.4254150390625], [0.026453230530023575, 0.7262305021286011, -0.09866398572921753]], "brockpiece11": [[0.007166057825088501, -0.058882057666778564, -1.8101778030395508], [-25.61454963684082, 13.937424659729004, 32.204994201660156], [0.023447148501873016, 0.6883174180984497, -0.6239317655563354]], "brockpiece12": [[-0.0135764479637146, -0.13937848806381226, -1.4346954822540283], [-13.602776527404785, -11.73992919921875, 0.572681188583374], [0.057196881622076035, 0.6268966794013977, -0.06759794801473618]], "brockpiece13": [[0.010028824210166931, -0.1388431042432785, -0.9580738544464111], [-25.89276695251465, 0.35617372393608093, 33.990760803222656], [0.10751569271087646, 0.33034080266952515, -0.6997447609901428]], "brockpiece14": [[-0.06810446083545685, -0.006067782640457153, -1.0459493398666382], [-16.438268661499023, -9.164572715759277, 14.44936752319336], [0.1765923947095871, 0.3738964796066284, -0.06937721371650696]], "brockpiece15": [[-0.0006241202354431152, -0.0003672391176223755, -0.07323024421930313], [-0.2284761220216751, -0.3352380692958832, 0.7407248020172119], [0.32439151406288147, 0.17386914789676666, 0.1606941819190979]], "brockpiece16": [[-0.10794319212436676, 0.004553645849227905, -0.3885481059551239], [-0.878686785697937, -16.366413116455078, 2.6577463150024414], [0.2422737032175064, 0.13469432294368744, -0.2985038757324219]], "brockpiece17": [[-0.0944606140255928, 0.3949586749076843, -1.2423104047775269], [-30.042613983154297, -10.159287452697754, 11.91360092163086], [0.05579742044210434, 0.8304786086082458, -0.06759888678789139]], "brockpiece18": [[0.05479633808135986, 0.32434093952178955, -1.3179188966751099], [-14.158461570739746, -5.47965669631958, -0.23520933091640472], [0.7751116156578064, 1.1647822856903076, 0.4550911784172058]], "brockpiece19": [[0.30645185708999634, -0.7111860513687134, -2.659569263458252], [151.3638458251953, -6.098408222198486, -22.362707138061523], [0.04745550453662872, 0.8352649807929993, -0.8555060029029846]], "brockpiece20": [[0.11645994335412979, -0.18174856901168823, -2.3745362758636475], [31.41073226928711, -12.555439949035645, -105.28067779541016], [0.0324799083173275, 0.8903895616531372, 0.1047213077545166]], "brockpiece21": [[0.0883994847536087, 0.267142653465271, -1.4996925592422485], [-14.158102035522461, -5.479390621185303, -0.2353113293647766], [0.15945503115653992, 1.6952928304672241, 0.277337908744812]], "brockpiece22": [[0.21052348613739014, -0.7308615446090698, -3.866860866546631], [-35.1263542175293, 23.558032989501953, 45.74679183959961], [0.5310609936714172, 1.9953807592391968, -0.3219248354434967]], "brockpiece23": [[-0.04149344563484192, -0.04354429244995117, -2.540292263031006], [-15.744349479675293, -5.007924556732178, -23.324033737182617], [-0.0681355819106102, 0.8056530356407166, -0.06759854406118393]], "brockpiece24": [[-0.12745654582977295, 0.18225687742233276, -2.681756019592285], [-14.988409996032715, -3.498241662979126, -16.428598403930664], [-0.3838520646095276, 0.746596097946167, 0.4647919237613678]], "brockpiece25": [[-0.26164376735687256, 0.34613102674484253, -2.528852939605713], [-14.366296768188477, -1.6512805223464966, -0.13631391525268555], [-1.032001256942749, 0.5244100093841553, 0.6970614790916443]], "brockpiece26": [[-0.19300135970115662, -0.008440136909484863, -1.5795481204986572], [6.513985633850098, -7.1398396492004395, -42.23879623413086], [-0.012171115726232529, 0.7901149392127991, 0.14576949179172516]], "brockpiece27": [[-0.24908187985420227, -0.6433281898498535, -2.9331703186035156], [1.309072494506836, -12.882158279418945, -89.15328216552734], [-0.029545554891228676, 0.7074200510978699, -0.5648927092552185]], "brockpiece28": [[-0.3296780288219452, -0.04990816116333008, -1.8183423280715942], [45.53391647338867, 82.83390808105469, -168.0300750732422], [-0.05280172452330589, 0.875779390335083, 0.7411666512489319]], "brockpiece29": [[-0.0533081591129303, -0.05334055423736572, -2.665951728820801], [-18.321151733398438, -0.033456843346357346, -11.155835151672363], [-0.1528574824333191, 0.604702889919281, -0.03537474945187569]], "brockpiece30": [[-0.08636273443698883, -0.026816725730895996, -2.5903759002685547], [-11.023028373718262, -2.6439859867095947, -7.94003963470459], [-0.212638720870018, 0.5194345116615295, -0.6746488809585571]], "brockpiece31": [[-0.11905595660209656, 0.16831925511360168, -2.5902223587036133], [-11.023016929626465, -2.6440036296844482, -7.940138816833496], [-0.3032321333885193, 0.4032418727874756, 0.2416532039642334]], "brockpiece32": [[-0.03580041229724884, -0.15170681476593018, -2.2500579357147217], [-30.662446975708008, -1.1655550003051758, -3.507993698120117], [-0.014846060425043106, 0.7332823276519775, -0.067598357796669]], "brockpiece33": [[-0.17459270358085632, 0.008800983428955078, -1.3758714199066162], [-0.20576579868793488, -3.170518636703491, 3.8600707054138184], [-0.07364655286073685, 0.3388040363788605, 0.1644446849822998]], "brockpiece34": [[-0.05501290783286095, 0.033780425786972046, -1.2669322490692139], [-3.6414573192596436, -8.39155387878418, 5.24656867980957], [-0.040006935596466064, 0.3192813992500305, -0.5479322671890259]], "brockpiece35": [[0.0425826795399189, -0.08401501178741455, -1.555080771446228], [-30.590621948242188, -13.980245590209961, -23.11095428466797], [0.03971529006958008, 0.7414476275444031, -0.4923132658004761]], "brockpiece36": [[-0.13267657160758972, 0.01635843515396118, -1.4612303972244263], [-19.249631881713867, -2.5487418174743652, -57.84894943237305], [0.04695548489689827, 0.8178877234458923, 0.2522242069244385]], "brockpiece37": [[-0.548370361328125, 0.018379688262939453, -1.9616856575012207], [-20.79197120666504, 51.42301559448242, 112.42225646972656], [0.018796933814883232, 0.8953180909156799, 0.6815259456634521]],