{"brockpiece0": [[-0.19312331080436707, -0.6321243047714233, -3.068336009979248], [34.86111831665039, 8.408671379089355, 94.27632141113281], [-0.04771063104271889, 0.8072485327720642, -0.47105833888053894]], "brockpiece1": [[0.07144726067781448, 0.014724314212799072, -2.7368967533111572], [4.658625602722168, -46.777557373046875, -101.78585052490234], [-0.060903601348400116, 0.894946277141571, 0.4562895596027374]], "brockpiece2": [[-0.010724946856498718, 0.024592697620391846, -2.6276357173919678], [-5.897652626037598, 8.879246711730957, 3.5045268535614014], [-0.1568758189678192, 0.8655882477760315, -0.5483085513114929]], "brockpiece3": [[0.01860247552394867, 0.14772629737854004, -2.842973232269287], [-16.148630142211914, 11.279825210571289, -52.3162841796875], [-0.22012151777744293, 0.9278489947319031, 0.3253736197948456]], "brockpiece4": [[0.018246740102767944, 0.28872084617614746, -2.8193435668945312], [-10.714866638183594, 5.371559143066406, -12.728806495666504], [-0.4135969281196594, 0.9918517470359802, 0.46200042963027954]], "brockpiece5": [[-0.14212524890899658, 0.15756231546401978, -2.587585687637329], [-15.760697364807129, 3.3182809352874756, 1.1292963027954102], [-0.436776340007782, 0.9646992683410645, -0.3259457051753998]], "brockpiece6": [[0.02110580913722515, -0.46182146668434143, -3.072716236114502], [-2.6110424995422363, -11.461030006408691, -73.2490463256836], [-0.01387631893157959, 0.9064578413963318, -0.06759907305240631]], "brockpiece7": [[0.3523525297641754, -0.7768383026123047, -3.3293464183807373], [-34.31321716308594, -7.365220069885254, -17.567955017089844], [-0.016788214445114136, 1.2991664409637451, -0.5754176378250122]], "brockpiece8": [[0.30621159076690674, -0.46030932664871216, -3.6829278469085693], [-49.38347625732422, 0.9779576063156128, -12.519696235656738], [-0.10184786468744278, 1.4046438932418823, 0.10018877685070038]], "brockpiece9": [[-0.5064024329185486, 0.011532366275787354, -1.579659342765808], [36.58409881591797, -13.250308990478516, -111.8052978515625], [0.009604007937014103, 0.8276886940002441, 0.4656519293785095]], "brockpiece10": [[0.04278288781642914, -0.23442548513412476, -1.41995370388031], [17.98956298828125, 3.7306313514709473, -173.8452911376953], [0.026453230530023575, 0.7262305021286011, -0.09866398572921753]], "brockpiece11": [[0.044501617550849915, -0.21724024415016174, -1.9758994579315186], [-15.33704662322998, 20.720890045166016, 50.939510345458984], [0.023447148501873016, 0.6883174180984497, -0.6239317655563354]], "brockpiece12": [[-0.010091904550790787, -0.14895999431610107, -1.4309170246124268], [-11.87709903717041, -12.578463554382324, -3.455325126647949], [0.057196881622076035, 0.6268966794013977, -0.06759794801473618]], "brockpiece13": [[0.010110266506671906, -0.1386575549840927, -0.9587503671646118], [-26.019704818725586, 2.096059799194336, 36.17631912231445], [0.10751569271087646, 0.33034080266952515, -0.6997447609901428]], "brockpiece14": [[-0.06389179080724716, -0.011630833148956299, -1.0430411100387573], [-15.80039119720459, -7.873292446136475, 17.561914443969727], [0.1765923947095871, 0.3738964796066284, -0.06937721371650696]], "brockpiece15": [[-0.000880897045135498, -0.00040878355503082275, -0.07337771356105804], [-0.23477430641651154, -0.3138021230697632, 0.7667029500007629], [0.32439151406288147, 0.17386914789676666, 0.1606941819190979]], "brockpiece16": [[-0.10235394537448883, 0.00023709237575531006, -0.3876279890537262], [-0.12271266430616379, -16.519302368164062, 0.4290086328983307], [0.2422737032175064, 0.13469432294368744, -0.2985038757324219]], "brockpiece17": [[-0.11002258211374283, 0.41641002893447876, -1.2602393627166748], [-34.48381423950195, -5.88723611831665, 18.837074279785156], [0.05579742044210434, 0.8304786086082458, -0.06759888678789139]], "brockpiece18": [[0.055378615856170654, 0.3193809986114502, -1.3075916767120361], [-14.030233383178711, -5.34853458404541, -0.19084377586841583], [0.7751116156578064, 1.1647822856903076, 0.4550911784172058]], "brockpiece19": [[0.2946891784667969, -0.6029825210571289, -2.7525901794433594], [113.41638946533203, -35.85763168334961, -20.22663116455078], [0.04745550453662872, 0.8352649807929993, -0.8555060029029846]], "brockpiece20": [[0.12062595039606094, -0.20084792375564575, -2.3675713539123535], [37.934932708740234, -9.339115142822266, -122.42790222167969], [0.0324799083173275, 0.8903895616531372, 0.1047213077545166]], "brockpiece21": [[0.08770261704921722, 0.26241540908813477, -1.4869781732559204], [-10.458700180053711, 14.361574172973633, 159.2223663330078], [0.15945503115653992, 1.6952928304672241, 0.277337908744812]], "brockpiece22": [[0.2827707529067993, -1.0254794359207153, -4.274969100952148], [-38.10614013671875, 31.809619903564453, 49.4959716796875], [0.5310609936714172, 1.9953807592391968, -0.3219248354434967]], "brockpiece23": [[0.0034892261028289795, -0.08450651168823242, -2.606067419052124], [-17.782127380371094, -4.630575656890869, -27.16941261291504], [-0.0681355819106102, 0.8056530356407166, -0.06759854406118393]], "brockpiece24": [[-0.09102556109428406, 0.2000025510787964, -2.712069034576416], [-18.46297836303711, -3.375977039337158, -22.935115814208984], [-0.3838520646095276, 0.746596097946167, 0.4647919237613678]], "brockpiece25": [[-0.26773178577423096, 0.3784477710723877, -2.552788734436035], [-15.745122909545898, -2.5611791610717773, -0.5977502465248108], [-1.032001256942749, 0.5244100093841553, 0.6970614790916443]], "brockpiece26": [[-0.17501911520957947, -0.01022106409072876, -1.584088921546936], [8.866494178771973, -9.332528114318848, -48.87245559692383], [-0.012171115726232529, 0.7901149392127991, 0.14576949179172516]], "brockpiece27": [[-0.3070645332336426, -0.6583468317985535, -2.9215378761291504], [-11.072772026062012, -5.284753322601318, -78.55160522460938], [-0.029545554891228676, 0.7074200510978699, -0.5648927092552185]], "brockpiece28": [[-0.3436068296432495, -0.09752875566482544, -1.8390535116195679], [107.20528411865234, 75.42122650146484, -85.07392883300781], [-0.05280172452330589, 0.875779390335083, 0.7411666512489319]], "brockpiece29": [[-0.03973887860774994, -0.06506568193435669, -2.689044237136841], [-20.413766860961914, 0.059012867510318756, -14.250389099121094], [-0.1528574824333191, 0.604702889919281, -0.03537474945187569]], "brockpiece30": [[-0.07619227468967438, -0.03358539938926697, -2.6020865440368652], [-11.7388916015625, -2.999347448348999, -11.015999794006348], [-0.212638720870018, 0.5194345116615295, -0.6746488809585571]], "brockpiece31": [[-0.10780656337738037, 0.1804269254207611, -2.603610038757324], [-11.738883018493652, -2.9993624687194824, -11.016079902648926], [-0.3032321333885193, 0.4032418727874756, 0.2416532039642334]], "brockpiece32": [[-0.003642675466835499, -0.13496297597885132, -2.3068952560424805], [-30.83434295654297, 14.449280738830566, 10.308916091918945], [-0.014846060425043106, 0.7332823276519775, -0.067598357796669]], "brockpiece33": [[-0.17309686541557312, 0.00776749849319458, -1.3753618001937866], [-0.17356257140636444, -3.113039255142212, 3.4260261058807373], [-0.07364655286073685, 0.3388040363788605, 0.1644446849822998]], "brockpiece34": [[-0.053691666573286057, 0.03204348683357239, -1.2670552730560303], [-3.548286199569702, -8.638044357299805, 4.559986591339111], [-0.040006935596466064, 0.3192813992500305, -0.5479322671890259]], "brockpiece35": [[0.04065093770623207, -0.08572816848754883, -1.560226559638977], [-29.623933792114258, -12.605387687683105, -20.879993438720703], [0.03971529006958008, 0.7414476275444031, -0.4923132658004761]], "brockpiece36": [[-0.11552131921052933, -0.003204524517059326, -1.4556130170822144], [-13.046517372131348, -9.303533554077148, -82.06481170654297], [0.04695548489689827, 0.8178877234458923, 0.2522242069244385]], "brockpiece37": [[-0.6381402611732483, -0.10624921321868896, -2.03835129737854], [-54.69053649902344, 31.457347869873047, 66.04564666748047], [0.018796933814883232, 0.8953180909156799, 0.6815259456634521]],