{"brockpiece0": [[-0.041284047067165375, -0.4016284942626953, -2.7848010063171387], [18.030954360961914, 13.792977333068848, 171.15467834472656], [-0.04771063104271889, 0.8072485327720642, -0.47105833888053894]], "brockpiece1": [[-0.11205625534057617, 0.05195343494415283, -2.3764398097991943], [3.3594393730163574, -21.43985939025879, -53.736942291259766], [-0.060903601348400116, 0.894946277141571, 0.4562895596027374]], "brockpiece2": [[-0.08080770075321198, 0.06373840570449829, -2.462725877761841], [-7.12351131439209, -1.0606762170791626, 15.831839561462402], [-0.1568758189678192, 0.8655882477760315, -0.5483085513114929]], "brockpiece3": [[-0.08118577301502228, 0.16629469394683838, -2.6424763202667236], [-4.431110858917236, 0.6173775792121887, -47.79981994628906], [-0.22012151777744293, 0.9278489947319031, 0.3253736197948456]], "brockpiece4": [[-0.06901869177818298, 0.20807206630706787, -2.671417713165283], [-5.543485641479492, -3.1023030281066895, -0.2619641125202179], [-0.4135969281196594, 0.9918517470359802, 0.46200042963027954]], "brockpiece5": [[-0.14518946409225464, 0.12225085496902466, -2.479037046432495], [-6.34428596496582, 0.7581756711006165, 1.1579763889312744], [-0.436776340007782, 0.9646992683410645, -0.3259457051753998]], "brockpiece6": [[0.005497935228049755, -0.13342708349227905, -2.6499547958374023], [-5.039376735687256, -5.231852054595947, -28.349899291992188], [-0.01387631893157959, 0.9064578413963318, -0.06759907305240631]], "brockpiece7": [[0.1904115229845047, -0.40715134143829346, -2.635148286819458], [-16.635358810424805, -6.9418253898620605, -9.7157621383667], [-0.016788214445114136, 1.2991664409637451, -0.5754176378250122]], "brockpiece8": [[0.11859466880559921, -0.10712814331054688, -2.958824396133423], [-21.716766357421875, -5.776551246643066, -6.780862808227539], [-0.10184786468744278, 1.4046438932418823, 0.10018877685070038]], "brockpiece9": [[-0.36057254672050476, 0.128917396068573, -1.4459569454193115], [25.41024398803711, 9.322933197021484, -166.61500549316406], [0.009604007937014103, 0.8276886940002441, 0.4656519293785095]], "brockpiece10": [[0.025414710864424706, -0.17279016971588135, -1.4348957538604736], [-9.570103645324707, -7.874783039093018, -138.78045654296875], [0.026453230530023575, 0.7262305021286011, -0.09866398572921753]], "brockpiece11": [[-0.015102196484804153, 0.01795518398284912, -1.6131982803344727], [-26.798513412475586, -5.953100204467773, 0.545480489730835], [0.023447148501873016, 0.6883174180984497, -0.6239317655563354]], "brockpiece12": [[-0.015658516436815262, -0.11818021535873413, -1.442402958869934], [-16.25712776184082, -8.251956939697266, 8.18830680847168], [0.057196881622076035, 0.6268966794013977, -0.06759794801473618]], "brockpiece13": [[0.04678337275981903, -0.10748547315597534, -0.9786362648010254], [-27.21784782409668, 13.349400520324707, 32.994117736816406], [0.10751569271087646, 0.33034080266952515, -0.6997447609901428]], "brockpiece14": [[-0.05105948448181152, 0.015019476413726807, -1.0422130823135376], [-14.603248596191406, -11.215896606445312, 13.72400951385498], [0.1765923947095871, 0.3738964796066284, -0.06937721371650696]], "brockpiece15": [[0.0024758875370025635, 0.000821530818939209, -0.07245361059904099], [0.00023233727551996708, -0.3375481963157654, -0.32470443844795227], [0.32439151406288147, 0.17386914789676666, 0.1606941819190979]], "brockpiece16": [[-0.11676760017871857, 0.015534728765487671, -0.3694394528865814], [-1.572427749633789, -15.34392261505127, 2.0911715030670166], [0.2422737032175064, 0.13469432294368744, -0.2985038757324219]], "brockpiece17": [[-0.09787235409021378, 0.33686989545822144, -1.15714693069458], [-20.91320037841797, -14.103276252746582, 4.232115268707275], [0.05579742044210434, 0.8304786086082458, -0.06759888678789139]], "brockpiece18": [[0.03143346309661865, 0.30106306076049805, -1.3307363986968994], [-13.863402366638184, -6.0033063888549805, 0.24541160464286804], [0.7751116156578064, 1.1647822856903076, 0.4550911784172058]], "brockpiece19": [[0.27379506826400757, -0.5879840850830078, -2.3663887977600098], [-142.684814453125, 18.924833297729492, 3.1921424865722656], [0.04745550453662872, 0.8352649807929993, -0.8555060029029846]], "brockpiece20": [[0.08616675436496735, -0.13277679681777954, -2.2890210151672363], [22.79506492614746, -15.457902908325195, -84.28485870361328], [0.0324799083173275, 0.8903895616531372, 0.1047213077545166]], "brockpiece21": [[0.06413833796977997, 0.24052917957305908, -1.515418529510498], [-10.059654235839844, 14.916504859924316, 159.57424926757812], [0.15945503115653992, 1.6952928304672241, 0.277337908744812]], "brockpiece22": [[0.1021001935005188, -0.4121915102005005, -3.25173020362854], [-29.645957946777344, 12.010283470153809, 39.18775939941406], [0.5310609936714172, 1.9953807592391968, -0.3219248354434967]], "brockpiece23": [[-0.08242367953062057, 0.08076673746109009, -2.4284541606903076], [-2.088442325592041, -7.789605617523193, -22.34307861328125], [-0.0681355819106102, 0.8056530356407166, -0.06759854406118393]], "brockpiece24": [[-0.14871037006378174, 0.1374835968017578, -2.6184804439544678], [-7.387945175170898, -5.339361667633057, -6.987969875335693], [-0.3838520646095276, 0.746596097946167, 0.4647919237613678]], "brockpiece25": [[-0.22464346885681152, 0.2844387888908386, -2.4888904094696045], [-9.06350326538086, -1.060779094696045, 1.6686491966247559], [-1.032001256942749, 0.5244100093841553, 0.6970614790916443]], "brockpiece26": [[-0.24619370698928833, -0.01499783992767334, -1.563193440437317], [-2.497122049331665, -8.045371055603027, -25.877410888671875], [-0.012171115726232529, 0.7901149392127991, 0.14576949179172516]], "brockpiece27": [[-0.18546074628829956, -0.49213626980781555, -2.7000231742858887], [12.04867935180664, 7.586111068725586, -80.54620361328125], [-0.029545554891228676, 0.7074200510978699, -0.5648927092552185]], "brockpiece28": [[-0.3035913407802582, -0.007237672805786133, -1.7774568796157837], [-15.065754890441895, 66.73422241210938, 105.85586547851562], [-0.05280172452330589, 0.875779390335083, 0.7411666512489319]], "brockpiece29": [[-0.09412170946598053, 0.01467883586883545, -2.614001512527466], [-10.829678535461426, -2.3417067527770996, -6.975257396697998], [-0.1528574824333191, 0.604702889919281, -0.03537474945187569]], "brockpiece30": [[-0.10556165874004364, 0.007235407829284668, -2.567244529724121], [-7.376659870147705, -1.5875362157821655, -2.767749309539795], [-0.212638720870018, 0.5194345116615295, -0.6746488809585571]], "brockpiece31": [[-0.1308612823486328, 0.13145259022712708, -2.562772512435913], [-7.376648902893066, -1.587545394897461, -2.767869710922241], [-0.3032321333885193, 0.4032418727874756, 0.2416532039642334]], "brockpiece32": [[-0.096114881336689, -0.13615643978118896, -2.1311635971069336], [-13.628815650939941, -25.921422958374023, -40.33773422241211], [-0.014846060425043106, 0.7332823276519775, -0.067598357796669]], "brockpiece33": [[-0.17914125323295593, 0.010987997055053711, -1.3766752481460571], [-0.2610216438770294, -3.075763702392578, 4.914508819580078], [-0.07364655286073685, 0.3388040363788605, 0.1644446849822998]], "brockpiece34": [[-0.05395648255944252, 0.038691192865371704, -1.270052433013916], [-4.405285358428955, -8.505334854125977, 5.094175338745117], [-0.040006935596466064, 0.3192813992500305, -0.5479322671890259]], "brockpiece35": [[0.04995157942175865, -0.04071474075317383, -1.5179437398910522], [-13.270928382873535, -26.365354537963867, -51.3112907409668], [0.03971529006958008, 0.7414476275444031, -0.4923132658004761]], "brockpiece36": [[-0.14792674779891968, 0.015142202377319336, -1.446672797203064], [-11.011404991149902, 12.842039108276367, -21.481687545776367], [0.04695548489689827, 0.8178877234458923, 0.2522242069244385]], "brockpiece37": [[-0.41695934534072876, 0.13888388872146606, -1.8038215637207031], [28.78158950805664, 33.54615783691406, -169.01840209960938], [0.018796933814883232, 0.8953180909156799, 0.6815259456634521]],