{"brockpiece0": [[-0.21847492456436157, -0.6397081613540649, -3.064058303833008], [50.68315124511719, 8.018682479858398, 89.4211654663086], [-0.04771063104271889, 0.8072485327720642, -0.47105833888053894]], "brockpiece1": [[0.17578819394111633, 0.03279566764831543, -2.805108070373535], [36.701202392578125, -57.06068420410156, -139.09854125976562], [-0.060903601348400116, 0.894946277141571, 0.4562895596027374]], "brockpiece2": [[0.0811762735247612, -0.08823537826538086, -2.6698174476623535], [-11.08676528930664, 11.433296203613281, -42.22686767578125], [-0.1568758189678192, 0.8655882477760315, -0.5483085513114929]], "brockpiece3": [[0.06484070420265198, 0.11747503280639648, -2.9075229167938232], [-21.137693405151367, 8.1167631149292, -70.90911865234375], [-0.22012151777744293, 0.9278489947319031, 0.3253736197948456]], "brockpiece4": [[0.09514105319976807, 0.27759623527526855, -2.8568968772888184], [-11.984265327453613, 10.067567825317383, -17.954689025878906], [-0.4135969281196594, 0.9918517470359802, 0.46200042963027954]], "brockpiece5": [[-0.11298960447311401, 0.15787464380264282, -2.6094260215759277], [-16.099750518798828, 5.888034343719482, 0.43305355310440063], [-0.436776340007782, 0.9646992683410645, -0.3259457051753998]], "brockpiece6": [[0.058981649577617645, -0.6422164440155029, -3.199066638946533], [5.058194160461426, -15.93091106414795, -99.17314910888672], [-0.01387631893157959, 0.9064578413963318, -0.06759907305240631]], "brockpiece7": [[0.42779552936553955, -0.7773716449737549, -3.5095055103302], [-50.27174377441406, -6.191101551055908, -22.808509826660156], [-0.016788214445114136, 1.2991664409637451, -0.5754176378250122]], "brockpiece8": [[0.4231146574020386, -0.4008523225784302, -3.9423892498016357], [-62.769630432128906, 2.880894660949707, -19.09415626525879], [-0.10184786468744278, 1.4046438932418823, 0.10018877685070038]], "brockpiece9": [[-0.5978606939315796, -0.20997846126556396, -1.6559574604034424], [32.722171783447266, -35.58354568481445, -79.52123260498047], [0.009604007937014103, 0.8276886940002441, 0.4656519293785095]], "brockpiece10": [[0.048515044152736664, -0.24209490418434143, -1.4091534614562988], [20.229305267333984, 4.570688247680664, -173.6096649169922], [0.026453230530023575, 0.7262305021286011, -0.09866398572921753]], "brockpiece11": [[0.0482369065284729, -0.41762274503707886, -2.079479932785034], [-10.723784446716309, 33.750823974609375, 70.72312927246094], [0.023447148501873016, 0.6883174180984497, -0.6239317655563354]], "brockpiece12": [[-0.0055656880140304565, -0.1542377769947052, -1.4302797317504883], [-11.423879623413086, -11.32365608215332, -0.9597392678260803], [0.057196881622076035, 0.6268966794013977, -0.06759794801473618]], "brockpiece13": [[0.010260418057441711, -0.1399492621421814, -0.9612404108047485], [-25.688322067260742, 0.9978748559951782, 35.384315490722656], [0.10751569271087646, 0.33034080266952515, -0.6997447609901428]], "brockpiece14": [[-0.057778291404247284, -0.021229863166809082, -1.0429625511169434], [-14.579344749450684, -7.111285209655762, 18.226520538330078], [0.1765923947095871, 0.3738964796066284, -0.06937721371650696]], "brockpiece15": [[0.0016798973083496094, 0.00015467405319213867, -0.07270322740077972], [0.007866021245718002, -0.2812983989715576, -0.11396489292383194], [0.32439151406288147, 0.17386914789676666, 0.1606941819190979]], "brockpiece16": [[-0.10286560654640198, -0.00029049813747406006, -0.3892054259777069], [-0.015719052404165268, -16.95497703552246, 0.02379770390689373], [0.2422737032175064, 0.13469432294368744, -0.2985038757324219]], "brockpiece17": [[-0.1252017319202423, 0.42283111810684204, -1.2793527841567993], [-37.20417785644531, 1.4491642713546753, 28.518108367919922], [0.05579742044210434, 0.8304786086082458, -0.06759888678789139]], "brockpiece18": [[0.05418044328689575, 0.30652308464050293, -1.2913222312927246], [-13.469736099243164, -5.307384014129639, -0.155171200633049], [0.7751116156578064, 1.1647822856903076, 0.4550911784172058]], "brockpiece19": [[0.34466585516929626, -0.5882517695426941, -2.7918381690979004], [30.12517738342285, -48.45201873779297, 29.176044464111328], [0.04745550453662872, 0.8352649807929993, -0.8555060029029846]], "brockpiece20": [[0.13374316692352295, -0.20247507095336914, -2.366142988204956], [43.71389389038086, 6.355830669403076, -148.87619018554688], [0.0324799083173275, 0.8903895616531372, 0.1047213077545166]], "brockpiece21": [[0.0855284333229065, 0.25211000442504883, -1.4656838178634644], [-13.469891548156738, -5.307247161865234, -0.15520375967025757], [0.15945503115653992, 1.6952928304672241, 0.277337908744812]], "brockpiece22": [[0.28275513648986816, -1.1936440467834473, -4.658083915710449], [-50.88027572631836, 48.028751373291016, 51.21542739868164], [0.5310609936714172, 1.9953807592391968, -0.3219248354434967]], "brockpiece23": [[0.04455120861530304, -0.2053002119064331, -2.7259089946746826], [-21.54833984375, -4.506673812866211, -32.510562896728516], [-0.0681355819106102, 0.8056530356407166, -0.06759854406118393]], "brockpiece24": [[-0.040193140506744385, 0.19685083627700806, -2.725444793701172], [-19.18079948425293, -2.645033597946167, -26.0856990814209], [-0.3838520646095276, 0.746596097946167, 0.4647919237613678]], "brockpiece25": [[-0.27909910678863525, 0.3939923048019409, -2.567309617996216], [-15.355484962463379, -4.219851970672607, -0.3202350437641144], [-1.032001256942749, 0.5244100093841553, 0.6970614790916443]], "brockpiece26": [[-0.15981023013591766, -0.03073948621749878, -1.579885482788086], [10.470431327819824, -15.758954048156738, -51.429344177246094], [-0.012171115726232529, 0.7901149392127991, 0.14576949179172516]], "brockpiece27": [[-0.3171760141849518, -0.6751717925071716, -2.900179386138916], [-8.049397468566895, 16.038175582885742, -41.400089263916016], [-0.029545554891228676, 0.7074200510978699, -0.5648927092552185]], "brockpiece28": [[-0.33288252353668213, -0.1949542760848999, -1.8603262901306152], [115.0699462890625, 55.19398880004883, -38.250885009765625], [-0.05280172452330589, 0.875779390335083, 0.7411666512489319]], "brockpiece29": [[-0.0182407945394516, -0.08751940727233887, -2.6983885765075684], [-20.03721809387207, 0.9837999939918518, -15.246735572814941], [-0.1528574824333191, 0.604702889919281, -0.03537474945187569]], "brockpiece30": [[-0.059697285294532776, -0.06174856424331665, -2.6077332496643066], [-12.636598587036133, -3.5847368240356445, -15.792418479919434], [-0.212638720870018, 0.5194345116615295, -0.6746488809585571]], "brockpiece31": [[-0.08772963285446167, 0.1784941852092743, -2.6119704246520996], [-12.636592864990234, -3.584754228591919, -15.792509078979492], [-0.3032321333885193, 0.4032418727874756, 0.2416532039642334]], "brockpiece32": [[0.04141176491975784, -0.12095272541046143, -2.333533763885498], [-19.091711044311523, 33.90995407104492, 37.34445571899414], [-0.014846060425043106, 0.7332823276519775, -0.067598357796669]], "brockpiece33": [[-0.1693391352891922, 0.005419820547103882, -1.3746638298034668], [-0.12385166436433792, -3.0450122356414795, 2.381006956100464], [-0.07364655286073685, 0.3388040363788605, 0.1644446849822998]], "brockpiece34": [[-0.04918636754155159, 0.028449684381484985, -1.2674241065979004], [-3.3090550899505615, -8.841529846191406, 3.3446810245513916], [-0.040006935596466064, 0.3192813992500305, -0.5479322671890259]], "brockpiece35": [[0.035868171602487564, -0.11523658037185669, -1.5775717496871948], [-32.53520202636719, -9.797158241271973, -10.211280822753906], [0.03971529006958008, 0.7414476275444031, -0.4923132658004761]], "brockpiece36": [[-0.09425623714923859, -0.031650543212890625, -1.4405763149261475], [-10.006853103637695, -13.207680702209473, -99.27173614501953], [0.04695548489689827, 0.8178877234458923, 0.2522242069244385]], "brockpiece37": [[-0.7980616092681885, -0.42718708515167236, -2.1496989727020264], [-66.94596862792969, -16.935810089111328, 31.962554931640625], [0.018796933814883232, 0.8953180909156799, 0.6815259456634521]],