{"brockpiece0": [[-0.16694197058677673, -0.6162034869194031, -3.0669751167297363], [26.768970489501953, 5.089970111846924, 102.39981842041016], [-0.04771063104271889, 0.8072485327720642, -0.47105833888053894]], "brockpiece1": [[0.050107866525650024, 0.01592099666595459, -2.655380964279175], [0.6456294059753418, -40.58460998535156, -91.66825866699219], [-0.060903601348400116, 0.894946277141571, 0.4562895596027374]], "brockpiece2": [[-0.04097822308540344, 0.04472547769546509, -2.619563579559326], [-5.1465840339660645, 7.871234893798828, 18.53486442565918], [-0.1568758189678192, 0.8655882477760315, -0.5483085513114929]], "brockpiece3": [[-0.001239389181137085, 0.1556328535079956, -2.8209726810455322], [-12.949002265930176, 9.380306243896484, -49.48067855834961], [-0.22012151777744293, 0.9278489947319031, 0.3253736197948456]], "brockpiece4": [[0.00029328465461730957, 0.2798529863357544, -2.800135612487793], [-10.498442649841309, 3.6283957958221436, -10.321937561035156], [-0.4135969281196594, 0.9918517470359802, 0.46200042963027954]], "brockpiece5": [[-0.1434991955757141, 0.15291661024093628, -2.574916362762451], [-14.468873023986816, 2.503880739212036, 0.39032331109046936], [-0.436776340007782, 0.9646992683410645, -0.3259457051753998]], "brockpiece6": [[0.02022334560751915, -0.3778250813484192, -3.005751371383667], [-3.7224602699279785, -9.627050399780273, -64.34464263916016], [-0.01387631893157959, 0.9064578413963318, -0.06759907305240631]], "brockpiece7": [[0.31762823462486267, -0.7545132637023926, -3.2487411499023438], [-31.572690963745117, -8.61179256439209, -15.158123016357422], [-0.016788214445114136, 1.2991664409637451, -0.5754176378250122]], "brockpiece8": [[0.2716144323348999, -0.4325636029243469, -3.5732369422912598], [-43.61559295654297, 0.3144708573818207, -10.501068115234375], [-0.10184786468744278, 1.4046438932418823, 0.10018877685070038]], "brockpiece9": [[-0.47595229744911194, 0.0576249361038208, -1.5541425943374634], [35.20774459838867, -6.585948467254639, -122.18463897705078], [0.009604007937014103, 0.8276886940002441, 0.4656519293785095]], "brockpiece10": [[0.03703177720308304, -0.23020300269126892, -1.4227111339569092], [11.158589363098145, 2.361802577972412, 175.72909545898438], [0.026453230530023575, 0.7262305021286011, -0.09866398572921753]], "brockpiece11": [[0.024648258462548256, -0.1288253664970398, -1.8925182819366455], [-20.923738479614258, 17.885053634643555, 41.330780029296875], [0.023447148501873016, 0.6883174180984497, -0.6239317655563354]], "brockpiece12": [[-0.012296851724386215, -0.14381083846092224, -1.4338887929916382], [-12.749910354614258, -12.23071575164795, -1.5850298404693604], [0.057196881622076035, 0.6268966794013977, -0.06759794801473618]], "brockpiece13": [[0.010843217372894287, -0.13830459117889404, -0.9583107233047485], [-25.82076072692871, 1.2588433027267456, 34.95858383178711], [0.10751569271087646, 0.33034080266952515, -0.6997447609901428]], "brockpiece14": [[-0.06558802723884583, -0.00886380672454834, -1.0449033975601196], [-16.251605987548828, -8.511453628540039, 15.98867416381836], [0.1765923947095871, 0.3738964796066284, -0.06937721371650696]], "brockpiece15": [[-0.0009972453117370605, -0.0004255026578903198, -0.07337944209575653], [-0.260333776473999, -0.32402303814888, 0.8301309943199158], [0.32439151406288147, 0.17386914789676666, 0.1606941819190979]], "brockpiece16": [[-0.10519629716873169, 0.001888766884803772, -0.38812312483787537], [-0.5186728239059448, -16.466726303100586, 1.7502202987670898], [0.2422737032175064, 0.13469432294368744, -0.2985038757324219]], "brockpiece17": [[-0.10212437808513641, 0.4074246287345886, -1.2543237209320068], [-32.54991912841797, -8.530447959899902, 14.928644180297852], [0.05579742044210434, 0.8304786086082458, -0.06759888678789139]], "brockpiece18": [[0.05509573221206665, 0.3217419385910034, -1.3125165700912476], [-14.134225845336914, -5.393916130065918, -0.19823488593101501], [0.7751116156578064, 1.1647822856903076, 0.4550911784172058]], "brockpiece19": [[0.3003314137458801, -0.6475232243537903, -2.7061824798583984], [133.29190063476562, -20.606544494628906, -24.779592514038086], [0.04745550453662872, 0.8352649807929993, -0.8555060029029846]], "brockpiece20": [[0.1207985058426857, -0.19159400463104248, -2.3733301162719727], [34.5702018737793, -11.45091438293457, -113.258544921875], [0.0324799083173275, 0.8903895616531372, 0.1047213077545166]], "brockpiece21": [[0.08783835172653198, 0.2642984390258789, -1.493216872215271], [-14.13408088684082, -5.393804550170898, -0.19845609366893768], [0.15945503115653992, 1.6952928304672241, 0.277337908744812]], "brockpiece22": [[0.24663585424423218, -0.869943380355835, -4.071096420288086], [-36.6762809753418, 27.63776969909668, 47.6766471862793], [0.5310609936714172, 1.9953807592391968, -0.3219248354434967]], "brockpiece23": [[-0.018751859664916992, -0.05729019641876221, -2.5747828483581543], [-16.70766830444336, -4.679044246673584, -24.9295711517334], [-0.0681355819106102, 0.8056530356407166, -0.06759854406118393]], "brockpiece24": [[-0.11296623945236206, 0.18719005584716797, -2.700453996658325], [-17.153480529785156, -3.3390297889709473, -19.897748947143555], [-0.3838520646095276, 0.746596097946167, 0.4647919237613678]], "brockpiece25": [[-0.2636737823486328, 0.3644183874130249, -2.542311668395996], [-15.222611427307129, -2.104646921157837, -0.4217981994152069], [-1.032001256942749, 0.5244100093841553, 0.6970614790916443]], "brockpiece26": [[-0.18326959013938904, -0.009719491004943848, -1.5809478759765625], [7.859890937805176, -8.065518379211426, -46.235084533691406], [-0.012171115726232529, 0.7901149392127991, 0.14576949179172516]], "brockpiece27": [[-0.26520881056785583, -0.6437954902648926, -2.9485630989074707], [-4.346614360809326, -11.135763168334961, -84.83870697021484], [-0.029545554891228676, 0.7074200510978699, -0.5648927092552185]], "brockpiece28": [[-0.3369047939777374, -0.07215505838394165, -1.8293277025222778], [89.02291107177734, 80.71943664550781, -114.30184936523438], [-0.05280172452330589, 0.875779390335083, 0.7411666512489319]], "brockpiece29": [[-0.044459909200668335, -0.060614585876464844, -2.6794915199279785], [-19.6113338470459, 0.030944183468818665, -13.005313873291016], [-0.1528574824333191, 0.604702889919281, -0.03537474945187569]], "brockpiece30": [[-0.08052478730678558, -0.02924475073814392, -2.598936080932617], [-11.380966186523438, -2.792954444885254, -9.503901481628418], [-0.212638720870018, 0.5194345116615295, -0.6746488809585571]], "brockpiece31": [[-0.11239773035049438, 0.17529353499412537, -2.5995302200317383], [-11.380956649780273, -2.7929651737213135, -9.503994941711426], [-0.3032321333885193, 0.4032418727874756, 0.2416532039642334]], "brockpiece32": [[-0.01695721596479416, -0.14219272136688232, -2.2821273803710938], [-31.390085220336914, 7.2278642654418945, 3.39766526222229], [-0.014846060425043106, 0.7332823276519775, -0.067598357796669]], "brockpiece33": [[-0.17378705739974976, 0.0081520676612854, -1.3757909536361694], [-0.1950577050447464, -3.135624408721924, 3.6074752807617188], [-0.07364655286073685, 0.3388040363788605, 0.1644446849822998]], "brockpiece34": [[-0.054623182862997055, 0.03329575061798096, -1.267526388168335], [-3.6094818115234375, -8.36611270904541, 5.038686752319336], [-0.040006935596466064, 0.3192813992500305, -0.5479322671890259]], "brockpiece35": [[0.041265930980443954, -0.08321517705917358, -1.558914303779602], [-29.78179931640625, -13.242480278015137, -22.935508728027344], [0.03971529006958008, 0.7414476275444031, -0.4923132658004761]], "brockpiece36": [[-0.12340481579303741, 0.009816288948059082, -1.4600261449813843], [-16.67177963256836, -7.076504230499268, -69.8061752319336], [0.04695548489689827, 0.8178877234458923, 0.2522242069244385]], "brockpiece37": [[-0.5920373201370239, -0.034716665744781494, -2.000899314880371], [-41.663692474365234, 43.9721565246582, 85.2352294921875], [0.018796933814883232, 0.8953180909156799, 0.6815259456634521]],