{"brockpiece0": [[-0.2067745327949524, -0.6441673636436462, -3.090658664703369], [63.342979431152344, 0.7273563742637634, 93.31795501708984], [-0.04771063104271889, 0.8072485327720642, -0.47105833888053894]], "brockpiece1": [[0.17106646299362183, -0.0233614444732666, -2.924781560897827], [74.81636810302734, -8.357071876525879, 178.1532440185547], [-0.060903601348400116, 0.894946277141571, 0.4562895596027374]], "brockpiece2": [[0.22172044217586517, -0.45447275042533875, -2.7691385746002197], [-20.166297912597656, -15.403463363647461, -128.2039031982422], [-0.1568758189678192, 0.8655882477760315, -0.5483085513114929]], "brockpiece3": [[0.0709785521030426, 0.053528428077697754, -2.974260091781616], [-2.698817729949951, -13.438383102416992, -137.1270294189453], [-0.22012151777744293, 0.9278489947319031, 0.3253736197948456]], "brockpiece4": [[0.20578233897686005, 0.1499854326248169, -2.882632255554199], [-14.534769058227539, 20.5510196685791, -39.31651306152344], [-0.4135969281196594, 0.9918517470359802, 0.46200042963027954]], "brockpiece5": [[-0.09901106357574463, 0.15231305360794067, -2.613281488418579], [-15.473593711853027, 8.083317756652832, -0.05513296276330948], [-0.436776340007782, 0.9646992683410645, -0.3259457051753998]], "brockpiece6": [[0.1772495061159134, -0.6481432914733887, -3.2278521060943604], [18.141183853149414, -5.59039306640625, -140.85549926757812], [-0.01387631893157959, 0.9064578413963318, -0.06759907305240631]], "brockpiece7": [[0.5634526610374451, -0.8571106195449829, -3.8032190799713135], [-85.42535400390625, -0.3948027193546295, -35.04248046875], [-0.016788214445114136, 1.2991664409637451, -0.5754176378250122]], "brockpiece8": [[0.6434305906295776, -0.47103971242904663, -4.419954299926758], [-85.80220794677734, 2.537925958633423, -34.36201858520508], [-0.10184786468744278, 1.4046438932418823, 0.10018877685070038]], "brockpiece9": [[-0.8496732711791992, -0.7233148813247681, -1.8343364000320435], [-19.34783363342285, -53.7469596862793, 38.834102630615234], [0.009604007937014103, 0.8276886940002441, 0.4656519293785095]], "brockpiece10": [[0.06154917925596237, -0.2701290547847748, -1.3994767665863037], [16.63225555419922, 6.085742473602295, 176.09970092773438], [0.026453230530023575, 0.7262305021286011, -0.09866398572921753]], "brockpiece11": [[0.04549389332532883, -0.4592286944389343, -2.0878896713256836], [3.5654706954956055, 47.46582794189453, 93.77304077148438], [0.023447148501873016, 0.6883174180984497, -0.6239317655563354]], "brockpiece12": [[0.004329647868871689, -0.1670580804347992, -1.4253581762313843], [-8.67824649810791, -10.908620834350586, -4.720788478851318], [0.057196881622076035, 0.6268966794013977, -0.06759794801473618]], "brockpiece13": [[0.007765777409076691, -0.14157642424106598, -0.9650545120239258], [-23.97508430480957, 3.016688346862793, 35.796417236328125], [0.10751569271087646, 0.33034080266952515, -0.6997447609901428]], "brockpiece14": [[-0.04964202642440796, -0.042168259620666504, -1.0395888090133667], [-10.820709228515625, -8.291243553161621, 13.046493530273438], [0.1765923947095871, 0.3738964796066284, -0.06937721371650696]], "brockpiece15": [[0.0009597241878509521, -0.0001455843448638916, -0.07297264039516449], [-0.031900592148303986, -0.24484582245349884, 0.0911412388086319], [0.32439151406288147, 0.17386914789676666, 0.1606941819190979]], "brockpiece16": [[-0.1046726405620575, 0.00164031982421875, -0.3865269124507904], [-0.5358940362930298, -17.448701858520508, 1.8201425075531006], [0.2422737032175064, 0.13469432294368744, -0.2985038757324219]], "brockpiece17": [[-0.06844887882471085, 0.35623663663864136, -1.214245319366455], [-30.159046173095703, 16.510278701782227, 46.82462692260742], [0.05579742044210434, 0.8304786086082458, -0.06759888678789139]], "brockpiece18": [[0.04982960224151611, 0.2673380374908447, -1.2436352968215942], [-11.739072799682617, -5.222758769989014, -0.06888503581285477], [0.7751116156578064, 1.1647822856903076, 0.4550911784172058]], "brockpiece19": [[0.44504836201667786, -0.7109109163284302, -2.8243589401245117], [-46.37989807128906, 15.8151273727417, 45.53129577636719], [0.04745550453662872, 0.8352649807929993, -0.8555060029029846]], "brockpiece20": [[0.18553343415260315, -0.1995168924331665, -2.3496758937835693], [27.41248893737793, 31.636852264404297, 167.1167755126953], [0.0324799083173275, 0.8903895616531372, 0.1047213077545166]], "brockpiece21": [[0.07864005863666534, 0.22078979015350342, -1.4027239084243774], [-11.739412307739258, -5.222647666931152, -0.06894761323928833], [0.15945503115653992, 1.6952928304672241, 0.277337908744812]], "brockpiece22": [[0.158733069896698, -1.0937455892562866, -5.1532111167907715], [-117.3182373046875, 68.182861328125, 5.008664608001709], [0.5310609936714172, 1.9953807592391968, -0.3219248354434967]], "brockpiece23": [[0.05691345036029816, -0.26327013969421387, -2.746885061264038], [-18.333288192749023, -7.989880561828613, -33.83771514892578], [-0.0681355819106102, 0.8056530356407166, -0.06759854406118393]], "brockpiece24": [[0.030755072832107544, 0.13334280252456665, -2.7421607971191406], [-18.342348098754883, 0.8144731521606445, -37.69786834716797], [-0.3838520646095276, 0.746596097946167, 0.4647919237613678]], "brockpiece25": [[-0.28851258754730225, 0.3882054090499878, -2.5405967235565186], [-9.059590339660645, -4.391109943389893, 0.3107174038887024], [-1.032001256942749, 0.5244100093841553, 0.6970614790916443]], "brockpiece26": [[-0.17365561425685883, -0.056194424629211426, -1.5822440385818481], [16.334022521972656, -21.429616928100586, -36.490055084228516], [-0.012171115726232529, 0.7901149392127991, 0.14576949179172516]], "brockpiece27": [[-0.3159816265106201, -0.6700380444526672, -2.896942138671875], [-8.812814712524414, 13.923266410827637, -37.96609878540039], [-0.029545554891228676, 0.7074200510978699, -0.5648927092552185]], "brockpiece28": [[-0.5155450701713562, -0.37688371539115906, -1.9409085512161255], [85.8086166381836, 16.94833755493164, 39.059207916259766], [-0.05280172452330589, 0.875779390335083, 0.7411666512489319]], "brockpiece29": [[0.026958540081977844, -0.16092541813850403, -2.7035105228424072], [-15.326598167419434, 5.036345481872559, -4.265493869781494], [-0.1528574824333191, 0.604702889919281, -0.03537474945187569]], "brockpiece30": [[-0.04046188294887543, -0.11918136477470398, -2.6085052490234375], [-11.674250602722168, -3.4950382709503174, -27.102869033813477], [-0.212638720870018, 0.5194345116615295, -0.6746488809585571]], "brockpiece31": [[-0.047704994678497314, 0.12754550576210022, -2.611180305480957], [-11.674241065979004, -3.4950625896453857, -27.10297393798828], [-0.3032321333885193, 0.4032418727874756, 0.2416532039642334]], "brockpiece32": [[0.06296881288290024, -0.10634756088256836, -2.3575596809387207], [29.298185348510742, 34.960975646972656, 113.28011322021484], [-0.014846060425043106, 0.7332823276519775, -0.067598357796669]], "brockpiece33": [[-0.16186608374118805, 0.0007844269275665283, -1.3724777698516846], [-0.02259116619825363, -2.9049394130706787, 0.40755826234817505], [-0.07364655286073685, 0.3388040363788605, 0.1644446849822998]], "brockpiece34": [[-0.042867954820394516, 0.022021234035491943, -1.266747236251831], [-2.9169623851776123, -8.85072135925293, 0.9689186811447144], [-0.040006935596466064, 0.3192813992500305, -0.5479322671890259]], "brockpiece35": [[0.042029764503240585, -0.1267210841178894, -1.5592609643936157], [-24.976194381713867, -13.813145637512207, -17.485557556152344], [0.03971529006958008, 0.7414476275444031, -0.4923132658004761]], "brockpiece36": [[-0.005529757589101791, -0.08088797330856323, -1.4351359605789185], [-13.007832527160645, -41.56110382080078, -131.77938842773438], [0.04695548489689827, 0.8178877234458923, 0.2522242069244385]], "brockpiece37": [[-0.963886559009552, -0.7267125248908997, -2.297670841217041], [112.33313751220703, -80.25424194335938, -137.96775817871094], [0.018796933814883232, 0.8953180909156799, 0.6815259456634521]],