{"brockpiece0": [[-0.21260744333267212, -0.6435480713844299, -3.0817317962646484], [62.07196807861328, 0.7031107544898987, 93.74571228027344], [-0.04771063104271889, 0.8072485327720642, -0.47105833888053894]], "brockpiece1": [[0.16306595504283905, -0.00888127088546753, -2.8776309490203857], [71.1183090209961, -28.3729190826416, -174.0592041015625], [-0.060903601348400116, 0.894946277141571, 0.4562895596027374]], "brockpiece2": [[0.20064234733581543, -0.4174237847328186, -2.724808931350708], [-25.21253204345703, 4.877827167510986, -102.91043090820312], [-0.1568758189678192, 0.8655882477760315, -0.5483085513114929]], "brockpiece3": [[0.05598500370979309, 0.0946732759475708, -2.949091911315918], [-10.751350402832031, -9.406135559082031, -114.542236328125], [-0.22012151777744293, 0.9278489947319031, 0.3253736197948456]], "brockpiece4": [[0.1755494922399521, 0.20259606838226318, -2.879629373550415], [-11.600404739379883, 17.8326358795166, -29.227014541625977], [-0.4135969281196594, 0.9918517470359802, 0.46200042963027954]], "brockpiece5": [[-0.09926939010620117, 0.15328937768936157, -2.613450527191162], [-15.538199424743652, 8.05997371673584, -0.09463655948638916], [-0.436776340007782, 0.9646992683410645, -0.3259457051753998]], "brockpiece6": [[0.14747914671897888, -0.6552966833114624, -3.205310106277466], [15.257431983947754, -9.87159252166748, -125.70578002929688], [-0.01387631893157959, 0.9064578413963318, -0.06759907305240631]], "brockpiece7": [[0.5466713905334473, -0.8872064352035522, -3.7385666370391846], [-75.78124237060547, -4.763955116271973, -35.97426986694336], [-0.016788214445114136, 1.2991664409637451, -0.5754176378250122]], "brockpiece8": [[0.5721392631530762, -0.474642813205719, -4.251437664031982], [-79.53974914550781, 2.2097740173339844, -28.332727432250977], [-0.10184786468744278, 1.4046438932418823, 0.10018877685070038]], "brockpiece9": [[-0.7393506765365601, -0.6449320912361145, -1.7685831785202026], [-4.195078372955322, -55.2022705078125, -10.112761497497559], [0.009604007937014103, 0.8276886940002441, 0.4656519293785095]], "brockpiece10": [[0.06284286081790924, -0.26696914434432983, -1.3999062776565552], [17.362903594970703, 7.486790657043457, 176.85089111328125], [0.026453230530023575, 0.7262305021286011, -0.09866398572921753]], "brockpiece11": [[0.04267343878746033, -0.46052074432373047, -2.069514513015747], [0.7625762224197388, 47.7056999206543, 92.91932678222656], [0.023447148501873016, 0.6883174180984497, -0.6239317655563354]], "brockpiece12": [[0.002220284193754196, -0.1649065613746643, -1.4265363216400146], [-9.198132514953613, -11.180854797363281, -3.8800294399261475], [0.057196881622076035, 0.6268966794013977, -0.06759794801473618]], "brockpiece13": [[0.008698098361492157, -0.13941489160060883, -0.9653962850570679], [-25.022111892700195, 2.6513381004333496, 35.799556732177734], [0.10751569271087646, 0.33034080266952515, -0.6997447609901428]], "brockpiece14": [[-0.050916582345962524, -0.03738388419151306, -1.0409722328186035], [-11.794198036193848, -7.857638359069824, 15.106672286987305], [0.1765923947095871, 0.3738964796066284, -0.06937721371650696]], "brockpiece15": [[0.0005607306957244873, -0.00014188885688781738, -0.07298348844051361], [-0.06511841714382172, -0.2529246211051941, 0.20770007371902466], [0.32439151406288147, 0.17386914789676666, 0.1606941819190979]], "brockpiece16": [[-0.10368810594081879, 0.0008432716131210327, -0.38808801770210266], [-0.3275315463542938, -17.354127883911133, 1.0769401788711548], [0.2422737032175064, 0.13469432294368744, -0.2985038757324219]], "brockpiece17": [[-0.08475632965564728, 0.3664291501045227, -1.2256109714508057], [-30.998321533203125, 17.175132751464844, 48.417781829833984], [0.05579742044210434, 0.8304786086082458, -0.06759888678789139]], "brockpiece18": [[0.05142652988433838, 0.2826881408691406, -1.2619023323059082], [-12.374323844909668, -5.270928382873535, -0.11481957137584686], [0.7751116156578064, 1.1647822856903076, 0.4550911784172058]], "brockpiece19": [[0.4232451617717743, -0.7537862658500671, -2.7926878929138184], [-35.120033264160156, 0.705537736415863, 50.68467330932617], [0.04745550453662872, 0.8352649807929993, -0.8555060029029846]], "brockpiece20": [[0.18523314595222473, -0.18985313177108765, -2.34932279586792], [30.372798919677734, 30.36107635498047, 173.07858276367188], [0.0324799083173275, 0.8903895616531372, 0.1047213077545166]], "brockpiece21": [[0.08138592541217804, 0.23344552516937256, -1.4268014430999756], [-8.897725105285645, 13.706644058227539, 159.07359313964844], [0.15945503115653992, 1.6952928304672241, 0.277337908744812]], "brockpiece22": [[0.19917762279510498, -1.0977429151535034, -4.990983009338379], [-87.3538818359375, 65.36556243896484, 29.464435577392578], [0.5310609936714172, 1.9953807592391968, -0.3219248354434967]], "brockpiece23": [[0.05460701882839203, -0.24496698379516602, -2.7436957359313965], [-20.45050048828125, -6.739094257354736, -34.32265090942383], [-0.0681355819106102, 0.8056530356407166, -0.06759854406118393]], "brockpiece24": [[-0.004008084535598755, 0.15735602378845215, -2.7369112968444824], [-19.97941017150879, 0.16827738285064697, -32.993797302246094], [-0.3838520646095276, 0.746596097946167, 0.4647919237613678]], "brockpiece25": [[-0.28568434715270996, 0.3801581859588623, -2.556809902191162], [-11.719292640686035, -4.343918800354004, 0.2354409396648407], [-1.032001256942749, 0.5244100093841553, 0.6970614790916443]], "brockpiece26": [[-0.16509097814559937, -0.03831672668457031, -1.5827910900115967], [12.08342456817627, -21.77093505859375, -43.232093811035156], [-0.012171115726232529, 0.7901149392127991, 0.14576949179172516]], "brockpiece27": [[-0.3125927150249481, -0.6710359454154968, -2.898195266723633], [-8.535017967224121, 16.208620071411133, -34.32096862792969], [-0.029545554891228676, 0.7074200510978699, -0.5648927092552185]], "brockpiece28": [[-0.3629347085952759, -0.3213319778442383, -1.8951135873794556], [98.12014770507812, 29.398319244384766, 15.432214736938477], [-0.05280172452330589, 0.875779390335083, 0.7411666512489319]], "brockpiece29": [[0.006794795393943787, -0.15074601769447327, -2.6989502906799316], [-16.033052444458008, 3.6087546348571777, -9.608787536621094], [-0.1528574824333191, 0.604702889919281, -0.03537474945187569]], "brockpiece30": [[-0.041099295020103455, -0.1142696738243103, -2.6083273887634277], [-12.674646377563477, -4.009087562561035, -23.275226593017578], [-0.212638720870018, 0.5194345116615295, -0.6746488809585571]], "brockpiece31": [[-0.05792394280433655, 0.143591970205307, -2.6137421131134033], [-12.674626350402832, -4.009106159210205, -23.275331497192383], [-0.3032321333885193, 0.4032418727874756, 0.2416532039642334]], "brockpiece32": [[0.0592290423810482, -0.11829030513763428, -2.3368124961853027], [15.14906120300293, 40.852779388427734, 88.99603271484375], [-0.014846060425043106, 0.7332823276519775, -0.067598357796669]], "brockpiece33": [[-0.16359955072402954, 0.0026473701000213623, -1.3730111122131348], [-0.05119529366493225, -3.007148265838623, 1.1199047565460205], [-0.07364655286073685, 0.3388040363788605, 0.1644446849822998]], "brockpiece34": [[-0.044612761586904526, 0.02413278818130493, -1.2662076950073242], [-2.996366500854492, -8.761750221252441, 1.8712654113769531], [-0.040006935596466064, 0.3192813992500305, -0.5479322671890259]], "brockpiece35": [[0.040862519294023514, -0.12486428022384644, -1.5585087537765503], [-26.39375877380371, -11.612822532653809, -15.051779747009277], [0.03971529006958008, 0.7414476275444031, -0.4923132658004761]], "brockpiece36": [[-0.024569196626544, -0.06624186038970947, -1.4303182363510132], [-2.8695127964019775, -38.24615478515625, -131.6497039794922], [0.04695548489689827, 0.8178877234458923, 0.2522242069244385]], "brockpiece37": [[-0.945349931716919, -0.7146681547164917, -2.269484758377075], [-48.10519027709961, -75.98955535888672, 7.6709794998168945], [0.018796933814883232, 0.8953180909156799, 0.6815259456634521]],