{"brockpiece0": [[-5.550682544708252e-07, 1.6093254089355469e-06, 0.00010883808135986328], [0.00018100006855092943, 8.302951755467802e-05, 0.00017587744514457881], [-0.04771063104271889, 0.8072485327720642, -0.47105833888053894]], "brockpiece1": [[2.507120370864868e-06, 2.6226043701171875e-06, 0.0001087188720703125], [0.00017801186186261475, 8.110852650133893e-05, 0.00018953780818264931], [-0.060903601348400116, 0.894946277141571, 0.4562895596027374]], "brockpiece2": [[-9.238719940185547e-07, 1.0132789611816406e-06, 0.00010907649993896484], [0.00018089337390847504, 8.025475108297542e-05, 0.0001741698506521061], [-0.1568758189678192, 0.8655882477760315, -0.5483085513114929]], "brockpiece3": [[2.0116567611694336e-06, 1.9669532775878906e-06, 0.0001093447208404541], [0.00018057318811770529, 8.190894004656002e-05, 0.00019124532991554588], [-0.22012151777744293, 0.9278489947319031, 0.3253736197948456]], "brockpiece4": [[2.3543834686279297e-06, 1.7881393432617188e-06, 0.00011017918586730957], [0.00013425594079308212, 0.00010117221245309338, 0.00019466046069283038], [-0.4135969281196594, 0.9918517470359802, 0.46200042963027954]], "brockpiece5": [[-4.470348358154297e-07, 7.748603820800781e-07, 0.00010994076728820801], [0.00017886563728097826, 8.388329297304153e-05, 0.0001980755478143692], [-0.436776340007782, 0.9646992683410645, -0.3259457051753998]], "brockpiece6": [[6.640329957008362e-07, 2.2649765014648438e-06, 0.00010860711336135864], [0.00017364294035360217, 0.00011237799481023103, 0.00027406145818531513], [-0.01387631893157959, 0.9064578413963318, -0.06759907305240631]], "brockpiece7": [[-1.8700957298278809e-06, 1.3113021850585938e-06, 0.00010854005813598633], [0.00017993288929574192, 8.281607006210834e-05, 0.00019081850768998265], [-0.016788214445114136, 1.2991664409637451, -0.5754176378250122]], "brockpiece8": [[2.682209014892578e-07, 1.7881393432617188e-06, 0.00010829418897628784], [0.0001917789486469701, 6.189860869199038e-05, 0.00036883034044876695], [-0.10184786468744278, 1.4046438932418823, 0.10018877685070038]], "brockpiece9": [[2.678483724594116e-06, 2.86102294921875e-06, 0.00010877847671508789], [0.00018480201833881438, 7.046302926028147e-05, 0.00012635855819098651], [0.009604007937014103, 0.8276886940002441, 0.4656519293785095]], "brockpiece10": [[5.348958075046539e-05, -0.00016880035400390625, 8.57040286064148e-05], [-0.004223620053380728, -0.0031282277777791023, 0.02735150046646595], [0.026453230530023575, 0.7262305021286011, -0.09866398572921753]], "brockpiece11": [[-8.698552846908569e-07, 1.430511474609375e-06, 0.00010842084884643555], [0.0001699210552033037, 8.07616816018708e-05, 0.00019209913443773985], [0.023447148501873016, 0.6883174180984497, -0.6239317655563354]], "brockpiece12": [[1.1920928955078125e-06, 2.1457672119140625e-06, 0.00010886788368225098], [0.00018316118803340942, 7.449177792295814e-05, 0.00012635852908715606], [0.057196881622076035, 0.6268966794013977, -0.06759794801473618]], "brockpiece13": [[-4.3958425521850586e-07, 1.3709068298339844e-06, 0.00010895729064941406], [0.00018035975517705083, 8.366984548047185e-05, 0.00018868404731620103], [0.10751569271087646, 0.33034080266952515, -0.6997447609901428]], "brockpiece14": [[1.6689300537109375e-06, 2.384185791015625e-06, 0.0001087188720703125], [0.00015688096755184233, 7.934761379146948e-05, 0.0001903915690490976], [0.1765923947095871, 0.3738964796066284, -0.06937721371650696]], "brockpiece15": [[0.00014775991439819336, -0.0001977086067199707, -1.163780689239502e-05], [-0.001314171589910984, -0.004174421075731516, -0.015668462961912155], [0.32439151406288147, 0.17386914789676666, 0.1606941819190979]], "brockpiece16": [[1.3560056686401367e-06, 2.2649765014648438e-06, 0.00010880827903747559], [0.00212973915040493, 0.0008363783126696944, 0.0026791426353156567], [0.2422737032175064, 0.13469432294368744, -0.2985038757324219]], "brockpiece17": [[8.083879947662354e-07, 2.5033950805664062e-06, 0.00010850280523300171], [0.00014556845417246222, 9.498235158389434e-05, 0.0004849435354117304], [0.05579742044210434, 0.8304786086082458, -0.06759888678789139]], "brockpiece18": [[2.086162567138672e-06, 4.410743713378906e-06, 0.0001055002212524414], [0.00023393402807414532, -0.00021173593995627016, 0.0008537739631719887], [0.7751116156578064, 1.1647822856903076, 0.4550911784172058]], "brockpiece19": [[-1.9632279872894287e-06, 1.1920928955078125e-06, 0.00010848045349121094], [0.00019167226855643094, 2.646699249453377e-05, 0.0005617832066491246], [0.04745550453662872, 0.8352649807929993, -0.8555060029029846]], "brockpiece20": [[1.2889504432678223e-06, 2.384185791015625e-06, 0.00010851025581359863], [0.00019412682740949094, 2.134434907929972e-06, -0.0003620001079980284], [0.0324799083173275, 0.8903895616531372, 0.1047213077545166]], "brockpiece21": [[4.023313522338867e-07, 3.2186508178710938e-06, 0.0001068115234375], [0.8269326090812683, 4.301614284515381, 158.2295684814453], [0.15945503115653992, 1.6952928304672241, 0.277337908744812]], "brockpiece22": [[-2.1457672119140625e-06, 3.2186508178710938e-06, 0.00010526180267333984], [0.00017843875684775412, 7.342456228798255e-05, 0.00018612269195728004], [0.5310609936714172, 1.9953807592391968, -0.3219248354434967]], "brockpiece23": [[8.493661880493164e-07, 1.9669532775878906e-06, 0.00010894238948822021], [0.0001728892239043489, 0.0001065082979039289, 0.000278330291621387], [-0.0681355819106102, 0.8056530356407166, -0.06759854406118393]], "brockpiece24": [[2.9206275939941406e-06, 2.3245811462402344e-06, 0.00011071562767028809], [0.00017758499598130584, 8.238918235292658e-05, 0.00018441514112055302], [-0.3838520646095276, 0.746596097946167, 0.4647919237613678]], "brockpiece25": [[4.291534423828125e-06, 1.3709068298339844e-06, 0.00011366605758666992], [0.00018441514112055302, 8.196229464374483e-05, 0.00019978309865109622], [-1.032001256942749, 0.5244100093841553, 0.6970614790916443]], "brockpiece26": [[1.628883183002472e-06, 2.562999725341797e-06, 0.0001087486743927002], [0.0001684069138718769, 8.753850852372125e-05, 0.00018783027189783752], [-0.012171115726232529, 0.7901149392127991, 0.14576949179172516]], "brockpiece27": [[-6.984919309616089e-07, 1.1324882507324219e-06, 0.00010889768600463867], [0.0001799862366169691, 8.281607006210834e-05, 0.00019978309865109622], [-0.029545554891228676, 0.7074200510978699, -0.5648927092552185]], "brockpiece28": [[3.5278499126434326e-06, 3.4570693969726562e-06, 0.00010919570922851562], [0.00020063687406945974, 7.85472002462484e-05, 0.00022368879581335932], [-0.05280172452330589, 0.875779390335083, 0.7411666512489319]], "brockpiece29": [[1.4007091522216797e-06, 1.9669532775878906e-06, 0.00010959431529045105], [0.00017577070684637874, 9.690334263723344e-05, 0.00030223600333556533], [-0.1528574824333191, 0.604702889919281, -0.03537474945187569]], "brockpiece30": [[-6.854534149169922e-07, 8.344650268554688e-07, 0.00011008977890014648], [0.00018228075350634754, 8.196229464374483e-05, 0.00018612275016494095], [-0.212638720870018, 0.5194345116615295, -0.6746488809585571]], "brockpiece31": [[2.562999725341797e-06, 2.0265579223632812e-06, 0.0001106560230255127], [0.00019135208276566118, 8.196229464374483e-05, 8.110851922538131e-05], [-0.3032321333885193, 0.4032418727874756, 0.2416532039642334]], "brockpiece32": [[9.872019290924072e-07, 1.6689300537109375e-06, 0.00010886043310165405], [0.0001562606485094875, 0.000189751255675219, 0.0006582597270607948], [-0.014846060425043106, 0.7332823276519775, -0.067598357796669]], "brockpiece33": [[2.5704503059387207e-06, 2.384185791015625e-06, 0.00010964274406433105], [0.00017534379730932415, 6.616747850785032e-05, 0.00013318873243406415], [-0.07364655286073685, 0.3388040363788605, 0.1644446849822998]], "brockpiece34": [[1.1175870895385742e-07, 1.3113021850585938e-06, 0.00010967254638671875], [0.00017961268895305693, 8.40967331896536e-05, 0.00019145877740811557], [-0.040006935596466064, 0.3192813992500305, -0.5479322671890259]],