{"brockpiece0": [[-0.18995314836502075, -0.6459311842918396, -3.0935163497924805], [63.917362213134766, 0.3898669183254242, 93.0335693359375], [-0.04771063104271889, 0.8072485327720642, -0.47105833888053894]], "brockpiece1": [[0.18262532353401184, -0.027311861515045166, -2.948486804962158], [74.97520446777344, 1.8927794694900513, 175.1088104248047], [-0.060903601348400116, 0.894946277141571, 0.4562895596027374]], "brockpiece2": [[0.23242804408073425, -0.486307293176651, -2.795889139175415], [-12.176384925842285, -23.69321060180664, -142.94107055664062], [-0.1568758189678192, 0.8655882477760315, -0.5483085513114929]], "brockpiece3": [[0.08742132782936096, 0.016885340213775635, -2.9908359050750732], [1.4108381271362305, -14.635598182678223, -146.78131103515625], [-0.22012151777744293, 0.9278489947319031, 0.3253736197948456]], "brockpiece4": [[0.217083141207695, 0.1278470754623413, -2.880851984024048], [-17.369890213012695, 20.716028213500977, -45.85398483276367], [-0.4135969281196594, 0.9918517470359802, 0.46200042963027954]], "brockpiece5": [[-0.09902209043502808, 0.15175634622573853, -2.6121315956115723], [-15.410199165344238, 8.082647323608398, -0.04809961095452309], [-0.436776340007782, 0.9646992683410645, -0.3259457051753998]], "brockpiece6": [[0.1827848255634308, -0.6419187188148499, -3.2381279468536377], [18.50804901123047, -2.9935226440429688, -151.4084930419922], [-0.01387631893157959, 0.9064578413963318, -0.06759907305240631]], "brockpiece7": [[0.582787275314331, -0.846238374710083, -3.8297665119171143], [-90.12889862060547, 2.0154945850372314, -35.04813766479492], [-0.016788214445114136, 1.2991664409637451, -0.5754176378250122]], "brockpiece8": [[0.6819525957107544, -0.4628671407699585, -4.482125759124756], [-89.35665893554688, 1.342922329902649, -37.353248596191406], [-0.10184786468744278, 1.4046438932418823, 0.10018877685070038]], "brockpiece9": [[-0.8849567770957947, -0.6831613183021545, -1.8440489768981934], [-24.999958038330078, -49.73467254638672, 52.800270080566406], [0.009604007937014103, 0.8276886940002441, 0.4656519293785095]], "brockpiece10": [[0.06465368717908859, -0.2610454857349396, -1.3968952894210815], [16.74894905090332, 6.874211311340332, 176.2228546142578], [0.026453230530023575, 0.7262305021286011, -0.09866398572921753]], "brockpiece11": [[0.04099532216787338, -0.46147072315216064, -2.0898003578186035], [0.3940638303756714, 41.541717529296875, 90.67338562011719], [0.023447148501873016, 0.6883174180984497, -0.6239317655563354]], "brockpiece12": [[0.008291825652122498, -0.1660940945148468, -1.4243026971817017], [-8.517497062683105, -10.856675148010254, -4.107192516326904], [0.057196881622076035, 0.6268966794013977, -0.06759794801473618]], "brockpiece13": [[0.00803830474615097, -0.14143791794776917, -0.963871955871582], [-23.86375617980957, 2.0570414066314697, 34.697818756103516], [0.10751569271087646, 0.33034080266952515, -0.6997447609901428]], "brockpiece14": [[-0.047820910811424255, -0.043760985136032104, -1.0383745431900024], [-10.640204429626465, -8.186532020568848, 13.000248908996582], [0.1765923947095871, 0.3738964796066284, -0.06937721371650696]], "brockpiece15": [[0.0007946789264678955, -0.00014707446098327637, -0.07306057959794998], [-0.0380982831120491, -0.23676028847694397, 0.1226850375533104], [0.32439151406288147, 0.17386914789676666, 0.1606941819190979]], "brockpiece16": [[-0.10318765044212341, 0.0008437931537628174, -0.3857828676700592], [-0.32351818680763245, -17.501211166381836, 1.0768378973007202], [0.2422737032175064, 0.13469432294368744, -0.2985038757324219]], "brockpiece17": [[-0.06798714399337769, 0.35420578718185425, -1.2100719213485718], [-30.7305965423584, 14.373373031616211, 43.6995735168457], [0.05579742044210434, 0.8304786086082458, -0.06759888678789139]], "brockpiece18": [[0.04935193061828613, 0.2594335079193115, -1.2334010601043701], [-11.401649475097656, -5.18642520904541, -0.04878288507461548], [0.7751116156578064, 1.1647822856903076, 0.4550911784172058]], "brockpiece19": [[0.455994188785553, -0.7121419906616211, -2.840338706970215], [-52.70655059814453, 22.983917236328125, 41.428890228271484], [0.04745550453662872, 0.8352649807929993, -0.8555060029029846]], "brockpiece20": [[0.18219155073165894, -0.19934052228927612, -2.351435899734497], [27.824085235595703, 30.072336196899414, 167.863037109375], [0.0324799083173275, 0.8903895616531372, 0.1047213077545166]], "brockpiece21": [[0.07751806080341339, 0.21432650089263916, -1.3892780542373657], [-11.401442527770996, -5.185914039611816, -0.048470791429281235], [0.15945503115653992, 1.6952928304672241, 0.277337908744812]], "brockpiece22": [[0.13923656940460205, -1.1132583618164062, -5.23322057723999], [-133.16976928710938, 67.46414947509766, -8.23025131225586], [0.5310609936714172, 1.9953807592391968, -0.3219248354434967]], "brockpiece23": [[0.06180071830749512, -0.2764164209365845, -2.743788480758667], [-16.376150131225586, -8.365966796875, -34.1223258972168], [-0.0681355819106102, 0.8056530356407166, -0.06759854406118393]], "brockpiece24": [[0.04408085346221924, 0.13091003894805908, -2.740522623062134], [-17.659290313720703, 0.672061026096344, -39.7683219909668], [-0.3838520646095276, 0.746596097946167, 0.4647919237613678]], "brockpiece25": [[-0.2887260913848877, 0.3894585967063904, -2.5334014892578125], [-8.027609825134277, -4.382274150848389, 0.19866099953651428], [-1.032001256942749, 0.5244100093841553, 0.6970614790916443]], "brockpiece26": [[-0.17279717326164246, -0.05499297380447388, -1.5806723833084106], [17.71549415588379, -22.040321350097656, -30.86223793029785], [-0.012171115726232529, 0.7901149392127991, 0.14576949179172516]], "brockpiece27": [[-0.31283682584762573, -0.6715911626815796, -2.8955910205841064], [-8.691583633422852, 12.458518981933594, -41.68230056762695], [-0.029545554891228676, 0.7074200510978699, -0.5648927092552185]], "brockpiece28": [[-0.5917888879776001, -0.4362886846065521, -1.9665381908416748], [79.3147201538086, 12.31205940246582, 52.00748062133789], [-0.05280172452330589, 0.875779390335083, 0.7411666512489319]], "brockpiece29": [[0.03948067128658295, -0.16340512037277222, -2.7031333446502686], [-15.336787223815918, 5.114667892456055, -2.0513951778411865], [-0.1528574824333191, 0.604702889919281, -0.03537474945187569]], "brockpiece30": [[-0.03887872397899628, -0.12148278951644897, -2.6077542304992676], [-11.437092781066895, -3.4428060054779053, -28.268247604370117], [-0.212638720870018, 0.5194345116615295, -0.6746488809585571]], "brockpiece31": [[-0.04453378915786743, 0.12346312403678894, -2.6100075244903564], [-11.437080383300781, -3.442819833755493, -28.268339157104492], [-0.3032321333885193, 0.4032418727874756, 0.2416532039642334]], "brockpiece32": [[0.06371800601482391, -0.1014859676361084, -2.362257242202759], [31.105419158935547, 32.16869354248047, 120.56253814697266], [-0.014846060425043106, 0.7332823276519775, -0.067598357796669]], "brockpiece33": [[-0.16000895202159882, -5.251169204711914e-05, -1.3719159364700317], [0.01127021387219429, -2.89988374710083, -0.03954964131116867], [-0.07364655286073685, 0.3388040363788605, 0.1644446849822998]], "brockpiece34": [[-0.0407855398952961, 0.02014148235321045, -1.2666239738464355], [-2.8117809295654297, -8.714518547058105, 0.28294000029563904], [-0.040006935596466064, 0.3192813992500305, -0.5479322671890259]], "brockpiece35": [[0.04334554448723793, -0.1272507905960083, -1.5595382452011108], [-25.264732360839844, -13.62787914276123, -17.11773681640625], [0.03971529006958008, 0.7414476275444031, -0.4923132658004761]], "brockpiece36": [[0.003396321088075638, -0.08673727512359619, -1.4351369142532349], [-14.035172462463379, -42.91796875, -133.92568969726562], [0.04695548489689827, 0.8178877234458923, 0.2522242069244385]], "brockpiece37": [[-0.9766564965248108, -0.7557092308998108, -2.311509132385254], [122.80956268310547, -69.45914459228516, -140.04336547851562], [0.018796933814883232, 0.8953180909156799, 0.6815259456634521]],