{"brockpiece0": [[-0.14255014061927795, -0.6496819853782654, -3.1029462814331055], [62.41630554199219, 6.34182596206665, 89.62724304199219], [-0.04771063104271889, 0.8072485327720642, -0.47105833888053894]], "brockpiece1": [[0.23663702607154846, -0.055226922035217285, -3.0014750957489014], [70.71199035644531, 32.465328216552734, 164.76699829101562], [-0.060903601348400116, 0.894946277141571, 0.4562895596027374]], "brockpiece2": [[0.31293267011642456, -0.5133417844772339, -2.875591278076172], [31.19849395751953, -29.555171966552734, 170.99668884277344], [-0.1568758189678192, 0.8655882477760315, -0.5483085513114929]], "brockpiece3": [[0.1306111216545105, -0.1426205039024353, -3.0146048069000244], [16.993993759155273, -12.207691192626953, -173.50833129882812], [-0.22012151777744293, 0.9278489947319031, 0.3253736197948456]], "brockpiece4": [[0.2522715926170349, 0.10259759426116943, -2.888043165206909], [-21.55076026916504, 20.142141342163086, -61.856414794921875], [-0.4135969281196594, 0.9918517470359802, 0.46200042963027954]], "brockpiece5": [[-0.0959276556968689, 0.14973777532577515, -2.609301805496216], [-15.24968147277832, 8.28984260559082, -0.04429040849208832], [-0.436776340007782, 0.9646992683410645, -0.3259457051753998]], "brockpiece6": [[0.22702138125896454, -0.6438981294631958, -3.244041681289673], [17.85799789428711, 2.964066743850708, -177.3985595703125], [-0.01387631893157959, 0.9064578413963318, -0.06759907305240631]], "brockpiece7": [[0.6657889485359192, -0.8336948156356812, -3.9044129848480225], [-103.14747619628906, 8.720338821411133, -40.78079605102539], [-0.016788214445114136, 1.2991664409637451, -0.5754176378250122]], "brockpiece8": [[0.7976941466331482, -0.4486778974533081, -4.648089408874512], [-99.8680191040039, -2.250159978866577, -45.67430114746094], [-0.10184786468744278, 1.4046438932418823, 0.10018877685070038]], "brockpiece9": [[-0.9817926287651062, -0.6664569973945618, -1.8798243999481201], [-30.220380783081055, -34.7803955078125, 76.8431167602539], [0.009604007937014103, 0.8276886940002441, 0.4656519293785095]], "brockpiece10": [[0.06589522957801819, -0.26368653774261475, -1.3910092115402222], [16.581153869628906, 6.432638168334961, 177.2656707763672], [0.026453230530023575, 0.7262305021286011, -0.09866398572921753]], "brockpiece11": [[0.08333615958690643, -0.43797293305397034, -2.1242129802703857], [-3.0942814350128174, 33.45630645751953, 95.63594055175781], [0.023447148501873016, 0.6883174180984497, -0.6239317655563354]], "brockpiece12": [[0.010747171938419342, -0.16834557056427002, -1.4171524047851562], [-7.901010990142822, -10.631292343139648, -1.923337697982788], [0.057196881622076035, 0.6268966794013977, -0.06759794801473618]], "brockpiece13": [[0.008424490690231323, -0.14652851223945618, -0.957843542098999], [-22.399044036865234, -0.48623520135879517, 32.53050994873047], [0.10751569271087646, 0.33034080266952515, -0.6997447609901428]], "brockpiece14": [[-0.047957777976989746, -0.05088090896606445, -1.0319784879684448], [-9.992039680480957, -7.531211853027344, 14.48720645904541], [0.1765923947095871, 0.3738964796066284, -0.06937721371650696]], "brockpiece15": [[0.0009329319000244141, -8.277595043182373e-05, -0.07307956367731094], [-0.01825222186744213, -0.22124944627285004, 0.05331176146864891], [0.32439151406288147, 0.17386914789676666, 0.1606941819190979]], "brockpiece16": [[-0.10002680122852325, -0.0002877265214920044, -0.38307520747184753], [-0.007684127893298864, -17.555700302124023, 0.008779303170740604], [0.2422737032175064, 0.13469432294368744, -0.2985038757324219]], "brockpiece17": [[-0.059086885303258896, 0.3347167372703552, -1.1899667978286743], [-29.738107681274414, 11.815377235412598, 40.59072494506836], [0.05579742044210434, 0.8304786086082458, -0.06759888678789139]], "brockpiece18": [[0.04817342758178711, 0.23558950424194336, -1.2029509544372559], [-10.303414344787598, -5.109004497528076, -0.02426503598690033], [0.7751116156578064, 1.1647822856903076, 0.4550911784172058]], "brockpiece19": [[0.47636091709136963, -0.6931438446044922, -2.892238140106201], [-72.56685638427734, 38.674957275390625, 24.441165924072266], [0.04745550453662872, 0.8352649807929993, -0.8555060029029846]], "brockpiece20": [[0.1613839864730835, -0.20604926347732544, -2.3535375595092773], [29.819841384887695, 24.740345001220703, 177.18336486816406], [0.0324799083173275, 0.8903895616531372, 0.1047213077545166]], "brockpiece21": [[0.07485337555408478, 0.1954946517944336, -1.3487250804901123], [-10.303995132446289, -5.108686447143555, -0.024420173838734627], [0.15945503115653992, 1.6952928304672241, 0.277337908744812]], "brockpiece22": [[0.08829015493392944, -1.185107707977295, -5.48589563369751], [-167.22271728515625, 58.49882125854492, -35.30084228515625], [0.5310609936714172, 1.9953807592391968, -0.3219248354434967]], "brockpiece23": [[0.09327714145183563, -0.2822386622428894, -2.744776964187622], [-9.117931365966797, -10.177858352661133, -37.53247833251953], [-0.0681355819106102, 0.8056530356407166, -0.06759854406118393]], "brockpiece24": [[0.05074194073677063, 0.122822105884552, -2.736320734024048], [-17.733083724975586, -0.8340846300125122, -42.21685028076172], [-0.3838520646095276, 0.746596097946167, 0.4647919237613678]], "brockpiece25": [[-0.29002177715301514, 0.38610541820526123, -2.5200281143188477], [-6.006809711456299, -4.005855560302734, 0.003924140240997076], [-1.032001256942749, 0.5244100093841553, 0.6970614790916443]], "brockpiece26": [[-0.18837027251720428, -0.057440340518951416, -1.581802248954773], [16.248722076416016, -28.485620498657227, -8.00402545928955], [-0.012171115726232529, 0.7901149392127991, 0.14576949179172516]], "brockpiece27": [[-0.30328160524368286, -0.6795395016670227, -2.8953864574432373], [-7.620166301727295, 6.988529682159424, -65.40215301513672], [-0.029545554891228676, 0.7074200510978699, -0.5648927092552185]], "brockpiece28": [[-0.7925558090209961, -0.6385607123374939, -2.013309955596924], [62.906883239746094, -3.544495105743408, 90.4908218383789], [-0.05280172452330589, 0.875779390335083, 0.7411666512489319]], "brockpiece29": [[0.06937038153409958, -0.1674003303050995, -2.6997666358947754], [-14.930804252624512, 3.192458391189575, -0.8368163108825684], [-0.1528574824333191, 0.604702889919281, -0.03537474945187569]], "brockpiece30": [[-0.03631266951560974, -0.1307513415813446, -2.6052584648132324], [-11.17182731628418, -3.3680918216705322, -28.980106353759766], [-0.212638720870018, 0.5194345116615295, -0.6746488809585571]], "brockpiece31": [[-0.04140016436576843, 0.11108019948005676, -2.607018232345581], [-11.171815872192383, -3.368104934692383, -28.980192184448242], [-0.3032321333885193, 0.4032418727874756, 0.2416532039642334]], "brockpiece32": [[0.05321916565299034, -0.11901426315307617, -2.363710403442383], [33.05613327026367, 27.63054656982422, 136.9374542236328], [-0.014846060425043106, 0.7332823276519775, -0.067598357796669]], "brockpiece33": [[-0.16073420643806458, -0.00029417872428894043, -1.3709965944290161], [0.005791401490569115, -2.863274097442627, -0.012883737683296204], [-0.07364655286073685, 0.3388040363788605, 0.1644446849822998]], "brockpiece34": [[-0.03939777985215187, 0.016016900539398193, -1.2628788948059082], [-2.293483018875122, -8.457234382629395, -0.012956679798662663], [-0.040006935596466064, 0.3192813992500305, -0.5479322671890259]], "brockpiece35": [[0.04485299065709114, -0.13138335943222046, -1.5550366640090942], [-24.192237854003906, -15.060032844543457, -19.490787506103516], [0.03971529006958008, 0.7414476275444031, -0.4923132658004761]], "brockpiece36": [[0.014361284673213959, -0.10429024696350098, -1.4218254089355469], [-11.472058296203613, -42.55029296875, -139.78564453125], [0.04695548489689827, 0.8178877234458923, 0.2522242069244385]], "brockpiece37": [[-1.0244052410125732, -0.8241094350814819, -2.3448164463043213], [144.7428741455078, -45.70241165161133, -122.9519271850586], [0.018796933814883232, 0.8953180909156799, 0.6815259456634521]],