{"brockpiece0": [[-0.16876080632209778, -0.6460912227630615, -3.096776008605957], [64.08623504638672, 1.7997868061065674, 92.42478942871094], [-0.04771063104271889, 0.8072485327720642, -0.47105833888053894]], "brockpiece1": [[0.1981114149093628, -0.028418779373168945, -2.9722299575805664], [74.01822662353516, 12.089062690734863, 172.04087829589844], [-0.060903601348400116, 0.894946277141571, 0.4562895596027374]], "brockpiece2": [[0.25234663486480713, -0.5057047605514526, -2.822953939437866], [-0.06676199287176132, -29.683425903320312, -158.63624572753906], [-0.1568758189678192, 0.8655882477760315, -0.5483085513114929]], "brockpiece3": [[0.10159226506948471, -0.02355325222015381, -2.998077869415283], [6.470168590545654, -14.910396575927734, -155.95889282226562], [-0.22012151777744293, 0.9278489947319031, 0.3253736197948456]], "brockpiece4": [[0.23089264333248138, 0.12176501750946045, -2.883591651916504], [-19.0802001953125, 20.724720001220703, -51.73811721801758], [-0.4135969281196594, 0.9918517470359802, 0.46200042963027954]], "brockpiece5": [[-0.0982964038848877, 0.15131717920303345, -2.6117422580718994], [-15.38988971710205, 8.1281156539917, -0.03077177330851555], [-0.436776340007782, 0.9646992683410645, -0.3259457051753998]], "brockpiece6": [[0.18923306465148926, -0.6396738290786743, -3.243741750717163], [18.753360748291016, -1.0623211860656738, -160.70281982421875], [-0.01387631893157959, 0.9064578413963318, -0.06759907305240631]], "brockpiece7": [[0.6042338609695435, -0.8385480046272278, -3.8522398471832275], [-94.528076171875, 4.562973976135254, -35.630348205566406], [-0.016788214445114136, 1.2991664409637451, -0.5754176378250122]], "brockpiece8": [[0.7218908667564392, -0.45625537633895874, -4.5384521484375], [-93.0142593383789, -0.2630683183670044, -40.20444869995117], [-0.10184786468744278, 1.4046438932418823, 0.10018877685070038]], "brockpiece9": [[-0.9149060249328613, -0.6330603361129761, -1.8480916023254395], [-28.427949905395508, -44.74753952026367, 62.84836959838867], [0.009604007937014103, 0.8276886940002441, 0.4656519293785095]], "brockpiece10": [[0.06430704891681671, -0.26011842489242554, -1.3955485820770264], [16.9864559173584, 6.435054302215576, 176.67379760742188], [0.026453230530023575, 0.7262305021286011, -0.09866398572921753]], "brockpiece11": [[0.050599515438079834, -0.4415813684463501, -2.1103696823120117], [-1.1913628578186035, 36.868743896484375, 90.546875], [0.023447148501873016, 0.6883174180984497, -0.6239317655563354]], "brockpiece12": [[0.010875105857849121, -0.1661551296710968, -1.422363042831421], [-8.367271423339844, -10.720741271972656, -3.25321102142334], [0.057196881622076035, 0.6268966794013977, -0.06759794801473618]], "brockpiece13": [[0.008488595485687256, -0.14264777302742004, -0.9610550403594971], [-23.40150260925293, 0.9984675049781799, 33.6265754699707], [0.10751569271087646, 0.33034080266952515, -0.6997447609901428]], "brockpiece14": [[-0.046787992119789124, -0.045753926038742065, -1.035561203956604], [-10.524106979370117, -7.83384895324707, 13.659161567687988], [0.1765923947095871, 0.3738964796066284, -0.06937721371650696]], "brockpiece15": [[0.0011269450187683105, -6.048381328582764e-05, -0.07300271093845367], [0.002660380443558097, -0.2260306179523468, -0.019235676154494286], [0.32439151406288147, 0.17386914789676666, 0.1606941819190979]], "brockpiece16": [[-0.10112364590167999, -7.56680965423584e-05, -0.3847828209400177], [-0.084596648812294, -17.535606384277344, 0.3147410452365875], [0.2422737032175064, 0.13469432294368744, -0.2985038757324219]], "brockpiece17": [[-0.06577953696250916, 0.35238105058670044, -1.2044336795806885], [-30.82905387878418, 13.05634593963623, 41.7791862487793], [0.05579742044210434, 0.8304786086082458, -0.06759888678789139]], "brockpiece18": [[0.04907524585723877, 0.2516014575958252, -1.2231824398040771], [-11.047801971435547, -5.153500080108643, -0.03936614841222763], [0.7751116156578064, 1.1647822856903076, 0.4550911784172058]], "brockpiece19": [[0.4639520049095154, -0.7066532373428345, -2.8584656715393066], [-58.829410552978516, 28.99163246154785, 36.59024429321289], [0.04745550453662872, 0.8352649807929993, -0.8555060029029846]], "brockpiece20": [[0.17875152826309204, -0.2013797163963318, -2.3514750003814697], [28.201351165771484, 28.68239974975586, 170.0321044921875], [0.0324799083173275, 0.8903895616531372, 0.1047213077545166]], "brockpiece21": [[0.07669918239116669, 0.2081073522567749, -1.375736951828003], [-7.671032428741455, 13.125495910644531, 158.9849395751953], [0.15945503115653992, 1.6952928304672241, 0.277337908744812]], "brockpiece22": [[0.1195102334022522, -1.1257805824279785, -5.318922519683838], [-146.72703552246094, 65.36524963378906, -19.48257827758789], [0.5310609936714172, 1.9953807592391968, -0.3219248354434967]], "brockpiece23": [[0.0719880536198616, -0.2854854464530945, -2.739236354827881], [-13.694008827209473, -8.588666915893555, -34.920562744140625], [-0.0681355819106102, 0.8056530356407166, -0.06759854406118393]], "brockpiece24": [[0.050615131855010986, 0.1295737624168396, -2.7399420738220215], [-17.355817794799805, 0.08061251044273376, -41.596832275390625], [-0.3838520646095276, 0.746596097946167, 0.4647919237613678]], "brockpiece25": [[-0.28934192657470703, 0.38956212997436523, -2.527998685836792], [-7.179196357727051, -4.2538533210754395, 0.1525244414806366], [-1.032001256942749, 0.5244100093841553, 0.6970614790916443]], "brockpiece26": [[-0.17395061254501343, -0.05311840772628784, -1.5805027484893799], [18.215051651000977, -23.525400161743164, -24.180456161499023], [-0.012171115726232529, 0.7901149392127991, 0.14576949179172516]], "brockpiece27": [[-0.30735403299331665, -0.6741358637809753, -2.8947935104370117], [-8.41218376159668, 10.270496368408203, -49.047119140625], [-0.029545554891228676, 0.7074200510978699, -0.5648927092552185]], "brockpiece28": [[-0.6660224795341492, -0.5167207717895508, -1.993538498878479], [72.81096649169922, 9.012487411499023, 65.72681427001953], [-0.05280172452330589, 0.875779390335083, 0.7411666512489319]], "brockpiece29": [[0.05251196026802063, -0.1646498143672943, -2.7027697563171387], [-15.151538848876953, 4.615988731384277, -0.7418840527534485], [-0.1528574824333191, 0.604702889919281, -0.03537474945187569]], "brockpiece30": [[-0.038196757435798645, -0.12368708848953247, -2.6075119972229004], [-11.284912109375, -3.3763175010681152, -28.955978393554688], [-0.212638720870018, 0.5194345116615295, -0.6746488809585571]], "brockpiece31": [[-0.042565226554870605, 0.11975523829460144, -2.6094205379486084], [-11.284893035888672, -3.376335620880127, -28.95608139038086], [-0.3032321333885193, 0.4032418727874756, 0.2416532039642334]], "brockpiece32": [[0.06114346534013748, -0.11112552881240845, -2.363234519958496], [31.7883358001709, 30.30463409423828, 126.44950866699219], [-0.014846060425043106, 0.7332823276519775, -0.067598357796669]], "brockpiece33": [[-0.15904566645622253, 0.0005435049533843994, -1.3717584609985352], [0.01217237301170826, -2.8717689514160156, -0.22215788066387177], [-0.07364655286073685, 0.3388040363788605, 0.1644446849822998]], "brockpiece34": [[-0.03958490863442421, 0.018777936697006226, -1.265932321548462], [-2.7071805000305176, -8.50290584564209, -0.05706317350268364], [-0.040006935596466064, 0.3192813992500305, -0.5479322671890259]], "brockpiece35": [[0.04457969591021538, -0.12867045402526855, -1.5584441423416138], [-25.461400985717773, -13.206819534301758, -16.238359451293945], [0.03971529006958008, 0.7414476275444031, -0.4923132658004761]], "brockpiece36": [[0.008570484817028046, -0.09447157382965088, -1.4305638074874878], [-13.8403902053833, -42.76428985595703, -137.05894470214844], [0.04695548489689827, 0.8178877234458923, 0.2522242069244385]], "brockpiece37": [[-0.991119384765625, -0.790433406829834, -2.3245508670806885], [129.16061401367188, -59.510555267333984, -136.406494140625], [0.018796933814883232, 0.8953180909156799, 0.6815259456634521]],