{"brockpiece0": [[-0.21089673042297363, -0.6427420973777771, -3.075714111328125], [60.50364685058594, 0.7223016619682312, 92.8074951171875], [-0.04771063104271889, 0.8072485327720642, -0.47105833888053894]], "brockpiece1": [[0.17086145281791687, 0.0012486577033996582, -2.852950096130371], [67.35518646240234, -37.699161529541016, -168.37615966796875], [-0.060903601348400116, 0.894946277141571, 0.4562895596027374]], "brockpiece2": [[0.16994300484657288, -0.314237117767334, -2.711613893508911], [-21.657100677490234, 8.273361206054688, -88.17652893066406], [-0.1568758189678192, 0.8655882477760315, -0.5483085513114929]], "brockpiece3": [[0.0605584979057312, 0.09340107440948486, -2.9329512119293213], [-14.67703628540039, -5.510356426239014, -104.0567626953125], [-0.22012151777744293, 0.9278489947319031, 0.3253736197948456]], "brockpiece4": [[0.16110044717788696, 0.22214317321777344, -2.875720500946045], [-11.190448760986328, 16.122055053710938, -25.08071517944336], [-0.4135969281196594, 0.9918517470359802, 0.46200042963027954]], "brockpiece5": [[-0.10006898641586304, 0.15333813428878784, -2.6129510402679443], [-15.556424140930176, 7.925662994384766, 0.019083131104707718], [-0.436776340007782, 0.9646992683410645, -0.3259457051753998]], "brockpiece6": [[0.1447845697402954, -0.6589542627334595, -3.200889825820923], [14.473855018615723, -10.731884002685547, -120.49697875976562], [-0.01387631893157959, 0.9064578413963318, -0.06759907305240631]], "brockpiece7": [[0.5253868103027344, -0.8642521500587463, -3.682523488998413], [-69.31221771240234, -4.3627471923828125, -33.18950653076172], [-0.016788214445114136, 1.2991664409637451, -0.5754176378250122]], "brockpiece8": [[0.5353485941886902, -0.4571670889854431, -4.168359279632568], [-75.93598175048828, 2.1143953800201416, -25.88030242919922], [-0.10184786468744278, 1.4046438932418823, 0.10018877685070038]], "brockpiece9": [[-0.6967079639434814, -0.5633575916290283, -1.7375926971435547], [7.203290939331055, -54.18196487426758, -32.99739456176758], [0.009604007937014103, 0.8276886940002441, 0.4656519293785095]], "brockpiece10": [[0.06056545674800873, -0.2570341229438782, -1.4044090509414673], [17.586084365844727, 6.354217529296875, -179.05477905273438], [0.026453230530023575, 0.7262305021286011, -0.09866398572921753]], "brockpiece11": [[0.04130314290523529, -0.45843806862831116, -2.0671322345733643], [-2.234862804412842, 47.01485061645508, 89.38626098632812], [0.023447148501873016, 0.6883174180984497, -0.6239317655563354]], "brockpiece12": [[0.0008599385619163513, -0.16011837124824524, -1.430002212524414], [-10.085979461669922, -11.15035629272461, -2.3114309310913086], [0.057196881622076035, 0.6268966794013977, -0.06759794801473618]], "brockpiece13": [[0.00994119793176651, -0.13802894949913025, -0.9643149375915527], [-25.329788208007812, 1.7436491250991821, 34.822235107421875], [0.10751569271087646, 0.33034080266952515, -0.6997447609901428]], "brockpiece14": [[-0.05201078951358795, -0.031198352575302124, -1.0427347421646118], [-12.917872428894043, -7.466428756713867, 16.399242401123047], [0.1765923947095871, 0.3738964796066284, -0.06937721371650696]], "brockpiece15": [[0.00016710162162780762, -0.0002453029155731201, -0.07306353747844696], [-0.11345566064119339, -0.2633667290210724, 0.3698340654373169], [0.32439151406288147, 0.17386914789676666, 0.1606941819190979]], "brockpiece16": [[-0.10324941575527191, 0.0005434006452560425, -0.3879602253437042], [-0.20638704299926758, -17.247798919677734, 0.7085055112838745], [0.2422737032175064, 0.13469432294368744, -0.2985038757324219]], "brockpiece17": [[-0.10567248612642288, 0.37718135118484497, -1.2380157709121704], [-33.297210693359375, 14.604726791381836, 45.163673400878906], [0.05579742044210434, 0.8304786086082458, -0.06759888678789139]], "brockpiece18": [[0.052210330963134766, 0.2894406318664551, -1.2703320980072021], [-12.670575141906738, -5.286803245544434, -0.1301189512014389], [0.7751116156578064, 1.1647822856903076, 0.4550911784172058]], "brockpiece19": [[0.40627607703208923, -0.7172509431838989, -2.790177345275879], [-24.963603973388672, -12.1510648727417, 52.10264587402344], [0.04745550453662872, 0.8352649807929993, -0.8555060029029846]], "brockpiece20": [[0.17018231749534607, -0.19049674272537231, -2.348952293395996], [33.02941131591797, 26.07659149169922, -178.22604370117188], [0.0324799083173275, 0.8903895616531372, 0.1047213077545166]], "brockpiece21": [[0.08261698484420776, 0.23885869979858398, -1.4378639459609985], [-12.67149829864502, -5.28672981262207, -0.12954619526863098], [0.15945503115653992, 1.6952928304672241, 0.277337908744812]], "brockpiece22": [[0.22022897005081177, -1.124070405960083, -4.908095359802246], [-75.65416717529297, 62.31747817993164, 38.26052474975586], [0.5310609936714172, 1.9953807592391968, -0.3219248354434967]], "brockpiece23": [[0.05569020286202431, -0.2452440857887268, -2.741281270980835], [-20.82048225402832, -5.930741310119629, -35.011837005615234], [-0.0681355819106102, 0.8056530356407166, -0.06759854406118393]], "brockpiece24": [[-0.011181294918060303, 0.17070835828781128, -2.736717462539673], [-19.46796226501465, -0.1930437684059143, -30.279109954833984], [-0.3838520646095276, 0.746596097946167, 0.4647919237613678]], "brockpiece25": [[-0.28336501121520996, 0.3878404498100281, -2.562154769897461], [-13.215147972106934, -4.3016581535339355, -0.09071889519691467], [-1.032001256942749, 0.5244100093841553, 0.6970614790916443]], "brockpiece26": [[-0.16271302103996277, -0.0329437255859375, -1.5825235843658447], [10.90705680847168, -21.202754974365234, -45.93470001220703], [-0.012171115726232529, 0.7901149392127991, 0.14576949179172516]], "brockpiece27": [[-0.3116331696510315, -0.6673502326011658, -2.898473024368286], [-8.376876831054688, 16.29485511779785, -31.745189666748047], [-0.029545554891228676, 0.7074200510978699, -0.5648927092552185]], "brockpiece28": [[-0.3349941074848175, -0.3021236062049866, -1.8853758573532104], [104.12848663330078, 35.088050842285156, 0.8760846257209778], [-0.05280172452330589, 0.875779390335083, 0.7411666512489319]], "brockpiece29": [[3.084540367126465e-06, -0.1399374008178711, -2.698749303817749], [-17.056636810302734, 3.0141398906707764, -11.915983200073242], [-0.1528574824333191, 0.604702889919281, -0.03537474945187569]], "brockpiece30": [[-0.04313148558139801, -0.09856873750686646, -2.6101932525634766], [-12.892901420593262, -4.19233512878418, -21.276002883911133], [-0.212638720870018, 0.5194345116615295, -0.6746488809585571]], "brockpiece31": [[-0.06625291705131531, 0.15977033972740173, -2.6164450645446777], [-12.89288330078125, -4.192349910736084, -21.276092529296875], [-0.3032321333885193, 0.4032418727874756, 0.2416532039642334]], "brockpiece32": [[0.06052129343152046, -0.12798982858657837, -2.3266706466674805], [6.493140697479248, 41.00101852416992, 75.6610336303711], [-0.014846060425043106, 0.7332823276519775, -0.067598357796669]], "brockpiece33": [[-0.16507646441459656, 0.0033417940139770508, -1.3736597299575806], [-0.0705762729048729, -3.0293102264404297, 1.4850255250930786], [-0.07364655286073685, 0.3388040363788605, 0.1644446849822998]], "brockpiece34": [[-0.046166013926267624, 0.025534480810165405, -1.2668073177337646], [-3.051938772201538, -8.556102752685547, 2.476564407348633], [-0.040006935596466064, 0.3192813992500305, -0.5479322671890259]], "brockpiece35": [[0.03820348158478737, -0.1262107491493225, -1.5602654218673706], [-27.26356315612793, -10.824250221252441, -13.813044548034668], [0.03971529006958008, 0.7414476275444031, -0.4923132658004761]], "brockpiece36": [[-0.0398901104927063, -0.050322115421295166, -1.4341349601745605], [-0.6567410826683044, -36.21772766113281, -125.3287582397461], [0.04695548489689827, 0.8178877234458923, 0.2522242069244385]], "brockpiece37": [[-0.9395490288734436, -0.731173038482666, -2.2546422481536865], [-54.65020751953125, -63.985877990722656, 7.524459362030029], [0.018796933814883232, 0.8953180909156799, 0.6815259456634521]],