{"brockpiece0": [[-0.21127837896347046, -0.6425630450248718, -3.0868186950683594], [62.74732208251953, 1.339228868484497, 93.16992950439453], [-0.04771063104271889, 0.8072485327720642, -0.47105833888053894]], "brockpiece1": [[0.16358591616153717, -0.016736507415771484, -2.9015111923217773], [73.4876937866211, -18.54935073852539, -178.34275817871094], [-0.060903601348400116, 0.894946277141571, 0.4562895596027374]], "brockpiece2": [[0.2127533107995987, -0.4376673102378845, -2.74517822265625], [-24.636232376098633, -5.168248176574707, -115.2945785522461], [-0.1568758189678192, 0.8655882477760315, -0.5483085513114929]], "brockpiece3": [[0.05418935418128967, 0.0888139009475708, -2.961726188659668], [-6.046555042266846, -12.086212158203125, -125.6968765258789], [-0.22012151777744293, 0.9278489947319031, 0.3253736197948456]], "brockpiece4": [[0.19193361699581146, 0.17651009559631348, -2.8834354877471924], [-12.607954025268555, 19.440731048583984, -34.00517272949219], [-0.4135969281196594, 0.9918517470359802, 0.46200042963027954]], "brockpiece5": [[-0.09904003143310547, 0.15285331010818481, -2.613638401031494], [-15.517759323120117, 8.082427024841309, -0.06607765704393387], [-0.436776340007782, 0.9646992683410645, -0.3259457051753998]], "brockpiece6": [[0.1540421098470688, -0.651335597038269, -3.2139172554016113], [16.332101821899414, -7.947173595428467, -133.06268310546875], [-0.01387631893157959, 0.9064578413963318, -0.06759907305240631]], "brockpiece7": [[0.5509521961212158, -0.8703356981277466, -3.773122549057007], [-80.52665710449219, -2.6979191303253174, -35.230220794677734], [-0.016788214445114136, 1.2991664409637451, -0.5754176378250122]], "brockpiece8": [[0.6083093285560608, -0.47159814834594727, -4.341294765472412], [-82.56510162353516, 2.7494213581085205, -31.30251121520996], [-0.10184786468744278, 1.4046438932418823, 0.10018877685070038]], "brockpiece9": [[-0.7927220463752747, -0.6755755543708801, -1.8015844821929932], [-11.644978523254395, -54.37189483642578, 14.3215913772583], [0.009604007937014103, 0.8276886940002441, 0.4656519293785095]], "brockpiece10": [[0.0612083300948143, -0.2715119421482086, -1.3999477624893188], [16.7591552734375, 6.481184005737305, 174.71224975585938], [0.026453230530023575, 0.7262305021286011, -0.09866398572921753]], "brockpiece11": [[0.045255474746227264, -0.45869261026382446, -2.0773377418518066], [1.9299720525741577, 48.17900085449219, 93.97727966308594], [0.023447148501873016, 0.6883174180984497, -0.6239317655563354]], "brockpiece12": [[0.003420758992433548, -0.16675230860710144, -1.4255441427230835], [-8.802001953125, -11.078746795654297, -4.878324508666992], [0.057196881622076035, 0.6268966794013977, -0.06759794801473618]], "brockpiece13": [[0.008597753942012787, -0.14123724400997162, -0.9651254415512085], [-24.185832977294922, 3.229388475418091, 36.0654182434082], [0.10751569271087646, 0.33034080266952515, -0.6997447609901428]], "brockpiece14": [[-0.04985213279724121, -0.04059886932373047, -1.0403040647506714], [-11.161676406860352, -8.174642562866211, 13.704755783081055], [0.1765923947095871, 0.3738964796066284, -0.06937721371650696]], "brockpiece15": [[0.0013569891452789307, 8.07642936706543e-05, -0.0727602168917656], [0.006435807794332504, -0.24639926850795746, -0.05400683730840683], [0.32439151406288147, 0.17386914789676666, 0.1606941819190979]], "brockpiece16": [[-0.1047593355178833, 0.0013270527124404907, -0.38694819808006287], [-0.4636714458465576, -17.427701950073242, 1.4936082363128662], [0.2422737032175064, 0.13469432294368744, -0.2985038757324219]], "brockpiece17": [[-0.07008493691682816, 0.362091600894928, -1.218597412109375], [-29.938596725463867, 18.161331176757812, 49.17539596557617], [0.05579742044210434, 0.8304786086082458, -0.06759888678789139]], "brockpiece18": [[0.050654590129852295, 0.2753567695617676, -1.2530511617660522], [-12.062612533569336, -5.250032901763916, -0.0944085568189621], [0.7751116156578064, 1.1647822856903076, 0.4550911784172058]], "brockpiece19": [[0.4341418743133545, -0.7247969508171082, -2.8085079193115234], [-40.603424072265625, 8.346238136291504, 48.57066345214844], [0.04745550453662872, 0.8352649807929993, -0.8555060029029846]], "brockpiece20": [[0.18960040807724, -0.1969708800315857, -2.345221519470215], [27.562755584716797, 32.630374908447266, 167.9252166748047], [0.0324799083173275, 0.8903895616531372, 0.1047213077545166]], "brockpiece21": [[0.080085888504982, 0.22746765613555908, -1.4151314496994019], [-12.062891006469727, -5.250019073486328, -0.09482523798942566], [0.15945503115653992, 1.6952928304672241, 0.277337908744812]], "brockpiece22": [[0.17868220806121826, -1.0876805782318115, -5.0727057456970215], [-101.46793365478516, 67.42688751220703, 18.148269653320312], [0.5310609936714172, 1.9953807592391968, -0.3219248354434967]], "brockpiece23": [[0.05469050258398056, -0.24970734119415283, -2.746922254562378], [-19.526382446289062, -7.391400337219238, -34.02705383300781], [-0.0681355819106102, 0.8056530356407166, -0.06759854406118393]], "brockpiece24": [[0.01164284348487854, 0.1430782675743103, -2.74078369140625], [-19.351728439331055, 0.5383157730102539, -35.651214599609375], [-0.3838520646095276, 0.746596097946167, 0.4647919237613678]], "brockpiece25": [[-0.2875756025314331, 0.3853790760040283, -2.5483713150024414], [-10.296345710754395, -4.367691516876221, 0.3473716378211975], [-1.032001256942749, 0.5244100093841553, 0.6970614790916443]], "brockpiece26": [[-0.16874735057353973, -0.04647451639175415, -1.5828498601913452], [13.92659854888916, -21.772966384887695, -40.13579177856445], [-0.012171115726232529, 0.7901149392127991, 0.14576949179172516]], "brockpiece27": [[-0.31570327281951904, -0.6695693135261536, -2.8976500034332275], [-9.33554744720459, 15.155293464660645, -36.782875061035156], [-0.029545554891228676, 0.7074200510978699, -0.5648927092552185]], "brockpiece28": [[-0.43877261877059937, -0.33864158391952515, -1.9170217514038086], [92.11070251464844, 22.720659255981445, 26.890623092651367], [-0.05280172452330589, 0.875779390335083, 0.7411666512489319]], "brockpiece29": [[0.015742957592010498, -0.1566273272037506, -2.702338933944702], [-15.487798690795898, 4.310058116912842, -6.68584680557251], [-0.1528574824333191, 0.604702889919281, -0.03537474945187569]], "brockpiece30": [[-0.04281066358089447, -0.1154632568359375, -2.6086087226867676], [-12.06613540649414, -3.582467555999756, -25.167402267456055], [-0.212638720870018, 0.5194345116615295, -0.6746488809585571]], "brockpiece31": [[-0.05296140909194946, 0.13416263461112976, -2.6120195388793945], [-12.066122055053711, -3.5824778079986572, -25.16747283935547], [-0.3032321333885193, 0.4032418727874756, 0.2416532039642334]], "brockpiece32": [[0.05820475146174431, -0.10965484380722046, -2.3500282764434814], [24.0841064453125, 38.670345306396484, 102.8017578125], [-0.014846060425043106, 0.7332823276519775, -0.067598357796669]], "brockpiece33": [[-0.16241846978664398, 0.0015163123607635498, -1.3726192712783813], [-0.03421534597873688, -2.9348175525665283, 0.6824890971183777], [-0.07364655286073685, 0.3388040363788605, 0.1644446849822998]], "brockpiece34": [[-0.04381785914301872, 0.023155301809310913, -1.266139030456543], [-2.96282696723938, -8.806933403015137, 1.410104513168335], [-0.040006935596466064, 0.3192813992500305, -0.5479322671890259]], "brockpiece35": [[0.04257524386048317, -0.12487202882766724, -1.5576192140579224], [-25.464710235595703, -13.091886520385742, -17.434059143066406], [0.03971529006958008, 0.7414476275444031, -0.4923132658004761]], "brockpiece36": [[-0.01312098279595375, -0.07414394617080688, -1.4300402402877808], [-8.59397029876709, -39.22559356689453, -131.40945434570312], [0.04695548489689827, 0.8178877234458923, 0.2522242069244385]], "brockpiece37": [[-0.9534511566162109, -0.7131043076515198, -2.2837419509887695], [-5.346931457519531, -86.8703384399414, -27.97120475769043], [0.018796933814883232, 0.8953180909156799, 0.6815259456634521]],