{"brockpiece0": [[-0.15386554598808289, -0.647086501121521, -3.100621223449707], [63.49516296386719, 3.6444551944732666, 91.3446044921875], [-0.04771063104271889, 0.8072485327720642, -0.47105833888053894]], "brockpiece1": [[0.21564416587352753, -0.04048281908035278, -2.991640329360962], [72.599609375, 22.24446678161621, 168.5986328125], [-0.060903601348400116, 0.894946277141571, 0.4562895596027374]], "brockpiece2": [[0.2809133529663086, -0.5090014934539795, -2.8502776622772217], [15.208418846130371, -32.00554656982422, -174.3018035888672], [-0.1568758189678192, 0.8655882477760315, -0.5483085513114929]], "brockpiece3": [[0.11545832455158234, -0.07760196924209595, -3.0048105716705322], [11.665698051452637, -14.059815406799316, -164.87823486328125], [-0.22012151777744293, 0.9278489947319031, 0.3253736197948456]], "brockpiece4": [[0.24417725205421448, 0.11041879653930664, -2.88637375831604], [-20.64003562927246, 20.70716094970703, -57.47756576538086], [-0.4135969281196594, 0.9918517470359802, 0.46200042963027954]], "brockpiece5": [[-0.09651726484298706, 0.15160638093948364, -2.611140727996826], [-15.431397438049316, 8.269429206848145, -0.061851873993873596], [-0.436776340007782, 0.9646992683410645, -0.3259457051753998]], "brockpiece6": [[0.2058691531419754, -0.6386250257492065, -3.247283458709717], [18.592145919799805, 1.1974315643310547, -169.2910919189453], [-0.01387631893157959, 0.9064578413963318, -0.06759907305240631]], "brockpiece7": [[0.6342893242835999, -0.834397554397583, -3.87724232673645], [-98.81049346923828, 6.745976448059082, -37.8925895690918], [-0.016788214445114136, 1.2991664409637451, -0.5754176378250122]], "brockpiece8": [[0.7587894797325134, -0.44928598403930664, -4.593442916870117], [-96.5004653930664, -1.293316125869751, -42.98122024536133], [-0.10184786468744278, 1.4046438932418823, 0.10018877685070038]], "brockpiece9": [[-0.9458742737770081, -0.6070707440376282, -1.8542921543121338], [-30.38608169555664, -39.77111053466797, 71.65204620361328], [0.009604007937014103, 0.8276886940002441, 0.4656519293785095]], "brockpiece10": [[0.065743587911129, -0.26088613271713257, -1.3931175470352173], [17.02461814880371, 6.476224422454834, 177.20651245117188], [0.026453230530023575, 0.7262305021286011, -0.09866398572921753]], "brockpiece11": [[0.06652647256851196, -0.43514546751976013, -2.123408079147339], [-2.162116050720215, 33.42341232299805, 91.57019805908203], [0.023447148501873016, 0.6883174180984497, -0.6239317655563354]], "brockpiece12": [[0.011367157101631165, -0.1671840250492096, -1.4191601276397705], [-8.11925220489502, -10.736100196838379, -2.571173667907715], [0.057196881622076035, 0.6268966794013977, -0.06759794801473618]], "brockpiece13": [[0.008984901010990143, -0.14602690935134888, -0.958867073059082], [-22.57658576965332, -0.22355785965919495, 32.74528121948242], [0.10751569271087646, 0.33034080266952515, -0.6997447609901428]], "brockpiece14": [[-0.047387540340423584, -0.04840007424354553, -1.0341291427612305], [-10.33486557006836, -7.532068729400635, 14.51934814453125], [0.1765923947095871, 0.3738964796066284, -0.06937721371650696]], "brockpiece15": [[0.0009999871253967285, -0.00014275312423706055, -0.07303359359502792], [-0.0196431465446949, -0.22941960394382477, 0.06069358065724373], [0.32439151406288147, 0.17386914789676666, 0.1606941819190979]], "brockpiece16": [[-0.0999392420053482, 0.00014998018741607666, -0.38383206725120544], [-0.03313165530562401, -17.529720306396484, 0.04264388978481293], [0.2422737032175064, 0.13469432294368744, -0.2985038757324219]], "brockpiece17": [[-0.06209930032491684, 0.345864474773407, -1.1971184015274048], [-30.34186553955078, 12.503461837768555, 41.20002746582031], [0.05579742044210434, 0.8304786086082458, -0.06759888678789139]], "brockpiece18": [[0.04858672618865967, 0.2437506914138794, -1.2131472826004028], [-10.681023597717285, -5.131645679473877, -0.032376814633607864], [0.7751116156578064, 1.1647822856903076, 0.4550911784172058]], "brockpiece19": [[0.47013068199157715, -0.6989725828170776, -2.875275135040283], [-65.38484191894531, 34.223392486572266, 30.92037010192871], [0.04745550453662872, 0.8352649807929993, -0.8555060029029846]], "brockpiece20": [[0.17106091976165771, -0.2037152647972107, -2.351395606994629], [28.86777114868164, 26.722679138183594, 173.54428100585938], [0.0324799083173275, 0.8903895616531372, 0.1047213077545166]], "brockpiece21": [[0.07575003802776337, 0.2019481658935547, -1.3623663187026978], [-10.680780410766602, -5.131325721740723, -0.03212392330169678], [0.15945503115653992, 1.6952928304672241, 0.277337908744812]], "brockpiece22": [[0.10119223594665527, -1.1522541046142578, -5.403282165527344], [-157.9817657470703, 62.28907775878906, -28.442588806152344], [0.5310609936714172, 1.9953807592391968, -0.3219248354434967]], "brockpiece23": [[0.08282693475484848, -0.2865707278251648, -2.739065170288086], [-10.759939193725586, -8.992270469665527, -36.576778411865234], [-0.0681355819106102, 0.8056530356407166, -0.06759854406118393]], "brockpiece24": [[0.05025887489318848, 0.12735450267791748, -2.738595485687256], [-17.499755859375, -0.5257015824317932, -42.25326919555664], [-0.3838520646095276, 0.746596097946167, 0.4647919237613678]], "brockpiece25": [[-0.2898756265640259, 0.38845932483673096, -2.5235471725463867], [-6.5084967613220215, -4.124088287353516, 0.09519130736589432], [-1.032001256942749, 0.5244100093841553, 0.6970614790916443]], "brockpiece26": [[-0.17959047853946686, -0.052673280239105225, -1.5810481309890747], [17.748302459716797, -25.783842086791992, -16.540149688720703], [-0.012171115726232529, 0.7901149392127991, 0.14576949179172516]], "brockpiece27": [[-0.3052613437175751, -0.6773086190223694, -2.895291566848755], [-7.856100082397461, 8.356101989746094, -57.880496978759766], [-0.029545554891228676, 0.7074200510978699, -0.5648927092552185]], "brockpiece28": [[-0.7356873154640198, -0.6086472272872925, -2.0180461406707764], [66.84343719482422, 6.26848840713501, 79.69007110595703], [-0.05280172452330589, 0.875779390335083, 0.7411666512489319]], "brockpiece29": [[0.06330890208482742, -0.16604802012443542, -2.7013025283813477], [-15.043992042541504, 3.8606905937194824, -0.5541685223579407], [-0.1528574824333191, 0.604702889919281, -0.03537474945187569]], "brockpiece30": [[-0.037624165415763855, -0.12529048323631287, -2.607022285461426], [-11.183350563049316, -3.333116054534912, -29.105077743530273], [-0.212638720870018, 0.5194345116615295, -0.6746488809585571]], "brockpiece31": [[-0.04185891151428223, 0.11663946509361267, -2.6087074279785156], [-11.183341979980469, -3.333130359649658, -29.10517120361328], [-0.3032321333885193, 0.4032418727874756, 0.2416532039642334]], "brockpiece32": [[0.05556099861860275, -0.12291795015335083, -2.364593744277954], [32.421791076660156, 28.91497039794922, 131.95462036132812], [-0.014846060425043106, 0.7332823276519775, -0.067598357796669]], "brockpiece33": [[-0.16024796664714813, -4.431605339050293e-05, -1.3713961839675903], [-0.000103315498563461, -2.8626811504364014, -0.024657025933265686], [-0.07364655286073685, 0.3388040363788605, 0.1644446849822998]], "brockpiece34": [[-0.03904468193650246, 0.017766684293746948, -1.2644853591918945], [-2.5155787467956543, -8.48062801361084, -0.09161300212144852], [-0.040006935596466064, 0.3192813992500305, -0.5479322671890259]], "brockpiece35": [[0.045084450393915176, -0.12930119037628174, -1.556355357170105], [-24.994232177734375, -13.970321655273438, -17.5723934173584], [0.03971529006958008, 0.7414476275444031, -0.4923132658004761]], "brockpiece36": [[0.012038901448249817, -0.1011015772819519, -1.4252352714538574], [-11.410237312316895, -42.3825798034668, -140.2422637939453], [0.04695548489689827, 0.8178877234458923, 0.2522242069244385]], "brockpiece37": [[-1.0067909955978394, -0.8012403249740601, -2.3343827724456787], [137.225830078125, -51.868675231933594, -130.63987731933594], [0.018796933814883232, 0.8953180909156799, 0.6815259456634521]],