{"brockpiece0": [[-0.2152751088142395, -0.6454220414161682, -3.0706043243408203], [58.25518798828125, 2.7928526401519775, 91.03650665283203], [-0.04771063104271889, 0.8072485327720642, -0.47105833888053894]], "brockpiece1": [[0.18142248690128326, 0.0019048452377319336, -2.8263895511627197], [62.170623779296875, -46.583133697509766, -161.05470275878906], [-0.060903601348400116, 0.894946277141571, 0.4562895596027374]], "brockpiece2": [[0.14015871286392212, -0.22510254383087158, -2.6980812549591064], [-17.877412796020508, 10.43079662322998, -73.04651641845703], [-0.1568758189678192, 0.8655882477760315, -0.5483085513114929]], "brockpiece3": [[0.06764805316925049, 0.09462809562683105, -2.9210033416748047], [-17.77707862854004, -1.2767226696014404, -93.04608917236328], [-0.22012151777744293, 0.9278489947319031, 0.3253736197948456]], "brockpiece4": [[0.14325401186943054, 0.2404947280883789, -2.8685646057128906], [-11.502693176269531, 14.060365676879883, -22.073026657104492], [-0.4135969281196594, 0.9918517470359802, 0.46200042963027954]], "brockpiece5": [[-0.10238665342330933, 0.15383917093276978, -2.6120150089263916], [-15.593926429748535, 7.470732688903809, -0.07584080100059509], [-0.436776340007782, 0.9646992683410645, -0.3259457051753998]], "brockpiece6": [[0.14826543629169464, -0.653009295463562, -3.2007176876068115], [12.986595153808594, -10.85461711883545, -116.39397430419922], [-0.01387631893157959, 0.9064578413963318, -0.06759907305240631]], "brockpiece7": [[0.4978475272655487, -0.8285901546478271, -3.622896432876587], [-62.18458938598633, -3.9934942722320557, -29.555334091186523], [-0.016788214445114136, 1.2991664409637451, -0.5754176378250122]], "brockpiece8": [[0.49522972106933594, -0.4385300874710083, -4.08881950378418], [-71.957763671875, 2.406877040863037, -23.64250946044922], [-0.10184786468744278, 1.4046438932418823, 0.10018877685070038]], "brockpiece9": [[-0.6627051830291748, -0.4304787814617157, -1.7095497846603394], [19.28515625, -49.307212829589844, -51.47490692138672], [0.009604007937014103, 0.8276886940002441, 0.4656519293785095]], "brockpiece10": [[0.05513483285903931, -0.24755901098251343, -1.407344102859497], [18.348731994628906, 4.847253322601318, -175.3305206298828], [0.026453230530023575, 0.7262305021286011, -0.09866398572921753]], "brockpiece11": [[0.04582997411489487, -0.4657060503959656, -2.068471670150757], [-6.185401439666748, 45.502620697021484, 83.26250457763672], [0.023447148501873016, 0.6883174180984497, -0.6239317655563354]], "brockpiece12": [[-0.0009684786200523376, -0.15679430961608887, -1.4308831691741943], [-10.72830867767334, -11.151500701904297, -1.5112932920455933], [0.057196881622076035, 0.6268966794013977, -0.06759794801473618]], "brockpiece13": [[0.010684728622436523, -0.13982538878917694, -0.9624167680740356], [-25.13349151611328, 1.0046488046646118, 34.4469108581543], [0.10751569271087646, 0.33034080266952515, -0.6997447609901428]], "brockpiece14": [[-0.05434325337409973, -0.027096062898635864, -1.0434625148773193], [-13.761101722717285, -7.095383644104004, 17.5404052734375], [0.1765923947095871, 0.3738964796066284, -0.06937721371650696]], "brockpiece15": [[0.0002808868885040283, -0.000258028507232666, -0.07299506664276123], [-0.1156763806939125, -0.2749190628528595, 0.35952553153038025], [0.32439151406288147, 0.17386914789676666, 0.1606941819190979]], "brockpiece16": [[-0.10224902629852295, 9.703636169433594e-05, -0.3892929255962372], [-0.08708546310663223, -17.098922729492188, 0.2655948996543884], [0.2422737032175064, 0.13469432294368744, -0.2985038757324219]], "brockpiece17": [[-0.12416717410087585, 0.4005100131034851, -1.2630174160003662], [-36.53190231323242, 8.570624351501465, 37.20716094970703], [0.05579742044210434, 0.8304786086082458, -0.06759888678789139]], "brockpiece18": [[0.05300551652908325, 0.29576194286346436, -1.277844786643982], [-12.954570770263672, -5.295619010925293, -0.14249874651432037], [0.7751116156578064, 1.1647822856903076, 0.4550911784172058]], "brockpiece19": [[0.38634079694747925, -0.6599568724632263, -2.792506694793701], [-11.323627471923828, -26.666168212890625, 50.10346221923828], [0.04745550453662872, 0.8352649807929993, -0.8555060029029846]], "brockpiece20": [[0.1517491638660431, -0.19400924444198608, -2.3506083488464355], [37.323402404785156, 20.771005630493164, -168.4727325439453], [0.0324799083173275, 0.8903895616531372, 0.1047213077545166]], "brockpiece21": [[0.0837886780500412, 0.24386930465698242, -1.4478247165679932], [-9.444393157958984, 13.934419631958008, 159.12286376953125], [0.15945503115653992, 1.6952928304672241, 0.277337908744812]], "brockpiece22": [[0.24184203147888184, -1.166793942451477, -4.824112415313721], [-66.19905090332031, 58.599300384521484, 44.68683624267578], [0.5310609936714172, 1.9953807592391968, -0.3219248354434967]], "brockpiece23": [[0.05817043408751488, -0.2478305697441101, -2.744871139526367], [-20.36400604248047, -4.9005255699157715, -36.20420837402344], [-0.0681355819106102, 0.8056530356407166, -0.06759854406118393]], "brockpiece24": [[-0.019164323806762695, 0.18094289302825928, -2.7334280014038086], [-19.080379486083984, -1.1067314147949219, -28.102052688598633], [-0.3838520646095276, 0.746596097946167, 0.4647919237613678]], "brockpiece25": [[-0.28165698051452637, 0.39334458112716675, -2.5652918815612793], [-14.2901029586792, -4.284065246582031, -0.2758132219314575], [-1.032001256942749, 0.5244100093841553, 0.6970614790916443]], "brockpiece26": [[-0.15997561812400818, -0.0309293270111084, -1.581732153892517], [10.365824699401855, -20.110626220703125, -48.220062255859375], [-0.012171115726232529, 0.7901149392127991, 0.14576949179172516]], "brockpiece27": [[-0.3132830262184143, -0.669066309928894, -2.89958119392395], [-7.167250156402588, 17.091970443725586, -29.978618621826172], [-0.029545554891228676, 0.7074200510978699, -0.5648927092552185]], "brockpiece28": [[-0.33028486371040344, -0.2912251949310303, -1.8736623525619507], [109.04560852050781, 40.97367477416992, -13.862269401550293], [-0.05280172452330589, 0.875779390335083, 0.7411666512489319]], "brockpiece29": [[-0.0025851428508758545, -0.12768399715423584, -2.699572801589966], [-18.116573333740234, 2.2883903980255127, -14.100529670715332], [-0.1528574824333191, 0.604702889919281, -0.03537474945187569]], "brockpiece30": [[-0.047059670090675354, -0.09474271535873413, -2.6083579063415527], [-13.26308536529541, -4.2249321937561035, -19.615938186645508], [-0.212638720870018, 0.5194345116615295, -0.6746488809585571]], "brockpiece31": [[-0.07270362973213196, 0.1659928858280182, -2.6153078079223633], [-13.26306438446045, -4.224958896636963, -19.61604118347168], [-0.3032321333885193, 0.4032418727874756, 0.2416532039642334]], "brockpiece32": [[0.0659937709569931, -0.132118821144104, -2.326917886734009], [-1.1347095966339111, 40.40846633911133, 63.52877426147461], [-0.014846060425043106, 0.7332823276519775, -0.067598357796669]], "brockpiece33": [[-0.1665009707212448, 0.004168182611465454, -1.373923659324646], [-0.09529993683099747, -3.0306456089019775, 1.7961902618408203], [-0.07364655286073685, 0.3388040363788605, 0.1644446849822998]], "brockpiece34": [[-0.04654106870293617, 0.026717424392700195, -1.2669200897216797], [-3.137479305267334, -8.664654731750488, 2.875546455383301], [-0.040006935596466064, 0.3192813992500305, -0.5479322671890259]], "brockpiece35": [[0.041889432817697525, -0.12199574708938599, -1.5702658891677856], [-28.83934211730957, -11.683794975280762, -15.902488708496094], [0.03971529006958008, 0.7414476275444031, -0.4923132658004761]], "brockpiece36": [[-0.06241001561284065, -0.04678797721862793, -1.432155728340149], [-7.335119247436523, -24.671255111694336, -114.16102600097656], [0.04695548489689827, 0.8178877234458923, 0.2522242069244385]], "brockpiece37": [[-0.923361599445343, -0.7222256660461426, -2.2331151962280273], [-59.64540481567383, -50.928646087646484, 8.730929374694824], [0.018796933814883232, 0.8953180909156799, 0.6815259456634521]],