{"brockpiece0": [[-0.1416679322719574, -0.647834062576294, -3.1112637519836426], [61.028560638427734, 11.707864761352539, 83.99716186523438], [-0.04771063104271889, 0.8072485327720642, -0.47105833888053894]], "brockpiece1": [[0.2590315043926239, -0.08615952730178833, -3.009859323501587], [67.62284851074219, 42.525428771972656, 159.90235900878906], [-0.060903601348400116, 0.894946277141571, 0.4562895596027374]], "brockpiece2": [[0.3398281931877136, -0.5484848618507385, -2.916188955307007], [42.01096725463867, -24.473411560058594, 157.0972442626953], [-0.1568758189678192, 0.8655882477760315, -0.5483085513114929]], "brockpiece3": [[0.15112727880477905, -0.17393362522125244, -3.032001256942749], [24.399877548217773, -9.909479141235352, 179.0440216064453], [-0.22012151777744293, 0.9278489947319031, 0.3253736197948456]], "brockpiece4": [[0.2522583305835724, 0.10251080989837646, -2.884051561355591], [-21.636409759521484, 18.295513153076172, -64.45133972167969], [-0.4135969281196594, 0.9918517470359802, 0.46200042963027954]], "brockpiece5": [[-0.09637987613677979, 0.14698940515518188, -2.606440782546997], [-14.960067749023438, 8.266942977905273, -0.004003108013421297], [-0.436776340007782, 0.9646992683410645, -0.3259457051753998]], "brockpiece6": [[0.2511187195777893, -0.6786940097808838, -3.2391724586486816], [14.24465274810791, 3.7572011947631836, 171.7975616455078], [-0.01387631893157959, 0.9064578413963318, -0.06759907305240631]], "brockpiece7": [[0.6994683146476746, -0.8368368148803711, -3.935279607772827], [-107.62080383300781, 10.291963577270508, -44.373512268066406], [-0.016788214445114136, 1.2991664409637451, -0.5754176378250122]], "brockpiece8": [[0.8369444608688354, -0.45689839124679565, -4.702423095703125], [-103.08091735839844, -3.018202543258667, -48.359066009521484], [-0.10184786468744278, 1.4046438932418823, 0.10018877685070038]], "brockpiece9": [[-0.9957468509674072, -0.6637862920761108, -1.898695707321167], [-28.11300277709961, -26.991758346557617, 76.19621276855469], [0.009604007937014103, 0.8276886940002441, 0.4656519293785095]], "brockpiece10": [[0.06663886457681656, -0.2663341164588928, -1.3899163007736206], [16.2495059967041, 6.289093971252441, 176.31997680664062], [0.026453230530023575, 0.7262305021286011, -0.09866398572921753]], "brockpiece11": [[0.09802421182394028, -0.4453275799751282, -2.121835231781006], [-3.9953453540802, 34.53162384033203, 99.88615417480469], [0.023447148501873016, 0.6883174180984497, -0.6239317655563354]], "brockpiece12": [[0.01074497401714325, -0.16952931880950928, -1.4158830642700195], [-7.8430705070495605, -10.386800765991211, -0.9686050415039062], [0.057196881622076035, 0.6268966794013977, -0.06759794801473618]], "brockpiece13": [[0.008334361016750336, -0.1466480940580368, -0.9576607942581177], [-22.36607551574707, -0.8452404141426086, 32.097713470458984], [0.10751569271087646, 0.33034080266952515, -0.6997447609901428]], "brockpiece14": [[-0.047528013586997986, -0.053198009729385376, -1.030780553817749], [-9.624881744384766, -7.646759033203125, 14.022733688354492], [0.1765923947095871, 0.3738964796066284, -0.06937721371650696]], "brockpiece15": [[0.001085430383682251, -0.0001367032527923584, -0.07305154204368591], [-0.0016112966695800424, -0.21887050569057465, 0.007228103466331959], [0.32439151406288147, 0.17386914789676666, 0.1606941819190979]], "brockpiece16": [[-0.0993632823228836, -0.00020772218704223633, -0.3833949863910675], [-0.017228223383426666, -17.603227615356445, 0.04255731403827667], [0.2422737032175064, 0.13469432294368744, -0.2985038757324219]], "brockpiece17": [[-0.05572277307510376, 0.3225228190422058, -1.1831542253494263], [-28.886842727661133, 11.027303695678711, 40.228660583496094], [0.05579742044210434, 0.8304786086082458, -0.06759888678789139]], "brockpiece18": [[0.047465384006500244, 0.22682631015777588, -1.1925013065338135], [-9.922930717468262, -5.086837291717529, -0.007592632435262203], [0.7751116156578064, 1.1647822856903076, 0.4550911784172058]], "brockpiece19": [[0.48257505893707275, -0.6891552209854126, -2.909365653991699], [-80.53620147705078, 42.319278717041016, 17.02939796447754], [0.04745550453662872, 0.8352649807929993, -0.8555060029029846]], "brockpiece20": [[0.1523062288761139, -0.2076844573020935, -2.354951858520508], [31.12233543395996, 22.53813362121582, -178.90557861328125], [0.0324799083173275, 0.8903895616531372, 0.1047213077545166]], "brockpiece21": [[0.07358793914318085, 0.18833792209625244, -1.3348027467727661], [-9.922572135925293, -5.086664199829102, -0.007348343729972839], [0.15945503115653992, 1.6952928304672241, 0.277337908744812]], "brockpiece22": [[0.07805472612380981, -1.2269777059555054, -5.56663703918457], [-174.80807495117188, 54.16839599609375, -40.466915130615234], [0.5310609936714172, 1.9953807592391968, -0.3219248354434967]], "brockpiece23": [[0.10686849057674408, -0.3067871332168579, -2.7388033866882324], [-9.965476989746094, -12.345449447631836, -37.63716125488281], [-0.0681355819106102, 0.8056530356407166, -0.06759854406118393]], "brockpiece24": [[0.05088537931442261, 0.11582297086715698, -2.73473858833313], [-17.750198364257812, -0.7796383500099182, -41.60013198852539], [-0.3838520646095276, 0.746596097946167, 0.4647919237613678]], "brockpiece25": [[-0.29024434089660645, 0.38295429944992065, -2.51743483543396], [-5.676934242248535, -3.915914535522461, -0.05852453038096428], [-1.032001256942749, 0.5244100093841553, 0.6970614790916443]], "brockpiece26": [[-0.19631172716617584, -0.06265854835510254, -1.5833133459091187], [13.22271728515625, -31.258146286010742, 2.0546376705169678], [-0.012171115726232529, 0.7901149392127991, 0.14576949179172516]], "brockpiece27": [[-0.29997503757476807, -0.6790698170661926, -2.896167039871216], [-8.16514778137207, 5.505448341369629, -72.17916107177734], [-0.029545554891228676, 0.7074200510978699, -0.5648927092552185]], "brockpiece28": [[-0.847960889339447, -0.6866886615753174, -2.0102806091308594], [57.79059982299805, -12.320069313049316, 102.51451873779297], [-0.05280172452330589, 0.875779390335083, 0.7411666512489319]], "brockpiece29": [[0.07354788482189178, -0.16933685541152954, -2.699209451675415], [-14.784382820129395, 2.7488651275634766, -1.1245225667953491], [-0.1528574824333191, 0.604702889919281, -0.03537474945187569]], "brockpiece30": [[-0.033571839332580566, -0.1379832625389099, -2.6041488647460938], [-11.248539924621582, -3.5437986850738525, -28.84831428527832], [-0.212638720870018, 0.5194345116615295, -0.6746488809585571]], "brockpiece31": [[-0.040804535150527954, 0.10605892539024353, -2.6064422130584717], [-11.24853229522705, -3.5438311100006104, -28.848434448242188], [-0.3032321333885193, 0.4032418727874756, 0.2416532039642334]], "brockpiece32": [[0.058393944054841995, -0.11769455671310425, -2.3649911880493164], [31.23824691772461, 28.06133460998535, 136.4099884033203], [-0.014846060425043106, 0.7332823276519775, -0.067598357796669]], "brockpiece33": [[-0.1607062816619873, -0.00017380714416503906, -1.3706103563308716], [0.007142884656786919, -2.833057165145874, -0.003913786727935076], [-0.07364655286073685, 0.3388040363788605, 0.1644446849822998]], "brockpiece34": [[-0.03930071368813515, 0.015262842178344727, -1.2624075412750244], [-2.179267644882202, -8.448071479797363, 0.028458138927817345], [-0.040006935596466064, 0.3192813992500305, -0.5479322671890259]], "brockpiece35": [[0.04451906308531761, -0.13280844688415527, -1.5531238317489624], [-23.720115661621094, -15.475859642028809, -20.235107421875], [0.03971529006958008, 0.7414476275444031, -0.4923132658004761]], "brockpiece36": [[0.015140116214752197, -0.10749280452728271, -1.417302131652832], [-11.703472137451172, -42.25477981567383, -139.51820373535156], [0.04695548489689827, 0.8178877234458923, 0.2522242069244385]], "brockpiece37": [[-1.0410734415054321, -0.8267082571983337, -2.3478899002075195], [151.63856506347656, -41.89196014404297, -113.17323303222656], [0.018796933814883232, 0.8953180909156799, 0.6815259456634521]],