{"brockpiece0": [[-0.1437443196773529, -0.6564419865608215, -3.1188173294067383], [60.17342758178711, 19.22940444946289, 79.49708557128906], [-0.04771063104271889, 0.8072485327720642, -0.47105833888053894]], "brockpiece1": [[0.2568437159061432, -0.09733211994171143, -3.0236973762512207], [61.99285888671875, 50.192630767822266, 152.19969177246094], [-0.060903601348400116, 0.894946277141571, 0.4562895596027374]], "brockpiece2": [[0.3601779341697693, -0.5526010990142822, -2.966093063354492], [47.979095458984375, -19.163427352905273, 142.15809631347656], [-0.1568758189678192, 0.8655882477760315, -0.5483085513114929]], "brockpiece3": [[0.1643175631761551, -0.1790277361869812, -3.0476572513580322], [30.465444564819336, -6.387024402618408, 172.3636016845703], [-0.22012151777744293, 0.9278489947319031, 0.3253736197948456]], "brockpiece4": [[0.25138601660728455, 0.09914934635162354, -2.8809287548065186], [-21.47907829284668, 17.02843475341797, -67.25941467285156], [-0.4135969281196594, 0.9918517470359802, 0.46200042963027954]], "brockpiece5": [[-0.0962567925453186, 0.14581984281539917, -2.6041173934936523], [-14.833049774169922, 8.294546127319336, -0.002165626036003232], [-0.436776340007782, 0.9646992683410645, -0.3259457051753998]], "brockpiece6": [[0.26674365997314453, -0.6882568001747131, -3.2669007778167725], [13.053967475891113, 2.7479310035705566, 160.5445098876953], [-0.01387631893157959, 0.9064578413963318, -0.06759907305240631]], "brockpiece7": [[0.733855128288269, -0.8433762192726135, -3.97021222114563], [-112.40802764892578, 11.348264694213867, -48.55665969848633], [-0.016788214445114136, 1.2991664409637451, -0.5754176378250122]], "brockpiece8": [[0.8795703053474426, -0.4717181324958801, -4.757596015930176], [-106.04773712158203, -3.467303514480591, -51.0561408996582], [-0.10184786468744278, 1.4046438932418823, 0.10018877685070038]], "brockpiece9": [[-1.024516224861145, -0.6816054582595825, -1.910575270652771], [-26.297365188598633, -20.33146095275879, 76.74488830566406], [0.009604007937014103, 0.8276886940002441, 0.4656519293785095]], "brockpiece10": [[0.06691992282867432, -0.26918306946754456, -1.3879692554473877], [15.555513381958008, 6.2241291999816895, 175.34693908691406], [0.026453230530023575, 0.7262305021286011, -0.09866398572921753]], "brockpiece11": [[0.11360468715429306, -0.4544060230255127, -2.117565870285034], [-4.05070686340332, 36.88820266723633, 104.83214569091797], [0.023447148501873016, 0.6883174180984497, -0.6239317655563354]], "brockpiece12": [[0.010367713868618011, -0.1706291139125824, -1.4146573543548584], [-7.684419631958008, -10.224502563476562, 0.02182411029934883], [0.057196881622076035, 0.6268966794013977, -0.06759794801473618]], "brockpiece13": [[0.007849164307117462, -0.1480000764131546, -0.956749677658081], [-21.950977325439453, -1.861159086227417, 31.203500747680664], [0.10751569271087646, 0.33034080266952515, -0.6997447609901428]], "brockpiece14": [[-0.04773055016994476, -0.05629962682723999, -1.0304555892944336], [-9.229680061340332, -7.708064079284668, 13.687361717224121], [0.1765923947095871, 0.3738964796066284, -0.06937721371650696]], "brockpiece15": [[0.0011473298072814941, -0.0002811700105667114, -0.07304959744215012], [-0.006836108863353729, -0.21347995102405548, -0.020041629672050476], [0.32439151406288147, 0.17386914789676666, 0.1606941819190979]], "brockpiece16": [[-0.09893172979354858, -0.00010499358177185059, -0.3836574852466583], [-0.01963200978934765, -17.649688720703125, 0.03406931459903717], [0.2422737032175064, 0.13469432294368744, -0.2985038757324219]], "brockpiece17": [[-0.05468711629509926, 0.3101733326911926, -1.1740176677703857], [-27.851726531982422, 10.142139434814453, 39.92411422729492], [0.05579742044210434, 0.8304786086082458, -0.06759888678789139]], "brockpiece18": [[0.0470728874206543, 0.21804380416870117, -1.181861162185669], [-9.52646255493164, -5.054296493530273, 0.00015770761820022017], [0.7751116156578064, 1.1647822856903076, 0.4550911784172058]], "brockpiece19": [[0.4891982078552246, -0.685229480266571, -2.926760196685791], [-89.24334716796875, 45.02241134643555, 8.701797485351562], [0.04745550453662872, 0.8352649807929993, -0.8555060029029846]], "brockpiece20": [[0.14568105340003967, -0.20698869228363037, -2.35609769821167], [32.1299934387207, 20.514434814453125, -175.3198699951172], [0.0324799083173275, 0.8903895616531372, 0.1047213077545166]], "brockpiece21": [[0.07264649868011475, 0.18130862712860107, -1.3204293251037598], [-9.527034759521484, -5.054018497467041, 0.00021599077444989234], [0.15945503115653992, 1.6952928304672241, 0.277337908744812]], "brockpiece22": [[0.07034993171691895, -1.2781399488449097, -5.644641876220703], [178.81451416015625, 49.408416748046875, -44.36608123779297], [0.5310609936714172, 1.9953807592391968, -0.3219248354434967]], "brockpiece23": [[0.12300051003694534, -0.34468740224838257, -2.725144863128662], [-12.046863555908203, -15.325218200683594, -37.15443801879883], [-0.0681355819106102, 0.8056530356407166, -0.06759854406118393]], "brockpiece24": [[0.049025118350982666, 0.1078367829322815, -2.7326958179473877], [-17.689414978027344, -0.49491071701049805, -40.538475036621094], [-0.3838520646095276, 0.746596097946167, 0.4647919237613678]], "brockpiece25": [[-0.2903987169265747, 0.3788086175918579, -2.5157737731933594], [-5.51887845993042, -3.823432683944702, -0.12234926223754883], [-1.032001256942749, 0.5244100093841553, 0.6970614790916443]], "brockpiece26": [[-0.20565752685070038, -0.06608253717422485, -1.586988091468811], [8.497764587402344, -33.716548919677734, 13.81656265258789], [-0.012171115726232529, 0.7901149392127991, 0.14576949179172516]], "brockpiece27": [[-0.29652202129364014, -0.6752319931983948, -2.896860122680664], [-8.419800758361816, 4.339364528656006, -78.56866455078125], [-0.029545554891228676, 0.7074200510978699, -0.5648927092552185]], "brockpiece28": [[-0.8808550238609314, -0.7251318097114563, -2.0083072185516357], [49.36682891845703, -21.01483917236328, 114.78224182128906], [-0.05280172452330589, 0.875779390335083, 0.7411666512489319]], "brockpiece29": [[0.07438784092664719, -0.1741146445274353, -2.6984426975250244], [-14.773666381835938, 2.44671893119812, -1.5288039445877075], [-0.1528574824333191, 0.604702889919281, -0.03537474945187569]], "brockpiece30": [[-0.030543997883796692, -0.14388233423233032, -2.60286283493042], [-11.238816261291504, -3.672456979751587, -28.610090255737305], [-0.212638720870018, 0.5194345116615295, -0.6746488809585571]], "brockpiece31": [[-0.04018402099609375, 0.10059759020805359, -2.605478525161743], [-11.238811492919922, -3.6724727153778076, -28.61018180847168], [-0.3032321333885193, 0.4032418727874756, 0.2416532039642334]], "brockpiece32": [[0.06610339134931564, -0.11357784271240234, -2.3665080070495605], [29.62181282043457, 28.378299713134766, 135.2292022705078], [-0.014846060425043106, 0.7332823276519775, -0.067598357796669]], "brockpiece33": [[-0.1611698716878891, -0.0001532137393951416, -1.3705589771270752], [0.0024517644196748734, -2.8256146907806396, -0.013278240337967873], [-0.07364655286073685, 0.3388040363788605, 0.1644446849822998]], "brockpiece34": [[-0.0395190455019474, 0.014891386032104492, -1.2619163990020752], [-2.115142822265625, -8.474393844604492, 0.03323120251297951], [-0.040006935596466064, 0.3192813992500305, -0.5479322671890259]], "brockpiece35": [[0.043830644339323044, -0.1326904296875, -1.55189049243927], [-23.261194229125977, -15.598246574401855, -20.440486907958984], [0.03971529006958008, 0.7414476275444031, -0.4923132658004761]], "brockpiece36": [[0.013296235352754593, -0.11381745338439941, -1.4142284393310547], [-12.580761909484863, -41.164241790771484, -139.49429321289062], [0.04695548489689827, 0.8178877234458923, 0.2522242069244385]], "brockpiece37": [[-1.0749481916427612, -0.8133764266967773, -2.340721845626831], [153.67279052734375, -35.88890075683594, -104.8729476928711], [0.018796933814883232, 0.8953180909156799, 0.6815259456634521]],