{"brockpiece0": [[-3.1068921089172363e-06, 6.496906280517578e-06, 0.0001024007797241211], [0.0002745416422840208, 7.780014857416973e-05, 8.196229464374483e-05], [-0.04771063104271889, 0.8072485327720642, -0.47105833888053894]], "brockpiece1": [[-2.60770320892334e-08, 6.318092346191406e-06, 0.00010243058204650879], [0.00027150011737830937, 7.513210584875196e-05, 0.0001178208040073514], [-0.060903601348400116, 0.894946277141571, 0.4562895596027374]], "brockpiece2": [[-3.4570693969726562e-06, 6.377696990966797e-06, 0.00010263919830322266], [0.000273100973572582, 7.812031253706664e-05, 0.00012806610902771354], [-0.1568758189678192, 0.8655882477760315, -0.5483085513114929]], "brockpiece3": [[-5.066394805908203e-07, 6.139278411865234e-06, 0.00010293722152709961], [0.000269365671556443, 8.041482942644507e-05, 0.00014172648661769927], [-0.22012151777744293, 0.9278489947319031, 0.3253736197948456]], "brockpiece4": [[-2.682209014892578e-07, 5.900859832763672e-06, 0.00010481476783752441], [0.00022496943711303174, 9.829072223510593e-05, 0.00015367929881904274], [-0.4135969281196594, 0.9918517470359802, 0.46200042963027954]], "brockpiece5": [[-2.86102294921875e-06, 5.9604644775390625e-06, 0.0001035928726196289], [0.0002685119106899947, 7.47052181395702e-05, 0.0001553868205519393], [-0.436776340007782, 0.9646992683410645, -0.3259457051753998]], "brockpiece6": [[-1.8263235688209534e-06, 6.4373016357421875e-06, 0.00010231882333755493], [0.0002621085732243955, 0.00010453394497744739, 0.0001664859155425802], [-0.01387631893157959, 0.9064578413963318, -0.06759907305240631]], "brockpiece7": [[-4.06801700592041e-06, 6.4373016357421875e-06, 0.00010305643081665039], [0.0002717669412959367, 7.982786337379366e-05, 0.00014855664630886167], [-0.016788214445114136, 1.2991664409637451, -0.5754176378250122]], "brockpiece8": [[-1.8849968910217285e-06, 5.841255187988281e-06, 0.00010269880294799805], [0.00028078487957827747, 6.019106149324216e-05, 0.0003235802869312465], [-0.10184786468744278, 1.4046438932418823, 0.10018877685070038]], "brockpiece9": [[1.0337680578231812e-07, 6.496906280517578e-06, 0.00010225176811218262], [0.0002446729631628841, 0.00011654014087980613, 0.0003602925571613014], [0.009604007937014103, 0.8276886940002441, 0.4656519293785095]], "brockpiece10": [[7.303990423679352e-05, -0.0001556873321533203, 8.737295866012573e-05], [0.0024789327289909124, -0.0034411358647048473, 0.02346683107316494], [0.026453230530023575, 0.7262305021286011, -0.09866398572921753]], "brockpiece11": [[-3.50363552570343e-06, 6.556510925292969e-06, 0.00010192394256591797], [0.0002619418955873698, 7.860056211939082e-05, 0.0001485566608607769], [0.023447148501873016, 0.6883174180984497, -0.6239317655563354]], "brockpiece12": [[-1.4789402484893799e-06, 6.139278411865234e-06, 0.00010215491056442261], [0.00027344777481630445, 7.694637315580621e-05, 0.0001178208040073514], [0.057196881622076035, 0.6268966794013977, -0.06759794801473618]], "brockpiece13": [[-3.330409526824951e-06, 6.67572021484375e-06, 0.00010156631469726562], [0.00027085980400443077, 8.025475108297542e-05, 0.00015026421169750392], [0.10751569271087646, 0.33034080266952515, -0.6997447609901428]], "brockpiece14": [[-1.1920928955078125e-06, 6.9141387939453125e-06, 0.00010161846876144409], [0.00024977559223771095, 7.876064773881808e-05, 0.00016050950216595083], [0.1765923947095871, 0.3738964796066284, -0.06937721371650696]], "brockpiece15": [[0.00012895464897155762, -0.00020313262939453125, 2.980232238769531e-07], [0.0030478662811219692, -0.011835548095405102, -0.009405173361301422], [0.32439151406288147, 0.17386914789676666, 0.1606941819190979]], "brockpiece16": [[-1.7285346984863281e-06, 6.809830665588379e-06, 0.00010129809379577637], [0.002218958456069231, 0.0008378723869100213, 0.002641576575115323], [0.2422737032175064, 0.13469432294368744, -0.2985038757324219]], "brockpiece17": [[-1.7508864402770996e-06, 6.735324859619141e-06, 0.00010208040475845337], [0.0002493019856046885, 2.5399775040568784e-05, -0.00011952836212003604], [0.05579742044210434, 0.8304786086082458, -0.06759888678789139]], "brockpiece18": [[-2.980232238769531e-07, 7.3909759521484375e-06, 9.965896606445312e-05], [0.0002527170581743121, 6.403304723789915e-05, 0.00036029264447279274], [0.7751116156578064, 1.1647822856903076, 0.4550911784172058]], "brockpiece19": [[-4.470348358154297e-06, 6.854534149169922e-06, 0.00010186433792114258], [0.0002851604949682951, 2.5613218895159662e-05, 0.0005225096247158945], [0.04745550453662872, 0.8352649807929993, -0.8555060029029846]], "brockpiece20": [[-1.218169927597046e-06, 6.735324859619141e-06, 0.00010225921869277954], [0.0002832394966389984, 8.964626431406941e-06, -0.00033809442538768053], [0.0324799083173275, 0.8903895616531372, 0.1047213077545166]], "brockpiece21": [[-1.5944242477416992e-06, 6.794929504394531e-06, 0.0001017451286315918], [0.8275164365768433, 4.301324367523193, 158.22938537597656], [0.15945503115653992, 1.6952928304672241, 0.277337908744812]], "brockpiece22": [[-3.874301910400391e-06, 7.62939453125e-06, 0.00010114908218383789], [0.00026680435985326767, 7.342456228798255e-05, 0.00014684908092021942], [0.5310609936714172, 1.9953807592391968, -0.3219248354434967]], "brockpiece23": [[-1.7136335372924805e-06, 6.377696990966797e-06, 0.00010249018669128418], [0.00026979256654158235, 8.046819129958749e-05, 1.0245286830468103e-05], [-0.0681355819106102, 0.8056530356407166, -0.06759854406118393]], "brockpiece24": [[4.470348358154297e-07, 5.9604644775390625e-06, 0.00010433793067932129], [0.0002732076682150364, 8.025475108297542e-05, 0.0001417264575138688], [-0.3838520646095276, 0.746596097946167, 0.4647919237613678]], "brockpiece25": [[1.1920928955078125e-06, 5.245208740234375e-06, 0.00010645389556884766], [0.0002680850157048553, 8.025475108297542e-05, 0.00015453307423740625], [-1.032001256942749, 0.5244100093841553, 0.6970614790916443]], "brockpiece26": [[-9.620562195777893e-07, 6.556510925292969e-06, 0.00010229647159576416], [0.00025734613882377744, 8.584430179325864e-05, 0.00015197176253423095], [-0.012171115726232529, 0.7901149392127991, 0.14576949179172516]], "brockpiece27": [[-3.3043324947357178e-06, 6.377696990966797e-06, 0.00010216236114501953], [0.0002715001464821398, 8.025475108297542e-05, 0.00015197177708614618], [-0.029545554891228676, 0.7074200510978699, -0.5648927092552185]], "brockpiece28": [[9.872019290924072e-07, 6.616115570068359e-06, 0.00010257959365844727], [0.0003116274601779878, 5.805662658531219e-05, 0.00012465097825042903], [-0.05280172452330589, 0.875779390335083, 0.7411666512489319]], "brockpiece29": [[-1.341104507446289e-06, 6.198883056640625e-06, 0.0001028105616569519], [0.0002700060431379825, 8.964626613305882e-05, 0.0002219812449766323], [-0.1528574824333191, 0.604702889919281, -0.03537474945187569]], "brockpiece30": [[-3.4421682357788086e-06, 6.258487701416016e-06, 0.000102996826171875], [0.0002768362173810601, 7.683965668547899e-05, 0.00013318873243406415], [-0.212638720870018, 0.5194345116615295, -0.6746488809585571]], "brockpiece31": [[-2.086162567138672e-07, 6.139278411865234e-06, 0.00010377168655395508], [0.0002812118036672473, 8.068163879215717e-05, 3.3297186746494845e-05], [-0.3032321333885193, 0.4032418727874756, 0.2416532039642334]], "brockpiece32": [[-1.6298145055770874e-06, 6.079673767089844e-06, 0.00010230392217636108], [0.0002593938261270523, 0.0001390584366163239, 0.00023030552256386727], [-0.014846060425043106, 0.7332823276519775, -0.067598357796669]], "brockpiece33": [[-3.3527612686157227e-07, 6.496906280517578e-06, 0.00010235607624053955], [0.00026792491553351283, 6.36061595287174e-05, 8.921936387196183e-05], [-0.07364655286073685, 0.3388040363788605, 0.1644446849822998]], "brockpiece34": [[-2.78279185295105e-06, 6.4373016357421875e-06, 0.00010275840759277344], [0.0002753554144874215, 7.897408795543015e-05, 0.000148129794979468], [-0.040006935596466064, 0.3192813992500305, -0.5479322671890259]],