{"brockpiece0": [[-0.1442142128944397, -0.6665992140769958, -3.123964786529541], [59.086238861083984, 24.905946731567383, 78.20550537109375], [-0.04771063104271889, 0.8072485327720642, -0.47105833888053894]], "brockpiece1": [[0.25172096490859985, -0.11981093883514404, -3.0350306034088135], [53.73080062866211, 57.05080032348633, 141.67518615722656], [-0.060903601348400116, 0.894946277141571, 0.4562895596027374]], "brockpiece2": [[0.3780094385147095, -0.5588024854660034, -3.0169012546539307], [52.3016471862793, -13.059013366699219, 127.8719482421875], [-0.1568758189678192, 0.8655882477760315, -0.5483085513114929]], "brockpiece3": [[0.1759576052427292, -0.15973025560379028, -3.0695364475250244], [34.561038970947266, -2.2633423805236816, 166.46156311035156], [-0.22012151777744293, 0.9278489947319031, 0.3253736197948456]], "brockpiece4": [[0.24954313039779663, 0.09591913223266602, -2.8771636486053467], [-21.113561630249023, 15.928396224975586, -69.44742584228516], [-0.4135969281196594, 0.9918517470359802, 0.46200042963027954]], "brockpiece5": [[-0.09627068042755127, 0.14447945356369019, -2.6017956733703613], [-14.693700790405273, 8.30462646484375, 0.021159829571843147], [-0.436776340007782, 0.9646992683410645, -0.3259457051753998]], "brockpiece6": [[0.29083094000816345, -0.6887304782867432, -3.28234601020813], [13.288958549499512, 2.5213875770568848, 149.45361328125], [-0.01387631893157959, 0.9064578413963318, -0.06759907305240631]], "brockpiece7": [[0.7693567276000977, -0.8552175760269165, -4.007879734039307], [-117.3310546875, 11.810402870178223, -53.33169937133789], [-0.016788214445114136, 1.2991664409637451, -0.5754176378250122]], "brockpiece8": [[0.9239658117294312, -0.4937930107116699, -4.813015937805176], [-108.93588256835938, -3.9270071983337402, -53.823822021484375], [-0.10184786468744278, 1.4046438932418823, 0.10018877685070038]], "brockpiece9": [[-1.0445865392684937, -0.6976032257080078, -1.906581997871399], [-24.779613494873047, -15.853400230407715, 78.02391052246094], [0.009604007937014103, 0.8276886940002441, 0.4656519293785095]], "brockpiece10": [[0.06755637377500534, -0.2709929943084717, -1.386403203010559], [15.377317428588867, 6.277534008026123, 174.70440673828125], [0.026453230530023575, 0.7262305021286011, -0.09866398572921753]], "brockpiece11": [[0.12876325845718384, -0.4678536653518677, -2.109710216522217], [-3.1579575538635254, 40.15411376953125, 110.44306945800781], [0.023447148501873016, 0.6883174180984497, -0.6239317655563354]], "brockpiece12": [[0.009919099509716034, -0.1707744002342224, -1.413403868675232], [-7.681581497192383, -9.980364799499512, 1.4661777019500732], [0.057196881622076035, 0.6268966794013977, -0.06759794801473618]], "brockpiece13": [[0.007366865873336792, -0.1497546285390854, -0.9565684795379639], [-21.40675163269043, -2.9906327724456787, 30.1688289642334], [0.10751569271087646, 0.33034080266952515, -0.6997447609901428]], "brockpiece14": [[-0.048462241888046265, -0.0592724084854126, -1.028546929359436], [-8.898425102233887, -7.9756317138671875, 12.709693908691406], [0.1765923947095871, 0.3738964796066284, -0.06937721371650696]], "brockpiece15": [[0.001047760248184204, -0.00014588236808776855, -0.07308829575777054], [-0.010447172448039055, -0.21416552364826202, 0.03021356835961342], [0.32439151406288147, 0.17386914789676666, 0.1606941819190979]], "brockpiece16": [[-0.1011224240064621, -0.0017321854829788208, -0.382363885641098], [-0.1295817345380783, -17.740074157714844, 0.32283085584640503], [0.2422737032175064, 0.13469432294368744, -0.2985038757324219]], "brockpiece17": [[-0.05468064546585083, 0.2955164313316345, -1.163912296295166], [-26.662736892700195, 9.189908981323242, 39.69306945800781], [0.05579742044210434, 0.8304786086082458, -0.06759888678789139]], "brockpiece18": [[0.04720956087112427, 0.20944464206695557, -1.170811653137207], [-9.114133834838867, -5.004821300506592, 2.228308039775584e-05], [0.7751116156578064, 1.1647822856903076, 0.4550911784172058]], "brockpiece19": [[0.49613821506500244, -0.6831478476524353, -2.94429874420166], [-98.62189483642578, 46.70079040527344, -0.5234968066215515], [0.04745550453662872, 0.8352649807929993, -0.8555060029029846]], "brockpiece20": [[0.1412825584411621, -0.20678085088729858, -2.3555712699890137], [32.7318000793457, 18.459104537963867, -171.97247314453125], [0.0324799083173275, 0.8903895616531372, 0.1047213077545166]], "brockpiece21": [[0.07220245897769928, 0.17459547519683838, -1.305319905281067], [-9.114821434020996, -5.0045342445373535, -8.998932753456756e-05], [0.15945503115653992, 1.6952928304672241, 0.277337908744812]], "brockpiece22": [[0.06024879217147827, -1.304976463317871, -5.727204322814941], [173.93736267089844, 44.81986999511719, -45.96895217895508], [0.5310609936714172, 1.9953807592391968, -0.3219248354434967]], "brockpiece23": [[0.14183619618415833, -0.39126917719841003, -2.7094953060150146], [-14.899277687072754, -18.513141632080078, -36.22784423828125], [-0.0681355819106102, 0.8056530356407166, -0.06759854406118393]], "brockpiece24": [[0.0476815402507782, 0.10030412673950195, -2.7316601276397705], [-17.644731521606445, -0.25493091344833374, -38.98418426513672], [-0.3838520646095276, 0.746596097946167, 0.4647919237613678]], "brockpiece25": [[-0.29009759426116943, 0.3732036352157593, -2.5148708820343018], [-5.526698589324951, -3.733700752258301, -0.2879491448402405], [-1.032001256942749, 0.5244100093841553, 0.6970614790916443]], "brockpiece26": [[-0.21622897684574127, -0.07031303644180298, -1.5921785831451416], [2.2401256561279297, -35.33681869506836, 27.169055938720703], [-0.012171115726232529, 0.7901149392127991, 0.14576949179172516]], "brockpiece27": [[-0.295844703912735, -0.6770976185798645, -2.8942947387695312], [-9.899188995361328, 1.702011227607727, -81.31648254394531], [-0.029545554891228676, 0.7074200510978699, -0.5648927092552185]], "brockpiece28": [[-0.9104140996932983, -0.754070520401001, -1.9966872930526733], [38.33549118041992, -29.6519718170166, 128.39463806152344], [-0.05280172452330589, 0.875779390335083, 0.7411666512489319]], "brockpiece29": [[0.07473749667406082, -0.17522713541984558, -2.6982061862945557], [-14.693318367004395, 2.2877001762390137, -1.7477352619171143], [-0.1528574824333191, 0.604702889919281, -0.03537474945187569]], "brockpiece30": [[-0.026958748698234558, -0.15304020047187805, -2.601067543029785], [-11.31635856628418, -3.890821695327759, -28.621517181396484], [-0.212638720870018, 0.5194345116615295, -0.6746488809585571]], "brockpiece31": [[-0.03902652859687805, 0.09421855211257935, -2.604348659515381], [-11.316338539123535, -3.8908326625823975, -28.621599197387695], [-0.3032321333885193, 0.4032418727874756, 0.2416532039642334]], "brockpiece32": [[0.07817678153514862, -0.11670386791229248, -2.3746087551116943], [28.106067657470703, 28.86156463623047, 133.59719848632812], [-0.014846060425043106, 0.7332823276519775, -0.067598357796669]], "brockpiece33": [[-0.1618138998746872, -0.00020843744277954102, -1.3703652620315552], [0.0024876068346202374, -2.791287899017334, -0.01723594404757023], [-0.07364655286073685, 0.3388040363788605, 0.1644446849822998]], "brockpiece34": [[-0.03978704288601875, 0.01400730013847351, -1.2615704536437988], [-1.994991421699524, -8.502340316772461, 0.013065892271697521], [-0.040006935596466064, 0.3192813992500305, -0.5479322671890259]], "brockpiece35": [[0.04270320013165474, -0.13429546356201172, -1.5495067834854126], [-22.97635841369629, -15.253323554992676, -19.796567916870117], [0.03971529006958008, 0.7414476275444031, -0.4923132658004761]], "brockpiece36": [[0.012060191482305527, -0.12138164043426514, -1.4098749160766602], [-12.64672565460205, -40.498416900634766, -141.5850830078125], [0.04695548489689827, 0.8178877234458923, 0.2522242069244385]], "brockpiece37": [[-1.0817296504974365, -0.8431679010391235, -2.3334593772888184], [152.4683074951172, -24.982868194580078, -99.86378479003906], [0.018796933814883232, 0.8953180909156799, 0.6815259456634521]],