{"brockpiece0": [[-0.14592647552490234, -0.6420716643333435, -3.181384563446045], [68.52931213378906, -28.295242309570312, 105.78202056884766], [-0.04771063104271889, 0.8072485327720642, -0.47105833888053894]], "brockpiece1": [[0.2722123861312866, -0.20904910564422607, -2.996736764907837], [-14.489537239074707, 57.975746154785156, 63.35530090332031], [-0.060903601348400116, 0.894946277141571, 0.4562895596027374]], "brockpiece2": [[0.43050068616867065, -0.5390874743461609, -3.2405126094818115], [54.005767822265625, 40.654090881347656, 68.93006896972656], [-0.1568758189678192, 0.8655882477760315, -0.5483085513114929]], "brockpiece3": [[0.22743244469165802, -0.18945461511611938, -3.081817865371704], [29.08716583251953, 17.981231689453125, 135.03973388671875], [-0.22012151777744293, 0.9278489947319031, 0.3253736197948456]], "brockpiece4": [[0.2519705891609192, 0.07566571235656738, -2.8618288040161133], [-19.250585556030273, 14.368829727172852, -71.32960510253906], [-0.4135969281196594, 0.9918517470359802, 0.46200042963027954]], "brockpiece5": [[-0.09490621089935303, 0.13534778356552124, -2.585142135620117], [-13.736985206604004, 8.396702766418457, 0.18335342407226562], [-0.436776340007782, 0.9646992683410645, -0.3259457051753998]], "brockpiece6": [[0.4087347686290741, -0.7331840991973877, -3.4812674522399902], [21.225357055664062, 9.46346664428711, 92.13482666015625], [-0.01387631893157959, 0.9064578413963318, -0.06759907305240631]], "brockpiece7": [[0.9705051183700562, -1.0929733514785767, -4.265313625335693], [-142.87109375, -2.6737070083618164, -92.80486297607422], [-0.016788214445114136, 1.2991664409637451, -0.5754176378250122]], "brockpiece8": [[1.1993250846862793, -0.8280321359634399, -5.158457279205322], [-124.6265869140625, -7.621849060058594, -73.18470764160156], [-0.10184786468744278, 1.4046438932418823, 0.10018877685070038]], "brockpiece9": [[-1.101712703704834, -0.6968482732772827, -1.8774828910827637], [-18.815519332885742, -7.341981887817383, 88.61795043945312], [0.009604007937014103, 0.8276886940002441, 0.4656519293785095]], "brockpiece10": [[0.07611140608787537, -0.28910231590270996, -1.3802722692489624], [12.958136558532715, 5.821126937866211, 162.83651733398438], [0.026453230530023575, 0.7262305021286011, -0.09866398572921753]], "brockpiece11": [[0.11823401600122452, -0.5751599669456482, -2.062131643295288], [3.759873151779175, 34.33711624145508, 146.29440307617188], [0.023447148501873016, 0.6883174180984497, -0.6239317655563354]], "brockpiece12": [[0.008948549628257751, -0.17290261387825012, -1.4077157974243164], [-7.582912921905518, -8.956265449523926, 4.9337921142578125], [0.057196881622076035, 0.6268966794013977, -0.06759794801473618]], "brockpiece13": [[0.002812303602695465, -0.14810481667518616, -0.9510096311569214], [-21.08709716796875, -5.2273850440979, 26.74178695678711], [0.10751569271087646, 0.33034080266952515, -0.6997447609901428]], "brockpiece14": [[-0.05472118407487869, -0.06447786092758179, -1.0166146755218506], [-6.820191383361816, -9.103021621704102, 8.161690711975098], [0.1765923947095871, 0.3738964796066284, -0.06937721371650696]], "brockpiece15": [[0.0013533234596252441, -0.00017011165618896484, -0.07296895980834961], [-0.0033053031656891108, -0.22075042128562927, -0.0033741395454853773], [0.32439151406288147, 0.17386914789676666, 0.1606941819190979]], "brockpiece16": [[-0.10752314329147339, -0.002490490674972534, -0.37365612387657166], [-0.062306296080350876, -17.65047264099121, 0.16964511573314667], [0.2422737032175064, 0.13469432294368744, -0.2985038757324219]], "brockpiece17": [[-0.04715282842516899, 0.15939867496490479, -1.0901696681976318], [-17.879173278808594, 0.8250319361686707, 38.91065216064453], [0.05579742044210434, 0.8304786086082458, -0.06759888678789139]], "brockpiece18": [[0.04634803533554077, 0.15346384048461914, -1.1054381132125854], [-6.538857936859131, -4.80301570892334, 0.00028102469514124095], [0.7751116156578064, 1.1647822856903076, 0.4550911784172058]], "brockpiece19": [[0.5444753766059875, -0.7060917615890503, -3.0584716796875], [-152.5692901611328, 29.892175674438477, -57.182491302490234], [0.04745550453662872, 0.8352649807929993, -0.8555060029029846]], "brockpiece20": [[0.12099870294332504, -0.1904517412185669, -2.3463916778564453], [33.71136474609375, 5.2908430099487305, -146.09329223632812], [0.0324799083173275, 0.8903895616531372, 0.1047213077545166]], "brockpiece21": [[0.06835205852985382, 0.1297687292098999, -1.2154107093811035], [-3.517869234085083, 11.172344207763672, 158.541259765625], [0.15945503115653992, 1.6952928304672241, 0.277337908744812]], "brockpiece22": [[-0.01220095157623291, -1.6147384643554688, -6.209463596343994], [152.81309509277344, 18.264354705810547, -40.67090606689453], [0.5310609936714172, 1.9953807592391968, -0.3219248354434967]], "brockpiece23": [[0.1472761332988739, -0.44694021344184875, -2.72109317779541], [-10.575918197631836, -31.4702091217041, -46.823604583740234], [-0.0681355819106102, 0.8056530356407166, -0.06759854406118393]], "brockpiece24": [[0.04093614220619202, 0.08014976978302002, -2.7210779190063477], [-17.080961227416992, -0.7254045009613037, -37.84794616699219], [-0.3838520646095276, 0.746596097946167, 0.4647919237613678]], "brockpiece25": [[-0.2878810167312622, 0.3298388719558716, -2.5175204277038574], [-8.635945320129395, -3.6843090057373047, -0.4797362685203552], [-1.032001256942749, 0.5244100093841553, 0.6970614790916443]], "brockpiece26": [[-0.29105716943740845, -0.13915598392486572, -1.6418355703353882], [-36.269065856933594, -7.248194217681885, 117.1057357788086], [-0.012171115726232529, 0.7901149392127991, 0.14576949179172516]], "brockpiece27": [[-0.285065621137619, -0.6628548502922058, -2.906097650527954], [-7.9667439460754395, -5.388178825378418, -109.26274108886719], [-0.029545554891228676, 0.7074200510978699, -0.5648927092552185]], "brockpiece28": [[-0.9573442935943604, -0.7919288277626038, -1.9619587659835815], [-39.017181396484375, -5.300292015075684, -134.3939208984375], [-0.05280172452330589, 0.875779390335083, 0.7411666512489319]], "brockpiece29": [[0.07817280292510986, -0.20545151829719543, -2.6916818618774414], [-15.471485137939453, 1.9594839811325073, 0.05746357515454292], [-0.1528574824333191, 0.604702889919281, -0.03537474945187569]], "brockpiece30": [[-0.005683451890945435, -0.2360805869102478, -2.594705104827881], [-10.90662956237793, -3.9513463973999023, -26.685388565063477], [-0.212638720870018, 0.5194345116615295, -0.6746488809585571]], "brockpiece31": [[-0.025969386100769043, 0.0021941065788269043, -2.5976998805999756], [-10.906620979309082, -3.951366901397705, -26.68548583984375], [-0.3032321333885193, 0.4032418727874756, 0.2416532039642334]], "brockpiece32": [[0.08728990703821182, -0.14274317026138306, -2.3774001598358154], [20.40176010131836, 34.92338562011719, 119.899658203125], [-0.014846060425043106, 0.7332823276519775, -0.067598357796669]], "brockpiece33": [[-0.16371199488639832, -0.00021320581436157227, -1.3679143190383911], [-0.0062575023621320724, -2.781219482421875, 0.08977337181568146], [-0.07364655286073685, 0.3388040363788605, 0.1644446849822998]], "brockpiece34": [[-0.04043593630194664, 0.01197025179862976, -1.2593920230865479], [-1.641114354133606, -8.464573860168457, -0.1422693282365799], [-0.040006935596466064, 0.3192813992500305, -0.5479322671890259]], "brockpiece35": [[0.033034343272447586, -0.13774645328521729, -1.527807593345642], [-18.78525161743164, -10.388565063476562, -10.52176570892334], [0.03971529006958008, 0.7414476275444031, -0.4923132658004761]], "brockpiece36": [[-0.006258420646190643, -0.12267839908599854, -1.3728034496307373], [-16.467817306518555, -32.03321075439453, -133.46377563476562], [0.04695548489689827, 0.8178877234458923, 0.2522242069244385]], "brockpiece37": [[-1.1074762344360352, -0.858725905418396, -2.3200483322143555], [166.1777801513672, 5.893225193023682, -53.51294708251953], [0.018796933814883232, 0.8953180909156799, 0.6815259456634521]],