{"brockpiece0": [[-0.13629353046417236, -0.6645804643630981, -3.143702507019043], [61.63313293457031, 20.24982261657715, 85.14761352539062], [-0.04771063104271889, 0.8072485327720642, -0.47105833888053894]], "brockpiece1": [[0.2518189549446106, -0.17757165431976318, -3.0431718826293945], [23.897964477539062, 65.88616180419922, 107.40528106689453], [-0.060903601348400116, 0.894946277141571, 0.4562895596027374]], "brockpiece2": [[0.42836397886276245, -0.5847873687744141, -3.113013744354248], [59.581947326660156, 3.492128372192383, 102.97599792480469], [-0.1568758189678192, 0.8655882477760315, -0.5483085513114929]], "brockpiece3": [[0.19838646054267883, -0.150861918926239, -3.086427927017212], [35.449378967285156, 5.470776081085205, 155.4681396484375], [-0.22012151777744293, 0.9278489947319031, 0.3253736197948456]], "brockpiece4": [[0.251855731010437, 0.08651256561279297, -2.872382402420044], [-20.061586380004883, 14.720198631286621, -72.11292266845703], [-0.4135969281196594, 0.9918517470359802, 0.46200042963027954]], "brockpiece5": [[-0.09585422277450562, 0.1416606307029724, -2.5965118408203125], [-14.396064758300781, 8.348527908325195, 0.051003649830818176], [-0.436776340007782, 0.9646992683410645, -0.3259457051753998]], "brockpiece6": [[0.3117629289627075, -0.6981770396232605, -3.3481295108795166], [15.695273399353027, 3.661424398422241, 128.97891235351562], [-0.01387631893157959, 0.9064578413963318, -0.06759907305240631]], "brockpiece7": [[0.8420398831367493, -0.8995691537857056, -4.0903730392456055], [-127.19351959228516, 10.530986785888672, -64.58928680419922], [-0.016788214445114136, 1.2991664409637451, -0.5754176378250122]], "brockpiece8": [[1.0161545276641846, -0.5642855167388916, -4.926528453826904], [-114.46570587158203, -4.890501499176025, -59.66486358642578], [-0.10184786468744278, 1.4046438932418823, 0.10018877685070038]], "brockpiece9": [[-1.0646883249282837, -0.6971034407615662, -1.8954592943191528], [-23.212631225585938, -10.145486831665039, 81.23120880126953], [0.009604007937014103, 0.8276886940002441, 0.4656519293785095]], "brockpiece10": [[0.06925595551729202, -0.27471956610679626, -1.3850985765457153], [15.567890167236328, 6.377053260803223, 172.98826599121094], [0.026453230530023575, 0.7262305021286011, -0.09866398572921753]], "brockpiece11": [[0.1389525681734085, -0.5077521800994873, -2.096161365509033], [3.0419042110443115, 44.93741989135742, 125.5057373046875], [0.023447148501873016, 0.6883174180984497, -0.6239317655563354]], "brockpiece12": [[0.009135618805885315, -0.17083120346069336, -1.4119268655776978], [-7.969870567321777, -9.32318115234375, 4.1653733253479], [0.057196881622076035, 0.6268966794013977, -0.06759794801473618]], "brockpiece13": [[0.006044656038284302, -0.1497364193201065, -0.9549756050109863], [-21.22596549987793, -4.807168483734131, 28.184812545776367], [0.10751569271087646, 0.33034080266952515, -0.6997447609901428]], "brockpiece14": [[-0.05044996738433838, -0.06068098545074463, -1.0255030393600464], [-8.221456527709961, -8.377025604248047, 11.288773536682129], [0.1765923947095871, 0.3738964796066284, -0.06937721371650696]], "brockpiece15": [[0.0012132227420806885, -0.0001499652862548828, -0.07305290549993515], [-0.00586707005277276, -0.21528322994709015, -0.004811904393136501], [0.32439151406288147, 0.17386914789676666, 0.1606941819190979]], "brockpiece16": [[-0.10468713939189911, -0.0007345825433731079, -0.3786526620388031], [-0.014162665233016014, -17.847576141357422, -0.04960431531071663], [0.2422737032175064, 0.13469432294368744, -0.2985038757324219]], "brockpiece17": [[-0.05515696108341217, 0.26325541734695435, -1.1411908864974976], [-24.033288955688477, 7.025598526000977, 39.50929260253906], [0.05579742044210434, 0.8304786086082458, -0.06759888678789139]], "brockpiece18": [[0.047042250633239746, 0.19150996208190918, -1.1490516662597656], [-8.276325225830078, -4.931676387786865, 0.00038733976543881], [0.7751116156578064, 1.1647822856903076, 0.4550911784172058]], "brockpiece19": [[0.5112080574035645, -0.6834229826927185, -2.980264186859131], [-118.5674819946289, 46.56740951538086, -20.800251007080078], [0.04745550453662872, 0.8352649807929993, -0.8555060029029846]], "brockpiece20": [[0.12975242733955383, -0.20312237739562988, -2.3504226207733154], [32.9932861328125, 14.250181198120117, -164.9310302734375], [0.0324799083173275, 0.8903895616531372, 0.1047213077545166]], "brockpiece21": [[0.07100765407085419, 0.16039752960205078, -1.2755584716796875], [-5.114843845367432, 11.922943115234375, 158.713623046875], [0.15945503115653992, 1.6952928304672241, 0.277337908744812]], "brockpiece22": [[0.03561592102050781, -1.3565449714660645, -5.898898124694824], [166.25645446777344, 36.15731430053711, -45.788841247558594], [0.5310609936714172, 1.9953807592391968, -0.3219248354434967]], "brockpiece23": [[0.15641526877880096, -0.41809484362602234, -2.7157247066497803], [-20.969961166381836, -25.907066345214844, -34.47256088256836], [-0.0681355819106102, 0.8056530356407166, -0.06759854406118393]], "brockpiece24": [[0.04435247182846069, 0.09219092130661011, -2.7278292179107666], [-17.020912170410156, -0.1563509702682495, -37.60408020019531], [-0.3838520646095276, 0.746596097946167, 0.4647919237613678]], "brockpiece25": [[-0.28922533988952637, 0.3601365089416504, -2.5159337520599365], [-6.053661346435547, -3.602030038833618, -0.5245024561882019], [-1.032001256942749, 0.5244100093841553, 0.6970614790916443]], "brockpiece26": [[-0.23971092700958252, -0.0832141637802124, -1.6057984828948975], [-13.170452117919922, -34.0626335144043, 57.46559143066406], [-0.012171115726232529, 0.7901149392127991, 0.14576949179172516]], "brockpiece27": [[-0.28840890526771545, -0.6699428558349609, -2.898521661758423], [-11.940433502197266, -2.6702685356140137, -86.62611389160156], [-0.029545554891228676, 0.7074200510978699, -0.5648927092552185]], "brockpiece28": [[-0.934224545955658, -0.7735485434532166, -1.9781211614608765], [5.826185703277588, -37.385292053222656, 164.09030151367188], [-0.05280172452330589, 0.875779390335083, 0.7411666512489319]], "brockpiece29": [[0.07776176184415817, -0.17760980129241943, -2.699453830718994], [-14.477107048034668, 2.2033028602600098, -0.8599095344543457], [-0.1528574824333191, 0.604702889919281, -0.03537474945187569]], "brockpiece30": [[-0.019822031259536743, -0.1767900288105011, -2.596099376678467], [-11.594259262084961, -4.323325157165527, -28.17119789123535], [-0.212638720870018, 0.5194345116615295, -0.6746488809585571]], "brockpiece31": [[-0.03685709834098816, 0.07683655619621277, -2.60088849067688], [-11.594252586364746, -4.323334693908691, -28.1712703704834], [-0.3032321333885193, 0.4032418727874756, 0.2416532039642334]], "brockpiece32": [[0.08102425187826157, -0.1346178650856018, -2.378795623779297], [24.65072250366211, 32.575401306152344, 128.03880310058594], [-0.014846060425043106, 0.7332823276519775, -0.067598357796669]], "brockpiece33": [[-0.1629031002521515, -0.0001100301742553711, -1.369655728340149], [-0.004426134284585714, -2.779186725616455, 0.052473194897174835], [-0.07364655286073685, 0.3388040363788605, 0.1644446849822998]], "brockpiece34": [[-0.04001426324248314, 0.012993454933166504, -1.2605865001678467], [-1.8339730501174927, -8.490883827209473, -0.03669528663158417], [-0.040006935596466064, 0.3192813992500305, -0.5479322671890259]], "brockpiece35": [[0.04103216156363487, -0.13447082042694092, -1.5432475805282593], [-21.992149353027344, -14.783939361572266, -19.34066390991211], [0.03971529006958008, 0.7414476275444031, -0.4923132658004761]], "brockpiece36": [[0.002593979239463806, -0.134213387966156, -1.390890121459961], [-13.863523483276367, -34.38039016723633, -144.75851440429688], [0.04695548489689827, 0.8178877234458923, 0.2522242069244385]], "brockpiece37": [[-1.0913971662521362, -0.8429126739501953, -2.325847864151001], [154.44772338867188, -9.109477043151855, -87.8865737915039], [0.018796933814883232, 0.8953180909156799, 0.6815259456634521]],