{"brockpiece0": [[-0.15680238604545593, -0.629665732383728, -3.183053493499756], [64.04888916015625, -49.3344612121582, 117.02572631835938], [-0.04771063104271889, 0.8072485327720642, -0.47105833888053894]], "brockpiece1": [[0.2586113214492798, -0.22340619564056396, -2.9881653785705566], [-13.539944648742676, 54.78825759887695, 66.0703353881836], [-0.060903601348400116, 0.894946277141571, 0.4562895596027374]], "brockpiece2": [[0.41571110486984253, -0.5910993814468384, -3.283121109008789], [37.72065734863281, 56.29035186767578, 43.2213249206543], [-0.1568758189678192, 0.8655882477760315, -0.5483085513114929]], "brockpiece3": [[0.22910940647125244, -0.22445756196975708, -3.0727500915527344], [24.20328140258789, 23.229446411132812, 125.7870101928711], [-0.22012151777744293, 0.9278489947319031, 0.3253736197948456]], "brockpiece4": [[0.2508656978607178, 0.07239198684692383, -2.8596091270446777], [-18.97237777709961, 14.880914688110352, -69.82683563232422], [-0.4135969281196594, 0.9918517470359802, 0.46200042963027954]], "brockpiece5": [[-0.09449237585067749, 0.131877601146698, -2.5788328647613525], [-13.388053894042969, 8.374356269836426, 0.25309598445892334], [-0.436776340007782, 0.9646992683410645, -0.3259457051753998]], "brockpiece6": [[0.3979785442352295, -0.7458251118659973, -3.570497751235962], [23.642879486083984, 13.683192253112793, 74.69862365722656], [-0.01387631893157959, 0.9064578413963318, -0.06759907305240631]], "brockpiece7": [[0.9948631525039673, -1.1081606149673462, -4.276165008544922], [-147.9205322265625, -0.4031622111797333, -103.8975830078125], [-0.016788214445114136, 1.2991664409637451, -0.5754176378250122]], "brockpiece8": [[1.3271253108978271, -0.8991373777389526, -5.275393009185791], [-128.88262939453125, -8.903404235839844, -84.71563720703125], [-0.10184786468744278, 1.4046438932418823, 0.10018877685070038]], "brockpiece9": [[-1.1133828163146973, -0.6933667659759521, -1.8793988227844238], [-15.988465309143066, -7.93441915512085, 88.90974426269531], [0.009604007937014103, 0.8276886940002441, 0.4656519293785095]], "brockpiece10": [[0.07689138501882553, -0.29067665338516235, -1.3781969547271729], [12.553868293762207, 5.697717666625977, 161.46839904785156], [0.026453230530023575, 0.7262305021286011, -0.09866398572921753]], "brockpiece11": [[0.10719840973615646, -0.6166741847991943, -2.0460286140441895], [-3.504122495651245, 28.180721282958984, 155.12648010253906], [0.023447148501873016, 0.6883174180984497, -0.6239317655563354]], "brockpiece12": [[0.006879359483718872, -0.17106923460960388, -1.4089076519012451], [-7.385497093200684, -8.609075546264648, 6.106413841247559], [0.057196881622076035, 0.6268966794013977, -0.06759794801473618]], "brockpiece13": [[-0.002504505217075348, -0.14619994163513184, -0.9516404867172241], [-20.075164794921875, -5.255239009857178, 23.86704444885254], [0.10751569271087646, 0.33034080266952515, -0.6997447609901428]], "brockpiece14": [[-0.06065743416547775, -0.06654661893844604, -1.0142735242843628], [-5.70123815536499, -9.759439468383789, 5.051117897033691], [0.1765923947095871, 0.3738964796066284, -0.06937721371650696]], "brockpiece15": [[0.001207590103149414, -6.896257400512695e-05, -0.07312599569559097], [-0.0003742754051927477, -0.1989775449037552, -0.00981845986098051], [0.32439151406288147, 0.17386914789676666, 0.1606941819190979]], "brockpiece16": [[-0.11166593432426453, 5.5462121963500977e-05, -0.3696087896823883], [-0.2565922737121582, -17.159563064575195, -0.0012902840971946716], [0.2422737032175064, 0.13469432294368744, -0.2985038757324219]], "brockpiece17": [[-0.03586140275001526, 0.14972001314163208, -1.0744539499282837], [-15.527718544006348, -0.9992914795875549, 35.493858337402344], [0.05579742044210434, 0.8304786086082458, -0.06759888678789139]], "brockpiece18": [[0.04507005214691162, 0.1334364414215088, -1.0847651958465576], [-5.645348072052002, -4.78546667098999, 0.0003855422546621412], [0.7751116156578064, 1.1647822856903076, 0.4550911784172058]], "brockpiece19": [[0.5614314079284668, -0.7365381121635437, -3.098620891571045], [-163.13746643066406, 12.964094161987305, -70.52806091308594], [0.04745550453662872, 0.8352649807929993, -0.8555060029029846]], "brockpiece20": [[0.11427419632673264, -0.18637245893478394, -2.3435935974121094], [33.62179946899414, -1.0869412422180176, -134.53936767578125], [0.0324799083173275, 0.8903895616531372, 0.1047213077545166]], "brockpiece21": [[0.06632669270038605, 0.11337661743164062, -1.1866543292999268], [-2.6810173988342285, 10.830156326293945, 158.45628356933594], [0.15945503115653992, 1.6952928304672241, 0.277337908744812]], "brockpiece22": [[-0.04030868411064148, -1.7452293634414673, -6.317746162414551], [146.83917236328125, 9.866414070129395, -36.69549560546875], [0.5310609936714172, 1.9953807592391968, -0.3219248354434967]], "brockpiece23": [[0.1543363630771637, -0.44408753514289856, -2.730292558670044], [-1.4027055501937866, -31.289438247680664, -57.866092681884766], [-0.0681355819106102, 0.8056530356407166, -0.06759854406118393]], "brockpiece24": [[0.0379866361618042, 0.07515043020248413, -2.7212398052215576], [-18.025592803955078, -1.5467950105667114, -38.24382019042969], [-0.3838520646095276, 0.746596097946167, 0.4647919237613678]], "brockpiece25": [[-0.2877389192581177, 0.31886619329452515, -2.5223388671875], [-9.974554061889648, -3.964357614517212, -0.43093761801719666], [-1.032001256942749, 0.5244100093841553, 0.6970614790916443]], "brockpiece26": [[-0.3191030025482178, -0.18338501453399658, -1.6510734558105469], [-38.28781509399414, 11.771341323852539, 144.382568359375], [-0.012171115726232529, 0.7901149392127991, 0.14576949179172516]], "brockpiece27": [[-0.2829042077064514, -0.65733802318573, -2.9062209129333496], [-7.854759693145752, -0.7832620739936829, -107.37952423095703], [-0.029545554891228676, 0.7074200510978699, -0.5648927092552185]], "brockpiece28": [[-0.9629272222518921, -0.782133162021637, -1.9515982866287231], [-46.52181625366211, 20.74625587463379, -115.45282745361328], [-0.05280172452330589, 0.875779390335083, 0.7411666512489319]], "brockpiece29": [[0.07645385712385178, -0.22392508387565613, -2.6857311725616455], [-16.6965389251709, 1.587705373764038, -0.42082488536834717], [-0.1528574824333191, 0.604702889919281, -0.03537474945187569]], "brockpiece30": [[0.005675986409187317, -0.24107572436332703, -2.5933966636657715], [-11.023900032043457, -4.299500465393066, -23.895553588867188], [-0.212638720870018, 0.5194345116615295, -0.6746488809585571]], "brockpiece31": [[-0.02471911907196045, -0.004374861717224121, -2.5974652767181396], [-11.023880958557129, -4.299518585205078, -23.89565658569336], [-0.3032321333885193, 0.4032418727874756, 0.2416532039642334]], "brockpiece32": [[0.08630622178316116, -0.1448221206665039, -2.37807035446167], [19.21605110168457, 35.17490005493164, 117.85462951660156], [-0.014846060425043106, 0.7332823276519775, -0.067598357796669]], "brockpiece33": [[-0.16640989482402802, 0.0005341470241546631, -1.367240071296692], [-0.0233162771910429, -2.791868209838867, 0.3473552465438843], [-0.07364655286073685, 0.3388040363788605, 0.1644446849822998]], "brockpiece34": [[-0.04237596318125725, 0.011568546295166016, -1.2585084438323975], [-1.6319200992584229, -8.410887718200684, 0.06674838066101074], [-0.040006935596466064, 0.3192813992500305, -0.5479322671890259]], "brockpiece35": [[0.0307011716067791, -0.13435643911361694, -1.5212830305099487], [-19.254945755004883, -6.252477169036865, -2.2609589099884033], [0.03971529006958008, 0.7414476275444031, -0.4923132658004761]], "brockpiece36": [[-0.011876866221427917, -0.1236845850944519, -1.3690358400344849], [-17.31279754638672, -31.9440860748291, -133.05743408203125], [0.04695548489689827, 0.8178877234458923, 0.2522242069244385]], "brockpiece37": [[-1.1130554676055908, -0.8617698550224304, -2.3173632621765137], [170.92349243164062, 11.296384811401367, -41.577613830566406], [0.018796933814883232, 0.8953180909156799, 0.6815259456634521]],