{"brockpiece0": [[-0.13927116990089417, -0.6719222664833069, -3.1286988258361816], [58.594505310058594, 25.960472106933594, 77.49014282226562], [-0.04771063104271889, 0.8072485327720642, -0.47105833888053894]], "brockpiece1": [[0.24926505982875824, -0.1535215973854065, -3.043032646179199], [41.360321044921875, 62.78266906738281, 127.13546752929688], [-0.060903601348400116, 0.894946277141571, 0.4562895596027374]], "brockpiece2": [[0.40300101041793823, -0.5710518956184387, -3.0630404949188232], [56.25520324707031, -5.516848087310791, 114.79862213134766], [-0.1568758189678192, 0.8655882477760315, -0.5483085513114929]], "brockpiece3": [[0.18836340308189392, -0.15118694305419922, -3.0846383571624756], [36.59544372558594, 1.9966145753860474, 161.0294647216797], [-0.22012151777744293, 0.9278489947319031, 0.3253736197948456]], "brockpiece4": [[0.24881452322006226, 0.09161531925201416, -2.8747670650482178], [-20.56565284729004, 15.27542781829834, -71.52082824707031], [-0.4135969281196594, 0.9918517470359802, 0.46200042963027954]], "brockpiece5": [[-0.09593534469604492, 0.1430845856666565, -2.5993752479553223], [-14.545309066772461, 8.330873489379883, 0.04432955011725426], [-0.436776340007782, 0.9646992683410645, -0.3259457051753998]], "brockpiece6": [[0.30311504006385803, -0.6946960687637329, -3.309145212173462], [14.402894973754883, 2.9870035648345947, 138.78277587890625], [-0.01387631893157959, 0.9064578413963318, -0.06759907305240631]], "brockpiece7": [[0.8055868148803711, -0.8735752105712891, -4.047901153564453], [-122.29395294189453, 11.57217025756836, -58.702354431152344], [-0.016788214445114136, 1.2991664409637451, -0.5754176378250122]], "brockpiece8": [[0.9695068001747131, -0.5243892669677734, -4.869264602661133], [-111.74287414550781, -4.394763946533203, -56.69020462036133], [-0.10184786468744278, 1.4046438932418823, 0.10018877685070038]], "brockpiece9": [[-1.0551234483718872, -0.6977452039718628, -1.9057247638702393], [-23.955427169799805, -12.4904146194458, 79.21695709228516], [0.009604007937014103, 0.8276886940002441, 0.4656519293785095]], "brockpiece10": [[0.06813287734985352, -0.2703514099121094, -1.3848594427108765], [15.707242965698242, 6.448941707611084, 174.0474090576172], [0.026453230530023575, 0.7262305021286011, -0.09866398572921753]], "brockpiece11": [[0.14024370908737183, -0.4899919033050537, -2.1010727882385254], [-0.41614413261413574, 44.09696960449219, 117.66466522216797], [0.023447148501873016, 0.6883174180984497, -0.6239317655563354]], "brockpiece12": [[0.010146833956241608, -0.1702229082584381, -1.4120641946792603], [-7.905616283416748, -9.699796676635742, 3.08746600151062], [0.057196881622076035, 0.6268966794013977, -0.06759794801473618]], "brockpiece13": [[0.007058560848236084, -0.15025411546230316, -0.9543806314468384], [-21.111356735229492, -4.438300609588623, 28.595409393310547], [0.10751569271087646, 0.33034080266952515, -0.6997447609901428]], "brockpiece14": [[-0.049483686685562134, -0.06008145213127136, -1.0261154174804688], [-8.549735069274902, -8.26921272277832, 11.717083930969238], [0.1765923947095871, 0.3738964796066284, -0.06937721371650696]], "brockpiece15": [[0.0011126697063446045, -0.00010734796524047852, -0.07307195663452148], [-0.003957696724683046, -0.21221816539764404, 0.008503646589815617], [0.32439151406288147, 0.17386914789676666, 0.1606941819190979]], "brockpiece16": [[-0.10316017270088196, -0.001423180103302002, -0.3799762427806854], [-0.0822855681180954, -17.811479568481445, 0.20380638539791107], [0.2422737032175064, 0.13469432294368744, -0.2985038757324219]], "brockpiece17": [[-0.054931581020355225, 0.28112655878067017, -1.1537245512008667], [-25.308021545410156, 8.158135414123535, 39.577327728271484], [0.05579742044210434, 0.8304786086082458, -0.06759888678789139]], "brockpiece18": [[0.04754680395126343, 0.2004835605621338, -1.1593337059020996], [-8.697067260742188, -4.945844650268555, 0.0016453724820166826], [0.7751116156578064, 1.1647822856903076, 0.4550911784172058]], "brockpiece19": [[0.5034663677215576, -0.6826496124267578, -2.9621214866638184], [-108.4952392578125, 47.25570297241211, -10.463582038879395], [0.04745550453662872, 0.8352649807929993, -0.8555060029029846]], "brockpiece20": [[0.13561570644378662, -0.2058190107345581, -2.353234052658081], [32.90989303588867, 16.34201431274414, -168.58201599121094], [0.0324799083173275, 0.8903895616531372, 0.1047213077545166]], "brockpiece21": [[0.07189254462718964, 0.1674947738647461, -1.2896300554275513], [-8.697006225585938, -4.94547700881958, 0.001423417590558529], [0.15945503115653992, 1.6952928304672241, 0.277337908744812]], "brockpiece22": [[0.04768151044845581, -1.323272705078125, -5.813552379608154], [169.95001220703125, 40.49287414550781, -46.09601974487305], [0.5310609936714172, 1.9953807592391968, -0.3219248354434967]], "brockpiece23": [[0.15142028033733368, -0.413316547870636, -2.7055869102478027], [-18.24561882019043, -22.275249481201172, -35.09259033203125], [-0.0681355819106102, 0.8056530356407166, -0.06759854406118393]], "brockpiece24": [[0.04578220844268799, 0.09495842456817627, -2.7313387393951416], [-17.496681213378906, -0.154435932636261, -37.72465896606445], [-0.3838520646095276, 0.746596097946167, 0.4647919237613678]], "brockpiece25": [[-0.2893434762954712, 0.36700183153152466, -2.514897108078003], [-5.701664924621582, -3.6736087799072266, -0.41861459612846375], [-1.032001256942749, 0.5244100093841553, 0.6970614790916443]], "brockpiece26": [[-0.22738587856292725, -0.07598185539245605, -1.5980364084243774], [-5.2313103675842285, -35.58970642089844, 41.921207427978516], [-0.012171115726232529, 0.7901149392127991, 0.14576949179172516]], "brockpiece27": [[-0.2927730977535248, -0.6728103756904602, -2.8957693576812744], [-11.155633926391602, -0.7344275116920471, -83.12712860107422], [-0.029545554891228676, 0.7074200510978699, -0.5648927092552185]], "brockpiece28": [[-0.9281011819839478, -0.769303023815155, -1.9867680072784424], [22.929237365722656, -35.627281188964844, 144.48553466796875], [-0.05280172452330589, 0.875779390335083, 0.7411666512489319]], "brockpiece29": [[0.07660941779613495, -0.17921391129493713, -2.6968796253204346], [-14.846601486206055, 2.1755614280700684, -1.6209219694137573], [-0.1528574824333191, 0.604702889919281, -0.03537474945187569]], "brockpiece30": [[-0.02300238609313965, -0.16288775205612183, -2.5994701385498047], [-11.474246978759766, -4.1611151695251465, -28.55814552307129], [-0.212638720870018, 0.5194345116615295, -0.6746488809585571]], "brockpiece31": [[-0.03777134418487549, 0.08853912353515625, -2.6036670207977295], [-11.47423267364502, -4.161129474639893, -28.558237075805664], [-0.3032321333885193, 0.4032418727874756, 0.2416532039642334]], "brockpiece32": [[0.07903414964675903, -0.12466126680374146, -2.378505229949951], [26.16545867919922, 30.52480125427246, 131.0006103515625], [-0.014846060425043106, 0.7332823276519775, -0.067598357796669]], "brockpiece33": [[-0.16210484504699707, -0.000209122896194458, -1.3698590993881226], [-0.00040380851714871824, -2.795076370239258, 0.0011338801123201847], [-0.07364655286073685, 0.3388040363788605, 0.1644446849822998]], "brockpiece34": [[-0.03958569094538689, 0.013467192649841309, -1.2606077194213867], [-1.9024529457092285, -8.456296920776367, -0.0351400263607502], [-0.040006935596466064, 0.3192813992500305, -0.5479322671890259]], "brockpiece35": [[0.04178662970662117, -0.13440865278244019, -1.5463515520095825], [-22.808950424194336, -14.872161865234375, -19.193574905395508], [0.03971529006958008, 0.7414476275444031, -0.4923132658004761]], "brockpiece36": [[0.008568160235881805, -0.12590861320495605, -1.4000996351242065], [-12.923107147216797, -38.56760025024414, -142.90391540527344], [0.04695548489689827, 0.8178877234458923, 0.2522242069244385]], "brockpiece37": [[-1.0871546268463135, -0.8425765633583069, -2.32981276512146], [152.84243774414062, -16.226106643676758, -94.24797821044922], [0.018796933814883232, 0.8953180909156799, 0.6815259456634521]],