{"brockpiece0": [[-0.1382579505443573, -0.6467401385307312, -3.1681222915649414], [68.70353698730469, -15.661774635314941, 101.26849365234375], [-0.04771063104271889, 0.8072485327720642, -0.47105833888053894]], "brockpiece1": [[0.27492597699165344, -0.20402967929840088, -3.0028579235076904], [-13.123164176940918, 60.02006149291992, 64.74447631835938], [-0.060903601348400116, 0.894946277141571, 0.4562895596027374]], "brockpiece2": [[0.43644315004348755, -0.5369311571121216, -3.2176480293273926], [57.969913482666016, 31.790422439575195, 77.98359680175781], [-0.1568758189678192, 0.8655882477760315, -0.5483085513114929]], "brockpiece3": [[0.2241649031639099, -0.1730356216430664, -3.0857903957366943], [30.606901168823242, 14.71253490447998, 139.5094757080078], [-0.22012151777744293, 0.9278489947319031, 0.3253736197948456]], "brockpiece4": [[0.25244140625, 0.08003544807434082, -2.864987850189209], [-19.492643356323242, 13.928431510925293, -71.82408905029297], [-0.4135969281196594, 0.9918517470359802, 0.46200042963027954]], "brockpiece5": [[-0.0953531265258789, 0.1370822787284851, -2.5879275798797607], [-13.91212272644043, 8.370314598083496, 0.16375498473644257], [-0.436776340007782, 0.9646992683410645, -0.3259457051753998]], "brockpiece6": [[0.38614681363105774, -0.7202135324478149, -3.4570910930633545], [20.094444274902344, 7.84259557723999, 100.95513916015625], [-0.01387631893157959, 0.9064578413963318, -0.06759907305240631]], "brockpiece7": [[0.9429174661636353, -1.0370628833770752, -4.225220203399658], [-139.88876342773438, 1.6186085939407349, -84.97590637207031], [-0.016788214445114136, 1.2991664409637451, -0.5754176378250122]], "brockpiece8": [[1.153696060180664, -0.751517653465271, -5.100922107696533], [-122.19561004638672, -6.830461025238037, -69.35700225830078], [-0.10184786468744278, 1.4046438932418823, 0.10018877685070038]], "brockpiece9": [[-1.0936098098754883, -0.6987975239753723, -1.879453420639038], [-20.011735916137695, -7.399883270263672, 87.78034973144531], [0.009604007937014103, 0.8276886940002441, 0.4656519293785095]], "brockpiece10": [[0.07523282617330551, -0.2878364026546478, -1.382348656654358], [13.148033142089844, 5.7640767097473145, 166.14627075195312], [0.026453230530023575, 0.7262305021286011, -0.09866398572921753]], "brockpiece11": [[0.12363948673009872, -0.5521441698074341, -2.071692705154419], [5.341960906982422, 37.39091110229492, 141.52789306640625], [0.023447148501873016, 0.6883174180984497, -0.6239317655563354]], "brockpiece12": [[0.009227827191352844, -0.17388594150543213, -1.4086992740631104], [-7.541914463043213, -9.19841480255127, 4.246513366699219], [0.057196881622076035, 0.6268966794013977, -0.06759794801473618]], "brockpiece13": [[0.004663802683353424, -0.14923463761806488, -0.9519288539886475], [-21.09364891052246, -4.976489543914795, 27.487102508544922], [0.10751569271087646, 0.33034080266952515, -0.6997447609901428]], "brockpiece14": [[-0.05242686718702316, -0.06399998068809509, -1.019078254699707], [-7.234368801116943, -8.82837200164795, 9.523659706115723], [0.1765923947095871, 0.3738964796066284, -0.06937721371650696]], "brockpiece15": [[0.0012259483337402344, -0.00013387203216552734, -0.07306685298681259], [-0.008691267110407352, -0.21682420372962952, 0.021593807265162468], [0.32439151406288147, 0.17386914789676666, 0.1606941819190979]], "brockpiece16": [[-0.1052023321390152, -0.0014000236988067627, -0.37400808930397034], [-0.009291338734328747, -17.708633422851562, -0.0009804886067286134], [0.2422737032175064, 0.13469432294368744, -0.2985038757324219]], "brockpiece17": [[-0.04929663613438606, 0.17694026231765747, -1.1023510694503784], [-19.48223304748535, 2.40640926361084, 39.70369338989258], [0.05579742044210434, 0.8304786086082458, -0.06759888678789139]], "brockpiece18": [[0.04631143808364868, 0.16329741477966309, -1.1165716648101807], [-6.982414722442627, -4.8423380851745605, -9.253786993212998e-05], [0.7751116156578064, 1.1647822856903076, 0.4550911784172058]], "brockpiece19": [[0.5358923673629761, -0.6964167356491089, -3.038084030151367], [-145.5760040283203, 36.190826416015625, -49.31822967529297], [0.04745550453662872, 0.8352649807929993, -0.8555060029029846]], "brockpiece20": [[0.12543612718582153, -0.1920374035835266, -2.346945285797119], [33.264732360839844, 8.075719833374023, -151.7118377685547], [0.0324799083173275, 0.8903895616531372, 0.1047213077545166]], "brockpiece21": [[0.06884962320327759, 0.1377582550048828, -1.2308554649353027], [-3.9220449924468994, 11.370573043823242, 158.58242797851562], [0.15945503115653992, 1.6952928304672241, 0.277337908744812]], "brockpiece22": [[0.001086413860321045, -1.5400071144104004, -6.144519329071045], [156.11041259765625, 23.112459182739258, -42.710052490234375], [0.5310609936714172, 1.9953807592391968, -0.3219248354434967]], "brockpiece23": [[0.14966754615306854, -0.4386093318462372, -2.7242395877838135], [-15.294257164001465, -31.324609756469727, -42.24401092529297], [-0.0681355819106102, 0.8056530356407166, -0.06759854406118393]], "brockpiece24": [[0.04199567437171936, 0.08517920970916748, -2.7228007316589355], [-16.97085952758789, -0.5137457251548767, -37.391571044921875], [-0.3838520646095276, 0.746596097946167, 0.4647919237613678]], "brockpiece25": [[-0.2875899076461792, 0.33779972791671753, -2.5150351524353027], [-7.9287943840026855, -3.5612714290618896, -0.644778847694397], [-1.032001256942749, 0.5244100093841553, 0.6970614790916443]], "brockpiece26": [[-0.27584564685821533, -0.12227702140808105, -1.635115623474121], [-32.25028610229492, -17.53104591369629, 102.96444702148438], [-0.012171115726232529, 0.7901149392127991, 0.14576949179172516]], "brockpiece27": [[-0.28258612751960754, -0.6697096228599548, -2.9027225971221924], [-8.540943145751953, -6.717357158660889, -104.89774322509766], [-0.029545554891228676, 0.7074200510978699, -0.5648927092552185]], "brockpiece28": [[-0.9541382789611816, -0.7937872409820557, -1.9646522998809814], [-32.0514030456543, -16.992359161376953, -145.46681213378906], [-0.05280172452330589, 0.875779390335083, 0.7411666512489319]], "brockpiece29": [[0.07868651300668716, -0.19068697094917297, -2.6948230266571045], [-14.785112380981445, 2.111326217651367, -0.040942348539829254], [-0.1528574824333191, 0.604702889919281, -0.03537474945187569]], "brockpiece30": [[-0.010201945900917053, -0.23659414052963257, -2.5938711166381836], [-11.283793449401855, -4.064022541046143, -27.55517578125], [-0.212638720870018, 0.5194345116615295, -0.6746488809585571]], "brockpiece31": [[-0.027381926774978638, 0.00954487919807434, -2.5975799560546875], [-11.28378677368164, -4.064039707183838, -27.55527114868164], [-0.3032321333885193, 0.4032418727874756, 0.2416532039642334]], "brockpiece32": [[0.0889459103345871, -0.13973122835159302, -2.3787319660186768], [21.602510452270508, 34.65998077392578, 121.58721923828125], [-0.014846060425043106, 0.7332823276519775, -0.067598357796669]], "brockpiece33": [[-0.16372160613536835, -0.00015425682067871094, -1.3685890436172485], [-0.0007509466377086937, -2.7840187549591064, 0.014433004893362522], [-0.07364655286073685, 0.3388040363788605, 0.1644446849822998]], "brockpiece34": [[-0.039857830852270126, 0.012220919132232666, -1.2595515251159668], [-1.6514405012130737, -8.505759239196777, -0.18352676928043365], [-0.040006935596466064, 0.3192813992500305, -0.5479322671890259]], "brockpiece35": [[0.03501896932721138, -0.1369781494140625, -1.5305742025375366], [-18.92807388305664, -12.112059593200684, -14.465725898742676], [0.03971529006958008, 0.7414476275444031, -0.4923132658004761]], "brockpiece36": [[-0.0036047175526618958, -0.1247979998588562, -1.374812126159668], [-15.818713188171387, -32.426292419433594, -135.3599853515625], [0.04695548489689827, 0.8178877234458923, 0.2522242069244385]], "brockpiece37": [[-1.1041938066482544, -0.8553306460380554, -2.320622444152832], [163.4950408935547, 4.438973426818848, -62.703433990478516], [0.018796933814883232, 0.8953180909156799, 0.6815259456634521]],