{"brockpiece0": [[-0.13709333539009094, -0.6504649519920349, -3.1612534523010254], [67.57725524902344, -1.2279319763183594, 97.52699279785156], [-0.04771063104271889, 0.8072485327720642, -0.47105833888053894]], "brockpiece1": [[0.27333155274391174, -0.1992124319076538, -3.0109951496124268], [-8.044000625610352, 62.91847610473633, 70.82500457763672], [-0.060903601348400116, 0.894946277141571, 0.4562895596027374]], "brockpiece2": [[0.441484272480011, -0.5510251522064209, -3.193812131881714], [60.3398323059082, 22.642778396606445, 85.82210540771484], [-0.1568758189678192, 0.8655882477760315, -0.5483085513114929]], "brockpiece3": [[0.21808792650699615, -0.1628580093383789, -3.0866596698760986], [32.07173538208008, 11.587213516235352, 144.3622283935547], [-0.22012151777744293, 0.9278489947319031, 0.3253736197948456]], "brockpiece4": [[0.2530287504196167, 0.08184254169464111, -2.867563247680664], [-19.656532287597656, 13.844849586486816, -72.3642578125], [-0.4135969281196594, 0.9918517470359802, 0.46200042963027954]], "brockpiece5": [[-0.0955195426940918, 0.13864797353744507, -2.590791702270508], [-14.080242156982422, 8.349720001220703, 0.1092630922794342], [-0.436776340007782, 0.9646992683410645, -0.3259457051753998]], "brockpiece6": [[0.35096079111099243, -0.7080977559089661, -3.4381258487701416], [18.945581436157227, 6.297214508056641, 109.91997528076172], [-0.01387631893157959, 0.9064578413963318, -0.06759907305240631]], "brockpiece7": [[0.9117020964622498, -0.980120062828064, -4.180393218994141], [-136.19854736328125, 5.622929096221924, -77.7485122680664], [-0.016788214445114136, 1.2991664409637451, -0.5754176378250122]], "brockpiece8": [[1.1096360683441162, -0.6765624284744263, -5.043059825897217], [-119.68142700195312, -6.074027061462402, -65.9870834350586], [-0.10184786468744278, 1.4046438932418823, 0.10018877685070038]], "brockpiece9": [[-1.0867581367492676, -0.7011093497276306, -1.8767894506454468], [-21.030183792114258, -7.902121543884277, 86.43134307861328], [0.009604007937014103, 0.8276886940002441, 0.4656519293785095]], "brockpiece10": [[0.07335935533046722, -0.28347161412239075, -1.3835846185684204], [14.220929145812988, 5.946585655212402, 169.09725952148438], [0.026453230530023575, 0.7262305021286011, -0.09866398572921753]], "brockpiece11": [[0.12913474440574646, -0.5333983898162842, -2.0809619426727295], [5.720071315765381, 40.27385330200195, 136.53199768066406], [0.023447148501873016, 0.6883174180984497, -0.6239317655563354]], "brockpiece12": [[0.00958726555109024, -0.17365002632141113, -1.409693956375122], [-7.6210713386535645, -9.201512336730957, 4.25531005859375], [0.057196881622076035, 0.6268966794013977, -0.06759794801473618]], "brockpiece13": [[0.005767546594142914, -0.14908292889595032, -0.9523450136184692], [-21.291269302368164, -4.673582077026367, 28.145870208740234], [0.10751569271087646, 0.33034080266952515, -0.6997447609901428]], "brockpiece14": [[-0.05098922550678253, -0.06296181678771973, -1.0207785367965698], [-7.450992107391357, -8.643117904663086, 10.200006484985352], [0.1765923947095871, 0.3738964796066284, -0.06937721371650696]], "brockpiece15": [[0.0012117326259613037, -0.00013048946857452393, -0.07309257984161377], [-0.011113121174275875, -0.213745579123497, 0.007825748063623905], [0.32439151406288147, 0.17386914789676666, 0.1606941819190979]], "brockpiece16": [[-0.10507121682167053, -0.00088520348072052, -0.3759678304195404], [-0.03070909157395363, -17.876970291137695, -0.0185212641954422], [0.2422737032175064, 0.13469432294368744, -0.2985038757324219]], "brockpiece17": [[-0.05128245800733566, 0.21305912733078003, -1.1145439147949219], [-21.090728759765625, 4.061357021331787, 39.70259094238281], [0.05579742044210434, 0.8304786086082458, -0.06759888678789139]], "brockpiece18": [[0.0469282865524292, 0.17288446426391602, -1.1267844438552856], [-7.419667720794678, -4.851647853851318, 0.0010864782379940152], [0.7751116156578064, 1.1647822856903076, 0.4550911784172058]], "brockpiece19": [[0.5274484753608704, -0.6896313428878784, -3.018146514892578], [-137.46998596191406, 41.061004638671875, -40.55991744995117], [0.04745550453662872, 0.8352649807929993, -0.8555060029029846]], "brockpiece20": [[0.12919116020202637, -0.19445478916168213, -2.3488659858703613], [32.848854064941406, 10.470948219299316, -156.84115600585938], [0.0324799083173275, 0.8903895616531372, 0.1047213077545166]], "brockpiece21": [[0.06983189284801483, 0.14548540115356445, -1.2449939250946045], [-4.333229064941406, 11.538090705871582, 158.6279754638672], [0.15945503115653992, 1.6952928304672241, 0.277337908744812]], "brockpiece22": [[0.01277703046798706, -1.4675979614257812, -6.0668511390686035], [159.40130615234375, 27.55457305908203, -44.12833023071289], [0.5310609936714172, 1.9953807592391968, -0.3219248354434967]], "brockpiece23": [[0.15644343197345734, -0.4279409348964691, -2.7231059074401855], [-19.590078353881836, -30.57137680053711, -37.69974899291992], [-0.0681355819106102, 0.8056530356407166, -0.06759854406118393]], "brockpiece24": [[0.04170694947242737, 0.08853417634963989, -2.7242319583892822], [-16.886247634887695, -0.37110140919685364, -37.30353927612305], [-0.3838520646095276, 0.746596097946167, 0.4647919237613678]], "brockpiece25": [[-0.2876558303833008, 0.3458784222602844, -2.5166289806365967], [-7.224120140075684, -3.520155429840088, -0.856127142906189], [-1.032001256942749, 0.5244100093841553, 0.6970614790916443]], "brockpiece26": [[-0.26347118616104126, -0.10645776987075806, -1.624603033065796], [-26.908649444580078, -25.24782943725586, 88.23883819580078], [-0.012171115726232529, 0.7901149392127991, 0.14576949179172516]], "brockpiece27": [[-0.28049930930137634, -0.6685596108436584, -2.904266595840454], [-9.953291893005371, -6.05150842666626, -98.22891235351562], [-0.029545554891228676, 0.7074200510978699, -0.5648927092552185]], "brockpiece28": [[-0.9466489553451538, -0.7911481857299805, -1.9704526662826538], [-22.31597900390625, -26.636045455932617, -159.0653839111328], [-0.05280172452330589, 0.875779390335083, 0.7411666512489319]], "brockpiece29": [[0.07958897203207016, -0.1797647774219513, -2.697143793106079], [-14.44986629486084, 2.249979257583618, -0.11670702695846558], [-0.1528574824333191, 0.604702889919281, -0.03537474945187569]], "brockpiece30": [[-0.0146208256483078, -0.2156507968902588, -2.593658924102783], [-11.599761962890625, -4.273997783660889, -27.72588348388672], [-0.212638720870018, 0.5194345116615295, -0.6746488809585571]], "brockpiece31": [[-0.031984686851501465, 0.036848247051239014, -2.5983176231384277], [-11.599759101867676, -4.274021148681641, -27.725971221923828], [-0.3032321333885193, 0.4032418727874756, 0.2416532039642334]], "brockpiece32": [[0.08835665881633759, -0.13909173011779785, -2.3760128021240234], [22.718320846557617, 34.176979064941406, 123.63784790039062], [-0.014846060425043106, 0.7332823276519775, -0.067598357796669]], "brockpiece33": [[-0.16328832507133484, -0.00027877092361450195, -1.368760585784912], [0.0024799935054033995, -2.7815966606140137, -0.00803878903388977], [-0.07364655286073685, 0.3388040363788605, 0.1644446849822998]], "brockpiece34": [[-0.03944627568125725, 0.012427538633346558, -1.2598984241485596], [-1.659698247909546, -8.567087173461914, -0.22297324240207672], [-0.040006935596466064, 0.3192813992500305, -0.5479322671890259]], "brockpiece35": [[0.037109967321157455, -0.13649773597717285, -1.5330873727798462], [-19.439350128173828, -13.341084480285645, -16.937604904174805], [0.03971529006958008, 0.7414476275444031, -0.4923132658004761]], "brockpiece36": [[-0.0020706765353679657, -0.1300150752067566, -1.3791275024414062], [-14.58596134185791, -32.92417907714844, -139.68917846679688], [0.04695548489689827, 0.8178877234458923, 0.2522242069244385]], "brockpiece37": [[-1.1000475883483887, -0.8492356538772583, -2.3212292194366455], [160.14100646972656, 1.5282201766967773, -72.02757263183594], [0.018796933814883232, 0.8953180909156799, 0.6815259456634521]],