{"brockpiece0": [[-0.13974735140800476, -0.6567707657814026, -3.1565356254577637], [64.91395568847656, 11.785124778747559, 92.01856994628906], [-0.04771063104271889, 0.8072485327720642, -0.47105833888053894]], "brockpiece1": [[0.26532867550849915, -0.19569802284240723, -3.0238304138183594], [6.11990213394165, 65.98626708984375, 86.96121215820312], [-0.060903601348400116, 0.894946277141571, 0.4562895596027374]], "brockpiece2": [[0.44572293758392334, -0.5816065073013306, -3.1690917015075684], [61.54344177246094, 13.366524696350098, 93.0022201538086], [-0.1568758189678192, 0.8655882477760315, -0.5483085513114929]], "brockpiece3": [[0.207759827375412, -0.15536242723464966, -3.0841996669769287], [33.66328048706055, 8.626775741577148, 149.83319091796875], [-0.22012151777744293, 0.9278489947319031, 0.3253736197948456]], "brockpiece4": [[0.25293171405792236, 0.08355379104614258, -2.8698372840881348], [-19.7589168548584, 14.048981666564941, -72.17335510253906], [-0.4135969281196594, 0.9918517470359802, 0.46200042963027954]], "brockpiece5": [[-0.09569495916366577, 0.14021247625350952, -2.59373140335083], [-14.237432479858398, 8.346251487731934, 0.0731370747089386], [-0.436776340007782, 0.9646992683410645, -0.3259457051753998]], "brockpiece6": [[0.32387423515319824, -0.6997438669204712, -3.400207996368408], [17.417882919311523, 4.820278167724609, 119.27336883544922], [-0.01387631893157959, 0.9064578413963318, -0.06759907305240631]], "brockpiece7": [[0.877717137336731, -0.9345765709877014, -4.1349101066589355], [-131.89004516601562, 8.581338882446289, -70.9528579711914], [-0.016788214445114136, 1.2991664409637451, -0.5754176378250122]], "brockpiece8": [[1.0633246898651123, -0.614496111869812, -4.98473596572876], [-117.10618591308594, -5.435483455657959, -62.76146697998047], [-0.10184786468744278, 1.4046438932418823, 0.10018877685070038]], "brockpiece9": [[-1.0755882263183594, -0.6978883743286133, -1.8852310180664062], [-22.20652198791504, -8.53615665435791, 83.59331512451172], [0.009604007937014103, 0.8276886940002441, 0.4656519293785095]], "brockpiece10": [[0.07109664380550385, -0.278432160615921, -1.385225534439087], [15.205256462097168, 6.219632148742676, 171.29843139648438], [0.026453230530023575, 0.7262305021286011, -0.09866398572921753]], "brockpiece11": [[0.13428260385990143, -0.5184736251831055, -2.089203119277954], [4.922817230224609, 42.82887268066406, 131.2076873779297], [0.023447148501873016, 0.6883174180984497, -0.6239317655563354]], "brockpiece12": [[0.00952456146478653, -0.1724989414215088, -1.4112375974655151], [-7.8484039306640625, -9.163790702819824, 4.4329915046691895], [0.057196881622076035, 0.6268966794013977, -0.06759794801473618]], "brockpiece13": [[0.006329186260700226, -0.14931218326091766, -0.9542845487594604], [-21.42148780822754, -4.716204643249512, 28.391098022460938], [0.10751569271087646, 0.33034080266952515, -0.6997447609901428]], "brockpiece14": [[-0.05040441453456879, -0.06139498949050903, -1.0230531692504883], [-7.796182155609131, -8.48838996887207, 10.923165321350098], [0.1765923947095871, 0.3738964796066284, -0.06937721371650696]], "brockpiece15": [[0.0011683106422424316, -0.00010737776756286621, -0.07308360189199448], [-0.001229549408890307, -0.2100028097629547, -0.0016443799249827862], [0.32439151406288147, 0.17386914789676666, 0.1606941819190979]], "brockpiece16": [[-0.10557910799980164, -0.0006103664636611938, -0.3774929344654083], [-0.046581268310546875, -17.877023696899414, -0.10753931850194931], [0.2422737032175064, 0.13469432294368744, -0.2985038757324219]], "brockpiece17": [[-0.054338376969099045, 0.2433369755744934, -1.1272045373916626], [-22.601545333862305, 5.617022514343262, 39.569557189941406], [0.05579742044210434, 0.8304786086082458, -0.06759888678789139]], "brockpiece18": [[0.046971678733825684, 0.18233323097229004, -1.1381278038024902], [-7.84816837310791, -4.892926216125488, -0.0016469553811475635], [0.7751116156578064, 1.1647822856903076, 0.4550911784172058]], "brockpiece19": [[0.5192254781723022, -0.6853958368301392, -2.9988651275634766], [-128.37625122070312, 44.5154914855957, -30.97452163696289], [0.04745550453662872, 0.8352649807929993, -0.8555060029029846]], "brockpiece20": [[0.12881946563720703, -0.19690752029418945, -2.3491268157958984], [32.88187789916992, 12.319793701171875, -161.0475616455078], [0.0324799083173275, 0.8903895616531372, 0.1047213077545166]], "brockpiece21": [[0.07042807340621948, 0.15310990810394287, -1.2605102062225342], [-4.724714279174805, 11.732529640197754, 158.6682586669922], [0.15945503115653992, 1.6952928304672241, 0.277337908744812]], "brockpiece22": [[0.02399909496307373, -1.404686689376831, -5.983314037322998], [162.7642059326172, 31.83742904663086, -45.11708450317383], [0.5310609936714172, 1.9953807592391968, -0.3219248354434967]], "brockpiece23": [[0.159966379404068, -0.41731616854667664, -2.7282326221466064], [-22.659666061401367, -29.134164810180664, -34.540653228759766], [-0.0681355819106102, 0.8056530356407166, -0.06759854406118393]], "brockpiece24": [[0.04250895977020264, 0.09059178829193115, -2.7261641025543213], [-16.874958038330078, -0.23481155931949615, -37.405426025390625], [-0.3838520646095276, 0.746596097946167, 0.4647919237613678]], "brockpiece25": [[-0.2879481315612793, 0.351904034614563, -2.5182902812957764], [-6.560866355895996, -3.5048391819000244, -0.7596300840377808], [-1.032001256942749, 0.5244100093841553, 0.6970614790916443]], "brockpiece26": [[-0.25171661376953125, -0.09391963481903076, -1.6145814657211304], [-20.641124725341797, -30.596328735351562, 73.05145263671875], [-0.012171115726232529, 0.7901149392127991, 0.14576949179172516]], "brockpiece27": [[-0.28207001090049744, -0.6686421036720276, -2.9016523361206055], [-11.762075424194336, -4.675205230712891, -91.93577575683594], [-0.029545554891228676, 0.7074200510978699, -0.5648927092552185]], "brockpiece28": [[-0.9402991533279419, -0.782098650932312, -1.9746283292770386], [-9.94056224822998, -33.868896484375, -176.2371063232422], [-0.05280172452330589, 0.875779390335083, 0.7411666512489319]], "brockpiece29": [[0.07857280969619751, -0.17607763409614563, -2.6992533206939697], [-14.283984184265137, 2.2782444953918457, -0.32067644596099854], [-0.1528574824333191, 0.604702889919281, -0.03537474945187569]], "brockpiece30": [[-0.01683521270751953, -0.19606265425682068, -2.5940117835998535], [-11.685591697692871, -4.392784118652344, -27.911540985107422], [-0.212638720870018, 0.5194345116615295, -0.6746488809585571]], "brockpiece31": [[-0.034773826599121094, 0.058885008096694946, -2.599109411239624], [-11.68557357788086, -4.39280366897583, -27.91164207458496], [-0.3032321333885193, 0.4032418727874756, 0.2416532039642334]], "brockpiece32": [[0.0863603875041008, -0.13638192415237427, -2.378650426864624], [24.017568588256836, 33.7902946472168, 125.9030532836914], [-0.014846060425043106, 0.7332823276519775, -0.067598357796669]], "brockpiece33": [[-0.16308344900608063, -0.00031131505966186523, -1.3690837621688843], [0.013392617926001549, -2.7776694297790527, -0.011610878631472588], [-0.07364655286073685, 0.3388040363788605, 0.1644446849822998]], "brockpiece34": [[-0.039641525596380234, 0.012696295976638794, -1.2603065967559814], [-1.7351211309432983, -8.553343772888184, -0.1533978134393692], [-0.040006935596466064, 0.3192813992500305, -0.5479322671890259]], "brockpiece35": [[0.03876681998372078, -0.13304287195205688, -1.536591649055481], [-20.767805099487305, -14.227558135986328, -18.35894775390625], [0.03971529006958008, 0.7414476275444031, -0.4923132658004761]], "brockpiece36": [[-0.0009246394038200378, -0.13495320081710815, -1.383861780166626], [-14.243968963623047, -32.78488540649414, -143.7222442626953], [0.04695548489689827, 0.8178877234458923, 0.2522242069244385]], "brockpiece37": [[-1.0957586765289307, -0.845097005367279, -2.3226749897003174], [156.98545837402344, -3.098574638366699, -80.49014282226562], [0.018796933814883232, 0.8953180909156799, 0.6815259456634521]],