{"brockpiece0": [[-0.15384113788604736, -0.6350947618484497, -3.185410499572754], [66.88227844238281, -39.30613327026367, 111.14017486572266], [-0.04771063104271889, 0.8072485327720642, -0.47105833888053894]], "brockpiece1": [[0.2656102180480957, -0.2124285101890564, -2.9927818775177], [-14.249220848083496, 56.29664611816406, 64.27880859375], [-0.060903601348400116, 0.894946277141571, 0.4562895596027374]], "brockpiece2": [[0.42359650135040283, -0.5572339296340942, -3.262343168258667], [47.67866897583008, 48.97636032104492, 57.792396545410156], [-0.1568758189678192, 0.8655882477760315, -0.5483085513114929]], "brockpiece3": [[0.22873805463314056, -0.20893877744674683, -3.0786404609680176], [27.0325870513916, 20.95515251159668, 130.56118774414062], [-0.22012151777744293, 0.9278489947319031, 0.3253736197948456]], "brockpiece4": [[0.2513836622238159, 0.0734868049621582, -2.861802816390991], [-19.03367042541504, 14.643219947814941, -70.74363708496094], [-0.4135969281196594, 0.9918517470359802, 0.46200042963027954]], "brockpiece5": [[-0.09464150667190552, 0.1336093544960022, -2.5820083618164062], [-13.560276985168457, 8.405008316040039, 0.21439430117607117], [-0.436776340007782, 0.9646992683410645, -0.3259457051753998]], "brockpiece6": [[0.4079633951187134, -0.738939642906189, -3.5265767574310303], [22.456148147583008, 11.330663681030273, 83.36901092529297], [-0.01387631893157959, 0.9064578413963318, -0.06759907305240631]], "brockpiece7": [[0.9841600656509399, -1.1273276805877686, -4.28931188583374], [-145.9816131591797, -2.509478807449341, -100.39830017089844], [-0.016788214445114136, 1.2991664409637451, -0.5754176378250122]], "brockpiece8": [[1.262617826461792, -0.8557052612304688, -5.216580390930176], [-126.86962127685547, -8.08177375793457, -78.9368667602539], [-0.10184786468744278, 1.4046438932418823, 0.10018877685070038]], "brockpiece9": [[-1.1087439060211182, -0.6931982040405273, -1.8772459030151367], [-17.405229568481445, -7.914864540100098, 89.29224395751953], [0.009604007937014103, 0.8276886940002441, 0.4656519293785095]], "brockpiece10": [[0.07551024854183197, -0.29011473059654236, -1.3784489631652832], [12.433416366577148, 5.657105445861816, 162.1673583984375], [0.026453230530023575, 0.7262305021286011, -0.09866398572921753]], "brockpiece11": [[0.11319947987794876, -0.602737307548523, -2.0529751777648926], [0.9656255841255188, 31.27326774597168, 150.93690490722656], [0.023447148501873016, 0.6883174180984497, -0.6239317655563354]], "brockpiece12": [[0.007486127316951752, -0.1724308431148529, -1.4086203575134277], [-7.4243950843811035, -8.708399772644043, 5.39825963973999], [0.057196881622076035, 0.6268966794013977, -0.06759794801473618]], "brockpiece13": [[0.0007356777787208557, -0.14751029014587402, -0.9525980949401855], [-20.407127380371094, -5.117119312286377, 25.380760192871094], [0.10751569271087646, 0.33034080266952515, -0.6997447609901428]], "brockpiece14": [[-0.057210035622119904, -0.06634637713432312, -1.0159616470336914], [-6.249429225921631, -9.462657928466797, 6.527827739715576], [0.1765923947095871, 0.3738964796066284, -0.06937721371650696]], "brockpiece15": [[0.0010413825511932373, -0.00015661120414733887, -0.07313665002584457], [-0.025238581001758575, -0.20962566137313843, 0.07728756964206696], [0.32439151406288147, 0.17386914789676666, 0.1606941819190979]], "brockpiece16": [[-0.10828247666358948, 0.002825602889060974, -0.371875137090683], [-0.4866034984588623, -17.370790481567383, -0.018254658207297325], [0.2422737032175064, 0.13469432294368744, -0.2985038757324219]], "brockpiece17": [[-0.041585199534893036, 0.15443873405456543, -1.0810879468917847], [-16.667194366455078, -0.18422509729862213, 37.150352478027344], [0.05579742044210434, 0.8304786086082458, -0.06759888678789139]], "brockpiece18": [[0.0457921028137207, 0.1435227394104004, -1.0949112176895142], [-6.093858242034912, -4.789489269256592, 0.000484929361846298], [0.7751116156578064, 1.1647822856903076, 0.4550911784172058]], "brockpiece19": [[0.5530664324760437, -0.7193411588668823, -3.07889986038208], [-158.4152069091797, 22.159626007080078, -64.20128631591797], [0.04745550453662872, 0.8352649807929993, -0.8555060029029846]], "brockpiece20": [[0.11592378467321396, -0.18812698125839233, -2.3446829319000244], [33.81142044067383, 2.2232859134674072, -140.4170684814453], [0.0324799083173275, 0.8903895616531372, 0.1047213077545166]], "brockpiece21": [[0.06739848852157593, 0.1216510534286499, -1.2008159160614014], [-6.09423303604126, -4.789231300354004, 0.0007273937808349729], [0.15945503115653992, 1.6952928304672241, 0.277337908744812]], "brockpiece22": [[-0.02321016788482666, -1.6989508867263794, -6.268718242645264], [149.41571044921875, 13.379125595092773, -38.13972091674805], [0.5310609936714172, 1.9953807592391968, -0.3219248354434967]], "brockpiece23": [[0.1495942771434784, -0.44577687978744507, -2.72542667388916], [-5.78419828414917, -31.3857479095459, -52.12055206298828], [-0.0681355819106102, 0.8056530356407166, -0.06759854406118393]], "brockpiece24": [[0.03800731897354126, 0.07770788669586182, -2.721956729888916], [-17.51786231994629, -1.0704257488250732, -38.08083724975586], [-0.3838520646095276, 0.746596097946167, 0.4647919237613678]], "brockpiece25": [[-0.2874441146850586, 0.3206496238708496, -2.520688772201538], [-9.524065017700195, -3.807034730911255, -0.4797847867012024], [-1.032001256942749, 0.5244100093841553, 0.6970614790916443]], "brockpiece26": [[-0.30628880858421326, -0.15776664018630981, -1.646742582321167], [-38.109256744384766, 2.3888418674468994, 130.74264526367188], [-0.012171115726232529, 0.7901149392127991, 0.14576949179172516]], "brockpiece27": [[-0.2824462354183197, -0.658701479434967, -2.9063332080841064], [-7.9929914474487305, -2.7385287284851074, -109.16624450683594], [-0.029545554891228676, 0.7074200510978699, -0.5648927092552185]], "brockpiece28": [[-0.9608080387115479, -0.7877908945083618, -1.95660400390625], [-44.02963638305664, 7.256308555603027, -124.75289154052734], [-0.05280172452330589, 0.875779390335083, 0.7411666512489319]], "brockpiece29": [[0.07728216797113419, -0.21548736095428467, -2.6891186237335205], [-16.112520217895508, 1.7506182193756104, -0.06289102882146835], [-0.1528574824333191, 0.604702889919281, -0.03537474945187569]], "brockpiece30": [[0.000364840030670166, -0.23403620719909668, -2.59474515914917], [-10.800925254821777, -4.071107864379883, -25.38701820373535], [-0.212638720870018, 0.5194345116615295, -0.6746488809585571]], "brockpiece31": [[-0.02511918544769287, 0.0009797513484954834, -2.597956657409668], [-10.800905227661133, -4.071122646331787, -25.387109756469727], [-0.3032321333885193, 0.4032418727874756, 0.2416532039642334]], "brockpiece32": [[0.08677580207586288, -0.14377957582473755, -2.3777356147766113], [19.437334060668945, 35.22727584838867, 118.31637573242188], [-0.014846060425043106, 0.7332823276519775, -0.067598357796669]], "brockpiece33": [[-0.1649814248085022, 7.849931716918945e-05, -1.367756962776184], [0.0005575086106546223, -2.7908239364624023, 0.19743241369724274], [-0.07364655286073685, 0.3388040363788605, 0.1644446849822998]], "brockpiece34": [[-0.04156799241900444, 0.011531651020050049, -1.259101390838623], [-1.6564557552337646, -8.37705135345459, 0.023839207366108894], [-0.040006935596466064, 0.3192813992500305, -0.5479322671890259]], "brockpiece35": [[0.030148666352033615, -0.13604462146759033, -1.5239397287368774], [-18.85386848449707, -8.648832321166992, -6.87732458114624], [0.03971529006958008, 0.7414476275444031, -0.4923132658004761]], "brockpiece36": [[-0.008937068283557892, -0.1238667368888855, -1.3711349964141846], [-16.014694213867188, -32.59712600708008, -134.4977264404297], [0.04695548489689827, 0.8178877234458923, 0.2522242069244385]], "brockpiece37": [[-1.1105176210403442, -0.8573772311210632, -2.319385051727295], [168.15859985351562, 8.425596237182617, -47.16679000854492], [0.018796933814883232, 0.8953180909156799, 0.6815259456634521]],