{"brockpiece0": [[-0.13239505887031555, -0.6569664478302002, -3.1763148307800293], [-48.474945068359375, -75.3836898803711, -122.00740814208984], [-0.04771063104271889, 0.8072485327720642, -0.47105833888053894]], "brockpiece1": [[0.23316149413585663, -0.26710236072540283, -2.9837734699249268], [-5.829192161560059, 51.338951110839844, 79.07145690917969], [-0.060903601348400116, 0.894946277141571, 0.4562895596027374]], "brockpiece2": [[0.3866741955280304, -0.6818137168884277, -3.452720880508423], [-50.32327651977539, 49.23239517211914, -65.592041015625], [-0.1568758189678192, 0.8655882477760315, -0.5483085513114929]], "brockpiece3": [[0.2631767988204956, -0.2788126468658447, -3.0620920658111572], [7.257291316986084, 29.732404708862305, 97.93049621582031], [-0.22012151777744293, 0.9278489947319031, 0.3253736197948456]], "brockpiece4": [[0.25385332107543945, 0.058354973793029785, -2.845797061920166], [-19.106775283813477, 15.62299919128418, -68.52464294433594], [-0.4135969281196594, 0.9918517470359802, 0.46200042963027954]], "brockpiece5": [[-0.0920724868774414, 0.12071973085403442, -2.560208559036255], [-12.290051460266113, 8.527020454406738, 0.43517982959747314], [-0.436776340007782, 0.9646992683410645, -0.3259457051753998]], "brockpiece6": [[0.3621372878551483, -0.7847462892532349, -3.707359552383423], [23.68404197692871, 36.824859619140625, 44.79253005981445], [-0.01387631893157959, 0.9064578413963318, -0.06759907305240631]], "brockpiece7": [[1.0180250406265259, -1.0894657373428345, -4.1777873039245605], [-159.16156005859375, 11.81515121459961, -114.87094116210938], [-0.016788214445114136, 1.2991664409637451, -0.5754176378250122]], "brockpiece8": [[1.5745978355407715, -1.024216651916504, -5.334503173828125], [-132.12664794921875, 1.5289533138275146, -112.94743347167969], [-0.10184786468744278, 1.4046438932418823, 0.10018877685070038]], "brockpiece9": [[-1.1331995725631714, -0.6970493793487549, -1.8767153024673462], [-9.56747055053711, -8.020039558410645, 84.51777648925781], [0.009604007937014103, 0.8276886940002441, 0.4656519293785095]], "brockpiece10": [[0.07079703360795975, -0.2754945158958435, -1.3684543371200562], [17.2263240814209, 7.157683849334717, 165.50352478027344], [0.026453230530023575, 0.7262305021286011, -0.09866398572921753]], "brockpiece11": [[0.06737697869539261, -0.5541865825653076, -2.0123822689056396], [-18.34169578552246, 24.372417449951172, -179.1787567138672], [0.023447148501873016, 0.6883174180984497, -0.6239317655563354]], "brockpiece12": [[0.00327116996049881, -0.16746163368225098, -1.40410315990448], [-6.128145694732666, -8.410099029541016, 6.002089023590088], [0.057196881622076035, 0.6268966794013977, -0.06759794801473618]], "brockpiece13": [[-0.017501100897789, -0.1408342719078064, -0.9504982233047485], [-17.394550323486328, -7.53544282913208, 12.336169242858887], [0.10751569271087646, 0.33034080266952515, -0.6997447609901428]], "brockpiece14": [[-0.0722418874502182, -0.06841489672660828, -1.009216070175171], [-2.599522113800049, -9.952876091003418, -0.810901403427124], [0.1765923947095871, 0.3738964796066284, -0.06937721371650696]], "brockpiece15": [[0.0011067390441894531, -0.0002620965242385864, -0.07235511392354965], [-0.0343826524913311, -0.14358378946781158, 0.012287553399801254], [0.32439151406288147, 0.17386914789676666, 0.1606941819190979]], "brockpiece16": [[-0.12735119462013245, -0.0023644566535949707, -0.35841068625450134], [-0.12255404889583588, -15.665199279785156, -0.14662474393844604], [0.2422737032175064, 0.13469432294368744, -0.2985038757324219]], "brockpiece17": [[-0.013086941093206406, 0.126034677028656, -1.0380772352218628], [-12.80495834350586, -3.225912570953369, 26.05628204345703], [0.05579742044210434, 0.8304786086082458, -0.06759888678789139]], "brockpiece18": [[0.043440818786621094, 0.07102477550506592, -1.0216420888900757], [-2.8966469764709473, -4.674713134765625, -0.020803961902856827], [0.7751116156578064, 1.1647822856903076, 0.4550911784172058]], "brockpiece19": [[0.5913329720497131, -0.741138219833374, -3.149783134460449], [-165.08677673339844, -8.878782272338867, -94.2586669921875], [0.04745550453662872, 0.8352649807929993, -0.8555060029029846]], "brockpiece20": [[0.10642469674348831, -0.2064666748046875, -2.3228607177734375], [23.411338806152344, -19.57701301574707, -95.11457824707031], [0.0324799083173275, 0.8903895616531372, 0.1047213077545166]], "brockpiece21": [[0.06233580410480499, 0.061586737632751465, -1.0977191925048828], [-2.8974132537841797, -4.6741132736206055, -0.02089131809771061], [0.15945503115653992, 1.6952928304672241, 0.277337908744812]], "brockpiece22": [[-0.23494940996170044, -1.6385782957077026, -6.513218402862549], [144.6085205078125, 6.953732490539551, -47.38102722167969], [0.5310609936714172, 1.9953807592391968, -0.3219248354434967]], "brockpiece23": [[0.15909400582313538, -0.4300362169742584, -2.749178647994995], [14.26839828491211, -28.599803924560547, -81.47370147705078], [-0.0681355819106102, 0.8056530356407166, -0.06759854406118393]], "brockpiece24": [[0.03793567419052124, 0.054160356521606445, -2.7105627059936523], [-20.824687957763672, -5.449479103088379, -40.27768325805664], [-0.3838520646095276, 0.746596097946167, 0.4647919237613678]], "brockpiece25": [[-0.29234182834625244, 0.2852519750595093, -2.497115135192871], [-7.268551349639893, -4.275288105010986, 0.3018880784511566], [-1.032001256942749, 0.5244100093841553, 0.6970614790916443]], "brockpiece26": [[-0.3492487967014313, -0.31509459018707275, -1.662132740020752], [18.698667526245117, 52.63029479980469, -93.7177734375], [-0.012171115726232529, 0.7901149392127991, 0.14576949179172516]], "brockpiece27": [[-0.2589965760707855, -0.6590930223464966, -2.9066107273101807], [2.338852882385254, -8.637138366699219, -129.08253479003906], [-0.029545554891228676, 0.7074200510978699, -0.5648927092552185]], "brockpiece28": [[-1.015855073928833, -0.731256365776062, -1.8650333881378174], [53.03897476196289, 62.901283264160156, 36.39612579345703], [-0.05280172452330589, 0.875779390335083, 0.7411666512489319]], "brockpiece29": [[0.07809377461671829, -0.2427193820476532, -2.6730971336364746], [-17.045507431030273, 0.4090576767921448, -1.4364618062973022], [-0.1528574824333191, 0.604702889919281, -0.03537474945187569]], "brockpiece30": [[0.044956907629966736, -0.28891611099243164, -2.5797762870788574], [-12.680333137512207, -6.160678386688232, -17.494583129882812], [-0.212638720870018, 0.5194345116615295, -0.6746488809585571]], "brockpiece31": [[-0.018073946237564087, -0.03225955367088318, -2.5916452407836914], [-12.680316925048828, -6.160701751708984, -17.494680404663086], [-0.3032321333885193, 0.4032418727874756, 0.2416532039642334]], "brockpiece32": [[0.07737100124359131, -0.1445212960243225, -2.3810267448425293], [22.996797561645508, 33.49258804321289, 122.9209213256836], [-0.014846060425043106, 0.7332823276519775, -0.067598357796669]], "brockpiece33": [[-0.16851592063903809, 0.00048235058784484863, -1.3632190227508545], [-0.019974295049905777, -2.934617280960083, 0.30867671966552734], [-0.07364655286073685, 0.3388040363788605, 0.1644446849822998]], "brockpiece34": [[-0.04415174946188927, 0.010014772415161133, -1.2562792301177979], [-1.3748213052749634, -8.407927513122559, -0.10366377234458923], [-0.040006935596466064, 0.3192813992500305, -0.5479322671890259]], "brockpiece35": [[0.020641278475522995, -0.13163602352142334, -1.5178929567337036], [-16.913936614990234, -1.0202429294586182, 19.10059928894043], [0.03971529006958008, 0.7414476275444031, -0.4923132658004761]], "brockpiece36": [[-0.022039402276277542, -0.11921358108520508, -1.355146884918213], [-19.895727157592773, -31.2294864654541, -127.45387268066406], [0.04695548489689827, 0.8178877234458923, 0.2522242069244385]], "brockpiece37": [[-1.1245826482772827, -0.865778386592865, -2.3141591548919678], [-174.3150634765625, 21.162776947021484, -11.538162231445312], [0.018796933814883232, 0.8953180909156799, 0.6815259456634521]],