{"brockpiece0": [[-0.11385195702314377, -0.6560837030410767, -3.1778268814086914], [-69.1992416381836, -69.43840789794922, -101.70963287353516], [-0.04771063104271889, 0.8072485327720642, -0.47105833888053894]], "brockpiece1": [[0.22534379363059998, -0.256369411945343, -2.995561122894287], [0.06077855825424194, 49.6490592956543, 85.16155242919922], [-0.060903601348400116, 0.894946277141571, 0.4562895596027374]], "brockpiece2": [[0.4066879153251648, -0.7070773839950562, -3.4908149242401123], [-59.4295654296875, 35.792816162109375, -82.93013000488281], [-0.1568758189678192, 0.8655882477760315, -0.5483085513114929]], "brockpiece3": [[0.27747276425361633, -0.2897992730140686, -3.0628273487091064], [1.9095567464828491, 31.566251754760742, 88.88011169433594], [-0.22012151777744293, 0.9278489947319031, 0.3253736197948456]], "brockpiece4": [[0.2564180791378021, 0.05371356010437012, -2.836733341217041], [-19.273681640625, 14.850129127502441, -69.22640228271484], [-0.4135969281196594, 0.9918517470359802, 0.46200042963027954]], "brockpiece5": [[-0.09142088890075684, 0.11715859174728394, -2.553842782974243], [-11.936846733093262, 8.607694625854492, 0.5000506043434143], [-0.436776340007782, 0.9646992683410645, -0.3259457051753998]], "brockpiece6": [[0.3754909634590149, -0.7943724393844604, -3.730104446411133], [23.02857208251953, 40.455406188964844, 40.211265563964844], [-0.01387631893157959, 0.9064578413963318, -0.06759907305240631]], "brockpiece7": [[1.003116250038147, -1.0853188037872314, -4.171410083770752], [-160.89076232910156, 11.714961051940918, -114.54866790771484], [-0.016788214445114136, 1.2991664409637451, -0.5754176378250122]], "brockpiece8": [[1.6032636165618896, -1.0066304206848145, -5.309118747711182], [-134.65760803222656, 8.412353515625, -117.35706329345703], [-0.10184786468744278, 1.4046438932418823, 0.10018877685070038]], "brockpiece9": [[-1.1359388828277588, -0.6972243785858154, -1.8761438131332397], [-8.981010437011719, -7.958537578582764, 84.31693267822266], [0.009604007937014103, 0.8276886940002441, 0.4656519293785095]], "brockpiece10": [[0.06717010587453842, -0.2691701650619507, -1.3675898313522339], [18.08697509765625, 9.04997730255127, 167.3264923095703], [0.026453230530023575, 0.7262305021286011, -0.09866398572921753]], "brockpiece11": [[0.061153799295425415, -0.5610934495925903, -2.0180270671844482], [-13.472404479980469, 25.714920043945312, -170.74378967285156], [0.023447148501873016, 0.6883174180984497, -0.6239317655563354]], "brockpiece12": [[0.0028593838214874268, -0.16226205229759216, -1.403829574584961], [-6.271877288818359, -7.863363742828369, 7.551448822021484], [0.057196881622076035, 0.6268966794013977, -0.06759794801473618]], "brockpiece13": [[-0.019909963011741638, -0.13584426045417786, -0.9513269662857056], [-18.314647674560547, -9.24022388458252, 10.331220626831055], [0.10751569271087646, 0.33034080266952515, -0.6997447609901428]], "brockpiece14": [[-0.07308251410722733, -0.0648496150970459, -1.0073782205581665], [-1.6903108358383179, -9.90987777709961, -2.4948337078094482], [0.1765923947095871, 0.3738964796066284, -0.06937721371650696]], "brockpiece15": [[-0.013804018497467041, 0.006505995988845825, -0.06957529485225677], [0.45408475399017334, 0.9434544444084167, -0.06644629687070847], [0.32439151406288147, 0.17386914789676666, 0.1606941819190979]], "brockpiece16": [[-0.12713013589382172, -0.0016169995069503784, -0.353108674287796], [0.055739715695381165, -14.828431129455566, -0.0258791521191597], [0.2422737032175064, 0.13469432294368744, -0.2985038757324219]], "brockpiece17": [[0.00492042675614357, 0.13474255800247192, -1.033087134361267], [-13.33495044708252, -2.6036736965179443, 23.566608428955078], [0.05579742044210434, 0.8304786086082458, -0.06759888678789139]], "brockpiece18": [[0.04626953601837158, 0.057999372482299805, -1.001441478729248], [-2.105668544769287, -4.6066670417785645, -0.12351502478122711], [0.7751116156578064, 1.1647822856903076, 0.4550911784172058]], "brockpiece19": [[0.6003251671791077, -0.7596206068992615, -3.155608654022217], [-156.74392700195312, 5.728283882141113, -104.35270690917969], [0.04745550453662872, 0.8352649807929993, -0.8555060029029846]], "brockpiece20": [[0.10347218066453934, -0.20843571424484253, -2.3182427883148193], [16.449567794799805, -22.669052124023438, -80.22600555419922], [0.0324799083173275, 0.8903895616531372, 0.1047213077545166]], "brockpiece21": [[0.0652255266904831, 0.05240213871002197, -1.0696258544921875], [0.5813730359077454, 9.35992431640625, 158.04957580566406], [0.15945503115653992, 1.6952928304672241, 0.277337908744812]], "brockpiece22": [[-0.2352280616760254, -1.6661293506622314, -6.536269187927246], [143.00929260253906, 4.912176132202148, -47.34662628173828], [0.5310609936714172, 1.9953807592391968, -0.3219248354434967]], "brockpiece23": [[0.1491267830133438, -0.42900311946868896, -2.7644150257110596], [14.843951225280762, -27.684288024902344, -82.58719635009766], [-0.0681355819106102, 0.8056530356407166, -0.06759854406118393]], "brockpiece24": [[0.03836330771446228, 0.047114014625549316, -2.7067503929138184], [-20.739154815673828, -5.162747383117676, -40.08116912841797], [-0.3838520646095276, 0.746596097946167, 0.4647919237613678]], "brockpiece25": [[-0.29111719131469727, 0.27253013849258423, -2.4907875061035156], [-6.641462802886963, -4.089048385620117, 0.13555137813091278], [-1.032001256942749, 0.5244100093841553, 0.6970614790916443]], "brockpiece26": [[-0.3588472902774811, -0.3300718069076538, -1.6593129634857178], [54.24400329589844, 39.592613220214844, -44.177703857421875], [-0.012171115726232529, 0.7901149392127991, 0.14576949179172516]], "brockpiece27": [[-0.2506049573421478, -0.6541978120803833, -2.906867742538452], [4.531396865844727, -8.632140159606934, -140.6038360595703], [-0.029545554891228676, 0.7074200510978699, -0.5648927092552185]], "brockpiece28": [[-1.0488401651382446, -0.7327396869659424, -1.823479175567627], [68.3394775390625, 38.30036544799805, 69.26231384277344], [-0.05280172452330589, 0.875779390335083, 0.7411666512489319]], "brockpiece29": [[0.08233467489480972, -0.25142213702201843, -2.6695165634155273], [-17.03697967529297, -0.5458822846412659, -2.0227231979370117], [-0.1528574824333191, 0.604702889919281, -0.03537474945187569]], "brockpiece30": [[0.05533336102962494, -0.30290842056274414, -2.57509708404541], [-13.174400329589844, -6.625715255737305, -15.911977767944336], [-0.212638720870018, 0.5194345116615295, -0.6746488809585571]], "brockpiece31": [[-0.016310960054397583, -0.04094099998474121, -2.5893144607543945], [-13.1743745803833, -6.625729084014893, -15.912066459655762], [-0.3032321333885193, 0.4032418727874756, 0.2416532039642334]], "brockpiece32": [[0.07559671998023987, -0.14540183544158936, -2.384937047958374], [24.500307083129883, 32.56294631958008, 125.90019989013672], [-0.014846060425043106, 0.7332823276519775, -0.067598357796669]], "brockpiece33": [[-0.16825859248638153, 0.00035575032234191895, -1.3619472980499268], [-0.010163849219679832, -2.9974586963653564, 0.29974842071533203], [-0.07364655286073685, 0.3388040363788605, 0.1644446849822998]], "brockpiece34": [[-0.04427273944020271, 0.009495377540588379, -1.25520920753479], [-1.3356106281280518, -8.234563827514648, -0.03516881912946701], [-0.040006935596466064, 0.3192813992500305, -0.5479322671890259]], "brockpiece35": [[0.020876720547676086, -0.12213921546936035, -1.5216552019119263], [-16.104087829589844, 1.6916683912277222, 25.946571350097656], [0.03971529006958008, 0.7414476275444031, -0.4923132658004761]], "brockpiece36": [[-0.024519072845578194, -0.11575829982757568, -1.349495530128479], [-16.826330184936523, -31.813058853149414, -129.83126831054688], [0.04695548489689827, 0.8178877234458923, 0.2522242069244385]], "brockpiece37": [[-1.1254446506500244, -0.8653923273086548, -2.313830852508545], [-170.83010864257812, 23.507862091064453, -5.141774654388428], [0.018796933814883232, 0.8953180909156799, 0.6815259456634521]],