{"brockpiece0": [[-0.16401833295822144, -0.6397091150283813, -3.174665927886963], [50.77870559692383, -67.02877807617188, 134.84738159179688], [-0.04771063104271889, 0.8072485327720642, -0.47105833888053894]], "brockpiece1": [[0.24241209030151367, -0.2532292604446411, -2.9814677238464355], [-11.167746543884277, 52.19956970214844, 71.3105239868164], [-0.060903601348400116, 0.894946277141571, 0.4562895596027374]], "brockpiece2": [[0.39640599489212036, -0.627142071723938, -3.3385281562805176], [5.000973224639893, 64.29326629638672, 2.9102425575256348], [-0.1568758189678192, 0.8655882477760315, -0.5483085513114929]], "brockpiece3": [[0.22998099029064178, -0.25438588857650757, -3.0573599338531494], [17.574522018432617, 25.566917419433594, 115.36089324951172], [-0.22012151777744293, 0.9278489947319031, 0.3253736197948456]], "brockpiece4": [[0.2505672574043274, 0.06733846664428711, -2.854727029800415], [-18.770366668701172, 15.653897285461426, -68.0876693725586], [-0.4135969281196594, 0.9918517470359802, 0.46200042963027954]], "brockpiece5": [[-0.09373688697814941, 0.1282063126564026, -2.572653293609619], [-13.025404930114746, 8.388139724731445, 0.28162407875061035], [-0.436776340007782, 0.9646992683410645, -0.3259457051753998]], "brockpiece6": [[0.372815877199173, -0.7560374736785889, -3.6370017528533936], [25.156356811523438, 20.928916931152344, 60.80900573730469], [-0.01387631893157959, 0.9064578413963318, -0.06759907305240631]], "brockpiece7": [[1.010384202003479, -1.0976862907409668, -4.238933563232422], [-151.96095275878906, 3.9300472736358643, -110.04385375976562], [-0.016788214445114136, 1.2991664409637451, -0.5754176378250122]], "brockpiece8": [[1.448700189590454, -0.9939721822738647, -5.369529724121094], [-132.00177001953125, -10.072572708129883, -96.30714416503906], [-0.10184786468744278, 1.4046438932418823, 0.10018877685070038]], "brockpiece9": [[-1.12096107006073, -0.6969829797744751, -1.8791264295578003], [-13.29038143157959, -7.5391526222229, 87.08067321777344], [0.009604007937014103, 0.8276886940002441, 0.4656519293785095]], "brockpiece10": [[0.07755990326404572, -0.29134202003479004, -1.3782298564910889], [13.291460037231445, 7.138548374176025, 158.719970703125], [0.026453230530023575, 0.7262305021286011, -0.09866398572921753]], "brockpiece11": [[0.09326420724391937, -0.6193283796310425, -2.032871723175049], [-13.953506469726562, 23.60100746154785, 163.4443817138672], [0.023447148501873016, 0.6883174180984497, -0.6239317655563354]], "brockpiece12": [[0.007378667593002319, -0.17117616534233093, -1.4071301221847534], [-7.216563701629639, -8.478315353393555, 6.269165992736816], [0.057196881622076035, 0.6268966794013977, -0.06759794801473618]], "brockpiece13": [[-0.004958726465702057, -0.14562569558620453, -0.9507261514663696], [-19.376766204833984, -6.144770622253418, 21.172210693359375], [0.10751569271087646, 0.33034080266952515, -0.6997447609901428]], "brockpiece14": [[-0.06316667795181274, -0.06723219156265259, -1.0139812231063843], [-4.807709217071533, -10.01125431060791, 3.2182788848876953], [0.1765923947095871, 0.3738964796066284, -0.06937721371650696]], "brockpiece15": [[0.0012541115283966064, -0.00017084181308746338, -0.07311946898698807], [-0.004496637266129255, -0.18410685658454895, 0.002486202400177717], [0.32439151406288147, 0.17386914789676666, 0.1606941819190979]], "brockpiece16": [[-0.10979169607162476, -0.0015534311532974243, -0.3646044433116913], [-0.1340259313583374, -16.320354461669922, -0.18500761687755585], [0.2422737032175064, 0.13469432294368744, -0.2985038757324219]], "brockpiece17": [[-0.029257597401738167, 0.14357298612594604, -1.0610240697860718], [-13.850068092346191, -2.3323512077331543, 32.30643081665039], [0.05579742044210434, 0.8304786086082458, -0.06759888678789139]], "brockpiece18": [[0.0438883900642395, 0.11275172233581543, -1.0641257762908936], [-4.735209941864014, -4.772266864776611, -0.00011309020919725299], [0.7751116156578064, 1.1647822856903076, 0.4550911784172058]], "brockpiece19": [[0.5754327774047852, -0.7496193051338196, -3.13096284866333], [-169.0171661376953, -8.505636215209961, -81.3438491821289], [0.04745550453662872, 0.8352649807929993, -0.8555060029029846]], "brockpiece20": [[0.11123711615800858, -0.18120604753494263, -2.339736223220825], [31.824922561645508, -7.781834602355957, -122.4163589477539], [0.0324799083173275, 0.8903895616531372, 0.1047213077545166]], "brockpiece21": [[0.06440465152263641, 0.09626638889312744, -1.1577701568603516], [-4.736001014709473, -4.77205753326416, -0.000334130076225847], [0.15945503115653992, 1.6952928304672241, 0.277337908744812]], "brockpiece22": [[-0.12112241983413696, -1.6580052375793457, -6.392145156860352], [146.25894165039062, 9.099857330322266, -40.99125289916992], [0.5310609936714172, 1.9953807592391968, -0.3219248354434967]], "brockpiece23": [[0.15498220920562744, -0.4409092962741852, -2.7394678592681885], [6.554349899291992, -30.795686721801758, -69.65711975097656], [-0.0681355819106102, 0.8056530356407166, -0.06759854406118393]], "brockpiece24": [[0.03794431686401367, 0.06741225719451904, -2.7182509899139404], [-19.044567108154297, -2.7657039165496826, -39.105228424072266], [-0.3838520646095276, 0.746596097946167, 0.4647919237613678]], "brockpiece25": [[-0.29004335403442383, 0.307376503944397, -2.5188467502593994], [-9.801169395446777, -4.125387668609619, -0.06104935333132744], [-1.032001256942749, 0.5244100093841553, 0.6970614790916443]], "brockpiece26": [[-0.33525821566581726, -0.2588162422180176, -1.6558239459991455], [-33.76968765258789, 29.87531852722168, 173.4180145263672], [-0.012171115726232529, 0.7901149392127991, 0.14576949179172516]], "brockpiece27": [[-0.27938950061798096, -0.6652805805206299, -2.9074759483337402], [-4.489517688751221, -3.213657855987549, -105.17296600341797], [-0.029545554891228676, 0.7074200510978699, -0.5648927092552185]], "brockpiece28": [[-0.9698162078857422, -0.7634344696998596, -1.9336141347885132], [-43.64824676513672, 48.1517219543457, -93.7221908569336], [-0.05280172452330589, 0.875779390335083, 0.7411666512489319]], "brockpiece29": [[0.07294910401105881, -0.23643699288368225, -2.6789352893829346], [-17.270906448364258, 1.4825654029846191, -0.7654620409011841], [-0.1528574824333191, 0.604702889919281, -0.03537474945187569]], "brockpiece30": [[0.015131473541259766, -0.2614564895629883, -2.5896997451782227], [-11.725910186767578, -4.777930736541748, -21.416234970092773], [-0.212638720870018, 0.5194345116615295, -0.6746488809585571]], "brockpiece31": [[-0.02326434850692749, -0.016839951276779175, -2.5959479808807373], [-11.725895881652832, -4.77794885635376, -21.416324615478516], [-0.3032321333885193, 0.4032418727874756, 0.2416532039642334]], "brockpiece32": [[0.07727248221635818, -0.14490580558776855, -2.3816096782684326], [22.325153350830078, 33.79241180419922, 121.37532043457031], [-0.014846060425043106, 0.7332823276519775, -0.067598357796669]], "brockpiece33": [[-0.16612763702869415, 0.00022271275520324707, -1.3660122156143188], [-0.006383778061717749, -2.83524489402771, 0.17578721046447754], [-0.07364655286073685, 0.3388040363788605, 0.1644446849822998]], "brockpiece34": [[-0.04222991690039635, 0.010720103979110718, -1.2575156688690186], [-1.5173115730285645, -8.25676441192627, -0.015613872557878494], [-0.040006935596466064, 0.3192813992500305, -0.5479322671890259]], "brockpiece35": [[0.030575264245271683, -0.130165696144104, -1.5211912393569946], [-18.18903350830078, -2.7368361949920654, 6.096379280090332], [0.03971529006958008, 0.7414476275444031, -0.4923132658004761]], "brockpiece36": [[-0.015687543898820877, -0.11959666013717651, -1.3681182861328125], [-18.93697166442871, -33.335166931152344, -129.69894409179688], [0.04695548489689827, 0.8178877234458923, 0.2522242069244385]], "brockpiece37": [[-1.118191123008728, -0.8641054034233093, -2.314936876296997], [176.6699676513672, 15.735857963562012, -30.2333984375], [0.018796933814883232, 0.8953180909156799, 0.6815259456634521]],