{"brockpiece0": [[-0.11209378391504288, -0.656997561454773, -3.1803760528564453], [-74.41768646240234, -67.21492767333984, -97.21691131591797], [-0.04771063104271889, 0.8072485327720642, -0.47105833888053894]], "brockpiece1": [[0.220321923494339, -0.253525972366333, -2.999617338180542], [0.5676736235618591, 49.733131408691406, 86.44599151611328], [-0.060903601348400116, 0.894946277141571, 0.4562895596027374]], "brockpiece2": [[0.40857166051864624, -0.7132614850997925, -3.5001509189605713], [-61.54561996459961, 27.843713760375977, -88.55423736572266], [-0.1568758189678192, 0.8655882477760315, -0.5483085513114929]], "brockpiece3": [[0.2639583349227905, -0.3015643358230591, -3.069953680038452], [-3.4013757705688477, 30.99121856689453, 80.60716247558594], [-0.22012151777744293, 0.9278489947319031, 0.3253736197948456]], "brockpiece4": [[0.25605738162994385, 0.04954218864440918, -2.832836627960205], [-19.03646469116211, 14.905938148498535, -69.2214584350586], [-0.4135969281196594, 0.9918517470359802, 0.46200042963027954]], "brockpiece5": [[-0.0903400182723999, 0.11443513631820679, -2.5501561164855957], [-11.672435760498047, 8.703433990478516, 0.5250072479248047], [-0.436776340007782, 0.9646992683410645, -0.3259457051753998]], "brockpiece6": [[0.3795318007469177, -0.7982991933822632, -3.7375600337982178], [21.33599090576172, 42.21994400024414, 36.788143157958984], [-0.01387631893157959, 0.9064578413963318, -0.06759907305240631]], "brockpiece7": [[0.9950157999992371, -1.0924670696258545, -4.1720170974731445], [-161.22108459472656, 10.883598327636719, -113.7784652709961], [-0.016788214445114136, 1.2991664409637451, -0.5754176378250122]], "brockpiece8": [[1.6162251234054565, -1.0167431831359863, -5.294187545776367], [-136.14743041992188, 11.672127723693848, -119.53083801269531], [-0.10184786468744278, 1.4046438932418823, 0.10018877685070038]], "brockpiece9": [[-1.1370463371276855, -0.6976488828659058, -1.876198649406433], [-8.889314651489258, -7.787555694580078, 84.45084381103516], [0.009604007937014103, 0.8276886940002441, 0.4656519293785095]], "brockpiece10": [[0.07087358832359314, -0.2689560353755951, -1.366324782371521], [18.130779266357422, 7.718767166137695, 169.0934600830078], [0.026453230530023575, 0.7262305021286011, -0.09866398572921753]], "brockpiece11": [[0.05904964357614517, -0.571770429611206, -2.0234110355377197], [-9.574877738952637, 25.840484619140625, -166.13983154296875], [0.023447148501873016, 0.6883174180984497, -0.6239317655563354]], "brockpiece12": [[0.004356469959020615, -0.16065499186515808, -1.4031617641448975], [-6.438678741455078, -7.89124059677124, 7.807483673095703], [0.057196881622076035, 0.6268966794013977, -0.06759794801473618]], "brockpiece13": [[-0.02315308153629303, -0.13475818932056427, -0.9477436542510986], [-16.80466651916504, -9.378117561340332, 7.000336647033691], [0.10751569271087646, 0.33034080266952515, -0.6997447609901428]], "brockpiece14": [[-0.07448592036962509, -0.06381428241729736, -1.0036863088607788], [-1.4292341470718384, -9.772493362426758, -3.7274580001831055], [0.1765923947095871, 0.3738964796066284, -0.06937721371650696]], "brockpiece15": [[-0.02075079083442688, -0.000132828950881958, -0.07043540477752686], [-0.020741421729326248, 1.4173848628997803, 0.04072894901037216], [0.32439151406288147, 0.17386914789676666, 0.1606941819190979]], "brockpiece16": [[-0.12901178002357483, -0.0004920512437820435, -0.35088589787483215], [-0.08699757605791092, -14.571578025817871, 0.15314126014709473], [0.2422737032175064, 0.13469432294368744, -0.2985038757324219]], "brockpiece17": [[0.013570308685302734, 0.13252151012420654, -1.0264396667480469], [-12.868189811706543, -2.4392151832580566, 23.29582405090332], [0.05579742044210434, 0.8304786086082458, -0.06759888678789139]], "brockpiece18": [[0.04771369695663452, 0.052262306213378906, -0.9915684461593628], [-1.7422608137130737, -4.566076755523682, -0.17565655708312988], [0.7751116156578064, 1.1647822856903076, 0.4550911784172058]], "brockpiece19": [[0.6085832118988037, -0.7554773092269897, -3.1528220176696777], [-154.3802947998047, 14.958903312683105, -100.58580017089844], [0.04745550453662872, 0.8352649807929993, -0.8555060029029846]], "brockpiece20": [[0.10153844207525253, -0.2129775881767273, -2.3153250217437744], [12.707365036010742, -22.987581253051758, -73.3095932006836], [0.0324799083173275, 0.8903895616531372, 0.1047213077545166]], "brockpiece21": [[0.06671221554279327, 0.048450469970703125, -1.0560107231140137], [0.907585084438324, 9.18715763092041, 157.97434997558594], [0.15945503115653992, 1.6952928304672241, 0.277337908744812]], "brockpiece22": [[-0.23724326491355896, -1.6868228912353516, -6.546803951263428], [142.07154846191406, 3.682438850402832, -46.80012512207031], [0.5310609936714172, 1.9953807592391968, -0.3219248354434967]], "brockpiece23": [[0.13164803385734558, -0.4379388988018036, -2.762845516204834], [10.91950798034668, -28.63449478149414, -77.01242065429688], [-0.0681355819106102, 0.8056530356407166, -0.06759854406118393]], "brockpiece24": [[0.03925260901451111, 0.040985286235809326, -2.704193115234375], [-20.474502563476562, -4.9963765144348145, -40.3336067199707], [-0.3838520646095276, 0.746596097946167, 0.4647919237613678]], "brockpiece25": [[-0.29018187522888184, 0.2649737000465393, -2.4890871047973633], [-6.54948616027832, -3.9715378284454346, 0.02057070843875408], [-1.032001256942749, 0.5244100093841553, 0.6970614790916443]], "brockpiece26": [[-0.36647239327430725, -0.3390975296497345, -1.6574064493179321], [65.07360076904297, 28.039955139160156, -27.502798080444336], [-0.012171115726232529, 0.7901149392127991, 0.14576949179172516]], "brockpiece27": [[-0.25114905834198, -0.653232753276825, -2.907102346420288], [4.511608123779297, -8.493119239807129, -141.71963500976562], [-0.029545554891228676, 0.7074200510978699, -0.5648927092552185]], "brockpiece28": [[-1.066074013710022, -0.7387925982475281, -1.8047517538070679], [68.46065521240234, 25.27052116394043, 79.86932373046875], [-0.05280172452330589, 0.875779390335083, 0.7411666512489319]], "brockpiece29": [[0.07907649874687195, -0.2572901248931885, -2.6691386699676514], [-16.594697952270508, -0.7583279609680176, -2.5712499618530273], [-0.1528574824333191, 0.604702889919281, -0.03537474945187569]], "brockpiece30": [[0.054379865527153015, -0.3028113842010498, -2.5747580528259277], [-13.276016235351562, -6.525205135345459, -14.974708557128906], [-0.212638720870018, 0.5194345116615295, -0.6746488809585571]], "brockpiece31": [[-0.017658352851867676, -0.04235726594924927, -2.588801622390747], [-13.276002883911133, -6.5252299308776855, -14.974812507629395], [-0.3032321333885193, 0.4032418727874756, 0.2416532039642334]], "brockpiece32": [[0.07130556553602219, -0.14538228511810303, -2.3884365558624268], [25.779258728027344, 31.861968994140625, 128.31692504882812], [-0.014846060425043106, 0.7332823276519775, -0.067598357796669]], "brockpiece33": [[-0.16702373325824738, 0.0003135502338409424, -1.361025094985962], [-0.025730367749929428, -3.1257095336914062, 0.30936604738235474], [-0.07364655286073685, 0.3388040363788605, 0.1644446849822998]], "brockpiece34": [[-0.04391861334443092, 0.00939875841140747, -1.2540547847747803], [-1.3696842193603516, -8.014082908630371, 0.0221855491399765], [-0.040006935596466064, 0.3192813992500305, -0.5479322671890259]], "brockpiece35": [[0.020490199327468872, -0.11793744564056396, -1.5215851068496704], [-15.972952842712402, 3.1578640937805176, 28.99542999267578], [0.03971529006958008, 0.7414476275444031, -0.4923132658004761]], "brockpiece36": [[-0.027758898213505745, -0.11156857013702393, -1.3467503786087036], [-15.995767593383789, -30.21885108947754, -128.94815063476562], [0.04695548489689827, 0.8178877234458923, 0.2522242069244385]], "brockpiece37": [[-1.1254496574401855, -0.8654019236564636, -2.3138811588287354], [-169.15548706054688, 24.41523551940918, -2.5715739727020264], [0.018796933814883232, 0.8953180909156799, 0.6815259456634521]],