{"brockpiece0": [[-0.11290038377046585, -0.6622484922409058, -3.184749126434326], [-78.34891510009766, -65.50074768066406, -94.24768829345703], [-0.04771063104271889, 0.8072485327720642, -0.47105833888053894]], "brockpiece1": [[0.21143920719623566, -0.24924331903457642, -3.0085291862487793], [0.33625131845474243, 50.076839447021484, 87.06387329101562], [-0.060903601348400116, 0.894946277141571, 0.4562895596027374]], "brockpiece2": [[0.406899631023407, -0.7162278890609741, -3.5076100826263428], [-62.12311935424805, 19.59848976135254, -92.48900604248047], [-0.1568758189678192, 0.8655882477760315, -0.5483085513114929]], "brockpiece3": [[0.2547670900821686, -0.30073612928390503, -3.076733350753784], [-9.85095500946045, 30.64764404296875, 71.80925750732422], [-0.22012151777744293, 0.9278489947319031, 0.3253736197948456]], "brockpiece4": [[0.257989764213562, 0.04533553123474121, -2.825929880142212], [-18.653173446655273, 14.936392784118652, -68.06689453125], [-0.4135969281196594, 0.9918517470359802, 0.46200042963027954]], "brockpiece5": [[-0.08993256092071533, 0.1122625470161438, -2.5468297004699707], [-11.472755432128906, 8.75246524810791, 0.5591784715652466], [-0.436776340007782, 0.9646992683410645, -0.3259457051753998]], "brockpiece6": [[0.3797459900379181, -0.799900472164154, -3.742462635040283], [19.691551208496094, 43.782318115234375, 33.69844055175781], [-0.01387631893157959, 0.9064578413963318, -0.06759907305240631]], "brockpiece7": [[0.9858060479164124, -1.105210304260254, -4.174374580383301], [-161.35601806640625, 9.528308868408203, -112.66537475585938], [-0.016788214445114136, 1.2991664409637451, -0.5754176378250122]], "brockpiece8": [[1.6236340999603271, -1.0271058082580566, -5.2734293937683105], [-137.72061157226562, 14.746066093444824, -121.1118392944336], [-0.10184786468744278, 1.4046438932418823, 0.10018877685070038]], "brockpiece9": [[-1.138182282447815, -0.6976855993270874, -1.8761624097824097], [-8.829795837402344, -7.663859844207764, 84.77886962890625], [0.009604007937014103, 0.8276886940002441, 0.4656519293785095]], "brockpiece10": [[0.06845679879188538, -0.2622326910495758, -1.3633720874786377], [16.126880645751953, 6.534092426300049, 171.93760681152344], [0.026453230530023575, 0.7262305021286011, -0.09866398572921753]], "brockpiece11": [[0.05737876147031784, -0.5872586369514465, -2.0299384593963623], [-4.757272720336914, 25.319429397583008, -161.31642150878906], [0.023447148501873016, 0.6883174180984497, -0.6239317655563354]], "brockpiece12": [[0.003484513610601425, -0.15639352798461914, -1.403692364692688], [-6.39792537689209, -7.86454439163208, 8.132770538330078], [0.057196881622076035, 0.6268966794013977, -0.06759794801473618]], "brockpiece13": [[-0.0280923992395401, -0.13430055975914001, -0.9487285614013672], [-15.819828033447266, -11.379682540893555, 1.0058271884918213], [0.10751569271087646, 0.33034080266952515, -0.6997447609901428]], "brockpiece14": [[-0.07692187279462814, -0.06252327561378479, -1.0050885677337646], [-0.9095845222473145, -9.598462104797363, -5.668214797973633], [0.1765923947095871, 0.3738964796066284, -0.06937721371650696]], "brockpiece15": [[-0.023016154766082764, -0.00037097930908203125, -0.071291983127594], [-0.17367781698703766, 1.5219802856445312, 0.6384038329124451], [0.32439151406288147, 0.17386914789676666, 0.1606941819190979]], "brockpiece16": [[-0.135067880153656, 0.00031585991382598877, -0.3546399176120758], [-0.20923767983913422, -14.419635772705078, 0.8802797198295593], [0.2422737032175064, 0.13469432294368744, -0.2985038757324219]], "brockpiece17": [[0.018134325742721558, 0.1214563250541687, -1.0158169269561768], [-11.813379287719727, -2.7304580211639404, 22.57239532470703], [0.05579742044210434, 0.8304786086082458, -0.06759888678789139]], "brockpiece18": [[0.04955393075942993, 0.047004103660583496, -0.9813003540039062], [-1.3911106586456299, -4.510801792144775, -0.23176339268684387], [0.7751116156578064, 1.1647822856903076, 0.4550911784172058]], "brockpiece19": [[0.6131957769393921, -0.7480749487876892, -3.1464385986328125], [-148.9616241455078, 19.73858070373535, -93.74464416503906], [0.04745550453662872, 0.8352649807929993, -0.8555060029029846]], "brockpiece20": [[0.10275135189294815, -0.21208393573760986, -2.3093926906585693], [8.982600212097168, -22.11397361755371, -67.14202880859375], [0.0324799083173275, 0.8903895616531372, 0.1047213077545166]], "brockpiece21": [[0.06858547031879425, 0.044953346252441406, -1.0419578552246094], [-1.3916386365890503, -4.510556221008301, -0.23170338571071625], [0.15945503115653992, 1.6952928304672241, 0.277337908744812]], "brockpiece22": [[-0.24052804708480835, -1.7131080627441406, -6.5574631690979], [141.02781677246094, 2.3584327697753906, -45.922706604003906], [0.5310609936714172, 1.9953807592391968, -0.3219248354434967]], "brockpiece23": [[0.11808526515960693, -0.44756603240966797, -2.754861354827881], [1.2380205392837524, -29.87213706970215, -63.229766845703125], [-0.0681355819106102, 0.8056530356407166, -0.06759854406118393]], "brockpiece24": [[0.03917038440704346, 0.03670930862426758, -2.7020955085754395], [-20.31831169128418, -4.868791580200195, -40.305992126464844], [-0.3838520646095276, 0.746596097946167, 0.4647919237613678]], "brockpiece25": [[-0.2888277769088745, 0.256300687789917, -2.4883804321289062], [-6.606225490570068, -3.8552353382110596, -0.16730529069900513], [-1.032001256942749, 0.5244100093841553, 0.6970614790916443]], "brockpiece26": [[-0.3744528591632843, -0.3486843407154083, -1.6547290086746216], [73.1649398803711, 14.548121452331543, -14.83153247833252], [-0.012171115726232529, 0.7901149392127991, 0.14576949179172516]], "brockpiece27": [[-0.25238263607025146, -0.6543623805046082, -2.9086849689483643], [5.021040439605713, -8.669325828552246, -141.26602172851562], [-0.029545554891228676, 0.7074200510978699, -0.5648927092552185]], "brockpiece28": [[-1.0829499959945679, -0.7494306564331055, -1.788490891456604], [66.11604309082031, 12.532035827636719, 89.86454772949219], [-0.05280172452330589, 0.875779390335083, 0.7411666512489319]], "brockpiece29": [[0.07753411680459976, -0.2568035423755646, -2.6690709590911865], [-16.265453338623047, -1.064326286315918, -3.219193696975708], [-0.1528574824333191, 0.604702889919281, -0.03537474945187569]], "brockpiece30": [[0.052601709961891174, -0.30321866273880005, -2.575331211090088], [-13.246843338012695, -6.4337639808654785, -14.811784744262695], [-0.212638720870018, 0.5194345116615295, -0.6746488809585571]], "brockpiece31": [[-0.01857888698577881, -0.04404670000076294, -2.589017629623413], [-13.246820449829102, -6.433784484863281, -14.81188678741455], [-0.3032321333885193, 0.4032418727874756, 0.2416532039642334]], "brockpiece32": [[0.06876971572637558, -0.14365381002426147, -2.3898093700408936], [27.159931182861328, 30.799253463745117, 130.5805206298828], [-0.014846060425043106, 0.7332823276519775, -0.067598357796669]], "brockpiece33": [[-0.16695697605609894, 0.0004024803638458252, -1.3600877523422241], [-0.009047755971550941, -3.236154079437256, 0.2657875418663025], [-0.07364655286073685, 0.3388040363788605, 0.1644446849822998]], "brockpiece34": [[-0.04521469399333, 0.010000109672546387, -1.25453782081604], [-1.4084458351135254, -7.913857936859131, 0.05192803591489792], [-0.040006935596466064, 0.3192813992500305, -0.5479322671890259]], "brockpiece35": [[0.01645786315202713, -0.11051368713378906, -1.524021029472351], [-16.578445434570312, 3.900493621826172, 32.2700080871582], [0.03971529006958008, 0.7414476275444031, -0.4923132658004761]], "brockpiece36": [[-0.030652813613414764, -0.10919797420501709, -1.3423937559127808], [-15.010568618774414, -27.71964454650879, -129.27687072753906], [0.04695548489689827, 0.8178877234458923, 0.2522242069244385]], "brockpiece37": [[-1.1260908842086792, -0.8652696013450623, -2.3136322498321533], [-168.0211639404297, 25.530778884887695, -0.48492375016212463], [0.018796933814883232, 0.8953180909156799, 0.6815259456634521]],