{"brockpiece0": [[-0.16023534536361694, -0.6294092535972595, -3.1789655685424805], [59.34540939331055, -58.549598693847656, 124.19918823242188], [-0.04771063104271889, 0.8072485327720642, -0.47105833888053894]], "brockpiece1": [[0.2496747225522995, -0.23220890760421753, -2.986609697341919], [-12.931777954101562, 53.57257080078125, 68.09764099121094], [-0.060903601348400116, 0.894946277141571, 0.4562895596027374]], "brockpiece2": [[0.4063906669616699, -0.6296932697296143, -3.3054606914520264], [22.93212127685547, 61.706573486328125, 24.122861862182617], [-0.1568758189678192, 0.8655882477760315, -0.5483085513114929]], "brockpiece3": [[0.2281157523393631, -0.2458096742630005, -3.0632567405700684], [20.948205947875977, 24.84011459350586, 120.54498291015625], [-0.22012151777744293, 0.9278489947319031, 0.3253736197948456]], "brockpiece4": [[0.2505609393119812, 0.06957852840423584, -2.8572440147399902], [-18.82478141784668, 15.33889389038086, -68.8912353515625], [-0.4135969281196594, 0.9918517470359802, 0.46200042963027954]], "brockpiece5": [[-0.09429425001144409, 0.13008242845535278, -2.575544834136963], [-13.205147743225098, 8.382390975952148, 0.28466978669166565], [-0.436776340007782, 0.9646992683410645, -0.3259457051753998]], "brockpiece6": [[0.3830377459526062, -0.7554982900619507, -3.6108715534210205], [24.639074325561523, 16.702890396118164, 66.5861587524414], [-0.01387631893157959, 0.9064578413963318, -0.06759907305240631]], "brockpiece7": [[1.001876711845398, -1.0974730253219604, -4.25801944732666], [-149.90455627441406, 1.7448738813400269, -107.11456298828125], [-0.016788214445114136, 1.2991664409637451, -0.5754176378250122]], "brockpiece8": [[1.3928133249282837, -0.9584672451019287, -5.334939002990723], [-130.63433837890625, -10.054837226867676, -90.50727081298828], [-0.10184786468744278, 1.4046438932418823, 0.10018877685070038]], "brockpiece9": [[-1.1165002584457397, -0.6961596012115479, -1.8824464082717896], [-14.544360160827637, -7.399764537811279, 87.68352508544922], [0.009604007937014103, 0.8276886940002441, 0.4656519293785095]], "brockpiece10": [[0.07743937522172928, -0.2924894094467163, -1.3784488439559937], [13.100733757019043, 6.180820465087891, 159.9399871826172], [0.026453230530023575, 0.7262305021286011, -0.09866398572921753]], "brockpiece11": [[0.1003030315041542, -0.6247803568840027, -2.039513349533081], [-8.845853805541992, 25.48211669921875, 159.22410583496094], [0.023447148501873016, 0.6883174180984497, -0.6239317655563354]], "brockpiece12": [[0.006108172237873077, -0.17150744795799255, -1.4082380533218384], [-7.3909687995910645, -8.490486145019531, 6.213841915130615], [0.057196881622076035, 0.6268966794013977, -0.06759794801473618]], "brockpiece13": [[-0.004901453852653503, -0.14628061652183533, -0.9493637084960938], [-19.72745132446289, -5.615457534790039, 22.823396682739258], [0.10751569271087646, 0.33034080266952515, -0.6997447609901428]], "brockpiece14": [[-0.06275106966495514, -0.06673678755760193, -1.0137890577316284], [-5.261387348175049, -9.95361328125, 3.9424073696136475], [0.1765923947095871, 0.3738964796066284, -0.06937721371650696]], "brockpiece15": [[0.0011487007141113281, -0.0001437366008758545, -0.07315164804458618], [-0.011237329803407192, -0.19286704063415527, 0.027324335649609566], [0.32439151406288147, 0.17386914789676666, 0.1606941819190979]], "brockpiece16": [[-0.11371396481990814, -0.003167569637298584, -0.3691171705722809], [-0.012495667673647404, -17.003887176513672, 0.025905568152666092], [0.2422737032175064, 0.13469432294368744, -0.2985038757324219]], "brockpiece17": [[-0.03169196844100952, 0.14639544486999512, -1.0677874088287354], [-14.581816673278809, -1.6097139120101929, 33.840911865234375], [0.05579742044210434, 0.8304786086082458, -0.06759888678789139]], "brockpiece18": [[0.04448419809341431, 0.12317895889282227, -1.074448823928833], [-5.193909645080566, -4.778992652893066, 0.0004318032879382372], [0.7751116156578064, 1.1647822856903076, 0.4550911784172058]], "brockpiece19": [[0.5691813230514526, -0.7578228116035461, -3.116485595703125], [-166.74188232421875, 2.264882802963257, -76.38771057128906], [0.04745550453662872, 0.8352649807929993, -0.8555060029029846]], "brockpiece20": [[0.11254168301820755, -0.1825031042098999, -2.343306541442871], [32.96195602416992, -4.522459983825684, -128.43551635742188], [0.0324799083173275, 0.8903895616531372, 0.1047213077545166]], "brockpiece21": [[0.06537163257598877, 0.10490667819976807, -1.1722540855407715], [-5.194407939910889, -4.778717994689941, 0.00048492164933122694], [0.15945503115653992, 1.6952928304672241, 0.277337908744812]], "brockpiece22": [[-0.08071938157081604, -1.6938562393188477, -6.354952812194824], [146.5465545654297, 9.488056182861328, -38.84532928466797], [0.5310609936714172, 1.9953807592391968, -0.3219248354434967]], "brockpiece23": [[0.15804895758628845, -0.44761496782302856, -2.734680652618408], [2.743654727935791, -31.215023040771484, -63.743568420410156], [-0.0681355819106102, 0.8056530356407166, -0.06759854406118393]], "brockpiece24": [[0.03827598690986633, 0.0708884596824646, -2.7197375297546387], [-18.53224754333496, -2.0777719020843506, -38.705047607421875], [-0.3838520646095276, 0.746596097946167, 0.4647919237613678]], "brockpiece25": [[-0.2891899347305298, 0.3140571117401123, -2.521217107772827], [-10.053027153015137, -4.095206260681152, -0.27104052901268005], [-1.032001256942749, 0.5244100093841553, 0.6970614790916443]], "brockpiece26": [[-0.3288806974887848, -0.21730029582977295, -1.654299259185791], [-36.88209533691406, 20.94371223449707, 158.45819091796875], [-0.012171115726232529, 0.7901149392127991, 0.14576949179172516]], "brockpiece27": [[-0.28336361050605774, -0.6595456600189209, -2.9070446491241455], [-6.920965194702148, -0.2867783308029175, -104.52212524414062], [-0.029545554891228676, 0.7074200510978699, -0.5648927092552185]], "brockpiece28": [[-0.9652307033538818, -0.7747114896774292, -1.945033073425293], [-46.43911361694336, 34.55086898803711, -105.36834716796875], [-0.05280172452330589, 0.875779390335083, 0.7411666512489319]], "brockpiece29": [[0.07357553392648697, -0.23521912097930908, -2.6807262897491455], [-17.27760887145996, 1.4494554996490479, -0.867941677570343], [-0.1528574824333191, 0.604702889919281, -0.03537474945187569]], "brockpiece30": [[0.011212050914764404, -0.2543807327747345, -2.5911006927490234], [-11.42769718170166, -4.57269811630249, -22.51848602294922], [-0.212638720870018, 0.5194345116615295, -0.6746488809585571]], "brockpiece31": [[-0.02354016900062561, -0.012972205877304077, -2.596393346786499], [-11.427678108215332, -4.572730541229248, -22.518611907958984], [-0.3032321333885193, 0.4032418727874756, 0.2416532039642334]], "brockpiece32": [[0.08007892221212387, -0.1458970308303833, -2.381516456604004], [21.004283905029297, 34.28399658203125, 119.58541107177734], [-0.014846060425043106, 0.7332823276519775, -0.067598357796669]], "brockpiece33": [[-0.16665524244308472, 0.0003955662250518799, -1.3671296834945679], [-0.0030768096912652254, -2.81410813331604, 0.2815357744693756], [-0.07364655286073685, 0.3388040363788605, 0.1644446849822998]], "brockpiece34": [[-0.04290367290377617, 0.010876953601837158, -1.2583584785461426], [-1.5575851202011108, -8.338818550109863, -0.012686522677540779], [-0.040006935596466064, 0.3192813992500305, -0.5479322671890259]], "brockpiece35": [[0.030197490006685257, -0.13243329524993896, -1.5192395448684692], [-18.933067321777344, -4.321347713470459, 1.7000330686569214], [0.03971529006958008, 0.7414476275444031, -0.4923132658004761]], "brockpiece36": [[-0.014104120433330536, -0.12224358320236206, -1.3674259185791016], [-18.474681854248047, -31.76557159423828, -131.2212677001953], [0.04695548489689827, 0.8178877234458923, 0.2522242069244385]], "brockpiece37": [[-1.1155263185501099, -0.8631651997566223, -2.3157644271850586], [174.07424926757812, 13.843594551086426, -35.84966278076172], [0.018796933814883232, 0.8953180909156799, 0.6815259456634521]],