{"brockpiece0": [[-0.161231130361557, -0.658888041973114, -3.175157070159912], [32.954490661621094, -74.22916412353516, 154.47232055664062], [-0.04771063104271889, 0.8072485327720642, -0.47105833888053894]], "brockpiece1": [[0.23912866413593292, -0.267303466796875, -2.981377124786377], [-10.804423332214355, 51.92991638183594, 72.51591491699219], [-0.060903601348400116, 0.894946277141571, 0.4562895596027374]], "brockpiece2": [[0.394985556602478, -0.6336463093757629, -3.3690295219421387], [-14.397266387939453, 63.784358978271484, -19.46338653564453], [-0.1568758189678192, 0.8655882477760315, -0.5483085513114929]], "brockpiece3": [[0.23634430766105652, -0.2582494020462036, -3.0613362789154053], [15.057032585144043, 26.55759048461914, 110.82330322265625], [-0.22012151777744293, 0.9278489947319031, 0.3253736197948456]], "brockpiece4": [[0.2502988278865814, 0.06491172313690186, -2.8517849445343018], [-18.703445434570312, 15.899550437927246, -67.56938171386719], [-0.4135969281196594, 0.9918517470359802, 0.46200042963027954]], "brockpiece5": [[-0.09343749284744263, 0.12630432844161987, -2.569133758544922], [-12.827051162719727, 8.40384578704834, 0.3164665997028351], [-0.436776340007782, 0.9646992683410645, -0.3259457051753998]], "brockpiece6": [[0.3594478368759155, -0.7608212232589722, -3.654578447341919], [25.704784393310547, 25.205867767333984, 56.45459747314453], [-0.01387631893157959, 0.9064578413963318, -0.06759907305240631]], "brockpiece7": [[1.0218465328216553, -1.100489854812622, -4.21872615814209], [-154.11337280273438, 6.54610538482666, -112.0551986694336], [-0.016788214445114136, 1.2991664409637451, -0.5754176378250122]], "brockpiece8": [[1.4840306043624878, -0.9734321236610413, -5.355417251586914], [-131.97903442382812, -7.231837749481201, -100.80757904052734], [-0.10184786468744278, 1.4046438932418823, 0.10018877685070038]], "brockpiece9": [[-1.1247962713241577, -0.6963815689086914, -1.8783386945724487], [-12.15471076965332, -7.793176651000977, 86.46112823486328], [0.009604007937014103, 0.8276886940002441, 0.4656519293785095]], "brockpiece10": [[0.0763363465666771, -0.2885406017303467, -1.3751840591430664], [13.78909969329834, 7.387654781341553, 160.97511291503906], [0.026453230530023575, 0.7262305021286011, -0.09866398572921753]], "brockpiece11": [[0.08632645010948181, -0.5890089273452759, -2.0250651836395264], [-15.92806625366211, 23.1602840423584, 167.94784545898438], [0.023447148501873016, 0.6883174180984497, -0.6239317655563354]], "brockpiece12": [[0.008281975984573364, -0.17163074016571045, -1.4064947366714478], [-6.9980974197387695, -8.483537673950195, 6.115671157836914], [0.057196881622076035, 0.6268966794013977, -0.06759794801473618]], "brockpiece13": [[-0.006081879138946533, -0.14442317187786102, -0.9501304626464844], [-19.1846923828125, -6.461744785308838, 19.913311004638672], [0.10751569271087646, 0.33034080266952515, -0.6997447609901428]], "brockpiece14": [[-0.06435101479291916, -0.06747889518737793, -1.0116593837738037], [-4.271378993988037, -10.064445495605469, 2.4159867763519287], [0.1765923947095871, 0.3738964796066284, -0.06937721371650696]], "brockpiece15": [[0.0012638568878173828, -0.00013338029384613037, -0.07314160466194153], [-0.001254840288311243, -0.1776193082332611, -0.005418076179921627], [0.32439151406288147, 0.17386914789676666, 0.1606941819190979]], "brockpiece16": [[-0.11331845819950104, -0.002238243818283081, -0.3624856770038605], [-0.1955910474061966, -16.07965087890625, 0.03064381517469883], [0.2422737032175064, 0.13469432294368744, -0.2985038757324219]], "brockpiece17": [[-0.026562390848994255, 0.13886576890945435, -1.054624319076538], [-13.308740615844727, -3.081085205078125, 30.85356330871582], [0.05579742044210434, 0.8304786086082458, -0.06759888678789139]], "brockpiece18": [[0.04377394914627075, 0.10207688808441162, -1.053231954574585], [-4.270896911621094, -4.742830276489258, -0.0003803781291935593], [0.7751116156578064, 1.1647822856903076, 0.4550911784172058]], "brockpiece19": [[0.5804403424263, -0.7384347915649414, -3.1380043029785156], [-169.7185516357422, -13.073466300964355, -84.20257568359375], [0.04745550453662872, 0.8352649807929993, -0.8555060029029846]], "brockpiece20": [[0.1081249937415123, -0.18473637104034424, -2.336205244064331], [30.3234920501709, -10.892119407653809, -116.21112060546875], [0.0324799083173275, 0.8903895616531372, 0.1047213077545166]], "brockpiece21": [[0.06381012499332428, 0.08737170696258545, -1.1424098014831543], [-1.4012686014175415, 10.285850524902344, 158.3349609375], [0.15945503115653992, 1.6952928304672241, 0.277337908744812]], "brockpiece22": [[-0.16151162981987, -1.6376760005950928, -6.429338455200195], [145.9766082763672, 8.70187759399414, -43.133209228515625], [0.5310609936714172, 1.9953807592391968, -0.3219248354434967]], "brockpiece23": [[0.15477970242500305, -0.4372243285179138, -2.742358446121216], [9.079435348510742, -30.100059509277344, -73.86822509765625], [-0.0681355819106102, 0.8056530356407166, -0.06759854406118393]], "brockpiece24": [[0.037945181131362915, 0.06334912776947021, -2.7157766819000244], [-19.5427188873291, -3.6199631690979004, -39.60152053833008], [-0.3838520646095276, 0.746596097946167, 0.4647919237613678]], "brockpiece25": [[-0.29192566871643066, 0.2999165654182434, -2.514296293258667], [-9.150588989257812, -4.164889335632324, 0.23161619901657104], [-1.032001256942749, 0.5244100093841553, 0.6970614790916443]], "brockpiece26": [[-0.33751803636550903, -0.2939856946468353, -1.6577306985855103], [-29.311885833740234, 38.427772521972656, -170.17701721191406], [-0.012171115726232529, 0.7901149392127991, 0.14576949179172516]], "brockpiece27": [[-0.27355682849884033, -0.6685730218887329, -2.905470132827759], [-2.5645787715911865, -6.291110992431641, -109.40538024902344], [-0.029545554891228676, 0.7074200510978699, -0.5648927092552185]], "brockpiece28": [[-0.9768195152282715, -0.7512465715408325, -1.9197536706924438], [-34.41988754272461, 60.373443603515625, -75.97257232666016], [-0.05280172452330589, 0.875779390335083, 0.7411666512489319]], "brockpiece29": [[0.07264983654022217, -0.23583224415779114, -2.6780970096588135], [-17.0718936920166, 1.4911718368530273, -0.6809760332107544], [-0.1528574824333191, 0.604702889919281, -0.03537474945187569]], "brockpiece30": [[0.02017456293106079, -0.2665673494338989, -2.588006019592285], [-11.904354095458984, -5.000411510467529, -20.458656311035156], [-0.212638720870018, 0.5194345116615295, -0.6746488809585571]], "brockpiece31": [[-0.022637993097305298, -0.020210355520248413, -2.5951390266418457], [-11.904346466064453, -5.000420570373535, -20.45871353149414], [-0.3032321333885193, 0.4032418727874756, 0.2416532039642334]], "brockpiece32": [[0.07644076645374298, -0.14504718780517578, -2.382086753845215], [22.5712890625, 33.66865539550781, 121.82608032226562], [-0.014846060425043106, 0.7332823276519775, -0.067598357796669]], "brockpiece33": [[-0.16560184955596924, -0.00023794174194335938, -1.365154504776001], [0.0008876235806383193, -2.8606889247894287, 0.015168264508247375], [-0.07364655286073685, 0.3388040363788605, 0.1644446849822998]], "brockpiece34": [[-0.04164553061127663, 0.010478675365447998, -1.2569644451141357], [-1.4631909132003784, -8.176297187805176, -0.06116821989417076], [-0.040006935596466064, 0.3192813992500305, -0.5479322671890259]], "brockpiece35": [[0.028312038630247116, -0.13245761394500732, -1.5208581686019897], [-17.314464569091797, -1.6270567178726196, 10.776341438293457], [0.03971529006958008, 0.7414476275444031, -0.4923132658004761]], "brockpiece36": [[-0.016980793327093124, -0.1169469952583313, -1.3619588613510132], [-18.91827964782715, -32.22216033935547, -127.19493865966797], [0.04695548489689827, 0.8178877234458923, 0.2522242069244385]], "brockpiece37": [[-1.1206082105636597, -0.8648085594177246, -2.3146066665649414], [178.84413146972656, 17.160724639892578, -24.724754333496094], [0.018796933814883232, 0.8953180909156799, 0.6815259456634521]],