{"brockpiece0": [[-0.14210930466651917, -0.6573413610458374, -3.1761608123779297], [-26.3135929107666, -77.8898696899414, -144.48504638671875], [-0.04771063104271889, 0.8072485327720642, -0.47105833888053894]], "brockpiece1": [[0.23721764981746674, -0.2684057354927063, -2.9855220317840576], [-8.44076156616211, 51.90266036987305, 76.21009063720703], [-0.060903601348400116, 0.894946277141571, 0.4562895596027374]], "brockpiece2": [[0.38792359828948975, -0.675510585308075, -3.4234795570373535], [-43.11091995239258, 54.93979263305664, -54.49197006225586], [-0.1568758189678192, 0.8655882477760315, -0.5483085513114929]], "brockpiece3": [[0.2548099756240845, -0.27219122648239136, -3.0619192123413086], [9.65294361114502, 28.692180633544922, 102.18810272216797], [-0.22012151777744293, 0.9278489947319031, 0.3253736197948456]], "brockpiece4": [[0.2519657611846924, 0.0609818696975708, -2.847884178161621], [-18.891902923583984, 15.76687240600586, -67.89643859863281], [-0.4135969281196594, 0.9918517470359802, 0.46200042963027954]], "brockpiece5": [[-0.09279143810272217, 0.12224632501602173, -2.5624868869781494], [-12.431696891784668, 8.469368934631348, 0.4079197943210602], [-0.436776340007782, 0.9646992683410645, -0.3259457051753998]], "brockpiece6": [[0.3481183350086212, -0.7839534878730774, -3.690404176712036], [24.23541259765625, 34.411197662353516, 47.44758987426758], [-0.01387631893157959, 0.9064578413963318, -0.06759907305240631]], "brockpiece7": [[1.0277084112167358, -1.0965741872787476, -4.187114238739014], [-157.97926330566406, 10.80140209197998, -114.3389663696289], [-0.016788214445114136, 1.2991664409637451, -0.5754176378250122]], "brockpiece8": [[1.546418309211731, -0.9975976943969727, -5.342347621917725], [-131.83456420898438, -1.5038726329803467, -109.00348663330078], [-0.10184786468744278, 1.4046438932418823, 0.10018877685070038]], "brockpiece9": [[-1.1315747499465942, -0.697090208530426, -1.8771569728851318], [-10.134147644042969, -7.926571369171143, 84.95849609375], [0.009604007937014103, 0.8276886940002441, 0.4656519293785095]], "brockpiece10": [[0.07157633453607559, -0.2801462709903717, -1.3710063695907593], [15.471334457397461, 7.483598232269287, 164.09274291992188], [0.026453230530023575, 0.7262305021286011, -0.09866398572921753]], "brockpiece11": [[0.07095450907945633, -0.559797465801239, -2.012624740600586], [-19.000749588012695, 23.62579345703125, 176.6857147216797], [0.023447148501873016, 0.6883174180984497, -0.6239317655563354]], "brockpiece12": [[0.006362691521644592, -0.1697438359260559, -1.4055029153823853], [-6.438069820404053, -8.663527488708496, 5.485631465911865], [0.057196881622076035, 0.6268966794013977, -0.06759794801473618]], "brockpiece13": [[-0.013823531568050385, -0.14269353449344635, -0.9512503147125244], [-17.729372024536133, -7.285741329193115, 14.621702194213867], [0.10751569271087646, 0.33034080266952515, -0.6997447609901428]], "brockpiece14": [[-0.06979614496231079, -0.06786918640136719, -1.0124341249465942], [-3.1802802085876465, -9.933493614196777, 0.35106486082077026], [0.1765923947095871, 0.3738964796066284, -0.06937721371650696]], "brockpiece15": [[0.0012615025043487549, -9.159743785858154e-05, -0.07310434430837631], [-0.007945368066430092, -0.18380963802337646, 0.014196624979376793], [0.32439151406288147, 0.17386914789676666, 0.1606941819190979]], "brockpiece16": [[-0.12245717644691467, -0.002743735909461975, -0.3581794798374176], [-0.10974886268377304, -15.802950859069824, 0.009952075779438019], [0.2422737032175064, 0.13469432294368744, -0.2985038757324219]], "brockpiece17": [[-0.017803482711315155, 0.13120156526565552, -1.0426528453826904], [-12.662275314331055, -3.3606321811676025, 27.721498489379883], [0.05579742044210434, 0.8304786086082458, -0.06759888678789139]], "brockpiece18": [[0.04315626621246338, 0.08036911487579346, -1.031882405281067], [-3.3380722999572754, -4.7007269859313965, -0.0011770444689318538], [0.7751116156578064, 1.1647822856903076, 0.4550911784172058]], "brockpiece19": [[0.5903157591819763, -0.7363561987876892, -3.1461005210876465], [-169.27635192871094, -12.975820541381836, -88.68653106689453], [0.04745550453662872, 0.8352649807929993, -0.8555060029029846]], "brockpiece20": [[0.10698849707841873, -0.19288140535354614, -2.328031063079834], [26.1123046875, -16.94315528869629, -102.43508911132812], [0.0324799083173275, 0.8903895616531372, 0.1047213077545166]], "brockpiece21": [[0.062311649322509766, 0.06912863254547119, -1.1122288703918457], [-0.5397974848747253, 9.90298843383789, 158.2609405517578], [0.15945503115653992, 1.6952928304672241, 0.277337908744812]], "brockpiece22": [[-0.23428961634635925, -1.6383655071258545, -6.499102592468262], [145.33616638183594, 7.793955326080322, -47.04721450805664], [0.5310609936714172, 1.9953807592391968, -0.3219248354434967]], "brockpiece23": [[0.15522944927215576, -0.43255099654197693, -2.7460012435913086], [13.150038719177246, -29.07986068725586, -80.5022201538086], [-0.0681355819106102, 0.8056530356407166, -0.06759854406118393]], "brockpiece24": [[0.03750485181808472, 0.0571555495262146, -2.7123160362243652], [-20.5233211517334, -5.178539276123047, -40.22801208496094], [-0.3838520646095276, 0.746596097946167, 0.4647919237613678]], "brockpiece25": [[-0.2933896780014038, 0.2906084656715393, -2.502121686935425], [-7.807664394378662, -4.253235340118408, 0.3943203091621399], [-1.032001256942749, 0.5244100093841553, 0.6970614790916443]], "brockpiece26": [[-0.34697771072387695, -0.3111068606376648, -1.6611188650131226], [-2.5220940113067627, 51.41635513305664, -122.92617797851562], [-0.012171115726232529, 0.7901149392127991, 0.14576949179172516]], "brockpiece27": [[-0.2637738585472107, -0.6617856621742249, -2.9055910110473633], [1.0573433637619019, -7.97647762298584, -122.54524993896484], [-0.029545554891228676, 0.7074200510978699, -0.5648927092552185]], "brockpiece28": [[-1.0010764598846436, -0.7360614538192749, -1.8853154182434082], [25.55727767944336, 70.5334701538086, 0.8011448383331299], [-0.05280172452330589, 0.875779390335083, 0.7411666512489319]], "brockpiece29": [[0.07513274997472763, -0.23782870173454285, -2.6747360229492188], [-16.87940216064453, 0.8513028621673584, -1.2039097547531128], [-0.1528574824333191, 0.604702889919281, -0.03537474945187569]], "brockpiece30": [[0.03558853268623352, -0.2773370146751404, -2.5831456184387207], [-12.288216590881348, -5.686321258544922, -18.391738891601562], [-0.212638720870018, 0.5194345116615295, -0.6746488809585571]], "brockpiece31": [[-0.020153284072875977, -0.02661195397377014, -2.592906951904297], [-12.288186073303223, -5.686337471008301, -18.391847610473633], [-0.3032321333885193, 0.4032418727874756, 0.2416532039642334]], "brockpiece32": [[0.07727952301502228, -0.14475643634796143, -2.380157232284546], [22.34319496154785, 33.809146881103516, 121.7394790649414], [-0.014846060425043106, 0.7332823276519775, -0.067598357796669]], "brockpiece33": [[-0.16688667237758636, 6.666779518127441e-05, -1.3637758493423462], [-0.01309330016374588, -2.8876452445983887, 0.13274994492530823], [-0.07364655286073685, 0.3388040363788605, 0.1644446849822998]], "brockpiece34": [[-0.04285207763314247, 0.010015398263931274, -1.2563490867614746], [-1.4191310405731201, -8.198234558105469, -0.01785343699157238], [-0.040006935596466064, 0.3192813992500305, -0.5479322671890259]], "brockpiece35": [[0.022699978202581406, -0.13040530681610107, -1.5181342363357544], [-16.663677215576172, -1.0260359048843384, 16.495615005493164], [0.03971529006958008, 0.7414476275444031, -0.4923132658004761]], "brockpiece36": [[-0.01808636263012886, -0.1168067455291748, -1.3559491634368896], [-18.86345672607422, -31.94718360900879, -127.6351089477539], [0.04695548489689827, 0.8178877234458923, 0.2522242069244385]], "brockpiece37": [[-1.1243562698364258, -0.8656924366950989, -2.313634157180786], [-176.25962829589844, 19.897714614868164, -15.52981185913086], [0.018796933814883232, 0.8953180909156799, 0.6815259456634521]],