{"brockpiece0": [[-0.1228625699877739, -0.6573188900947571, -3.177328586578369], [-61.41558074951172, -72.19570922851562, -109.09418487548828], [-0.04771063104271889, 0.8072485327720642, -0.47105833888053894]], "brockpiece1": [[0.23161464929580688, -0.25816643238067627, -2.9914603233337402], [-2.2026424407958984, 50.477203369140625, 82.71868133544922], [-0.060903601348400116, 0.894946277141571, 0.4562895596027374]], "brockpiece2": [[0.39708709716796875, -0.6926794052124023, -3.474499464035034], [-55.5277099609375, 42.85577392578125, -74.7390365600586], [-0.1568758189678192, 0.8655882477760315, -0.5483085513114929]], "brockpiece3": [[0.2715325951576233, -0.2866811156272888, -3.0629866123199463], [4.771068096160889, 31.02406120300293, 93.67539978027344], [-0.22012151777744293, 0.9278489947319031, 0.3253736197948456]], "brockpiece4": [[0.25548338890075684, 0.055907249450683594, -2.8433408737182617], [-19.303451538085938, 15.367403030395508, -69.37474060058594], [-0.4135969281196594, 0.9918517470359802, 0.46200042963027954]], "brockpiece5": [[-0.0918239951133728, 0.1191522479057312, -2.557321548461914], [-12.139798164367676, 8.572675704956055, 0.4707316756248474], [-0.436776340007782, 0.9646992683410645, -0.3259457051753998]], "brockpiece6": [[0.373751163482666, -0.7916498780250549, -3.7233035564422607], [24.11570930480957, 38.38139343261719, 43.30650329589844], [-0.01387631893157959, 0.9064578413963318, -0.06759907305240631]], "brockpiece7": [[1.0106394290924072, -1.0840730667114258, -4.172996997833252], [-160.24252319335938, 12.017439842224121, -114.9196548461914], [-0.016788214445114136, 1.2991664409637451, -0.5754176378250122]], "brockpiece8": [[1.5889253616333008, -1.007521152496338, -5.321767807006836], [-133.30296325683594, 5.01409912109375, -115.0839614868164], [-0.10184786468744278, 1.4046438932418823, 0.10018877685070038]], "brockpiece9": [[-1.1346241235733032, -0.6972915530204773, -1.87628972530365], [-9.168305397033691, -7.992077827453613, 84.27481842041016], [0.009604007937014103, 0.8276886940002441, 0.4656519293785095]], "brockpiece10": [[0.07006809860467911, -0.27035391330718994, -1.3680436611175537], [18.52568817138672, 7.567023277282715, 166.8387908935547], [0.026453230530023575, 0.7262305021286011, -0.09866398572921753]], "brockpiece11": [[0.06392091512680054, -0.5552554726600647, -2.0143096446990967], [-16.402164459228516, 25.15983772277832, -175.0852508544922], [0.023447148501873016, 0.6883174180984497, -0.6239317655563354]], "brockpiece12": [[0.003134731203317642, -0.16445258259773254, -1.4038805961608887], [-6.2632856369018555, -8.282766342163086, 6.863001823425293], [0.057196881622076035, 0.6268966794013977, -0.06759794801473618]], "brockpiece13": [[-0.019613929092884064, -0.13543717563152313, -0.9510312080383301], [-18.356563568115234, -8.281214714050293, 11.733415603637695], [0.10751569271087646, 0.33034080266952515, -0.6997447609901428]], "brockpiece14": [[-0.07348531484603882, -0.06620132923126221, -1.0090837478637695], [-1.9791882038116455, -10.02343463897705, -1.7247933149337769], [0.1765923947095871, 0.3738964796066284, -0.06937721371650696]], "brockpiece15": [[-0.007167696952819824, 0.006210118532180786, -0.06929603219032288], [0.4295393228530884, 0.41829851269721985, 0.14104053378105164], [0.32439151406288147, 0.17386914789676666, 0.1606941819190979]], "brockpiece16": [[-0.12568549811840057, -0.0018181204795837402, -0.35610857605934143], [0.054949723184108734, -14.992859840393066, -0.05816168338060379], [0.2422737032175064, 0.13469432294368744, -0.2985038757324219]], "brockpiece17": [[-0.005063716322183609, 0.13062328100204468, -1.0348763465881348], [-13.2732572555542, -2.9242522716522217, 24.628995895385742], [0.05579742044210434, 0.8304786086082458, -0.06759888678789139]], "brockpiece18": [[0.04476219415664673, 0.06406950950622559, -1.0112042427062988], [-2.4908690452575684, -4.6388773918151855, -0.0701967403292656], [0.7751116156578064, 1.1647822856903076, 0.4550911784172058]], "brockpiece19": [[0.5922195315361023, -0.7499309182167053, -3.148902416229248], [-160.16262817382812, -1.5998173952102661, -100.15111541748047], [0.04745550453662872, 0.8352649807929993, -0.8555060029029846]], "brockpiece20": [[0.10605183988809586, -0.204412043094635, -2.32136607170105], [20.077564239501953, -21.617740631103516, -87.38423156738281], [0.0324799083173275, 0.8903895616531372, 0.1047213077545166]], "brockpiece21": [[0.06364805996417999, 0.05657660961151123, -1.0832271575927734], [-2.491960048675537, -4.638594150543213, -0.07006993889808655], [0.15945503115653992, 1.6952928304672241, 0.277337908744812]], "brockpiece22": [[-0.23494026064872742, -1.6509631872177124, -6.526149749755859], [143.85755920410156, 6.044402122497559, -47.57453918457031], [0.5310609936714172, 1.9953807592391968, -0.3219248354434967]], "brockpiece23": [[0.1578623354434967, -0.42859697341918945, -2.7561206817626953], [14.627881050109863, -28.11073112487793, -82.07012939453125], [-0.0681355819106102, 0.8056530356407166, -0.06759854406118393]], "brockpiece24": [[0.03800392150878906, 0.051271021366119385, -2.7090256214141846], [-20.882099151611328, -5.310756683349609, -40.11984634399414], [-0.3838520646095276, 0.746596097946167, 0.4647919237613678]], "brockpiece25": [[-0.2919626235961914, 0.27929234504699707, -2.4933786392211914], [-6.88227653503418, -4.189967155456543, 0.2331242859363556], [-1.032001256942749, 0.5244100093841553, 0.6970614790916443]], "brockpiece26": [[-0.3534698188304901, -0.3228616714477539, -1.661243200302124], [38.83806228637695, 48.30450439453125, -66.23114013671875], [-0.012171115726232529, 0.7901149392127991, 0.14576949179172516]], "brockpiece27": [[-0.2537296414375305, -0.6565356850624084, -2.907435655593872], [3.516758918762207, -9.18723201751709, -135.5282440185547], [-0.029545554891228676, 0.7074200510978699, -0.5648927092552185]], "brockpiece28": [[-1.0320007801055908, -0.7301051616668701, -1.8440353870391846], [64.46785736083984, 51.27472686767578, 56.279327392578125], [-0.05280172452330589, 0.875779390335083, 0.7411666512489319]], "brockpiece29": [[0.08104457706212997, -0.24899163842201233, -2.6704373359680176], [-17.298009872436523, -0.19317610561847687, -1.8555995225906372], [-0.1528574824333191, 0.604702889919281, -0.03537474945187569]], "brockpiece30": [[0.053220003843307495, -0.3002500534057617, -2.576414108276367], [-13.03646469116211, -6.571676731109619, -16.72947120666504], [-0.212638720870018, 0.5194345116615295, -0.6746488809585571]], "brockpiece31": [[-0.016174882650375366, -0.038338541984558105, -2.590219020843506], [-13.036439895629883, -6.571696758270264, -16.729591369628906], [-0.3032321333885193, 0.4032418727874756, 0.2416532039642334]], "brockpiece32": [[0.07697543501853943, -0.145774245262146, -2.38338041305542], [23.54264259338379, 33.10176467895508, 123.76361846923828], [-0.014846060425043106, 0.7332823276519775, -0.067598357796669]], "brockpiece33": [[-0.16913150250911713, 0.0009303689002990723, -1.3626316785812378], [-0.02506347931921482, -2.953953266143799, 0.4336187243461609], [-0.07364655286073685, 0.3388040363788605, 0.1644446849822998]], "brockpiece34": [[-0.04414554312825203, 0.010178804397583008, -1.2556102275848389], [-1.4252862930297852, -8.355097770690918, -0.053496867418289185], [-0.040006935596466064, 0.3192813992500305, -0.5479322671890259]], "brockpiece35": [[0.02231070026755333, -0.12578105926513672, -1.5218459367752075], [-16.367523193359375, 0.22941820323467255, 22.07731056213379], [0.03971529006958008, 0.7414476275444031, -0.4923132658004761]], "brockpiece36": [[-0.02332642674446106, -0.1176595687866211, -1.3538168668746948], [-17.860231399536133, -31.933822631835938, -129.33041381835938], [0.04695548489689827, 0.8178877234458923, 0.2522242069244385]], "brockpiece37": [[-1.125309944152832, -0.8656157851219177, -2.3137829303741455], [-172.3170166015625, 22.293941497802734, -8.129302024841309], [0.018796933814883232, 0.8953180909156799, 0.6815259456634521]],