{"brockpiece0": [[-1.2930482625961304e-05, 7.569789886474609e-06, 6.398558616638184e-05], [0.00016851363761816174, 0.00012657199113164097, 0.00012123589840484783], [-0.04771063104271889, 0.8072485327720642, -0.47105833888053894]], "brockpiece1": [[-9.074807167053223e-06, 8.940696716308594e-06, 6.395578384399414e-05], [0.00017160856805276126, 0.00011333849397487938, 3.244341132813133e-05], [-0.060903601348400116, 0.894946277141571, 0.4562895596027374]], "brockpiece2": [[-1.3276934623718262e-05, 7.331371307373047e-06, 6.431341171264648e-05], [0.0001680867571849376, 0.00012443754530977458, 0.00011440570960985497], [-0.1568758189678192, 0.8655882477760315, -0.5483085513114929]], "brockpiece3": [[-9.641051292419434e-06, 8.58306884765625e-06, 6.458163261413574e-05], [0.00016883379430510104, 0.00012587830133270472, 0.00011440570960985497], [-0.22012151777744293, 0.9278489947319031, 0.3253736197948456]], "brockpiece4": [[-9.08970832824707e-06, 8.58306884765625e-06, 6.642937660217285e-05], [0.000122943427413702, 0.00014439452206715941, 0.00011269815877312794], [-0.4135969281196594, 0.9918517470359802, 0.46200042963027954]], "brockpiece5": [[-1.2427568435668945e-05, 7.569789886474609e-06, 6.541609764099121e-05], [0.00016990101721603423, 0.00012977364531252533, 0.00010245288285659626], [-0.436776340007782, 0.9646992683410645, -0.3259457051753998]], "brockpiece6": [[-1.1283904314041138e-05, 8.344650268554688e-06, 6.382167339324951e-05], [0.0001645782613195479, 0.00014732936688233167, 0.00010757550626294687], [-0.01387631893157959, 0.9064578413963318, -0.06759907305240631]], "brockpiece7": [[-1.3690441846847534e-05, 7.510185241699219e-06, 6.371736526489258e-05], [0.00016760651487857103, 0.00012208966654725373, 0.00011568638001335785], [-0.016788214445114136, 1.2991664409637451, -0.5754176378250122]], "brockpiece8": [[-1.090019941329956e-05, 7.748603820800781e-06, 6.332993507385254e-05], [0.00018153365817852318, 0.00010629485768731683, 0.00029199066921137273], [-0.10184786468744278, 1.4046438932418823, 0.10018877685070038]], "brockpiece9": [[-8.977018296718597e-06, 9.238719940185547e-06, 6.389617919921875e-05], [0.00017654444673098624, 0.00010229278996121138, -6.830190613982268e-06], [0.009604007937014103, 0.8276886940002441, 0.4656519293785095]], "brockpiece10": [[7.799454033374786e-05, -0.00014579296112060547, 5.3554773330688477e-05], [-0.0002661640173755586, 0.0057463254779577255, 0.03772144392132759], [0.026453230530023575, 0.7262305021286011, -0.09866398572921753]], "brockpiece11": [[-1.3513490557670593e-05, 7.271766662597656e-06, 6.371736526489258e-05], [0.00015938893193379045, 0.00012326361320447177, 0.00011355194874340668], [0.023447148501873016, 0.6883174180984497, -0.6239317655563354]], "brockpiece12": [[-1.1119991540908813e-05, 7.987022399902344e-06, 6.408244371414185e-05], [0.00016765986219979823, 0.00012795937072951347, 0.00012806610902771354], [0.057196881622076035, 0.6268966794013977, -0.06759794801473618]], "brockpiece13": [[-1.3597309589385986e-05, 7.241964340209961e-06, 6.407499313354492e-05], [0.00016936739848461002, 0.00012379721738398075, 0.00011355191963957623], [0.10751569271087646, 0.33034080266952515, -0.6997447609901428]], "brockpiece14": [[-1.0967254638671875e-05, 8.404254913330078e-06, 6.392598152160645e-05], [0.00014684243069496006, 0.00012203631195006892, 0.00010672174539649859], [0.1765923947095871, 0.3738964796066284, -0.06937721371650696]], "brockpiece15": [[0.00011458992958068848, -0.0001866370439529419, 2.4527311325073242e-05], [-0.0006368086906149983, -0.006162220146507025, -0.014290469698607922], [0.32439151406288147, 0.17386914789676666, 0.1606941819190979]], "brockpiece16": [[-1.5124678611755371e-05, -1.1146068572998047e-05, 3.948807716369629e-05], [0.0016465028747916222, 0.00042774074245244265, 0.003333133412525058], [0.2422737032175064, 0.13469432294368744, -0.2985038757324219]], "brockpiece17": [[-1.1257827281951904e-05, 8.52346420288086e-06, 6.37248158454895e-05], [0.00013340217992663383, 0.00013959204079583287, 0.00042688698158599436], [0.05579742044210434, 0.8304786086082458, -0.06759888678789139]], "brockpiece18": [[-9.179115295410156e-06, 9.5367431640625e-06, 6.008148193359375e-05], [-2.2198122678673826e-05, 7.683965668547899e-05, 0.0002885756839532405], [0.7751116156578064, 1.1647822856903076, 0.4550911784172058]], "brockpiece19": [[-1.4580786228179932e-05, 7.092952728271484e-06, 6.35385513305664e-05], [0.00018313451437279582, 6.958257290534675e-05, 0.0004849435936193913], [0.04745550453662872, 0.8352649807929993, -0.8555060029029846]], "brockpiece20": [[-1.0542571544647217e-05, 8.463859558105469e-06, 6.376951932907104e-05], [0.00019007139781024307, 2.0063687770743854e-05, -0.0006095945718698204], [0.0324799083173275, 0.8903895616531372, 0.1047213077545166]], "brockpiece21": [[-1.029670238494873e-05, 9.059906005859375e-06, 6.175041198730469e-05], [9.978482921724208e-06, 0.00031077372841537, 0.0002612548414617777], [0.15945503115653992, 1.6952928304672241, 0.277337908744812]], "brockpiece22": [[-1.3172626495361328e-05, 8.58306884765625e-06, 6.002187728881836e-05], [0.00016733970551285893, 0.0001178208040073514, 0.0001075755208148621], [0.5310609936714172, 1.9953807592391968, -0.3219248354434967]], "brockpiece23": [[-1.1213123798370361e-05, 8.106231689453125e-06, 6.421655416488647e-05], [0.0001681934663793072, 0.00012273000902496278, -5.634907938656397e-05], [-0.0681355819106102, 0.8056530356407166, -0.06759854406118393]], "brockpiece24": [[-8.910894393920898e-06, 8.881092071533203e-06, 6.639957427978516e-05], [0.0001647783792577684, 0.00012465099280234426, 0.00011269815877312794], [-0.3838520646095276, 0.746596097946167, 0.4647919237613678]], "brockpiece25": [[-8.225440979003906e-06, 8.761882781982422e-06, 6.920099258422852e-05], [0.0001605094876140356, 0.00012123589840484783, 0.00012038212298648432], [-1.032001256942749, 0.5244100093841553, 0.6970614790916443]], "brockpiece26": [[-1.031532883644104e-05, 8.52346420288086e-06, 6.400048732757568e-05], [0.00015889534552115947, 0.00012989369861315936, 0.00010757552809081972], [-0.012171115726232529, 0.7901149392127991, 0.14576949179172516]], "brockpiece27": [[-1.3267621397972107e-05, 7.331371307373047e-06, 6.395578384399414e-05], [0.000169687598827295, 0.00012657199113164097, 0.00012977364531252533], [-0.029545554891228676, 0.7074200510978699, -0.5648927092552185]], "brockpiece28": [[-7.852911949157715e-06, 9.5367431640625e-06, 6.431341171264648e-05], [0.00019892930868081748, 0.00011611325317062438, 0.0001366038341075182], [-0.05280172452330589, 0.875779390335083, 0.7411666512489319]], "brockpiece29": [[-1.0922551155090332e-05, 7.987022399902344e-06, 6.501004099845886e-05], [0.0001661657588556409, 0.00013532316370401531, 0.0001980755478143692], [-0.1528574824333191, 0.604702889919281, -0.03537474945187569]], "brockpiece30": [[-1.3634562492370605e-05, 7.152557373046875e-06, 6.538629531860352e-05], [0.00017118170217145234, 0.00012294344196561724, 9.81840057647787e-05], [-0.212638720870018, 0.5194345116615295, -0.6746488809585571]], "brockpiece31": [[-9.745359420776367e-06, 8.64267349243164e-06, 6.648898124694824e-05], [0.00017939925601240247, 0.00012593166320584714, -1.7075478808692424e-06], [-0.3032321333885193, 0.4032418727874756, 0.2416532039642334]], "brockpiece32": [[-1.119077205657959e-05, 7.987022399902344e-06, 6.407499313354492e-05], [0.00015163158241193742, 0.00020117047824896872, 0.0003327583835925907], [-0.014846060425043106, 0.7332823276519775, -0.067598357796669]], "brockpiece33": [[-9.94652509689331e-06, 8.64267349243164e-06, 6.508827209472656e-05], [0.0001652986102271825, 0.00010821584874065593, 5.634907211060636e-05], [-0.07364655286073685, 0.3388040363788605, 0.1644446849822998]], "brockpiece34": [[-1.2952834367752075e-05, 7.4803829193115234e-06, 6.502866744995117e-05], [0.00017223555187229067, 0.00012208966654725373, 0.00011419226211728528], [-0.040006935596466064, 0.3192813992500305, -0.5479322671890259]],