{"brockpiece0": [[-0.1510860025882721, -0.657383382320404, -3.1764731407165527], [5.432589054107666, -77.91715240478516, -176.92242431640625], [-0.04771063104271889, 0.8072485327720642, -0.47105833888053894]], "brockpiece1": [[0.23858383297920227, -0.27146124839782715, -2.9844601154327393], [-10.607240676879883, 52.2425422668457, 73.26802062988281], [-0.060903601348400116, 0.894946277141571, 0.4562895596027374]], "brockpiece2": [[0.392858624458313, -0.6540186405181885, -3.3978803157806396], [-31.105318069458008, 60.32737350463867, -39.16303634643555], [-0.1568758189678192, 0.8655882477760315, -0.5483085513114929]], "brockpiece3": [[0.24438011646270752, -0.2670920491218567, -3.0628161430358887], [12.380590438842773, 27.660554885864258, 106.39102172851562], [-0.22012151777744293, 0.9278489947319031, 0.3253736197948456]], "brockpiece4": [[0.25066259503364563, 0.0631411075592041, -2.8496038913726807], [-18.758140563964844, 15.866582870483398, -67.57308959960938], [-0.4135969281196594, 0.9918517470359802, 0.46200042963027954]], "brockpiece5": [[-0.09312725067138672, 0.12429660558700562, -2.5659260749816895], [-12.631189346313477, 8.44044303894043, 0.3819638192653656], [-0.436776340007782, 0.9646992683410645, -0.3259457051753998]], "brockpiece6": [[0.35097530484199524, -0.7711172103881836, -3.6713857650756836], [25.770885467529297, 29.568458557128906, 52.33100509643555], [-0.01387631893157959, 0.9064578413963318, -0.06759907305240631]], "brockpiece7": [[1.0325630903244019, -1.1106648445129395, -4.198024272918701], [-156.484619140625, 9.394514083862305, -113.66877746582031], [-0.016788214445114136, 1.2991664409637451, -0.5754176378250122]], "brockpiece8": [[1.5151821374893188, -0.9775965213775635, -5.348901748657227], [-131.83526611328125, -4.364250183105469, -104.90959167480469], [-0.10184786468744278, 1.4046438932418823, 0.10018877685070038]], "brockpiece9": [[-1.1282923221588135, -0.6969060301780701, -1.878563642501831], [-11.016569137573242, -7.771467685699463, 85.58831024169922], [0.009604007937014103, 0.8276886940002441, 0.4656519293785095]], "brockpiece10": [[0.07581426948308945, -0.2867749035358429, -1.37313711643219], [14.37393856048584, 7.166243076324463, 161.75692749023438], [0.026453230530023575, 0.7262305021286011, -0.09866398572921753]], "brockpiece11": [[0.07924184203147888, -0.5742108821868896, -2.0171170234680176], [-18.013879776000977, 23.068038940429688, 172.3999481201172], [0.023447148501873016, 0.6883174180984497, -0.6239317655563354]], "brockpiece12": [[0.0079055055975914, -0.17110812664031982, -1.4050583839416504], [-6.794050216674805, -8.645360946655273, 5.691979885101318], [0.057196881622076035, 0.6268966794013977, -0.06759794801473618]], "brockpiece13": [[-0.008832022547721863, -0.14402489364147186, -0.9490176439285278], [-18.368385314941406, -7.10354471206665, 17.484600067138672], [0.10751569271087646, 0.33034080266952515, -0.6997447609901428]], "brockpiece14": [[-0.06676682829856873, -0.06796669960021973, -1.0106823444366455], [-3.795297861099243, -10.082987785339355, 1.5710666179656982], [0.1765923947095871, 0.3738964796066284, -0.06937721371650696]], "brockpiece15": [[0.0012603998184204102, -0.00010769069194793701, -0.07311300188302994], [0.002471794141456485, -0.17618004977703094, -0.015400447882711887], [0.32439151406288147, 0.17386914789676666, 0.1606941819190979]], "brockpiece16": [[-0.1173606589436531, -0.0017967373132705688, -0.36070385575294495], [-0.17362676560878754, -16.096406936645508, -0.05489480495452881], [0.2422737032175064, 0.13469432294368744, -0.2985038757324219]], "brockpiece17": [[-0.021837182343006134, 0.13516652584075928, -1.0485849380493164], [-12.82291316986084, -3.329317569732666, 29.34339141845703], [0.05579742044210434, 0.8304786086082458, -0.06759888678789139]], "brockpiece18": [[0.043680667877197266, 0.09116244316101074, -1.042149543762207], [-3.8027474880218506, -4.709073543548584, 0.0002621397434268147], [0.7751116156578064, 1.1647822856903076, 0.4550911784172058]], "brockpiece19": [[0.5862473845481873, -0.7344340085983276, -3.1425414085388184], [-170.0196533203125, -14.494105339050293, -86.35038757324219], [0.04745550453662872, 0.8352649807929993, -0.8555060029029846]], "brockpiece20": [[0.10684787482023239, -0.18818050622940063, -2.332366466522217], [28.4368953704834, -14.006111145019531, -109.41674041748047], [0.0324799083173275, 0.8903895616531372, 0.1047213077545166]], "brockpiece21": [[0.06320492923259735, 0.07820188999176025, -1.1267683506011963], [-0.9729795455932617, 10.082012176513672, 158.2991485595703], [0.15945503115653992, 1.6952928304672241, 0.277337908744812]], "brockpiece22": [[-0.2018805742263794, -1.6328691244125366, -6.466531753540039], [145.69992065429688, 8.294198989868164, -45.27118682861328], [0.5310609936714172, 1.9953807592391968, -0.3219248354434967]], "brockpiece23": [[0.15403012931346893, -0.4349614083766937, -2.744296073913574], [11.305797576904297, -29.57175064086914, -77.69949340820312], [-0.0681355819106102, 0.8056530356407166, -0.06759854406118393]], "brockpiece24": [[0.03782173991203308, 0.06007790565490723, -2.7136754989624023], [-20.05647850036621, -4.492891311645508, -39.97780990600586], [-0.3838520646095276, 0.746596097946167, 0.4647919237613678]], "brockpiece25": [[-0.29306304454803467, 0.295809268951416, -2.5081191062927246], [-8.459457397460938, -4.210254669189453, 0.3918302059173584], [-1.032001256942749, 0.5244100093841553, 0.6970614790916443]], "brockpiece26": [[-0.34289804100990295, -0.30548790097236633, -1.6573550701141357], [-18.863269805908203, 46.277618408203125, -148.8848419189453], [-0.012171115726232529, 0.7901149392127991, 0.14576949179172516]], "brockpiece27": [[-0.2677077651023865, -0.6650696396827698, -2.904787540435791], [-0.7470120191574097, -7.309850215911865, -115.44200134277344], [-0.029545554891228676, 0.7074200510978699, -0.5648927092552185]], "brockpiece28": [[-0.9874255657196045, -0.7421132922172546, -1.9035069942474365], [-11.896672248840332, 69.2659912109375, -45.04793167114258], [-0.05280172452330589, 0.875779390335083, 0.7411666512489319]], "brockpiece29": [[0.07343774288892746, -0.23602008819580078, -2.6764111518859863], [-16.90888214111328, 1.2069379091262817, -0.9768688082695007], [-0.1528574824333191, 0.604702889919281, -0.03537474945187569]], "brockpiece30": [[0.02746213972568512, -0.2703041434288025, -2.585805892944336], [-12.038296699523926, -5.303638935089111, -19.394407272338867], [-0.212638720870018, 0.5194345116615295, -0.6746488809585571]], "brockpiece31": [[-0.02155125141143799, -0.022826164960861206, -2.5940327644348145], [-12.038267135620117, -5.303658485412598, -19.39451026916504], [-0.3032321333885193, 0.4032418727874756, 0.2416532039642334]], "brockpiece32": [[0.07617715001106262, -0.145377516746521, -2.381176710128784], [22.398136138916016, 33.70600128173828, 121.59368896484375], [-0.014846060425043106, 0.7332823276519775, -0.067598357796669]], "brockpiece33": [[-0.16599416732788086, -0.0002383887767791748, -1.3643927574157715], [-0.003692439291626215, -2.877713918685913, 0.035028841346502304], [-0.07364655286073685, 0.3388040363788605, 0.1644446849822998]], "brockpiece34": [[-0.041915033012628555, 0.010075271129608154, -1.256159782409668], [-1.4355525970458984, -8.127355575561523, 0.006838255096226931], [-0.040006935596466064, 0.3192813992500305, -0.5479322671890259]], "brockpiece35": [[0.02555251494050026, -0.13267213106155396, -1.5186744928359985], [-16.55840301513672, -1.230332374572754, 13.866973876953125], [0.03971529006958008, 0.7414476275444031, -0.4923132658004761]], "brockpiece36": [[-0.016692746430635452, -0.11589252948760986, -1.3577303886413574], [-17.27749252319336, -33.411678314208984, -128.75918579101562], [0.04695548489689827, 0.8178877234458923, 0.2522242069244385]], "brockpiece37": [[-1.1225019693374634, -0.8656691312789917, -2.3141818046569824], [-178.49542236328125, 18.566020965576172, -19.921667098999023], [0.018796933814883232, 0.8953180909156799, 0.6815259456634521]],