{"brockpiece0": [[-0.15642312169075012, -0.7230205535888672, -3.243673801422119], [-94.05999755859375, -74.33819580078125, -83.75213623046875], [-0.04771063104271889, 0.8072485327720642, -0.47105833888053894]], "brockpiece1": [[0.17493121325969696, -0.2544766068458557, -3.0492007732391357], [2.1513240337371826, 48.150787353515625, 96.1852035522461], [-0.060903601348400116, 0.894946277141571, 0.4562895596027374]], "brockpiece2": [[0.4106500744819641, -0.6564673185348511, -3.5236384868621826], [-10.803967475891113, -38.4372444152832, -179.2836151123047], [-0.1568758189678192, 0.8655882477760315, -0.5483085513114929]], "brockpiece3": [[0.24120983481407166, -0.3805539011955261, -3.093435764312744], [-25.916147232055664, 9.566713333129883, 24.576644897460938], [-0.22012151777744293, 0.9278489947319031, 0.3253736197948456]], "brockpiece4": [[0.232328400015831, 0.018973350524902344, -2.788052558898926], [-13.847887992858887, 16.70689582824707, -53.62669372558594], [-0.4135969281196594, 0.9918517470359802, 0.46200042963027954]], "brockpiece5": [[-0.08417600393295288, 0.08723229169845581, -2.5097546577453613], [-9.109724044799805, 9.079625129699707, 0.9000120759010315], [-0.436776340007782, 0.9646992683410645, -0.3259457051753998]], "brockpiece6": [[0.365944504737854, -0.7085045576095581, -3.70646071434021], [11.221803665161133, -44.04497528076172, 173.18038940429688], [-0.01387631893157959, 0.9064578413963318, -0.06759907305240631]], "brockpiece7": [[0.9399785399436951, -1.150376558303833, -4.200461387634277], [-158.9432830810547, -0.7238069772720337, -101.01204681396484], [-0.016788214445114136, 1.2991664409637451, -0.5754176378250122]], "brockpiece8": [[1.5808337926864624, -1.031610131263733, -5.17388391494751], [-148.3633270263672, 27.587228775024414, -117.20429992675781], [-0.10184786468744278, 1.4046438932418823, 0.10018877685070038]], "brockpiece9": [[-1.149394154548645, -0.6995164752006531, -1.8777450323104858], [-9.335179328918457, -5.504466533660889, 90.11903381347656], [0.009604007937014103, 0.8276886940002441, 0.4656519293785095]], "brockpiece10": [[0.06528832018375397, -0.2662610411643982, -1.3473237752914429], [13.487113952636719, 5.178849220275879, 173.0030517578125], [0.026453230530023575, 0.7262305021286011, -0.09866398572921753]], "brockpiece11": [[0.018109289929270744, -0.5940558910369873, -2.0775322914123535], [24.022037506103516, 0.1412869244813919, -109.79322052001953], [0.023447148501873016, 0.6883174180984497, -0.6239317655563354]], "brockpiece12": [[9.08970832824707e-06, -0.15463247895240784, -1.392827033996582], [-5.541036128997803, -7.911724090576172, 7.989991188049316], [0.057196881622076035, 0.6268966794013977, -0.06759794801473618]], "brockpiece13": [[-0.030103474855422974, -0.13600368797779083, -0.946685791015625], [-15.66745662689209, -10.87518310546875, 2.372042417526245], [0.10751569271087646, 0.33034080266952515, -0.6997447609901428]], "brockpiece14": [[-0.08100704103708267, -0.06113147735595703, -0.9887219071388245], [-0.171198770403862, -9.653231620788574, -6.871013641357422], [0.1765923947095871, 0.3738964796066284, -0.06937721371650696]], "brockpiece15": [[-0.02166813611984253, -0.0002412647008895874, -0.07113870233297348], [-0.03115258365869522, 1.6029950380325317, 0.08819011598825455], [0.32439151406288147, 0.17386914789676666, 0.1606941819190979]], "brockpiece16": [[-0.1444808542728424, -0.002126350998878479, -0.3350786864757538], [-0.046328626573085785, -13.5993013381958, 0.1485324651002884], [0.2422737032175064, 0.13469432294368744, -0.2985038757324219]], "brockpiece17": [[0.06590190529823303, 0.07972121238708496, -0.9330143332481384], [-5.197427272796631, -2.2417304515838623, 14.385344505310059], [0.05579742044210434, 0.8304786086082458, -0.06759888678789139]], "brockpiece18": [[0.051736533641815186, 0.01619267463684082, -0.9155060052871704], [0.3869924545288086, -3.9985592365264893, -0.2331584095954895], [0.7751116156578064, 1.1647822856903076, 0.4550911784172058]], "brockpiece19": [[0.6073942184448242, -0.7602589130401611, -3.16087007522583], [-132.39019775390625, 7.907005310058594, -95.74507904052734], [0.04745550453662872, 0.8352649807929993, -0.8555060029029846]], "brockpiece20": [[0.11020895093679428, -0.17835521697998047, -2.291569232940674], [-7.652534484863281, -16.252819061279297, -36.77708435058594], [0.0324799083173275, 0.8903895616531372, 0.1047213077545166]], "brockpiece21": [[0.06754894554615021, 0.01982557773590088, -0.9544309973716736], [2.685251474380493, 7.868833065032959, 157.81292724609375], [0.15945503115653992, 1.6952928304672241, 0.277337908744812]], "brockpiece22": [[-0.2552340030670166, -1.711503028869629, -6.581886291503906], [140.5972900390625, 1.6532279253005981, -46.59455490112305], [0.5310609936714172, 1.9953807592391968, -0.3219248354434967]], "brockpiece23": [[0.1462671011686325, -0.44170960783958435, -2.7897109985351562], [-22.47286605834961, -4.582776069641113, 2.454315662384033], [-0.0681355819106102, 0.8056530356407166, -0.06759854406118393]], "brockpiece24": [[0.043075233697891235, -0.01526641845703125, -2.6767098903656006], [-17.921308517456055, -3.146791934967041, -41.13011169433594], [-0.3838520646095276, 0.746596097946167, 0.4647919237613678]], "brockpiece25": [[-0.28316831588745117, 0.18712979555130005, -2.46506929397583], [-4.668421745300293, -2.7616634368896484, -0.8021922707557678], [-1.032001256942749, 0.5244100093841553, 0.6970614790916443]], "brockpiece26": [[-0.6082491278648376, -0.5963383316993713, -1.6142241954803467], [-90.97494506835938, -39.43342208862305, -131.89117431640625], [-0.012171115726232529, 0.7901149392127991, 0.14576949179172516]], "brockpiece27": [[-0.2717657685279846, -0.6602539420127869, -2.918175458908081], [3.5883021354675293, -7.001813888549805, -121.53963470458984], [-0.029545554891228676, 0.7074200510978699, -0.5648927092552185]], "brockpiece28": [[-1.1714165210723877, -0.8394002914428711, -1.7240889072418213], [-12.352707862854004, -9.332453727722168, -135.36965942382812], [-0.05280172452330589, 0.875779390335083, 0.7411666512489319]], "brockpiece29": [[0.05968394875526428, -0.28460007905960083, -2.6685190200805664], [-12.600915908813477, -3.188272714614868, -10.919493675231934], [-0.1528574824333191, 0.604702889919281, -0.03537474945187569]], "brockpiece30": [[0.0399148166179657, -0.305220365524292, -2.577260971069336], [-13.150165557861328, -5.987615585327148, -12.19660472869873], [-0.212638720870018, 0.5194345116615295, -0.6746488809585571]], "brockpiece31": [[-0.031089365482330322, -0.0565761923789978, -2.589308738708496], [-13.150147438049316, -5.9876389503479, -12.19670581817627], [-0.3032321333885193, 0.4032418727874756, 0.2416532039642334]], "brockpiece32": [[0.03659357130527496, -0.1381162405014038, -2.4003944396972656], [38.12671661376953, 18.706806182861328, 159.60549926757812], [-0.014846060425043106, 0.7332823276519775, -0.067598357796669]], "brockpiece33": [[-0.16737453639507294, 0.0001958608627319336, -1.3565317392349243], [-0.014722044579684734, -3.6905596256256104, 0.2702712118625641], [-0.07364655286073685, 0.3388040363788605, 0.1644446849822998]], "brockpiece34": [[-0.047991517931222916, 0.008800506591796875, -1.2547898292541504], [-1.2535333633422852, -7.537326335906982, 0.013920465484261513], [-0.040006935596466064, 0.3192813992500305, -0.5479322671890259]], "brockpiece35": [[-0.01695646159350872, -0.07939279079437256, -1.5050121545791626], [-19.08119773864746, 4.250978946685791, 43.44068145751953], [0.03971529006958008, 0.7414476275444031, -0.4923132658004761]], "brockpiece36": [[-0.03678217530250549, -0.12592828273773193, -1.3001047372817993], [-12.08747673034668, -21.031105041503906, -140.20213317871094], [0.04695548489689827, 0.8178877234458923, 0.2522242069244385]], "brockpiece37": [[-1.125684142112732, -0.8645467758178711, -2.314965009689331], [-160.60023498535156, 29.67180633544922, 10.164321899414062], [0.018796933814883232, 0.8953180909156799, 0.6815259456634521]],