{"brockpiece0": [[-0.1137436106801033, -0.6663036346435547, -3.1892080307006836], [-81.48340606689453, -64.78244018554688, -92.36354064941406], [-0.04771063104271889, 0.8072485327720642, -0.47105833888053894]], "brockpiece1": [[0.20659922063350677, -0.25501930713653564, -3.015678882598877], [-0.06302086263895035, 50.36082077026367, 87.58748626708984], [-0.060903601348400116, 0.894946277141571, 0.4562895596027374]], "brockpiece2": [[0.40204137563705444, -0.7198042869567871, -3.5130813121795654], [-61.54570007324219, 11.246175765991211, -95.05620574951172], [-0.1568758189678192, 0.8655882477760315, -0.5483085513114929]], "brockpiece3": [[0.2636927366256714, -0.3115190863609314, -3.0734593868255615], [-13.308436393737793, 28.719125747680664, 65.03010559082031], [-0.22012151777744293, 0.9278489947319031, 0.3253736197948456]], "brockpiece4": [[0.2574097216129303, 0.04037761688232422, -2.822831869125366], [-18.3471622467041, 15.20580768585205, -66.73856353759766], [-0.4135969281196594, 0.9918517470359802, 0.46200042963027954]], "brockpiece5": [[-0.09012377262115479, 0.11005479097366333, -2.5432283878326416], [-11.23991584777832, 8.75855541229248, 0.5859838724136353], [-0.436776340007782, 0.9646992683410645, -0.3259457051753998]], "brockpiece6": [[0.37543702125549316, -0.8022834658622742, -3.744063377380371], [18.15616798400879, 45.155845642089844, 30.840627670288086], [-0.01387631893157959, 0.9064578413963318, -0.06759907305240631]], "brockpiece7": [[0.9756123423576355, -1.1235296726226807, -4.17808198928833], [-161.32273864746094, 7.625096797943115, -111.20143127441406], [-0.016788214445114136, 1.2991664409637451, -0.5754176378250122]], "brockpiece8": [[1.628328800201416, -1.0436296463012695, -5.252593040466309], [-139.5174102783203, 17.718231201171875, -122.43505096435547], [-0.10184786468744278, 1.4046438932418823, 0.10018877685070038]], "brockpiece9": [[-1.1393333673477173, -0.698211133480072, -1.8763781785964966], [-8.837291717529297, -7.403965950012207, 85.12102508544922], [0.009604007937014103, 0.8276886940002441, 0.4656519293785095]], "brockpiece10": [[0.06602098792791367, -0.2609257996082306, -1.3613262176513672], [14.0258207321167, 5.339564323425293, 174.43453979492188], [0.026453230530023575, 0.7262305021286011, -0.09866398572921753]], "brockpiece11": [[0.05599973350763321, -0.6080600023269653, -2.0369532108306885], [0.814090371131897, 23.92837142944336, -156.3961639404297], [0.023447148501873016, 0.6883174180984497, -0.6239317655563354]], "brockpiece12": [[0.004108738154172897, -0.15716540813446045, -1.4026356935501099], [-6.236701011657715, -7.734287738800049, 8.276849746704102], [0.057196881622076035, 0.6268966794013977, -0.06759794801473618]], "brockpiece13": [[-0.029370993375778198, -0.13266316056251526, -0.9506657123565674], [-16.78443145751953, -11.198603630065918, 2.0673770904541016], [0.10751569271087646, 0.33034080266952515, -0.6997447609901428]], "brockpiece14": [[-0.07477457076311111, -0.062263041734695435, -1.0041062831878662], [-0.6892269253730774, -9.498957633972168, -6.581578731536865], [0.1765923947095871, 0.3738964796066284, -0.06937721371650696]], "brockpiece15": [[-0.024437636137008667, -0.0005679726600646973, -0.07168860733509064], [-0.2949933409690857, 1.5485074520111084, 1.0565624237060547], [0.32439151406288147, 0.17386914789676666, 0.1606941819190979]], "brockpiece16": [[-0.13426890969276428, -0.0005602836608886719, -0.3537433445453644], [-0.04795311763882637, -14.323909759521484, 0.2323978841304779], [0.2422737032175064, 0.13469432294368744, -0.2985038757324219]], "brockpiece17": [[0.023097671568393707, 0.10745537281036377, -1.0047506093978882], [-10.25127124786377, -3.106043815612793, 22.41451644897461], [0.05579742044210434, 0.8304786086082458, -0.06759888678789139]], "brockpiece18": [[0.05146437883377075, 0.04164457321166992, -0.970717191696167], [-1.0513254404067993, -4.447142601013184, -0.2824723422527313], [0.7751116156578064, 1.1647822856903076, 0.4550911784172058]], "brockpiece19": [[0.6133235692977905, -0.7419722676277161, -3.137629508972168], [-143.48892211914062, 21.593137741088867, -88.67988586425781], [0.04745550453662872, 0.8352649807929993, -0.8555060029029846]], "brockpiece20": [[0.10097558051347733, -0.2088145613670349, -2.2988686561584473], [5.504339694976807, -20.82598304748535, -60.90034484863281], [0.0324799083173275, 0.8903895616531372, 0.1047213077545166]], "brockpiece21": [[0.07045996189117432, 0.04124164581298828, -1.0275964736938477], [-1.0514789819717407, -4.446939945220947, -0.2820929288864136], [0.15945503115653992, 1.6952928304672241, 0.277337908744812]], "brockpiece22": [[-0.24985122680664062, -1.705879807472229, -6.5696120262146], [140.86758422851562, 2.1338677406311035, -46.39169692993164], [0.5310609936714172, 1.9953807592391968, -0.3219248354434967]], "brockpiece23": [[0.11439123749732971, -0.44745951890945435, -2.758885622024536], [-4.891560077667236, -27.204652786254883, -53.583953857421875], [-0.0681355819106102, 0.8056530356407166, -0.06759854406118393]], "brockpiece24": [[0.039106398820877075, 0.032300472259521484, -2.6997592449188232], [-20.086959838867188, -4.628237724304199, -40.22346878051758], [-0.3838520646095276, 0.746596097946167, 0.4647919237613678]], "brockpiece25": [[-0.28884434700012207, 0.24753504991531372, -2.4891600608825684], [-6.784335136413574, -3.713233709335327, -0.25239139795303345], [-1.032001256942749, 0.5244100093841553, 0.6970614790916443]], "brockpiece26": [[-0.3889226019382477, -0.36184030771255493, -1.6513118743896484], [79.50463104248047, -0.00993280578404665, -5.169644832611084], [-0.012171115726232529, 0.7901149392127991, 0.14576949179172516]], "brockpiece27": [[-0.25321075320243835, -0.6544891595840454, -2.9092142581939697], [5.16225004196167, -8.660391807556152, -140.25161743164062], [-0.029545554891228676, 0.7074200510978699, -0.5648927092552185]], "brockpiece28": [[-1.0990033149719238, -0.7646589875221252, -1.7748221158981323], [61.89993667602539, 0.4847632348537445, 100.54489135742188], [-0.05280172452330589, 0.875779390335083, 0.7411666512489319]], "brockpiece29": [[0.07582618296146393, -0.2603646218776703, -2.668518543243408], [-16.043628692626953, -1.375085473060608, -3.826319456100464], [-0.1528574824333191, 0.604702889919281, -0.03537474945187569]], "brockpiece30": [[0.05132770538330078, -0.3035901188850403, -2.5744309425354004], [-13.255122184753418, -6.393205165863037, -14.424920082092285], [-0.212638720870018, 0.5194345116615295, -0.6746488809585571]], "brockpiece31": [[-0.020161062479019165, -0.04554462432861328, -2.5879948139190674], [-13.255107879638672, -6.393221855163574, -14.425009727478027], [-0.3032321333885193, 0.4032418727874756, 0.2416532039642334]], "brockpiece32": [[0.06414681673049927, -0.14252310991287231, -2.391085624694824], [29.08571434020996, 29.68347930908203, 134.4251251220703], [-0.014846060425043106, 0.7332823276519775, -0.067598357796669]], "brockpiece33": [[-0.1659717708826065, 0.00028073787689208984, -1.3593554496765137], [-0.011454666964709759, -3.2566752433776855, 0.20131629705429077], [-0.07364655286073685, 0.3388040363788605, 0.1644446849822998]], "brockpiece34": [[-0.04549303278326988, 0.009800195693969727, -1.2549290657043457], [-1.398941159248352, -7.77186918258667, 0.019105158746242523], [-0.040006935596466064, 0.3192813992500305, -0.5479322671890259]], "brockpiece35": [[0.00945490226149559, -0.10202300548553467, -1.5270613431930542], [-17.572410583496094, 4.472742557525635, 36.37900161743164], [0.03971529006958008, 0.7414476275444031, -0.4923132658004761]], "brockpiece36": [[-0.03261122480034828, -0.11324477195739746, -1.3364709615707397], [-14.137480735778809, -25.15227508544922, -130.34605407714844], [0.04695548489689827, 0.8178877234458923, 0.2522242069244385]], "brockpiece37": [[-1.1255502700805664, -0.8652144074440002, -2.3141086101531982], [-166.505126953125, 26.134300231933594, 1.5499022006988525], [0.018796933814883232, 0.8953180909156799, 0.6815259456634521]],