{"brockpiece0": [[-0.1420152485370636, -0.673865795135498, -3.218386650085449], [-88.5322494506836, -69.99275970458984, -88.95475006103516], [-0.04771063104271889, 0.8072485327720642, -0.47105833888053894]], "brockpiece1": [[0.18926137685775757, -0.24994361400604248, -3.045555591583252], [1.4813283681869507, 50.47928237915039, 91.58836364746094], [-0.060903601348400116, 0.894946277141571, 0.4562895596027374]], "brockpiece2": [[0.3973538279533386, -0.6493100523948669, -3.5210530757904053], [-33.253177642822266, -34.13190460205078, -142.3653564453125], [-0.1568758189678192, 0.8655882477760315, -0.5483085513114929]], "brockpiece3": [[0.25250449776649475, -0.36649954319000244, -3.094627618789673], [-23.907114028930664, 14.419281959533691, 33.46358108520508], [-0.22012151777744293, 0.9278489947319031, 0.3253736197948456]], "brockpiece4": [[0.24045677483081818, 0.025030136108398438, -2.7986643314361572], [-15.201210975646973, 16.248729705810547, -57.83997344970703], [-0.4135969281196594, 0.9918517470359802, 0.46200042963027954]], "brockpiece5": [[-0.08583700656890869, 0.09350579977035522, -2.519054651260376], [-9.689360618591309, 8.98193073272705, 0.8435237407684326], [-0.436776340007782, 0.9646992683410645, -0.3259457051753998]], "brockpiece6": [[0.4012152850627899, -0.7196916341781616, -3.7657363414764404], [49.194671630859375, -12.39880657196045, 105.64802551269531], [-0.01387631893157959, 0.9064578413963318, -0.06759907305240631]], "brockpiece7": [[0.944924533367157, -1.1461431980133057, -4.19924259185791], [-159.61810302734375, -2.095949649810791, -100.00839233398438], [-0.016788214445114136, 1.2991664409637451, -0.5754176378250122]], "brockpiece8": [[1.5867537260055542, -1.043731927871704, -5.17622184753418], [-147.18972778320312, 26.695659637451172, -119.2493896484375], [-0.10184786468744278, 1.4046438932418823, 0.10018877685070038]], "brockpiece9": [[-1.1472877264022827, -0.699311375617981, -1.8774629831314087], [-9.129768371582031, -5.913549900054932, 88.86722564697266], [0.009604007937014103, 0.8276886940002441, 0.4656519293785095]], "brockpiece10": [[0.06828553229570389, -0.26836445927619934, -1.346836805343628], [13.098956108093262, 5.139954566955566, 172.84317016601562], [0.026453230530023575, 0.7262305021286011, -0.09866398572921753]], "brockpiece11": [[0.031408414244651794, -0.593488872051239, -2.073744297027588], [23.921627044677734, 3.7899935245513916, -121.9889144897461], [0.023447148501873016, 0.6883174180984497, -0.6239317655563354]], "brockpiece12": [[0.0029010437428951263, -0.15607163310050964, -1.393817663192749], [-5.489472389221191, -8.169405937194824, 7.135035991668701], [0.057196881622076035, 0.6268966794013977, -0.06759794801473618]], "brockpiece13": [[-0.027752593159675598, -0.14072251319885254, -0.943878173828125], [-14.391636848449707, -11.58906364440918, 1.203986406326294], [0.10751569271087646, 0.33034080266952515, -0.6997447609901428]], "brockpiece14": [[-0.07889308780431747, -0.061775773763656616, -0.9898863434791565], [-0.5922189950942993, -9.734017372131348, -6.3600664138793945], [0.1765923947095871, 0.3738964796066284, -0.06937721371650696]], "brockpiece15": [[-0.022527724504470825, -0.00015906989574432373, -0.07133731245994568], [-0.07042066752910614, 1.6114250421524048, 0.2523532509803772], [0.32439151406288147, 0.17386914789676666, 0.1606941819190979]], "brockpiece16": [[-0.139713853597641, -0.0013585984706878662, -0.3395145833492279], [0.02742416225373745, -14.15382194519043, -0.10720136761665344], [0.2422737032175064, 0.13469432294368744, -0.2985038757324219]], "brockpiece17": [[0.06493749469518661, 0.08349579572677612, -0.9428879618644714], [-6.188197612762451, -2.2001354694366455, 15.9256591796875], [0.05579742044210434, 0.8304786086082458, -0.06759888678789139]], "brockpiece18": [[0.05415087938308716, 0.021903395652770996, -0.9189134836196899], [0.3740229308605194, -4.051726341247559, -0.3398508131504059], [0.7751116156578064, 1.1647822856903076, 0.4550911784172058]], "brockpiece19": [[0.6098263263702393, -0.7583993077278137, -3.1623873710632324], [-136.51210021972656, 2.8151698112487793, -94.60650634765625], [0.04745550453662872, 0.8352649807929993, -0.8555060029029846]], "brockpiece20": [[0.11411773413419724, -0.18611854314804077, -2.2980246543884277], [-5.9812750816345215, -18.437850952148438, -42.25764846801758], [0.0324799083173275, 0.8903895616531372, 0.1047213077545166]], "brockpiece21": [[0.07116897404193878, 0.02661263942718506, -0.9585140347480774], [0.37394896149635315, -4.051499366760254, -0.33984139561653137], [0.15945503115653992, 1.6952928304672241, 0.277337908744812]], "brockpiece22": [[-0.2541169822216034, -1.7102258205413818, -6.583660125732422], [140.35601806640625, 1.3968408107757568, -46.92984390258789], [0.5310609936714172, 1.9953807592391968, -0.3219248354434967]], "brockpiece23": [[0.13815876841545105, -0.4395790994167328, -2.7896673679351807], [-19.300931930541992, -10.610713005065918, -10.662413597106934], [-0.0681355819106102, 0.8056530356407166, -0.06759854406118393]], "brockpiece24": [[0.042402952909469604, -0.0017133355140686035, -2.6831753253936768], [-18.610868453979492, -3.469818115234375, -40.70188903808594], [-0.3838520646095276, 0.746596097946167, 0.4647919237613678]], "brockpiece25": [[-0.283017635345459, 0.2038213014602661, -2.470738410949707], [-4.9908576011657715, -2.9285037517547607, -0.7373932600021362], [-1.032001256942749, 0.5244100093841553, 0.6970614790916443]], "brockpiece26": [[-0.5558999180793762, -0.49697694182395935, -1.6082018613815308], [-97.42498779296875, -74.79157257080078, -140.0990447998047], [-0.012171115726232529, 0.7901149392127991, 0.14576949179172516]], "brockpiece27": [[-0.26487186551094055, -0.6569717526435852, -2.9163637161254883], [3.9968299865722656, -8.220394134521484, -126.65971374511719], [-0.029545554891228676, 0.7074200510978699, -0.5648927092552185]], "brockpiece28": [[-1.1564515829086304, -0.8378395438194275, -1.736367106437683], [0.7780453562736511, -24.693288803100586, -162.32339477539062], [-0.05280172452330589, 0.875779390335083, 0.7411666512489319]], "brockpiece29": [[0.0652022510766983, -0.2766282558441162, -2.6694037914276123], [-13.324134826660156, -2.718290090560913, -8.422821044921875], [-0.1528574824333191, 0.604702889919281, -0.03537474945187569]], "brockpiece30": [[0.04148758947849274, -0.304764986038208, -2.575932025909424], [-13.21916389465332, -6.007256031036377, -12.765835762023926], [-0.212638720870018, 0.5194345116615295, -0.6746488809585571]], "brockpiece31": [[-0.028238803148269653, -0.05337721109390259, -2.5881595611572266], [-13.219141960144043, -6.007274150848389, -12.76593017578125], [-0.3032321333885193, 0.4032418727874756, 0.2416532039642334]], "brockpiece32": [[0.03634083643555641, -0.1370663046836853, -2.399519920349121], [38.14235305786133, 18.694671630859375, 159.35691833496094], [-0.014846060425043106, 0.7332823276519775, -0.067598357796669]], "brockpiece33": [[-0.16550496220588684, 8.130073547363281e-05, -1.3567910194396973], [-0.006867778487503529, -3.572761058807373, 0.1412818878889084], [-0.07364655286073685, 0.3388040363788605, 0.1644446849822998]], "brockpiece34": [[-0.04618467763066292, 0.008540213108062744, -1.2544045448303223], [-1.1948341131210327, -7.426441669464111, -0.049182698130607605], [-0.040006935596466064, 0.3192813992500305, -0.5479322671890259]], "brockpiece35": [[-0.011980755254626274, -0.06738144159317017, -1.5092602968215942], [-20.757484436035156, 5.029776096343994, 37.714874267578125], [0.03971529006958008, 0.7414476275444031, -0.4923132658004761]], "brockpiece36": [[-0.03264725208282471, -0.12269103527069092, -1.303696632385254], [-12.445028305053711, -21.084182739257812, -137.07015991210938], [0.04695548489689827, 0.8178877234458923, 0.2522242069244385]], "brockpiece37": [[-1.1256197690963745, -0.86472487449646, -2.3147292137145996], [-161.48660278320312, 29.229843139648438, 8.983667373657227], [0.018796933814883232, 0.8953180909156799, 0.6815259456634521]],