{"brockpiece0": [[-0.12984788417816162, -0.6714177131652832, -3.1974644660949707], [-85.63082122802734, -66.02094268798828, -90.88259887695312], [-0.04771063104271889, 0.8072485327720642, -0.47105833888053894]], "brockpiece1": [[0.18928487598896027, -0.250683069229126, -3.039418935775757], [0.5317949056625366, 51.07416534423828, 89.04060363769531], [-0.060903601348400116, 0.894946277141571, 0.4562895596027374]], "brockpiece2": [[0.3962496519088745, -0.6898795962333679, -3.5229976177215576], [-49.44432830810547, -20.999109268188477, -112.96916961669922], [-0.1568758189678192, 0.8655882477760315, -0.5483085513114929]], "brockpiece3": [[0.25805553793907166, -0.34780293703079224, -3.080855369567871], [-22.03693199157715, 19.380796432495117, 42.63738250732422], [-0.22012151777744293, 0.9278489947319031, 0.3253736197948456]], "brockpiece4": [[0.2468269020318985, 0.03348195552825928, -2.810462474822998], [-16.62542152404785, 15.899263381958008, -61.272090911865234], [-0.4135969281196594, 0.9918517470359802, 0.46200042963027954]], "brockpiece5": [[-0.08692598342895508, 0.0994139313697815, -2.52774715423584], [-10.25766372680664, 8.893738746643066, 0.7547740340232849], [-0.436776340007782, 0.9646992683410645, -0.3259457051753998]], "brockpiece6": [[0.3965701162815094, -0.7893044948577881, -3.7759063243865967], [38.87249755859375, 35.777442932128906, 55.95357894897461], [-0.01387631893157959, 0.9064578413963318, -0.06759907305240631]], "brockpiece7": [[0.9514699578285217, -1.1526799201965332, -4.191850662231445], [-160.1280517578125, 0.6851818561553955, -102.45523071289062], [-0.016788214445114136, 1.2991664409637451, -0.5754176378250122]], "brockpiece8": [[1.6080552339553833, -1.0387938022613525, -5.192193508148193], [-145.50393676757812, 25.01799201965332, -121.72209930419922], [-0.10184786468744278, 1.4046438932418823, 0.10018877685070038]], "brockpiece9": [[-1.1449049711227417, -0.6987075805664062, -1.876712441444397], [-8.984208106994629, -6.4658427238464355, 87.59587860107422], [0.009604007937014103, 0.8276886940002441, 0.4656519293785095]], "brockpiece10": [[0.06866475194692612, -0.26908165216445923, -1.348853349685669], [13.422663688659668, 5.111478805541992, 175.4414520263672], [0.026453230530023575, 0.7262305021286011, -0.09866398572921753]], "brockpiece11": [[0.0414859876036644, -0.6110291481018066, -2.0651025772094727], [20.883304595947266, 10.16414737701416, -133.7405242919922], [0.023447148501873016, 0.6883174180984497, -0.6239317655563354]], "brockpiece12": [[0.00227963924407959, -0.15562647581100464, -1.3950450420379639], [-5.598158836364746, -7.983531475067139, 7.343786716461182], [0.057196881622076035, 0.6268966794013977, -0.06759794801473618]], "brockpiece13": [[-0.028645135462284088, -0.13944579660892487, -0.9438209533691406], [-15.070083618164062, -10.623909950256348, 2.615015745162964], [0.10751569271087646, 0.33034080266952515, -0.6997447609901428]], "brockpiece14": [[-0.07802681624889374, -0.06109136343002319, -0.9911183714866638], [-0.650526762008667, -9.634010314941406, -6.1088995933532715], [0.1765923947095871, 0.3738964796066284, -0.06937721371650696]], "brockpiece15": [[-0.025113403797149658, -0.0005686134099960327, -0.0719609260559082], [-0.3211062252521515, 1.5931392908096313, 1.1562724113464355], [0.32439151406288147, 0.17386914789676666, 0.1606941819190979]], "brockpiece16": [[-0.1370498239994049, -0.0003381967544555664, -0.3420076072216034], [-0.016667015850543976, -14.105238914489746, 0.12285695225000381], [0.2422737032175064, 0.13469432294368744, -0.2985038757324219]], "brockpiece17": [[0.05242801457643509, 0.09196406602859497, -0.9564936757087708], [-7.600515842437744, -2.4289023876190186, 18.939434051513672], [0.05579742044210434, 0.8304786086082458, -0.06759888678789139]], "brockpiece18": [[0.058018267154693604, 0.02686309814453125, -0.9298441410064697], [0.18777553737163544, -4.174570083618164, -0.4605332314968109], [0.7751116156578064, 1.1647822856903076, 0.4550911784172058]], "brockpiece19": [[0.6173731088638306, -0.7570109963417053, -3.157136917114258], [-139.19424438476562, 0.8728520274162292, -94.2833023071289], [0.04745550453662872, 0.8352649807929993, -0.8555060029029846]], "brockpiece20": [[0.11710860580205917, -0.18973898887634277, -2.305427074432373], [-5.76898717880249, -20.135040283203125, -46.8459358215332], [0.0324799083173275, 0.8903895616531372, 0.1047213077545166]], "brockpiece21": [[0.07675071060657501, 0.03225672245025635, -0.9724528789520264], [0.18783129751682281, -4.1740522384643555, -0.4599567949771881], [0.15945503115653992, 1.6952928304672241, 0.277337908744812]], "brockpiece22": [[-0.25437527894973755, -1.7100226879119873, -6.583945274353027], [140.31723022460938, 1.3550212383270264, -46.983577728271484], [0.5310609936714172, 1.9953807592391968, -0.3219248354434967]], "brockpiece23": [[0.124837726354599, -0.4355739653110504, -2.77883243560791], [-14.580583572387695, -16.88352394104004, -26.09295654296875], [-0.0681355819106102, 0.8056530356407166, -0.06759854406118393]], "brockpiece24": [[0.04155290126800537, 0.010539591312408447, -2.6900992393493652], [-19.29488754272461, -3.6981191635131836, -40.48667907714844], [-0.3838520646095276, 0.746596097946167, 0.4647919237613678]], "brockpiece25": [[-0.2840803861618042, 0.21835243701934814, -2.478174924850464], [-5.825814723968506, -3.1729323863983154, -0.6648792028427124], [-1.032001256942749, 0.5244100093841553, 0.6970614790916443]], "brockpiece26": [[-0.4962703585624695, -0.4230675995349884, -1.6118974685668945], [91.27027130126953, -69.4637451171875, 17.76314926147461], [-0.012171115726232529, 0.7901149392127991, 0.14576949179172516]], "brockpiece27": [[-0.26015737652778625, -0.6562434434890747, -2.9131853580474854], [4.228058338165283, -8.466715812683105, -131.0927276611328], [-0.029545554891228676, 0.7074200510978699, -0.5648927092552185]], "brockpiece28": [[-1.1396484375, -0.8349078893661499, -1.749953269958496], [23.392724990844727, -29.522836685180664, 162.91200256347656], [-0.05280172452330589, 0.875779390335083, 0.7411666512489319]], "brockpiece29": [[0.06891407072544098, -0.2714475095272064, -2.66827654838562], [-14.508050918579102, -2.289656639099121, -6.662548542022705], [-0.1528574824333191, 0.604702889919281, -0.03537474945187569]], "brockpiece30": [[0.044241175055503845, -0.30416440963745117, -2.5759525299072266], [-13.246657371520996, -6.106684684753418, -13.373099327087402], [-0.212638720870018, 0.5194345116615295, -0.6746488809585571]], "brockpiece31": [[-0.025462806224822998, -0.05029436945915222, -2.5885510444641113], [-13.2466402053833, -6.106705665588379, -13.37319564819336], [-0.3032321333885193, 0.4032418727874756, 0.2416532039642334]], "brockpiece32": [[0.04050625115633011, -0.135273277759552, -2.396932601928711], [37.33454895019531, 20.549564361572266, 153.48638916015625], [-0.014846060425043106, 0.7332823276519775, -0.067598357796669]], "brockpiece33": [[-0.16572989523410797, -0.0003852248191833496, -1.3574461936950684], [0.004226758610457182, -3.465322971343994, 0.10250160098075867], [-0.07364655286073685, 0.3388040363788605, 0.1644446849822998]], "brockpiece34": [[-0.046227212995290756, 0.009145647287368774, -1.254378080368042], [-1.1857157945632935, -7.630480766296387, -0.24691826105117798], [-0.040006935596466064, 0.3192813992500305, -0.5479322671890259]], "brockpiece35": [[-0.003419153392314911, -0.06030619144439697, -1.5135523080825806], [-21.337955474853516, 5.707494735717773, 33.64766311645508], [0.03971529006958008, 0.7414476275444031, -0.4923132658004761]], "brockpiece36": [[-0.02876369282603264, -0.12540489435195923, -1.3048129081726074], [-11.638099670410156, -20.149137496948242, -138.62860107421875], [0.04695548489689827, 0.8178877234458923, 0.2522242069244385]], "brockpiece37": [[-1.1259018182754517, -0.8647779822349548, -2.314298152923584], [-162.74154663085938, 28.53014373779297, 7.317625522613525], [0.018796933814883232, 0.8953180909156799, 0.6815259456634521]],