{"brockpiece0": [[-1.7236918210983276e-05, 2.682209014892578e-06, 9.313225746154785e-05], [1.334021590082557e-06, -5.869695769433747e-07, -2.3905666239443235e-05], [-0.04771063104271889, 0.8072485327720642, -0.47105833888053894]], "brockpiece1": [[-1.5217810869216919e-05, 6.854534149169922e-06, 9.304285049438477e-05], [-5.976416559860809e-06, 1.3873826901544817e-05, 9.562267950968817e-05], [-0.060903601348400116, 0.894946277141571, 0.4562895596027374]], "brockpiece2": [[-1.7270445823669434e-05, 2.4437904357910156e-06, 9.298324584960938e-05], [-9.604957540432224e-07, -1.0672174255432765e-07, 6.830192432971671e-06], [-0.1568758189678192, 0.8655882477760315, -0.5483085513114929]], "brockpiece3": [[-1.5437602996826172e-05, 6.496906280517578e-06, 9.313225746154785e-05], [-2.1344345668694586e-07, -3.735260918347194e-07, -1.707547653495567e-06], [-0.22012151777744293, 0.9278489947319031, 0.3253736197948456]], "brockpiece4": [[-1.519918441772461e-05, 6.973743438720703e-06, 9.429454803466797e-05], [-4.567690484691411e-05, 1.8462860680301674e-05, -5.122643415234052e-06], [-0.4135969281196594, 0.9918517470359802, 0.46200042963027954]], "brockpiece5": [[-1.6927719116210938e-05, 3.635883331298828e-06, 9.334087371826172e-05], [-4.2688691337389173e-07, -6.403304269042565e-07, 5.122643415234052e-06], [-0.436776340007782, 0.9646992683410645, -0.3259457051753998]], "brockpiece6": [[-1.6259029507637024e-05, 4.649162292480469e-06, 9.290128946304321e-05], [-5.249375590210548e-06, 2.5399775040568784e-05, 3.756605292437598e-05], [-0.01387631893157959, 0.9064578413963318, -0.06759907305240631]], "brockpiece7": [[-1.6765668988227844e-05, 2.1457672119140625e-06, 9.113550186157227e-05], [2.1344351353036473e-07, 0.0, -2.5613219349907013e-06], [-0.016788214445114136, 1.2991664409637451, -0.5754176378250122]], "brockpiece8": [[-1.5288591384887695e-05, 5.245208740234375e-06, 9.08970832824707e-05], [1.3446939192363061e-05, -1.7929252862813883e-05, 0.00017331608978565782], [-0.10184786468744278, 1.4046438932418823, 0.10018877685070038]], "brockpiece9": [[-1.527927815914154e-05, 6.735324859619141e-06, 9.319186210632324e-05], [-4.255529802321689e-06, 7.55056316847913e-06, 4.098114732187241e-05], [0.009604007937014103, 0.8276886940002441, 0.4656519293785095]], "brockpiece10": [[5.726329982280731e-05, -0.0001862645149230957, 0.00010520219802856445], [-0.00012486444029491395, -0.000688568688929081, -0.0025596143677830696], [0.026453230530023575, 0.7262305021286011, -0.09866398572921753]], "brockpiece11": [[-1.7719343304634094e-05, 1.9669532775878906e-06, 9.375810623168945e-05], [-1.091230024030665e-05, -2.107754426106112e-06, -2.5613221623643767e-06], [0.023447148501873016, 0.6883174180984497, -0.6239317655563354]], "brockpiece12": [[-1.6655772924423218e-05, 4.291534423828125e-06, 9.413063526153564e-05], [2.1611153897538316e-06, -6.936913450772408e-06, -5.2933992265025154e-05], [0.057196881622076035, 0.6268966794013977, -0.06759794801473618]], "brockpiece13": [[-1.837313175201416e-05, 1.2814998626708984e-06, 9.518861770629883e-05], [-3.201652702955471e-07, 0.0, 2.5613221623643767e-06], [0.10751569271087646, 0.33034080266952515, -0.6997447609901428]], "brockpiece14": [[-1.6942620277404785e-05, 4.112720489501953e-06, 9.493529796600342e-05], [-2.1831267076777294e-05, -2.6680436349124648e-06, 8.537740541214589e-07], [0.1765923947095871, 0.3738964796066284, -0.06937721371650696]], "brockpiece15": [[3.1620264053344727e-05, -0.00019051134586334229, 3.249943256378174e-05], [3.2016524187383766e-07, -4.268869702173106e-07, -8.53774145070929e-06], [0.32439151406288147, 0.17386914789676666, 0.1606941819190979]], "brockpiece16": [[1.9669532775878906e-05, -0.00016988813877105713, 0.0001169741153717041], [-1.280660853808513e-06, 1.280660853808513e-06, 1.3660383046953939e-05], [0.2422737032175064, 0.13469432294368744, -0.2985038757324219]], "brockpiece17": [[-1.6376376152038574e-05, 4.5299530029296875e-06, 9.310245513916016e-05], [-2.8174543331260793e-05, -2.6040104785352014e-05, -2.3905669877422042e-05], [0.05579742044210434, 0.8304786086082458, -0.06759888678789139]], "brockpiece18": [[-1.4662742614746094e-05, 5.7220458984375e-06, 9.006261825561523e-05], [-9.050003427546471e-05, -0.00010586796997813508, 0.00036029264447279274], [0.7751116156578064, 1.1647822856903076, 0.4550911784172058]], "brockpiece19": [[-1.7974525690078735e-05, 7.748603820800781e-07, 9.328126907348633e-05], [1.643514769966714e-05, -5.634907938656397e-05, 0.0003739529347512871], [0.04745550453662872, 0.8352649807929993, -0.8555060029029846]], "brockpiece20": [[-1.5925616025924683e-05, 5.125999450683594e-06, 9.292364120483398e-05], [1.8142694898415357e-05, -9.775711805559695e-05, -0.0006676512421108782], [0.0324799083173275, 0.8903895616531372, 0.1047213077545166]], "brockpiece21": [[-1.4454126358032227e-05, 6.079673767089844e-06, 8.881092071533203e-05], [0.8275750875473022, 4.301498889923096, 158.2292022705078], [0.15945503115653992, 1.6952928304672241, 0.277337908744812]], "brockpiece22": [[-1.5437602996826172e-05, 3.5762786865234375e-06, 8.705258369445801e-05], [-2.561321707617026e-06, -1.0245286830468103e-05, -5.122643415234052e-06], [0.5310609936714172, 1.9953807592391968, -0.3219248354434967]], "brockpiece23": [[-1.640617847442627e-05, 4.351139068603516e-06, 9.34600830078125e-05], [2.134434907929972e-06, -8.110852832032833e-06, -0.00022368876670952886], [-0.0681355819106102, 0.8056530356407166, -0.06759854406118393]], "brockpiece24": [[-1.531839370727539e-05, 7.450580596923828e-06, 9.503960609436035e-05], [-2.561321707617026e-06, 2.134434907929972e-06, 8.537738722225185e-06], [-0.3838520646095276, 0.746596097946167, 0.4647919237613678]], "brockpiece25": [[-1.537799835205078e-05, 9.298324584960938e-06, 9.751319885253906e-05], [-1.7075478808692424e-06, -3.4150957617384847e-06, -8.537739404346212e-07], [-1.032001256942749, 0.5244100093841553, 0.6970614790916443]], "brockpiece26": [[-1.5999190509319305e-05, 5.304813385009766e-06, 9.338557720184326e-05], [-8.697821613168344e-06, 4.53567417935119e-06, 6.830192432971671e-06], [-0.012171115726232529, 0.7901149392127991, 0.14576949179172516]], "brockpiece27": [[-1.755543053150177e-05, 1.9073486328125e-06, 9.369850158691406e-05], [-9.071349040823407e-07, 0.0, 0.0], [-0.029545554891228676, 0.7074200510978699, -0.5648927092552185]], "brockpiece28": [[-1.4666467905044556e-05, 8.404254913330078e-06, 9.316205978393555e-05], [2.3905669877422042e-05, -8.537739631719887e-06, 3.5858505725627765e-05], [-0.05280172452330589, 0.875779390335083, 0.7411666512489319]], "brockpiece29": [[-1.658499240875244e-05, 4.470348358154297e-06, 9.453669190406799e-05], [-5.5495306696684565e-06, 1.4087269846640993e-05, 0.0001178208040073514], [-0.1528574824333191, 0.604702889919281, -0.03537474945187569]], "brockpiece30": [[-1.806020736694336e-05, 1.9073486328125e-06, 9.512901306152344e-05], [1.4941043673388776e-06, -1.7075478808692424e-06, -1.1099061339336913e-05], [-0.212638720870018, 0.5194345116615295, -0.6746488809585571]], "brockpiece31": [[-1.6421079635620117e-05, 6.407499313354492e-06, 9.632110595703125e-05], [1.0992339412041474e-05, 8.537739404346212e-07, -0.00011440570960985497], [-0.3032321333885193, 0.4032418727874756, 0.2416532039642334]], "brockpiece32": [[-1.651700586080551e-05, 4.231929779052734e-06, 9.363144636154175e-05], [-2.1364357962738723e-05, 8.953954238677397e-05, 0.0003319045645184815], [-0.014846060425043106, 0.7332823276519775, -0.067598357796669]], "brockpiece33": [[-1.6577541828155518e-05, 5.602836608886719e-06, 9.573996067047119e-05], [-4.082106897840276e-06, -1.878302646218799e-05, -6.189860869199038e-05], [-0.07364655286073685, 0.3388040363788605, 0.1644446849822998]], "brockpiece34": [[-1.8049031496047974e-05, 2.175569534301758e-06, 9.578466415405273e-05], [-2.7747648800868774e-06, 1.280660853808513e-06, 2.134434851086553e-07], [-0.040006935596466064, 0.3192813992500305, -0.5479322671890259]],