{"brockpiece0": [[-0.12476726621389389, -0.6668420433998108, -3.190190315246582], [-84.44657135009766, -64.25010681152344, -90.62164306640625], [-0.04771063104271889, 0.8072485327720642, -0.47105833888053894]], "brockpiece1": [[0.18787923455238342, -0.24403053522109985, -3.026674270629883], [-2.618844985961914, 50.170753479003906, 86.37619018554688], [-0.060903601348400116, 0.894946277141571, 0.4562895596027374]], "brockpiece2": [[0.39663243293762207, -0.7246156930923462, -3.5250356197357178], [-57.419307708740234, -4.687313079833984, -100.22529602050781], [-0.1568758189678192, 0.8655882477760315, -0.5483085513114929]], "brockpiece3": [[0.2645556330680847, -0.3294038772583008, -3.0733044147491455], [-18.479198455810547, 24.611021041870117, 52.93836212158203], [-0.22012151777744293, 0.9278489947319031, 0.3253736197948456]], "brockpiece4": [[0.25307750701904297, 0.03855633735656738, -2.8175926208496094], [-17.737411499023438, 15.424266815185547, -64.08016967773438], [-0.4135969281196594, 0.9918517470359802, 0.46200042963027954]], "brockpiece5": [[-0.08937191963195801, 0.10541516542434692, -2.535928964614868], [-10.81579875946045, 8.727143287658691, 0.6617437601089478], [-0.436776340007782, 0.9646992683410645, -0.3259457051753998]], "brockpiece6": [[0.36496254801750183, -0.8039749264717102, -3.751814126968384], [16.63878059387207, 45.947021484375, 28.44336700439453], [-0.01387631893157959, 0.9064578413963318, -0.06759907305240631]], "brockpiece7": [[0.9605855345726013, -1.158082365989685, -4.181346416473389], [-160.7669219970703, 4.325489521026611, -105.44059753417969], [-0.016788214445114136, 1.2991664409637451, -0.5754176378250122]], "brockpiece8": [[1.6232476234436035, -1.043673038482666, -5.21763801574707], [-142.89564514160156, 22.13372802734375, -122.85995483398438], [-0.10184786468744278, 1.4046438932418823, 0.10018877685070038]], "brockpiece9": [[-1.1422600746154785, -0.698366641998291, -1.8764921426773071], [-8.861823081970215, -6.998674392700195, 86.25379180908203], [0.009604007937014103, 0.8276886940002441, 0.4656519293785095]], "brockpiece10": [[0.06549139320850372, -0.2632143497467041, -1.3554437160491943], [12.585599899291992, 3.7884886264801025, 177.1606903076172], [0.026453230530023575, 0.7262305021286011, -0.09866398572921753]], "brockpiece11": [[0.05017249286174774, -0.6260198354721069, -2.051522731781006], [12.587258338928223, 18.19168472290039, -145.67373657226562], [0.023447148501873016, 0.6883174180984497, -0.6239317655563354]], "brockpiece12": [[0.0036800913512706757, -0.15710145235061646, -1.3974990844726562], [-5.734645366668701, -7.847224235534668, 7.760836601257324], [0.057196881622076035, 0.6268966794013977, -0.06759794801473618]], "brockpiece13": [[-0.026778243482112885, -0.13336017727851868, -0.9483973979949951], [-15.89084529876709, -11.831486701965332, 0.611394464969635], [0.10751569271087646, 0.33034080266952515, -0.6997447609901428]], "brockpiece14": [[-0.07432042807340622, -0.0615670382976532, -0.9966445565223694], [-0.7588634490966797, -9.522806167602539, -5.891415596008301], [0.1765923947095871, 0.3738964796066284, -0.06937721371650696]], "brockpiece15": [[-0.02574378252029419, -0.0007047653198242188, -0.07205721735954285], [-0.3897141218185425, 1.573536992073059, 1.4286221265792847], [0.32439151406288147, 0.17386914789676666, 0.1606941819190979]], "brockpiece16": [[-0.1358928382396698, -0.0016903430223464966, -0.34650978446006775], [-0.0673408955335617, -14.16855239868164, 0.27945756912231445], [0.2422737032175064, 0.13469432294368744, -0.2985038757324219]], "brockpiece17": [[0.034946009516716, 0.09722959995269775, -0.9787941575050354], [-8.340704917907715, -3.0717127323150635, 20.810474395751953], [0.05579742044210434, 0.8304786086082458, -0.06759888678789139]], "brockpiece18": [[0.05553692579269409, 0.030987858772277832, -0.9501839876174927], [-0.38251933455467224, -4.3290019035339355, -0.3813857138156891], [0.7751116156578064, 1.1647822856903076, 0.4550911784172058]], "brockpiece19": [[0.6098248958587646, -0.7530526518821716, -3.1394410133361816], [-139.89276123046875, 12.677091598510742, -88.30805969238281], [0.04745550453662872, 0.8352649807929993, -0.8555060029029846]], "brockpiece20": [[0.10315804928541183, -0.18962311744689941, -2.300955295562744], [-1.8810579776763916, -21.79990577697754, -53.1053581237793], [0.0324799083173275, 0.8903895616531372, 0.1047213077545166]], "brockpiece21": [[0.07451553642749786, 0.033774375915527344, -0.9996761679649353], [2.090982675552368, 8.461965560913086, 157.69271850585938], [0.15945503115653992, 1.6952928304672241, 0.277337908744812]], "brockpiece22": [[-0.25448161363601685, -1.7103129625320435, -6.581094741821289], [140.47454833984375, 1.5602341890335083, -46.774574279785156], [0.5310609936714172, 1.9953807592391968, -0.3219248354434967]], "brockpiece23": [[0.1201118677854538, -0.4329990744590759, -2.776470422744751], [-9.424360275268555, -20.726503372192383, -38.853294372558594], [-0.0681355819106102, 0.8056530356407166, -0.06759854406118393]], "brockpiece24": [[0.03991350531578064, 0.02341437339782715, -2.6955723762512207], [-19.7724552154541, -4.198812961578369, -40.050724029541016], [-0.3838520646095276, 0.746596097946167, 0.4647919237613678]], "brockpiece25": [[-0.28591740131378174, 0.23337030410766602, -2.487537384033203], [-6.953866958618164, -3.420196771621704, -0.5322096347808838], [-1.032001256942749, 0.5244100093841553, 0.6970614790916443]], "brockpiece26": [[-0.43856507539749146, -0.3779832422733307, -1.6326141357421875], [86.0750503540039, -33.984222412109375, 8.691957473754883], [-0.012171115726232529, 0.7901149392127991, 0.14576949179172516]], "brockpiece27": [[-0.2590484917163849, -0.6560363173484802, -2.9104835987091064], [4.606668472290039, -8.321205139160156, -135.55612182617188], [-0.029545554891228676, 0.7074200510978699, -0.5648927092552185]], "brockpiece28": [[-1.1242746114730835, -0.8047806620597839, -1.757752537727356], [46.85728073120117, -19.86174201965332, 127.00843811035156], [-0.05280172452330589, 0.875779390335083, 0.7411666512489319]], "brockpiece29": [[0.07053176313638687, -0.26453897356987, -2.6690399646759033], [-15.400177955627441, -1.7780134677886963, -5.354960918426514], [-0.1528574824333191, 0.604702889919281, -0.03537474945187569]], "brockpiece30": [[0.04489421844482422, -0.303994357585907, -2.5747013092041016], [-13.227415084838867, -6.108315467834473, -13.97892951965332], [-0.212638720870018, 0.5194345116615295, -0.6746488809585571]], "brockpiece31": [[-0.023447901010513306, -0.04872956871986389, -2.587273120880127], [-13.22739028930664, -6.108343601226807, -13.97905158996582], [-0.3032321333885193, 0.4032418727874756, 0.2416532039642334]], "brockpiece32": [[0.04925118014216423, -0.13540410995483398, -2.3930740356445312], [34.762943267822266, 24.59147071838379, 145.8270263671875], [-0.014846060425043106, 0.7332823276519775, -0.067598357796669]], "brockpiece33": [[-0.16558027267456055, -0.000260084867477417, -1.3579362630844116], [-0.0029467702843248844, -3.377687692642212, 0.05719548836350441], [-0.07364655286073685, 0.3388040363788605, 0.1644446849822998]], "brockpiece34": [[-0.04583564028143883, 0.009813755750656128, -1.2544786930084229], [-1.324894666671753, -7.411008834838867, 0.2478223741054535], [-0.040006935596466064, 0.3192813992500305, -0.5479322671890259]], "brockpiece35": [[0.0005122795701026917, -0.07801574468612671, -1.5186671018600464], [-19.61198616027832, 5.060848236083984, 33.831932067871094], [0.03971529006958008, 0.7414476275444031, -0.4923132658004761]], "brockpiece36": [[-0.030015919357538223, -0.12138217687606812, -1.318137526512146], [-9.548273086547852, -25.644458770751953, -139.13507080078125], [0.04695548489689827, 0.8178877234458923, 0.2522242069244385]], "brockpiece37": [[-1.1260371208190918, -0.8649189472198486, -2.3139636516571045], [-164.51466369628906, 27.632516860961914, 4.8447442054748535], [0.018796933814883232, 0.8953180909156799, 0.6815259456634521]],