{"brockpiece0": [[-0.12043454498052597, -0.6656143069267273, -3.188070297241211], [-83.07411193847656, -64.3242416381836, -91.41154479980469], [-0.04771063104271889, 0.8072485327720642, -0.47105833888053894]], "brockpiece1": [[0.19880104064941406, -0.2501935362815857, -3.019425392150879], [-1.522476315498352, 50.25926971435547, 86.73584747314453], [-0.060903601348400116, 0.894946277141571, 0.4562895596027374]], "brockpiece2": [[0.3993052840232849, -0.722649335861206, -3.519169569015503], [-59.674747467041016, 3.3085594177246094, -97.43109130859375], [-0.1568758189678192, 0.8655882477760315, -0.5483085513114929]], "brockpiece3": [[0.26705068349838257, -0.3267589211463928, -3.0727248191833496], [-15.789188385009766, 26.83264923095703, 58.92018127441406], [-0.22012151777744293, 0.9278489947319031, 0.3253736197948456]], "brockpiece4": [[0.2558027505874634, 0.03720104694366455, -2.820093870162964], [-17.969274520874023, 15.596030235290527, -65.57095336914062], [-0.4135969281196594, 0.9918517470359802, 0.46200042963027954]], "brockpiece5": [[-0.08982151746749878, 0.10754138231277466, -2.5395123958587646], [-11.016552925109863, 8.738205909729004, 0.6469258069992065], [-0.436776340007782, 0.9646992683410645, -0.3259457051753998]], "brockpiece6": [[0.3678572475910187, -0.8038921356201172, -3.7484066486358643], [17.46337890625, 45.574710845947266, 29.57577133178711], [-0.01387631893157959, 0.9064578413963318, -0.06759907305240631]], "brockpiece7": [[0.9668475985527039, -1.141385555267334, -4.180901527404785], [-161.0545654296875, 5.651897430419922, -108.81517028808594], [-0.016788214445114136, 1.2991664409637451, -0.5754176378250122]], "brockpiece8": [[1.6279295682907104, -1.048604965209961, -5.233542442321777], [-141.31309509277344, 20.20830726623535, -122.96560668945312], [-0.10184786468744278, 1.4046438932418823, 0.10018877685070038]], "brockpiece9": [[-1.1406795978546143, -0.6983391046524048, -1.8763388395309448], [-8.83969783782959, -7.2106475830078125, 85.64263153076172], [0.009604007937014103, 0.8276886940002441, 0.4656519293785095]], "brockpiece10": [[0.06690617650747299, -0.2637120485305786, -1.3593724966049194], [12.750771522521973, 4.117351055145264, 176.62832641601562], [0.026453230530023575, 0.7262305021286011, -0.09866398572921753]], "brockpiece11": [[0.054102055728435516, -0.626616358757019, -2.0439321994781494], [6.900057315826416, 21.496089935302734, -151.3348388671875], [0.023447148501873016, 0.6883174180984497, -0.6239317655563354]], "brockpiece12": [[0.0031376518309116364, -0.15678539872169495, -1.399831771850586], [-5.857398509979248, -7.691832065582275, 8.055078506469727], [0.057196881622076035, 0.6268966794013977, -0.06759794801473618]], "brockpiece13": [[-0.02920754998922348, -0.13363079726696014, -0.9500759840011597], [-15.97619915008545, -11.8883056640625, 0.8368505239486694], [0.10751569271087646, 0.33034080266952515, -0.6997447609901428]], "brockpiece14": [[-0.074703149497509, -0.06190064549446106, -1.0014396905899048], [-0.8131378293037415, -9.478761672973633, -6.264442443847656], [0.1765923947095871, 0.3738964796066284, -0.06937721371650696]], "brockpiece15": [[-0.025334030389785767, -0.000650748610496521, -0.0719137117266655], [-0.36634382605552673, 1.562477946281433, 1.3193548917770386], [0.32439151406288147, 0.17386914789676666, 0.1606941819190979]], "brockpiece16": [[-0.13366617262363434, -0.0006915777921676636, -0.35046789050102234], [0.01453571766614914, -14.255488395690918, -0.0005373485037125647], [0.2422737032175064, 0.13469432294368744, -0.2985038757324219]], "brockpiece17": [[0.030849948525428772, 0.09903234243392944, -0.9948037266731262], [-9.02173137664795, -3.1966116428375244, 21.844860076904297], [0.05579742044210434, 0.8304786086082458, -0.06759888678789139]], "brockpiece18": [[0.053280770778656006, 0.03576552867889404, -0.9604002237319946], [-0.7137272953987122, -4.387742519378662, -0.3226339519023895], [0.7751116156578064, 1.1647822856903076, 0.4550911784172058]], "brockpiece19": [[0.6109865307807922, -0.7442206144332886, -3.1349129676818848], [-140.07688903808594, 18.132970809936523, -86.49446868896484], [0.04745550453662872, 0.8352649807929993, -0.8555060029029846]], "brockpiece20": [[0.10345720499753952, -0.19540470838546753, -2.2984399795532227], [1.1303470134735107, -23.342615127563477, -55.776092529296875], [0.0324799083173275, 0.8903895616531372, 0.1047213077545166]], "brockpiece21": [[0.07217645645141602, 0.03688240051269531, -1.0135576725006104], [1.8032861948013306, 8.639631271362305, 157.7689666748047], [0.15945503115653992, 1.6952928304672241, 0.277337908744812]], "brockpiece22": [[-0.2549373209476471, -1.70574951171875, -6.577932357788086], [140.74533081054688, 1.9437808990478516, -46.816951751708984], [0.5310609936714172, 1.9953807592391968, -0.3219248354434967]], "brockpiece23": [[0.11433590948581696, -0.44320669770240784, -2.7700281143188477], [-8.222512245178223, -23.293977737426758, -46.034698486328125], [-0.0681355819106102, 0.8056530356407166, -0.06759854406118393]], "brockpiece24": [[0.03916791081428528, 0.027316510677337646, -2.6972250938415527], [-19.850341796875, -4.450219631195068, -40.24382019042969], [-0.3838520646095276, 0.746596097946167, 0.4647919237613678]], "brockpiece25": [[-0.28768742084503174, 0.23941433429718018, -2.4899086952209473], [-7.039428234100342, -3.5571706295013428, -0.4133751094341278], [-1.032001256942749, 0.5244100093841553, 0.6970614790916443]], "brockpiece26": [[-0.4133039116859436, -0.36913761496543884, -1.6428133249282837], [83.28885650634766, -16.618244171142578, 2.302870512008667], [-0.012171115726232529, 0.7901149392127991, 0.14576949179172516]], "brockpiece27": [[-0.25563034415245056, -0.6554944515228271, -2.909672260284424], [4.730569839477539, -8.459790229797363, -138.47447204589844], [-0.029545554891228676, 0.7074200510978699, -0.5648927092552185]], "brockpiece28": [[-1.1131706237792969, -0.7836840152740479, -1.7644116878509521], [55.62311553955078, -10.508922576904297, 112.68045806884766], [-0.05280172452330589, 0.875779390335083, 0.7411666512489319]], "brockpiece29": [[0.07422903925180435, -0.26294276118278503, -2.669184684753418], [-15.697922706604004, -1.5533792972564697, -4.354769229888916], [-0.1528574824333191, 0.604702889919281, -0.03537474945187569]], "brockpiece30": [[0.04933939874172211, -0.3034014105796814, -2.5748167037963867], [-13.211960792541504, -6.30782413482666, -14.226369857788086], [-0.212638720870018, 0.5194345116615295, -0.6746488809585571]], "brockpiece31": [[-0.021513521671295166, -0.04691779613494873, -2.5880215167999268], [-13.211949348449707, -6.30783748626709, -14.226448059082031], [-0.3032321333885193, 0.4032418727874756, 0.2416532039642334]], "brockpiece32": [[0.05439138785004616, -0.13601309061050415, -2.391826868057251], [33.283206939697266, 25.329120635986328, 143.0694122314453], [-0.014846060425043106, 0.7332823276519775, -0.067598357796669]], "brockpiece33": [[-0.16558021306991577, -0.0001627802848815918, -1.3584587574005127], [-0.0009659251663833857, -3.299163341522217, 0.09470733255147934], [-0.07364655286073685, 0.3388040363788605, 0.1644446849822998]], "brockpiece34": [[-0.0459834448993206, 0.009696394205093384, -1.2548844814300537], [-1.3571901321411133, -7.70599889755249, -0.07902008295059204], [-0.040006935596466064, 0.3192813992500305, -0.5479322671890259]], "brockpiece35": [[0.0022904761135578156, -0.08993899822235107, -1.5237871408462524], [-19.212265014648438, 3.697373151779175, 34.78864288330078], [0.03971529006958008, 0.7414476275444031, -0.4923132658004761]], "brockpiece36": [[-0.031232252717018127, -0.11635357141494751, -1.3270537853240967], [-9.833002090454102, -27.72551727294922, -135.9036102294922], [0.04695548489689827, 0.8178877234458923, 0.2522242069244385]], "brockpiece37": [[-1.125993251800537, -0.8650778532028198, -2.3139548301696777], [-165.32278442382812, 26.834720611572266, 3.254582166671753], [0.018796933814883232, 0.8953180909156799, 0.6815259456634521]],