{"brockpiece0": [[-0.15769881010055542, -0.733403205871582, -3.2548346519470215], [-98.80374145507812, -78.09713745117188, -79.83898162841797], [-0.04771063104271889, 0.8072485327720642, -0.47105833888053894]], "brockpiece1": [[0.1637689471244812, -0.2513021230697632, -3.046858072280884], [2.886162757873535, 46.36452102661133, 99.39227294921875], [-0.060903601348400116, 0.894946277141571, 0.4562895596027374]], "brockpiece2": [[0.4311232566833496, -0.6655523180961609, -3.5280983448028564], [1.8737103939056396, -36.750328063964844, 160.54432678222656], [-0.1568758189678192, 0.8655882477760315, -0.5483085513114929]], "brockpiece3": [[0.2359204739332199, -0.3822513222694397, -3.100412368774414], [-26.66496467590332, 7.537302494049072, 21.3104248046875], [-0.22012151777744293, 0.9278489947319031, 0.3253736197948456]], "brockpiece4": [[0.22761987149715424, 0.01621246337890625, -2.7827560901641846], [-13.066337585449219, 16.86328887939453, -51.01746368408203], [-0.4135969281196594, 0.9918517470359802, 0.46200042963027954]], "brockpiece5": [[-0.08394384384155273, 0.08435267210006714, -2.5053250789642334], [-8.848272323608398, 9.074650764465332, 0.9514411091804504], [-0.436776340007782, 0.9646992683410645, -0.3259457051753998]], "brockpiece6": [[0.36080220341682434, -0.7182211875915527, -3.691762685775757], [-6.026133060455322, -43.73044204711914, -161.89495849609375], [-0.01387631893157959, 0.9064578413963318, -0.06759907305240631]], "brockpiece7": [[0.9423561692237854, -1.1516211032867432, -4.197762489318848], [-159.1340789794922, 0.3459521532058716, -101.92630004882812], [-0.016788214445114136, 1.2991664409637451, -0.5754176378250122]], "brockpiece8": [[1.5838451385498047, -1.0279841423034668, -5.172144889831543], [-149.03225708007812, 27.72952651977539, -117.103759765625], [-0.10184786468744278, 1.4046438932418823, 0.10018877685070038]], "brockpiece9": [[-1.1504217386245728, -0.6995934247970581, -1.8780077695846558], [-9.414713859558105, -5.282097816467285, 90.6983871459961], [0.009604007937014103, 0.8276886940002441, 0.4656519293785095]], "brockpiece10": [[0.06601299345493317, -0.26456645131111145, -1.3463784456253052], [13.490883827209473, 4.949465751647949, 173.38900756835938], [0.026453230530023575, 0.7262305021286011, -0.09866398572921753]], "brockpiece11": [[0.010422563180327415, -0.6012616157531738, -2.0774149894714355], [23.57992935180664, -0.3492943048477173, -103.30938720703125], [0.023447148501873016, 0.6883174180984497, -0.6239317655563354]], "brockpiece12": [[0.0003106221556663513, -0.1525161862373352, -1.3921387195587158], [-5.506885528564453, -7.9632110595703125, 8.223210334777832], [0.057196881622076035, 0.6268966794013977, -0.06759794801473618]], "brockpiece13": [[-0.029370270669460297, -0.13555081188678741, -0.9460844993591309], [-15.93504810333252, -10.83494758605957, 2.5625181198120117], [0.10751569271087646, 0.33034080266952515, -0.6997447609901428]], "brockpiece14": [[-0.08131193369626999, -0.058986663818359375, -0.9863373637199402], [-0.03675577789545059, -9.701711654663086, -7.17712926864624], [0.1765923947095871, 0.3738964796066284, -0.06937721371650696]], "brockpiece15": [[-0.02275189757347107, -0.000285223126411438, -0.07145371288061142], [-0.11933485418558121, 1.606512188911438, 0.43301552534103394], [0.32439151406288147, 0.17386914789676666, 0.1606941819190979]], "brockpiece16": [[-0.1450081169605255, -0.0008772909641265869, -0.33301296830177307], [-0.09121721237897873, -13.261246681213379, 0.3223543167114258], [0.2422737032175064, 0.13469432294368744, -0.2985038757324219]], "brockpiece17": [[0.06514190882444382, 0.07873326539993286, -0.9304069876670837], [-4.714857578277588, -2.590956211090088, 14.361274719238281], [0.05579742044210434, 0.8304786086082458, -0.06759888678789139]], "brockpiece18": [[0.05176067352294922, 0.015188455581665039, -0.9165054559707642], [0.3665301203727722, -4.013618469238281, -0.21769866347312927], [0.7751116156578064, 1.1647822856903076, 0.4550911784172058]], "brockpiece19": [[0.6071063280105591, -0.7610940933227539, -3.1574807167053223], [-130.72230529785156, 9.41299057006836, -97.76620483398438], [0.04745550453662872, 0.8352649807929993, -0.8555060029029846]], "brockpiece20": [[0.10989008098840714, -0.16946524381637573, -2.2866475582122803], [-9.076411247253418, -14.610087394714355, -32.80931854248047], [0.0324799083173275, 0.8903895616531372, 0.1047213077545166]], "brockpiece21": [[0.06750120222568512, 0.018601298332214355, -0.955772876739502], [2.671905040740967, 7.8903703689575195, 157.82798767089844], [0.15945503115653992, 1.6952928304672241, 0.277337908744812]], "brockpiece22": [[-0.2563105821609497, -1.7125630378723145, -6.580451965332031], [140.7962646484375, 1.8624122142791748, -46.318782806396484], [0.5310609936714172, 1.9953807592391968, -0.3219248354434967]], "brockpiece23": [[0.14750231802463531, -0.4410291910171509, -2.79321551322937], [-23.793148040771484, -1.8656078577041626, 7.56178617477417], [-0.0681355819106102, 0.8056530356407166, -0.06759854406118393]], "brockpiece24": [[0.04328501224517822, -0.02175658941268921, -2.674295663833618], [-17.647680282592773, -2.883456230163574, -41.17397689819336], [-0.3838520646095276, 0.746596097946167, 0.4647919237613678]], "brockpiece25": [[-0.28263068199157715, 0.17833298444747925, -2.4630866050720215], [-4.67457389831543, -2.717642307281494, -0.8155979514122009], [-1.032001256942749, 0.5244100093841553, 0.6970614790916443]], "brockpiece26": [[-0.6317838430404663, -0.6336700916290283, -1.6178061962127686], [-88.87612915039062, -22.002065658569336, -123.50577545166016], [-0.012171115726232529, 0.7901149392127991, 0.14576949179172516]], "brockpiece27": [[-0.2747552990913391, -0.6610658168792725, -2.919843912124634], [3.324740171432495, -6.763304233551025, -118.6353988647461], [-0.029545554891228676, 0.7074200510978699, -0.5648927092552185]], "brockpiece28": [[-1.178581714630127, -0.8396326899528503, -1.717862844467163], [-14.982183456420898, 0.5321495532989502, -124.2071533203125], [-0.05280172452330589, 0.875779390335083, 0.7411666512489319]], "brockpiece29": [[0.0572923868894577, -0.2869710922241211, -2.6696858406066895], [-12.095489501953125, -3.170197010040283, -11.477910041809082], [-0.1528574824333191, 0.604702889919281, -0.03537474945187569]], "brockpiece30": [[0.039914071559906006, -0.3055524528026581, -2.575657844543457], [-13.146700859069824, -6.019343852996826, -11.690313339233398], [-0.212638720870018, 0.5194345116615295, -0.6746488809585571]], "brockpiece31": [[-0.032756268978118896, -0.058294087648391724, -2.587803602218628], [-13.146689414978027, -6.019359588623047, -11.690398216247559], [-0.3032321333885193, 0.4032418727874756, 0.2416532039642334]], "brockpiece32": [[0.030246194452047348, -0.13827496767044067, -2.401207208633423], [38.969608306884766, 16.790721893310547, 163.1401824951172], [-0.014846060425043106, 0.7332823276519775, -0.067598357796669]], "brockpiece33": [[-0.1674703061580658, 0.0003713369369506836, -1.3557876348495483], [-0.02110528200864792, -3.796809196472168, 0.27130126953125], [-0.07364655286073685, 0.3388040363788605, 0.1644446849822998]], "brockpiece34": [[-0.0475761704146862, 0.00852745771408081, -1.2542436122894287], [-1.2231093645095825, -7.534752368927002, 0.011981155723333359], [-0.040006935596466064, 0.3192813992500305, -0.5479322671890259]], "brockpiece35": [[-0.0187139343470335, -0.08427983522415161, -1.5010193586349487], [-18.106075286865234, 3.8269033432006836, 46.31280517578125], [0.03971529006958008, 0.7414476275444031, -0.4923132658004761]], "brockpiece36": [[-0.036538053303956985, -0.12544459104537964, -1.3002768754959106], [-12.673337936401367, -21.287113189697266, -140.45452880859375], [0.04695548489689827, 0.8178877234458923, 0.2522242069244385]], "brockpiece37": [[-1.1257262229919434, -0.8645411729812622, -2.3151180744171143], [-160.26707458496094, 29.806241989135742, 10.604151725769043], [0.018796933814883232, 0.8953180909156799, 0.6815259456634521]],