{"brockpiece0": [[-0.14944159984588623, -0.6935986876487732, -3.2310380935668945], [-90.9394302368164, -71.91741943359375, -86.69755554199219], [-0.04771063104271889, 0.8072485327720642, -0.47105833888053894]], "brockpiece1": [[0.18552541732788086, -0.2534148097038269, -3.0524117946624756], [1.2165725231170654, 49.75379180908203, 92.6988296508789], [-0.060903601348400116, 0.894946277141571, 0.4562895596027374]], "brockpiece2": [[0.4003234803676605, -0.6509160995483398, -3.52195143699646], [-22.82765007019043, -37.368011474609375, -159.952880859375], [-0.1568758189678192, 0.8655882477760315, -0.5483085513114929]], "brockpiece3": [[0.24921618402004242, -0.3753248453140259, -3.0941624641418457], [-24.963315963745117, 11.948043823242188, 28.763072967529297], [-0.22012151777744293, 0.9278489947319031, 0.3253736197948456]], "brockpiece4": [[0.23676176369190216, 0.02022421360015869, -2.792585849761963], [-14.446721076965332, 16.608966827392578, -56.01817321777344], [-0.4135969281196594, 0.9918517470359802, 0.46200042963027954]], "brockpiece5": [[-0.08471298217773438, 0.09001106023788452, -2.514266014099121], [-9.365128517150879, 9.054386138916016, 0.8694923520088196], [-0.436776340007782, 0.9646992683410645, -0.3259457051753998]], "brockpiece6": [[0.380473792552948, -0.7026768326759338, -3.7350728511810303], [34.769432067871094, -34.67421340942383, 136.6126708984375], [-0.01387631893157959, 0.9064578413963318, -0.06759907305240631]], "brockpiece7": [[0.9416486620903015, -1.1471604108810425, -4.201082229614258], [-159.15155029296875, -1.7958550453186035, -100.49193572998047], [-0.016788214445114136, 1.2991664409637451, -0.5754176378250122]], "brockpiece8": [[1.5806806087493896, -1.0389329195022583, -5.174194812774658], [-147.7738494873047, 27.24888038635254, -117.89321899414062], [-0.10184786468744278, 1.4046438932418823, 0.10018877685070038]], "brockpiece9": [[-1.1483873128890991, -0.6993305683135986, -1.877465844154358], [-9.229281425476074, -5.71320915222168, 89.51296997070312], [0.009604007937014103, 0.8276886940002441, 0.4656519293785095]], "brockpiece10": [[0.06681008636951447, -0.2677428424358368, -1.3477823734283447], [13.071837425231934, 4.670897960662842, 172.7140350341797], [0.026453230530023575, 0.7262305021286011, -0.09866398572921753]], "brockpiece11": [[0.02515469677746296, -0.5914821624755859, -2.076327085494995], [24.221609115600586, 1.5529941320419312, -116.00100708007812], [0.023447148501873016, 0.6883174180984497, -0.6239317655563354]], "brockpiece12": [[0.00154920294880867, -0.1561134159564972, -1.3929847478866577], [-5.573383808135986, -8.047345161437988, 7.455874443054199], [0.057196881622076035, 0.6268966794013977, -0.06759794801473618]], "brockpiece13": [[-0.028920166194438934, -0.14002510905265808, -0.9443256855010986], [-14.512276649475098, -11.582985877990723, 1.1714062690734863], [0.10751569271087646, 0.33034080266952515, -0.6997447609901428]], "brockpiece14": [[-0.07939286530017853, -0.06184068322181702, -0.9892862439155579], [-0.42302846908569336, -9.646367073059082, -6.76022481918335], [0.1765923947095871, 0.3738964796066284, -0.06937721371650696]], "brockpiece15": [[-0.020942509174346924, 0.0003506690263748169, -0.07102973759174347], [-0.009580711834132671, 1.6073763370513916, -0.18575727939605713], [0.32439151406288147, 0.17386914789676666, 0.1606941819190979]], "brockpiece16": [[-0.14077481627464294, -0.0021255463361740112, -0.3361665904521942], [0.038463521748781204, -13.755897521972656, -0.036854103207588196], [0.2422737032175064, 0.13469432294368744, -0.2985038757324219]], "brockpiece17": [[0.06974535435438156, 0.08100402355194092, -0.9380939602851868], [-5.787875175476074, -2.006199836730957, 14.652661323547363], [0.05579742044210434, 0.8304786086082458, -0.06759888678789139]], "brockpiece18": [[0.052577197551727295, 0.01859450340270996, -0.9160995483398438], [0.3921295404434204, -4.009522438049316, -0.27726149559020996], [0.7751116156578064, 1.1647822856903076, 0.4550911784172058]], "brockpiece19": [[0.6080690622329712, -0.7594393491744995, -3.163137912750244], [-134.38436889648438, 5.227974891662598, -95.63827514648438], [0.04745550453662872, 0.8352649807929993, -0.8555060029029846]], "brockpiece20": [[0.11296194046735764, -0.18609780073165894, -2.2957937717437744], [-6.144204139709473, -17.57270622253418, -40.578121185302734], [0.0324799083173275, 0.8903895616531372, 0.1047213077545166]], "brockpiece21": [[0.0688357949256897, 0.022702574729919434, -0.955087423324585], [2.694179058074951, 7.876987457275391, 157.7682647705078], [0.15945503115653992, 1.6952928304672241, 0.277337908744812]], "brockpiece22": [[-0.2545033097267151, -1.7107272148132324, -6.582957744598389], [140.45095825195312, 1.49809992313385, -46.79779815673828], [0.5310609936714172, 1.9953807592391968, -0.3219248354434967]], "brockpiece23": [[0.14760905504226685, -0.44043782353401184, -2.7903735637664795], [-20.87702751159668, -7.848023414611816, -3.211406946182251], [-0.0681355819106102, 0.8056530356407166, -0.06759854406118393]], "brockpiece24": [[0.04329925775527954, -0.008891403675079346, -2.6799380779266357], [-18.274497985839844, -3.3417110443115234, -40.916236877441406], [-0.3838520646095276, 0.746596097946167, 0.4647919237613678]], "brockpiece25": [[-0.28316807746887207, 0.19558900594711304, -2.4681577682495117], [-4.761378288269043, -2.833021640777588, -0.7946889400482178], [-1.032001256942749, 0.5244100093841553, 0.6970614790916443]], "brockpiece26": [[-0.5836780667304993, -0.5406770706176758, -1.610109567642212], [-93.12259674072266, -57.094425201416016, -137.29879760742188], [-0.012171115726232529, 0.7901149392127991, 0.14576949179172516]], "brockpiece27": [[-0.2680663764476776, -0.6586893200874329, -2.9176156520843506], [3.8835439682006836, -7.531250953674316, -124.23171997070312], [-0.029545554891228676, 0.7074200510978699, -0.5648927092552185]], "brockpiece28": [[-1.1640958786010742, -0.838921844959259, -1.7301969528198242], [-7.137269020080566, -17.945194244384766, -147.8596954345703], [-0.05280172452330589, 0.875779390335083, 0.7411666512489319]], "brockpiece29": [[0.06249658018350601, -0.280547559261322, -2.6688859462738037], [-12.972461700439453, -3.0049660205841064, -9.857321739196777], [-0.1528574824333191, 0.604702889919281, -0.03537474945187569]], "brockpiece30": [[0.04085664451122284, -0.3048589527606964, -2.5758919715881348], [-13.148334503173828, -6.004787445068359, -12.582132339477539], [-0.212638720870018, 0.5194345116615295, -0.6746488809585571]], "brockpiece31": [[-0.029524147510528564, -0.05510002374649048, -2.5879931449890137], [-13.148311614990234, -6.004815578460693, -12.58224105834961], [-0.3032321333885193, 0.4032418727874756, 0.2416532039642334]], "brockpiece32": [[0.03792797029018402, -0.13772547245025635, -2.4005351066589355], [38.003597259521484, 19.03635597229004, 159.2700653076172], [-0.014846060425043106, 0.7332823276519775, -0.067598357796669]], "brockpiece33": [[-0.16625463962554932, 0.00014576315879821777, -1.356557846069336], [-0.016716185957193375, -3.6170272827148438, 0.20054368674755096], [-0.07364655286073685, 0.3388040363788605, 0.1644446849822998]], "brockpiece34": [[-0.04704541340470314, 0.00854530930519104, -1.2545394897460938], [-1.1967989206314087, -7.463779926300049, -0.049543578177690506], [-0.040006935596466064, 0.3192813992500305, -0.5479322671890259]], "brockpiece35": [[-0.014962071552872658, -0.07267647981643677, -1.5076462030410767], [-20.12510108947754, 4.291423320770264, 39.48771286010742], [0.03971529006958008, 0.7414476275444031, -0.4923132658004761]], "brockpiece36": [[-0.03378203511238098, -0.12401193380355835, -1.302673578262329], [-12.520720481872559, -20.831859588623047, -137.91183471679688], [0.04695548489689827, 0.8178877234458923, 0.2522242069244385]], "brockpiece37": [[-1.1256932020187378, -0.8645921945571899, -2.3148152828216553], [-160.98863220214844, 29.477767944335938, 9.599233627319336], [0.018796933814883232, 0.8953180909156799, 0.6815259456634521]],