{"brockpiece0": [[-0.1346108317375183, -0.6698464155197144, -3.2057857513427734], [-86.53268432617188, -68.0416030883789, -90.78003692626953], [-0.04771063104271889, 0.8072485327720642, -0.47105833888053894]], "brockpiece1": [[0.18801577389240265, -0.24907290935516357, -3.0420303344726562], [1.1892142295837402, 50.88771438598633, 90.44481658935547], [-0.060903601348400116, 0.894946277141571, 0.4562895596027374]], "brockpiece2": [[0.3962145149707794, -0.6621298789978027, -3.5213401317596436], [-42.24802780151367, -28.551115036010742, -126.61475372314453], [-0.1568758189678192, 0.8655882477760315, -0.5483085513114929]], "brockpiece3": [[0.25678083300590515, -0.35417819023132324, -3.089777946472168], [-23.07075309753418, 16.89958381652832, 38.06477355957031], [-0.22012151777744293, 0.9278489947319031, 0.3253736197948456]], "brockpiece4": [[0.2427402138710022, 0.030454516410827637, -2.805246353149414], [-15.891852378845215, 16.013118743896484, -59.60427474975586], [-0.4135969281196594, 0.9918517470359802, 0.46200042963027954]], "brockpiece5": [[-0.08607763051986694, 0.0964779257774353, -2.5235848426818848], [-9.974424362182617, 8.952169418334961, 0.7886332869529724], [-0.436776340007782, 0.9646992683410645, -0.3259457051753998]], "brockpiece6": [[0.40270906686782837, -0.7519164085388184, -3.7804341316223145], [50.402915954589844, 13.349393844604492, 81.84832000732422], [-0.01387631893157959, 0.9064578413963318, -0.06759907305240631]], "brockpiece7": [[0.9482096433639526, -1.1504424810409546, -4.196004390716553], [-159.83265686035156, -0.8420478105545044, -101.0540771484375], [-0.016788214445114136, 1.2991664409637451, -0.5754176378250122]], "brockpiece8": [[1.5982625484466553, -1.040085792541504, -5.18311882019043], [-146.4612274169922, 25.98492431640625, -120.66911315917969], [-0.10184786468744278, 1.4046438932418823, 0.10018877685070038]], "brockpiece9": [[-1.1461364030838013, -0.6990073323249817, -1.8769952058792114], [-9.060829162597656, -6.190053939819336, 88.24681854248047], [0.009604007937014103, 0.8276886940002441, 0.4656519293785095]], "brockpiece10": [[0.06818907707929611, -0.26862823963165283, -1.3469398021697998], [13.710667610168457, 5.392360210418701, 173.4832763671875], [0.026453230530023575, 0.7262305021286011, -0.09866398572921753]], "brockpiece11": [[0.036849699914455414, -0.5998904705047607, -2.069887638092041], [22.88051414489746, 6.72769832611084, -127.84992980957031], [0.023447148501873016, 0.6883174180984497, -0.6239317655563354]], "brockpiece12": [[0.0029365718364715576, -0.15607795119285583, -1.3937675952911377], [-5.543102264404297, -8.176003456115723, 7.128927230834961], [0.057196881622076035, 0.6268966794013977, -0.06759794801473618]], "brockpiece13": [[-0.028109177947044373, -0.14039869606494904, -0.9434208869934082], [-14.418889045715332, -11.048600196838379, 1.4168593883514404], [0.10751569271087646, 0.33034080266952515, -0.6997447609901428]], "brockpiece14": [[-0.078520767390728, -0.061571985483169556, -0.9896997809410095], [-0.679680347442627, -9.593988418579102, -6.126043796539307], [0.1765923947095871, 0.3738964796066284, -0.06937721371650696]], "brockpiece15": [[-0.024070054292678833, -0.0004182159900665283, -0.07171311229467392], [-0.21521207690238953, 1.6019508838653564, 0.7894240021705627], [0.32439151406288147, 0.17386914789676666, 0.1606941819190979]], "brockpiece16": [[-0.13718804717063904, -0.0008213669061660767, -0.34095773100852966], [0.005480909254401922, -14.144474029541016, 0.012502635829150677], [0.2422737032175064, 0.13469432294368744, -0.2985038757324219]], "brockpiece17": [[0.060038402676582336, 0.08839166164398193, -0.948324978351593], [-6.939258098602295, -2.2391083240509033, 17.876462936401367], [0.05579742044210434, 0.8304786086082458, -0.06759888678789139]], "brockpiece18": [[0.05626636743545532, 0.025369882583618164, -0.9232040643692017], [0.31520548462867737, -4.104653358459473, -0.41247645020484924], [0.7751116156578064, 1.1647822856903076, 0.4550911784172058]], "brockpiece19": [[0.6118524670600891, -0.7609353065490723, -3.1626734733581543], [-138.6479949951172, 1.3986496925354004, -92.35771179199219], [0.04745550453662872, 0.8352649807929993, -0.8555060029029846]], "brockpiece20": [[0.11429982632398605, -0.1855342984199524, -2.299199104309082], [-5.869556903839111, -19.284486770629883, -44.373016357421875], [0.0324799083173275, 0.8903895616531372, 0.1047213077545166]], "brockpiece21": [[0.07420200109481812, 0.03065621852874756, -0.9639049172401428], [2.6578593254089355, 7.994114875793457, 157.6324005126953], [0.15945503115653992, 1.6952928304672241, 0.277337908744812]], "brockpiece22": [[-0.2540735900402069, -1.7099921703338623, -6.583992958068848], [140.31161499023438, 1.3493146896362305, -46.991580963134766], [0.5310609936714172, 1.9953807592391968, -0.3219248354434967]], "brockpiece23": [[0.1291118711233139, -0.43362924456596375, -2.785065174102783], [-17.38623809814453, -13.344250679016113, -18.134550094604492], [-0.0681355819106102, 0.8056530356407166, -0.06759854406118393]], "brockpiece24": [[0.0421166718006134, 0.004308521747589111, -2.6871836185455322], [-18.959407806396484, -3.54471492767334, -40.62805938720703], [-0.3838520646095276, 0.746596097946167, 0.4647919237613678]], "brockpiece25": [[-0.28290045261383057, 0.21143990755081177, -2.4742820262908936], [-5.358086109161377, -3.0447492599487305, -0.8100128173828125], [-1.032001256942749, 0.5244100093841553, 0.6970614790916443]], "brockpiece26": [[-0.5246447920799255, -0.4671557545661926, -1.608121633529663], [117.11458587646484, -86.99790954589844, -1.6660130023956299], [-0.012171115726232529, 0.7901149392127991, 0.14576949179172516]], "brockpiece27": [[-0.2622000277042389, -0.6563853025436401, -2.914442539215088], [4.076155185699463, -8.453886985778809, -129.0157012939453], [-0.029545554891228676, 0.7074200510978699, -0.5648927092552185]], "brockpiece28": [[-1.1483389139175415, -0.8364629745483398, -1.7428698539733887], [11.248631477355957, -28.807008743286133, -178.94606018066406], [-0.05280172452330589, 0.875779390335083, 0.7411666512489319]], "brockpiece29": [[0.06772451847791672, -0.27233651280403137, -2.6686477661132812], [-13.890832901000977, -2.4446568489074707, -7.270098686218262], [-0.1528574824333191, 0.604702889919281, -0.03537474945187569]], "brockpiece30": [[0.04339371621608734, -0.3039470911026001, -2.576209545135498], [-13.19178581237793, -6.045844554901123, -13.05229377746582], [-0.212638720870018, 0.5194345116615295, -0.6746488809585571]], "brockpiece31": [[-0.026351958513259888, -0.05204811692237854, -2.5885167121887207], [-13.191773414611816, -6.045874118804932, -13.05240249633789], [-0.3032321333885193, 0.4032418727874756, 0.2416532039642334]], "brockpiece32": [[0.03547593206167221, -0.13529729843139648, -2.3983259201049805], [38.18375015258789, 18.919654846191406, 157.64097595214844], [-0.014846060425043106, 0.7332823276519775, -0.067598357796669]], "brockpiece33": [[-0.1654350608587265, -9.721517562866211e-05, -1.3574714660644531], [-0.015543186105787754, -3.553725481033325, 0.14939306676387787], [-0.07364655286073685, 0.3388040363788605, 0.1644446849822998]], "brockpiece34": [[-0.046034593135118484, 0.0088595449924469, -1.2544865608215332], [-1.2337017059326172, -7.468976020812988, -0.06153643876314163], [-0.040006935596466064, 0.3192813992500305, -0.5479322671890259]], "brockpiece35": [[-0.007794123142957687, -0.06136065721511841, -1.5117846727371216], [-21.177499771118164, 5.284362316131592, 35.01577377319336], [0.03971529006958008, 0.7414476275444031, -0.4923132658004761]], "brockpiece36": [[-0.031386278569698334, -0.12212866544723511, -1.3036792278289795], [-11.507386207580566, -21.716012954711914, -137.55198669433594], [0.04695548489689827, 0.8178877234458923, 0.2522242069244385]], "brockpiece37": [[-1.1257820129394531, -0.8647067546844482, -2.3144524097442627], [-162.00390625, 28.8700008392334, 8.218524932861328], [0.018796933814883232, 0.8953180909156799, 0.6815259456634521]],