{"brockpiece0": [[-0.1279122531414032, -0.6682554483413696, -3.193053722381592], [-85.25104522705078, -64.71780395507812, -90.31639099121094], [-0.04771063104271889, 0.8072485327720642, -0.47105833888053894]], "brockpiece1": [[0.19150392711162567, -0.25532984733581543, -3.03374981880188], [-0.8798667192459106, 50.849910736083984, 87.56175994873047], [-0.060903601348400116, 0.894946277141571, 0.4562895596027374]], "brockpiece2": [[0.3952631950378418, -0.7213472127914429, -3.5274507999420166], [-54.380706787109375, -12.473867416381836, -103.61031341552734], [-0.1568758189678192, 0.8655882477760315, -0.5483085513114929]], "brockpiece3": [[0.26271310448646545, -0.3368588089942932, -3.0757646560668945], [-20.751930236816406, 22.127405166625977, 47.40325927734375], [-0.22012151777744293, 0.9278489947319031, 0.3253736197948456]], "brockpiece4": [[0.25117260217666626, 0.035021185874938965, -2.812863349914551], [-17.26479148864746, 15.709389686584473, -62.781700134277344], [-0.4135969281196594, 0.9918517470359802, 0.46200042963027954]], "brockpiece5": [[-0.08804792165756226, 0.10237699747085571, -2.5318405628204346], [-10.53096866607666, 8.82974624633789, 0.7212836742401123], [-0.436776340007782, 0.9646992683410645, -0.3259457051753998]], "brockpiece6": [[0.3669476807117462, -0.8057218790054321, -3.7549855709075928], [16.275516510009766, 46.25151824951172, 27.655126571655273], [-0.01387631893157959, 0.9064578413963318, -0.06759907305240631]], "brockpiece7": [[0.9552090764045715, -1.1521748304367065, -4.186026573181152], [-160.44334411621094, 2.616640567779541, -103.67147827148438], [-0.016788214445114136, 1.2991664409637451, -0.5754176378250122]], "brockpiece8": [[1.6165015697479248, -1.0399889945983887, -5.203884124755859], [-144.2959442138672, 23.720911026000977, -122.44538879394531], [-0.10184786468744278, 1.4046438932418823, 0.10018877685070038]], "brockpiece9": [[-1.1436529159545898, -0.6987017393112183, -1.8765064477920532], [-8.88298511505127, -6.6937761306762695, 86.88687896728516], [0.009604007937014103, 0.8276886940002441, 0.4656519293785095]], "brockpiece10": [[0.06856528669595718, -0.2656479775905609, -1.3522498607635498], [12.885955810546875, 4.146066188812256, 176.35736083984375], [0.026453230530023575, 0.7262305021286011, -0.09866398572921753]], "brockpiece11": [[0.04564344882965088, -0.6228271126747131, -2.0583417415618896], [17.540388107299805, 14.091914176940918, -139.76597595214844], [0.023447148501873016, 0.6883174180984497, -0.6239317655563354]], "brockpiece12": [[0.004374302923679352, -0.15579992532730103, -1.3962252140045166], [-5.703394412994385, -8.019152641296387, 7.421955108642578], [0.057196881622076035, 0.6268966794013977, -0.06759794801473618]], "brockpiece13": [[-0.027141451835632324, -0.1357826590538025, -0.9466108083724976], [-15.749552726745605, -11.23598861694336, 1.5701262950897217], [0.10751569271087646, 0.33034080266952515, -0.6997447609901428]], "brockpiece14": [[-0.07548950612545013, -0.06047907471656799, -0.9937935471534729], [-0.8171567916870117, -9.644845008850098, -5.774893283843994], [0.1765923947095871, 0.3738964796066284, -0.06937721371650696]], "brockpiece15": [[-0.025671184062957764, -0.0006448477506637573, -0.07207649201154709], [-0.37540730834007263, 1.5836542844772339, 1.3728944063186646], [0.32439151406288147, 0.17386914789676666, 0.1606941819190979]], "brockpiece16": [[-0.13403037190437317, -0.001266375184059143, -0.3440699279308319], [0.04646272957324982, -13.951584815979004, -0.10835062712430954], [0.2422737032175064, 0.13469432294368744, -0.2985038757324219]], "brockpiece17": [[0.04668419808149338, 0.0920865535736084, -0.9661917090415955], [-7.825495719909668, -2.7218668460845947, 19.9321346282959], [0.05579742044210434, 0.8304786086082458, -0.06759888678789139]], "brockpiece18": [[0.05800753831863403, 0.026499032974243164, -0.9394447207450867], [-0.052880000323057175, -4.255626678466797, -0.44605565071105957], [0.7751116156578064, 1.1647822856903076, 0.4550911784172058]], "brockpiece19": [[0.6147525906562805, -0.7587049603462219, -3.148116111755371], [-139.68528747558594, 6.128931045532227, -92.02141571044922], [0.04745550453662872, 0.8352649807929993, -0.8555060029029846]], "brockpiece20": [[0.12033746391534805, -0.19828557968139648, -2.30696177482605], [-4.917730808258057, -20.755165100097656, -49.547943115234375], [0.0324799083173275, 0.8903895616531372, 0.1047213077545166]], "brockpiece21": [[0.0770808607339859, 0.03099977970123291, -0.9851245880126953], [2.3714208602905273, 8.270845413208008, 157.6119384765625], [0.15945503115653992, 1.6952928304672241, 0.277337908744812]], "brockpiece22": [[-0.25491786003112793, -1.710341453552246, -6.583408355712891], [140.3753204345703, 1.4184067249298096, -46.91238784790039], [0.5310609936714172, 1.9953807592391968, -0.3219248354434967]], "brockpiece23": [[0.12996359169483185, -0.43074512481689453, -2.777822971343994], [-11.05195426940918, -19.253511428833008, -32.351139068603516], [-0.0681355819106102, 0.8056530356407166, -0.06759854406118393]], "brockpiece24": [[0.040928393602371216, 0.016834020614624023, -2.6928062438964844], [-19.529239654541016, -3.946864604949951, -40.297969818115234], [-0.3838520646095276, 0.746596097946167, 0.4647919237613678]], "brockpiece25": [[-0.2848879098892212, 0.22515040636062622, -2.483358383178711], [-6.437309265136719, -3.290323495864868, -0.545654833316803], [-1.032001256942749, 0.5244100093841553, 0.6970614790916443]], "brockpiece26": [[-0.4668523967266083, -0.3922123312950134, -1.6207809448242188], [88.32592010498047, -51.67279052734375, 14.03051471710205], [-0.012171115726232529, 0.7901149392127991, 0.14576949179172516]], "brockpiece27": [[-0.25958943367004395, -0.6558533906936646, -2.9118900299072266], [4.562449932098389, -8.434160232543945, -133.30918884277344], [-0.029545554891228676, 0.7074200510978699, -0.5648927092552185]], "brockpiece28": [[-1.1317832469940186, -0.8274433016777039, -1.7548998594284058], [35.700592041015625, -26.50162124633789, 144.27528381347656], [-0.05280172452330589, 0.875779390335083, 0.7411666512489319]], "brockpiece29": [[0.06937232613563538, -0.26899003982543945, -2.668386220932007], [-15.030523300170898, -2.074648380279541, -6.16514253616333], [-0.1528574824333191, 0.604702889919281, -0.03537474945187569]], "brockpiece30": [[0.04443293809890747, -0.30293160676956177, -2.575652599334717], [-13.255645751953125, -6.111240863800049, -13.555648803710938], [-0.212638720870018, 0.5194345116615295, -0.6746488809585571]], "brockpiece31": [[-0.024866193532943726, -0.04839515686035156, -2.5882818698883057], [-13.255619049072266, -6.111270427703857, -13.555764198303223], [-0.3032321333885193, 0.4032418727874756, 0.2416532039642334]], "brockpiece32": [[0.04596001282334328, -0.1368589997291565, -2.3942487239837646], [35.76036071777344, 22.977638244628906, 148.59478759765625], [-0.014846060425043106, 0.7332823276519775, -0.067598357796669]], "brockpiece33": [[-0.16497772932052612, -0.0002512633800506592, -1.3576749563217163], [0.002237216802313924, -3.385477066040039, 0.0023746476508677006], [-0.07364655286073685, 0.3388040363788605, 0.1644446849822998]], "brockpiece34": [[-0.04495001956820488, 0.008930742740631104, -1.2542061805725098], [-1.2548303604125977, -7.493078708648682, -0.08115331083536148], [-0.040006935596466064, 0.3192813992500305, -0.5479322671890259]], "brockpiece35": [[0.004171945154666901, -0.06723707914352417, -1.5131036043167114], [-20.554697036743164, 6.200830936431885, 33.27171325683594], [0.03971529006958008, 0.7414476275444031, -0.4923132658004761]], "brockpiece36": [[-0.02814064361155033, -0.12248259782791138, -1.3098359107971191], [-10.75724983215332, -22.58759117126465, -138.802978515625], [0.04695548489689827, 0.8178877234458923, 0.2522242069244385]], "brockpiece37": [[-1.1258139610290527, -0.8648939728736877, -2.314108371734619], [-163.44960021972656, 28.03936767578125, 6.174010753631592], [0.018796933814883232, 0.8953180909156799, 0.6815259456634521]],