{"brockpiece0": [[-1.77137553691864e-05, 6.794929504394531e-06, 0.00010457634925842285], [0.0002109354973072186, 2.921507621067576e-05, 1.3660383046953939e-05], [-0.04771063104271889, 0.8072485327720642, -0.47105833888053894]], "brockpiece1": [[-1.5243887901306152e-05, 7.510185241699219e-06, 0.00010478496551513672], [0.0002125896862708032, 2.2411566533264704e-05, -4.439624535734765e-05], [-0.060903601348400116, 0.894946277141571, 0.4562895596027374]], "brockpiece2": [[-1.780688762664795e-05, 6.67572021484375e-06, 0.00010454654693603516], [0.00020981495617888868, 2.5079609258682467e-05, -2.902831147366669e-05], [-0.1568758189678192, 0.8655882477760315, -0.5483085513114929]], "brockpiece3": [[-1.5497207641601562e-05, 7.68899917602539e-06, 0.00010511279106140137], [0.0002132300433004275, 2.785437391139567e-05, -1.5367930245702155e-05], [-0.22012151777744293, 0.9278489947319031, 0.3253736197948456]], "brockpiece4": [[-1.5109777450561523e-05, 7.748603820800781e-06, 0.0001062154769897461], [0.00016733966185711324, 4.685084422817454e-05, -1.0245286830468103e-05], [-0.4135969281196594, 0.9918517470359802, 0.46200042963027954]], "brockpiece5": [[-1.722574234008789e-05, 7.3909759521484375e-06, 0.00010570883750915527], [0.0002130165958078578, 2.7107322239317e-05, -1.3660381227964535e-05], [-0.436776340007782, 0.9646992683410645, -0.3259457051753998]], "brockpiece6": [[-1.6532838344573975e-05, 7.092952728271484e-06, 0.00010464340448379517], [0.00020776719611603767, 5.3841118642594665e-05, 2.7320766093907878e-05], [-0.01387631893157959, 0.9064578413963318, -0.06759907305240631]], "brockpiece7": [[-1.7238780856132507e-05, 6.318092346191406e-06, 0.0001043081283569336], [0.00020725362992379814, 3.0308974601211958e-05, -9.818400940275751e-06], [-0.016788214445114136, 1.2991664409637451, -0.5754176378250122]], "brockpiece8": [[-1.5363097190856934e-05, 6.556510925292969e-06, 0.00010465085506439209], [0.0002215543354395777, 1.1099061339336913e-05, 0.00016221706755459309], [-0.10184786468744278, 1.4046438932418823, 0.10018877685070038]], "brockpiece9": [[-1.5307217836380005e-05, 7.3909759521484375e-06, 0.0001048743724822998], [0.00021072204981464893, 3.5004730307264253e-05, 2.3905669877422042e-05], [0.009604007937014103, 0.8276886940002441, 0.4656519293785095]], "brockpiece10": [[6.0362741351127625e-05, -0.00016450881958007812, 0.00010687112808227539], [0.009481800720095634, -0.002093880670145154, 0.030437041074037552], [0.026453230530023575, 0.7262305021286011, -0.09866398572921753]], "brockpiece11": [[-1.8300488591194153e-05, 6.4373016357421875e-06, 0.00010454654693603516], [0.0002003767731366679, 2.630690869409591e-05, -1.0245288649457507e-05], [0.023447148501873016, 0.6883174180984497, -0.6239317655563354]], "brockpiece12": [[-1.6987323760986328e-05, 6.556510925292969e-06, 0.00010482221841812134], [0.0002130165958078578, 2.475944347679615e-05, -3.756605292437598e-05], [0.057196881622076035, 0.6268966794013977, -0.06759794801473618]], "brockpiece13": [[-1.9058585166931152e-05, 6.139278411865234e-06, 0.0001049041748046875], [0.0002137636620318517, 2.9028313292656094e-05, -1.1099063158326317e-05], [0.10751569271087646, 0.33034080266952515, -0.6997447609901428]], "brockpiece14": [[-1.730024814605713e-05, 6.735324859619141e-06, 0.00010471045970916748], [0.00019043828069698066, 2.486616540409159e-05, -1.1952833119721618e-05], [0.1765923947095871, 0.3738964796066284, -0.06937721371650696]], "brockpiece15": [[5.537271499633789e-05, -0.00022864341735839844, 0.0001636296510696411], [-0.0021215216256678104, 0.004064177628606558, -0.0059747109189629555], [0.32439151406288147, 0.17386914789676666, 0.1606941819190979]], "brockpiece16": [[4.3645501136779785e-05, -0.0002241283655166626, 5.581974983215332e-05], [0.0011461914982646704, -0.0022679436951875687, 0.008080116473138332], [0.2422737032175064, 0.13469432294368744, -0.2985038757324219]], "brockpiece17": [[-1.666322350502014e-05, 7.033348083496094e-06, 0.00010458379983901978], [0.00020298475283198059, -8.857904322212562e-05, -0.0007923021912574768], [0.05579742044210434, 0.8304786086082458, -0.06759888678789139]], "brockpiece18": [[-1.4901161193847656e-05, 6.198883056640625e-06, 0.00010246038436889648], [0.0002629623340908438, -6.83019170537591e-05, 0.00031077372841537], [0.7751116156578064, 1.1647822856903076, 0.4550911784172058]], "brockpiece19": [[-1.8656253814697266e-05, 6.258487701416016e-06, 0.00010472536087036133], [0.000226677002501674, -2.646699249453377e-05, 0.0003654152387753129], [0.04745550453662872, 0.8352649807929993, -0.8555060029029846]], "brockpiece20": [[-1.6108155250549316e-05, 7.152557373046875e-06, 0.00010467320680618286], [0.00023830965801607817, -8.793871529633179e-05, -0.0008008398581296206], [0.0324799083173275, 0.8903895616531372, 0.1047213077545166]], "brockpiece21": [[-1.4469027519226074e-05, 7.152557373046875e-06, 0.00010347366333007812], [8.804544449958485e-06, 0.00020789395784959197, 0.0002604010805953294], [0.15945503115653992, 1.6952928304672241, 0.277337908744812]], "brockpiece22": [[-1.5437602996826172e-05, 7.271766662597656e-06, 0.00010272860527038574], [0.00021045526955276728, 2.3905669877422042e-05, -1.1952834938711021e-05], [0.5310609936714172, 1.9953807592391968, -0.3219248354434967]], "brockpiece23": [[-1.668184995651245e-05, 6.854534149169922e-06, 0.00010488182306289673], [0.00021643169748131186, 1.7075479263439775e-05, -0.0002646699140314013], [-0.0681355819106102, 0.8056530356407166, -0.06759854406118393]], "brockpiece24": [[-1.5348196029663086e-05, 8.165836334228516e-06, 0.00010636448860168457], [0.00021088216453790665, 2.8174539693281986e-05, -1.3660383046953939e-05], [-0.3838520646095276, 0.746596097946167, 0.4647919237613678]], "brockpiece25": [[-1.52587890625e-05, 9.238719940185547e-06, 0.0001074671745300293], [0.00020319814211688936, 2.3905669877422042e-05, 4.268869361112593e-06], [-1.032001256942749, 0.5244100093841553, 0.6970614790916443]], "brockpiece26": [[-1.61854550242424e-05, 7.212162017822266e-06, 0.00010472536087036133], [0.0002024911664193496, 3.2683532481314614e-05, -1.0245288649457507e-05], [-0.012171115726232529, 0.7901149392127991, 0.14576949179172516]], "brockpiece27": [[-1.8110498785972595e-05, 6.258487701416016e-06, 0.00010478496551513672], [0.00021253636805340648, 2.7961095838691108e-05, -8.537739631719887e-06], [-0.029545554891228676, 0.7074200510978699, -0.5648927092552185]], "brockpiece28": [[-1.4543533325195312e-05, 7.748603820800781e-06, 0.00010496377944946289], [0.00024076424597296864, 1.5367930245702155e-05, 6.8301915234769695e-06], [-0.05280172452330589, 0.875779390335083, 0.7411666512489319]], "brockpiece29": [[-1.6883015632629395e-05, 7.212162017822266e-06, 0.00010534748435020447], [0.00021002840367145836, 3.92736001231242e-05, 9.220758511219174e-05], [-0.1528574824333191, 0.604702889919281, -0.03537474945187569]], "brockpiece30": [[-1.868605613708496e-05, 6.794929504394531e-06, 0.00010579824447631836], [0.00021216284949332476, 2.475944347679615e-05, -1.3660384865943342e-05], [-0.212638720870018, 0.5194345116615295, -0.6746488809585571]], "brockpiece31": [[-1.65402889251709e-05, 7.718801498413086e-06, 0.0001058429479598999], [0.00022422238544095308, 2.9882088711019605e-05, -0.00012379721738398075], [-0.3032321333885193, 0.4032418727874756, 0.2416532039642334]], "brockpiece32": [[-1.6811303794384003e-05, 6.616115570068359e-06, 0.00010480731725692749], [0.00019674820941872895, 0.00010821584874065593, 0.0002522901340853423], [-0.014846060425043106, 0.7332823276519775, -0.067598357796669]], "brockpiece33": [[-1.6830861568450928e-05, 7.331371307373047e-06, 0.00010541081428527832], [0.00021005507733207196, 1.131250428443309e-05, -7.129011646611616e-05], [-0.07364655286073685, 0.3388040363788605, 0.1644446849822998]], "brockpiece34": [[-1.866370439529419e-05, 6.556510925292969e-06, 0.00010532140731811523], [0.00021472414664458483, 3.0308974601211958e-05, -6.403303814295214e-06], [-0.040006935596466064, 0.3192813992500305, -0.5479322671890259]],