{"brockpiece0": [[-0.16525185108184814, -0.7210636138916016, -3.3027162551879883], [98.85576629638672, -67.14932250976562, 84.9581298828125], [-0.04771063104271889, 0.8072485327720642, -0.47105833888053894]], "brockpiece1": [[0.13506552577018738, -0.25289803743362427, -3.0693273544311523], [13.18938159942627, 46.036529541015625, 115.27272033691406], [-0.060903601348400116, 0.894946277141571, 0.4562895596027374]], "brockpiece2": [[0.5549011826515198, -0.7332895398139954, -3.6720383167266846], [17.225013732910156, 20.884565353393555, 56.1409797668457], [-0.1568758189678192, 0.8655882477760315, -0.5483085513114929]], "brockpiece3": [[0.2181774526834488, -0.40527135133743286, -3.141453504562378], [-28.175643920898438, 3.8716561794281006, 13.74645709991455], [-0.22012151777744293, 0.9278489947319031, 0.3253736197948456]], "brockpiece4": [[0.2350941151380539, -0.018222272396087646, -2.7618160247802734], [-11.945475578308105, 15.33512020111084, -43.741004943847656], [-0.4135969281196594, 0.9918517470359802, 0.46200042963027954]], "brockpiece5": [[-0.07558774948120117, 0.06830030679702759, -2.4747397899627686], [-7.465717792510986, 8.750723838806152, -0.16564296185970306], [-0.436776340007782, 0.9646992683410645, -0.3259457051753998]], "brockpiece6": [[0.38293904066085815, -0.8040062189102173, -3.7230749130249023], [-38.49179458618164, 22.949729919433594, -74.54623413085938], [-0.01387631893157959, 0.9064578413963318, -0.06759907305240631]], "brockpiece7": [[0.957246720790863, -1.1556572914123535, -4.185012340545654], [-161.32318115234375, 5.17391300201416, -106.79484558105469], [-0.016788214445114136, 1.2991664409637451, -0.5754176378250122]], "brockpiece8": [[1.5810738801956177, -1.0593631267547607, -5.185887336730957], [-150.9402313232422, 20.627140045166016, -117.64434051513672], [-0.10184786468744278, 1.4046438932418823, 0.10018877685070038]], "brockpiece9": [[-1.1574004888534546, -0.6593537330627441, -1.867358922958374], [-9.989252090454102, 6.8549699783325195, 84.39591979980469], [0.009604007937014103, 0.8276886940002441, 0.4656519293785095]], "brockpiece10": [[0.0568392276763916, -0.25929388403892517, -1.3373830318450928], [12.495553970336914, 4.2985663414001465, 177.2781219482422], [0.026453230530023575, 0.7262305021286011, -0.09866398572921753]], "brockpiece11": [[-0.04206949472427368, -0.616696834564209, -2.086423635482788], [19.322782516479492, -11.586190223693848, -56.829498291015625], [0.023447148501873016, 0.6883174180984497, -0.6239317655563354]], "brockpiece12": [[-0.007777627557516098, -0.14871147274971008, -1.3816242218017578], [-5.182292938232422, -8.624712944030762, 6.747201919555664], [0.057196881622076035, 0.6268966794013977, -0.06759794801473618]], "brockpiece13": [[-0.03501403331756592, -0.13036496937274933, -0.9437398910522461], [-14.96480655670166, -11.578930854797363, 1.7148410081863403], [0.10751569271087646, 0.33034080266952515, -0.6997447609901428]], "brockpiece14": [[-0.09288191795349121, -0.05394715070724487, -0.9690305590629578], [-0.04543561115860939, -9.709129333496094, -7.808250427246094], [0.1765923947095871, 0.3738964796066284, -0.06937721371650696]], "brockpiece15": [[-0.034420281648635864, -0.0012256801128387451, -0.07621458917856216], [-0.644737720489502, 2.4154951572418213, 2.4053802490234375], [0.32439151406288147, 0.17386914789676666, 0.1606941819190979]], "brockpiece16": [[-0.12168998271226883, -0.0006697177886962891, -0.31769755482673645], [0.03487595170736313, -9.676351547241211, -0.19613128900527954], [0.2422737032175064, 0.13469432294368744, -0.2985038757324219]], "brockpiece17": [[0.07169374078512192, 0.060710787773132324, -0.9351575970649719], [-3.5883708000183105, -3.0715157985687256, 11.412758827209473], [0.05579742044210434, 0.8304786086082458, -0.06759888678789139]], "brockpiece18": [[0.053053081035614014, 0.00849294662475586, -0.9401162266731262], [0.03611789643764496, -4.3133063316345215, -0.14794278144836426], [0.7751116156578064, 1.1647822856903076, 0.4550911784172058]], "brockpiece19": [[0.6075929999351501, -0.7610039710998535, -3.1624231338500977], [-122.45964813232422, 12.699190139770508, -96.87129211425781], [0.04745550453662872, 0.8352649807929993, -0.8555060029029846]], "brockpiece20": [[0.11632389575242996, -0.16123342514038086, -2.287734031677246], [-12.207584381103516, -6.713866710662842, -16.401399612426758], [0.0324799083173275, 0.8903895616531372, 0.1047213077545166]], "brockpiece21": [[0.06951506435871124, 0.010155677795410156, -0.9855872988700867], [0.036210786551237106, -4.313072681427002, -0.14773380756378174], [0.15945503115653992, 1.6952928304672241, 0.277337908744812]], "brockpiece22": [[-0.2776792645454407, -1.7338271141052246, -6.555350303649902], [144.6059112548828, 5.499727725982666, -41.15358352661133], [0.5310609936714172, 1.9953807592391968, -0.3219248354434967]], "brockpiece23": [[0.14329594373703003, -0.4524238109588623, -2.80997633934021], [-26.268577575683594, 1.7474347352981567, 16.36355209350586], [-0.0681355819106102, 0.8056530356407166, -0.06759854406118393]], "brockpiece24": [[0.043790191411972046, -0.04917639493942261, -2.660276412963867], [-17.53938102722168, -1.1275341510772705, -39.48942565917969], [-0.3838520646095276, 0.746596097946167, 0.4647919237613678]], "brockpiece25": [[-0.275195837020874, 0.10449039936065674, -2.4373321533203125], [-2.509047269821167, -2.508578062057495, -0.8682876229286194], [-1.032001256942749, 0.5244100093841553, 0.6970614790916443]], "brockpiece26": [[-0.7754497528076172, -0.640588641166687, -1.5084677934646606], [18.83604621887207, 55.01153564453125, 50.968780517578125], [-0.012171115726232529, 0.7901149392127991, 0.14576949179172516]], "brockpiece27": [[-0.2885473370552063, -0.6520658731460571, -2.910412549972534], [1.6336286067962646, 5.224354267120361, -90.71443939208984], [-0.029545554891228676, 0.7074200510978699, -0.5648927092552185]], "brockpiece28": [[-1.1669083833694458, -0.7275044918060303, -1.6744399070739746], [27.296504974365234, 22.268112182617188, -1.5562705993652344], [-0.05280172452330589, 0.875779390335083, 0.7411666512489319]], "brockpiece29": [[0.051638878881931305, -0.31299036741256714, -2.6641013622283936], [-11.690801620483398, -4.277069568634033, -13.618473052978516], [-0.1528574824333191, 0.604702889919281, -0.03537474945187569]], "brockpiece30": [[0.037255480885505676, -0.3087681531906128, -2.5674185752868652], [-12.304511070251465, -6.043093681335449, -11.093024253845215], [-0.212638720870018, 0.5194345116615295, -0.6746488809585571]], "brockpiece31": [[-0.03987440466880798, -0.07638216018676758, -2.5783469676971436], [-12.304494857788086, -6.0431084632873535, -11.093110084533691], [-0.3032321333885193, 0.4032418727874756, 0.2416532039642334]], "brockpiece32": [[0.00682265218347311, -0.14389312267303467, -2.401840925216675], [41.16427993774414, 7.624608516693115, 178.63467407226562], [-0.014846060425043106, 0.7332823276519775, -0.067598357796669]], "brockpiece33": [[-0.17209486663341522, 0.00037020444869995117, -1.3507378101348877], [-0.026979826390743256, -4.263487339019775, 0.32641446590423584], [-0.07364655286073685, 0.3388040363788605, 0.1644446849822998]], "brockpiece34": [[-0.05098606273531914, 0.008288800716400146, -1.2528798580169678], [-1.1529133319854736, -7.800351142883301, 0.09810269623994827], [-0.040006935596466064, 0.3192813992500305, -0.5479322671890259]], "brockpiece35": [[-0.01398385502398014, -0.10314828157424927, -1.4984865188598633], [-15.159140586853027, 2.47169828414917, 50.1812744140625], [0.03971529006958008, 0.7414476275444031, -0.4923132658004761]], "brockpiece36": [[-0.03809972479939461, -0.1369144320487976, -1.3040579557418823], [-14.60881519317627, -23.502120971679688, -149.06536865234375], [0.04695548489689827, 0.8178877234458923, 0.2522242069244385]], "brockpiece37": [[-1.1303445100784302, -0.8641385436058044, -2.308549165725708], [-154.58712768554688, 28.523141860961914, 16.075531005859375], [0.018796933814883232, 0.8953180909156799, 0.6815259456634521]],