{"brockpiece0": [[-0.16066887974739075, -0.7279109954833984, -3.2603096961975098], [-105.00994873046875, -82.16276550292969, -73.7548599243164], [-0.04771063104271889, 0.8072485327720642, -0.47105833888053894]], "brockpiece1": [[0.15931440889835358, -0.24772918224334717, -3.0482912063598633], [1.686659336090088, 46.65256118774414, 97.91730499267578], [-0.060903601348400116, 0.894946277141571, 0.4562895596027374]], "brockpiece2": [[0.45773130655288696, -0.6795464754104614, -3.544156312942505], [13.07479190826416, -32.25759506225586, 142.22698974609375], [-0.1568758189678192, 0.8655882477760315, -0.5483085513114929]], "brockpiece3": [[0.23087891936302185, -0.385512113571167, -3.1066582202911377], [-27.44065284729004, 5.658310413360596, 18.431230545043945], [-0.22012151777744293, 0.9278489947319031, 0.3253736197948456]], "brockpiece4": [[0.22775515913963318, 0.007983744144439697, -2.7782955169677734], [-12.008780479431152, 17.18690299987793, -48.386871337890625], [-0.4135969281196594, 0.9918517470359802, 0.46200042963027954]], "brockpiece5": [[-0.08357840776443481, 0.0813409686088562, -2.5014286041259766], [-8.590841293334961, 9.023456573486328, 1.0079922676086426], [-0.436776340007782, 0.9646992683410645, -0.3259457051753998]], "brockpiece6": [[0.3566654920578003, -0.731302797794342, -3.6832563877105713], [-20.525272369384766, -38.949310302734375, -140.75111389160156], [-0.01387631893157959, 0.9064578413963318, -0.06759907305240631]], "brockpiece7": [[0.9454007744789124, -1.153358817100525, -4.194206237792969], [-159.45098876953125, 1.7227288484573364, -103.10535430908203], [-0.016788214445114136, 1.2991664409637451, -0.5754176378250122]], "brockpiece8": [[1.587467074394226, -1.0308897495269775, -5.1688032150268555], [-149.7376708984375, 27.72024917602539, -117.42681121826172], [-0.10184786468744278, 1.4046438932418823, 0.10018877685070038]], "brockpiece9": [[-1.1513984203338623, -0.6997336149215698, -1.8782246112823486], [-9.497940063476562, -5.095030307769775, 91.28138732910156], [0.009604007937014103, 0.8276886940002441, 0.4656519293785095]], "brockpiece10": [[0.0684945210814476, -0.2632424533367157, -1.3456909656524658], [13.458992004394531, 4.789568901062012, 172.5429229736328], [0.026453230530023575, 0.7262305021286011, -0.09866398572921753]], "brockpiece11": [[0.0022280607372522354, -0.6130989789962769, -2.076254367828369], [23.16673469543457, 0.1394188553094864, -96.52713012695312], [0.023447148501873016, 0.6883174180984497, -0.6239317655563354]], "brockpiece12": [[0.0014812424778938293, -0.1507270336151123, -1.3916659355163574], [-5.422358989715576, -7.946357727050781, 8.473260879516602], [0.057196881622076035, 0.6268966794013977, -0.06759794801473618]], "brockpiece13": [[-0.029078975319862366, -0.13551317155361176, -0.9461582899093628], [-16.1545352935791, -10.537125587463379, 2.6657891273498535], [0.10751569271087646, 0.33034080266952515, -0.6997447609901428]], "brockpiece14": [[-0.08001197129487991, -0.057709723711013794, -0.985853374004364], [0.06568679213523865, -9.65698528289795, -7.57528018951416], [0.1765923947095871, 0.3738964796066284, -0.06937721371650696]], "brockpiece15": [[-0.023382514715194702, -0.00030975043773651123, -0.07166015356779099], [-0.16664960980415344, 1.6177150011062622, 0.6064172983169556], [0.32439151406288147, 0.17386914789676666, 0.1606941819190979]], "brockpiece16": [[-0.14688123762607574, -0.0012637078762054443, -0.3317209780216217], [-0.045998215675354004, -13.250495910644531, 0.21787145733833313], [0.2422737032175064, 0.13469432294368744, -0.2985038757324219]], "brockpiece17": [[0.06601323187351227, 0.07696419954299927, -0.9309161901473999], [-4.5991435050964355, -2.615844964981079, 13.863948822021484], [0.05579742044210434, 0.8304786086082458, -0.06759888678789139]], "brockpiece18": [[0.052200257778167725, 0.014308810234069824, -0.9183771014213562], [0.3248782753944397, -4.033027648925781, -0.2088059037923813], [0.7751116156578064, 1.1647822856903076, 0.4550911784172058]], "brockpiece19": [[0.6062774658203125, -0.7617780566215515, -3.1553683280944824], [-129.24525451660156, 12.42691421508789, -99.1307144165039], [0.04745550453662872, 0.8352649807929993, -0.8555060029029846]], "brockpiece20": [[0.11138380318880081, -0.1670798659324646, -2.283062696456909], [-10.16927433013916, -12.816025733947754, -29.090970993041992], [0.0324799083173275, 0.8903895616531372, 0.1047213077545166]], "brockpiece21": [[0.06795555353164673, 0.017496705055236816, -0.9582366347312927], [2.640292167663574, 7.923980236053467, 157.83912658691406], [0.15945503115653992, 1.6952928304672241, 0.277337908744812]], "brockpiece22": [[-0.25773540139198303, -1.713921308517456, -6.578637599945068], [141.04966735839844, 2.125870943069458, -45.96855926513672], [0.5310609936714172, 1.9953807592391968, -0.3219248354434967]], "brockpiece23": [[0.14867472648620605, -0.44157910346984863, -2.794400453567505], [-24.85883140563965, 0.21144698560237885, 11.859641075134277], [-0.0681355819106102, 0.8056530356407166, -0.06759854406118393]], "brockpiece24": [[0.042398273944854736, -0.027592778205871582, -2.673352003097534], [-17.23563575744629, -2.422477960586548, -41.248085021972656], [-0.3838520646095276, 0.746596097946167, 0.4647919237613678]], "brockpiece25": [[-0.28177642822265625, 0.16918790340423584, -2.461198568344116], [-4.708766937255859, -2.795555591583252, -0.8003250956535339], [-1.032001256942749, 0.5244100093841553, 0.6970614790916443]], "brockpiece26": [[-0.6523327827453613, -0.6679807901382446, -1.6176544427871704], [-85.81198120117188, -5.109198093414307, -113.21333312988281], [-0.012171115726232529, 0.7901149392127991, 0.14576949179172516]], "brockpiece27": [[-0.2770545780658722, -0.6639854907989502, -2.9190831184387207], [2.8738930225372314, -5.779500484466553, -115.88188934326172], [-0.029545554891228676, 0.7074200510978699, -0.5648927092552185]], "brockpiece28": [[-1.1856167316436768, -0.839349627494812, -1.7114300727844238], [-15.035487174987793, 11.191243171691895, -113.54109954833984], [-0.05280172452330589, 0.875779390335083, 0.7411666512489319]], "brockpiece29": [[0.056118786334991455, -0.29182425141334534, -2.6704461574554443], [-11.858843803405762, -3.265247106552124, -11.813167572021484], [-0.1528574824333191, 0.604702889919281, -0.03537474945187569]], "brockpiece30": [[0.04000324010848999, -0.3056524395942688, -2.575572967529297], [-13.131850242614746, -6.039799690246582, -11.192439079284668], [-0.212638720870018, 0.5194345116615295, -0.6746488809585571]], "brockpiece31": [[-0.03416532278060913, -0.059988200664520264, -2.5877606868743896], [-13.1318359375, -6.039826393127441, -11.192537307739258], [-0.3032321333885193, 0.4032418727874756, 0.2416532039642334]], "brockpiece32": [[0.02331032231450081, -0.13898682594299316, -2.4020326137542725], [39.752742767333984, 14.608657836914062, 167.04286193847656], [-0.014846060425043106, 0.7332823276519775, -0.067598357796669]], "brockpiece33": [[-0.1668894737958908, 0.00016507506370544434, -1.3554370403289795], [-0.014970729127526283, -3.8452000617980957, 0.21381214261054993], [-0.07364655286073685, 0.3388040363788605, 0.1644446849822998]], "brockpiece34": [[-0.0471741147339344, 0.008424162864685059, -1.254004955291748], [-1.185255765914917, -7.474836826324463, -0.026257045567035675], [-0.040006935596466064, 0.3192813992500305, -0.5479322671890259]], "brockpiece35": [[-0.01863011159002781, -0.08754271268844604, -1.4995121955871582], [-17.727949142456055, 3.277024507522583, 46.55998992919922], [0.03971529006958008, 0.7414476275444031, -0.4923132658004761]], "brockpiece36": [[-0.03587719053030014, -0.12711477279663086, -1.3011236190795898], [-12.875847816467285, -21.612468719482422, -141.49301147460938], [0.04695548489689827, 0.8178877234458923, 0.2522242069244385]], "brockpiece37": [[-1.1258490085601807, -0.8645092844963074, -2.3151698112487793], [-160.05348205566406, 29.936199188232422, 10.9324369430542], [0.018796933814883232, 0.8953180909156799, 0.6815259456634521]],