{"brockpiece0": [[-0.16414105892181396, -0.723605215549469, -3.2891945838928223], [102.45855712890625, -76.19770050048828, 80.78368377685547], [-0.04771063104271889, 0.8072485327720642, -0.47105833888053894]], "brockpiece1": [[0.13663126528263092, -0.2449430227279663, -3.06162166595459], [10.382074356079102, 46.31011199951172, 111.19428253173828], [-0.060903601348400116, 0.894946277141571, 0.4562895596027374]], "brockpiece2": [[0.5438082814216614, -0.7301027178764343, -3.6592633724212646], [26.191085815429688, 12.294610977172852, 80.59709167480469], [-0.1568758189678192, 0.8655882477760315, -0.5483085513114929]], "brockpiece3": [[0.2200227528810501, -0.39923936128616333, -3.131077766418457], [-28.502721786499023, 2.4941892623901367, 12.164527893066406], [-0.22012151777744293, 0.9278489947319031, 0.3253736197948456]], "brockpiece4": [[0.2352217733860016, -0.011956512928009033, -2.766873598098755], [-11.903865814208984, 16.00444221496582, -44.1599235534668], [-0.4135969281196594, 0.9918517470359802, 0.46200042963027954]], "brockpiece5": [[-0.0771370530128479, 0.07259553670883179, -2.4808735847473145], [-7.852399826049805, 9.1183443069458, 0.9819073677062988], [-0.436776340007782, 0.9646992683410645, -0.3259457051753998]], "brockpiece6": [[0.3672075867652893, -0.7904137969017029, -3.7084603309631348], [-42.501007080078125, 7.1763787269592285, -88.11397552490234], [-0.01387631893157959, 0.9064578413963318, -0.06759907305240631]], "brockpiece7": [[0.9615858793258667, -1.1450810432434082, -4.184965133666992], [-161.42074584960938, 5.640782833099365, -108.57674407958984], [-0.016788214445114136, 1.2991664409637451, -0.5754176378250122]], "brockpiece8": [[1.5890071392059326, -1.0552763938903809, -5.17188835144043], [-151.3326416015625, 23.779897689819336, -118.53816223144531], [-0.10184786468744278, 1.4046438932418823, 0.10018877685070038]], "brockpiece9": [[-1.1561295986175537, -0.6953135132789612, -1.8738933801651], [-9.663816452026367, -1.708361268043518, 91.80009460449219], [0.009604007937014103, 0.8276886940002441, 0.4656519293785095]], "brockpiece10": [[0.05882755666971207, -0.2553951144218445, -1.3393069505691528], [13.983978271484375, 4.579353332519531, 177.77291870117188], [0.026453230530023575, 0.7262305021286011, -0.09866398572921753]], "brockpiece11": [[-0.03158329427242279, -0.6110448837280273, -2.0775129795074463], [22.355072021484375, -5.328307151794434, -66.8050765991211], [0.023447148501873016, 0.6883174180984497, -0.6239317655563354]], "brockpiece12": [[-0.004701819270849228, -0.14932724833488464, -1.3848884105682373], [-5.079925060272217, -8.767674446105957, 6.286256790161133], [0.057196881622076035, 0.6268966794013977, -0.06759794801473618]], "brockpiece13": [[-0.032878220081329346, -0.13532418012619019, -0.9404493570327759], [-14.787888526916504, -11.915095329284668, 1.3286519050598145], [0.10751569271087646, 0.33034080266952515, -0.6997447609901428]], "brockpiece14": [[-0.0902855321764946, -0.054108768701553345, -0.97258061170578], [-0.5716691613197327, -9.755107879638672, -6.719091415405273], [0.1765923947095871, 0.3738964796066284, -0.06937721371650696]], "brockpiece15": [[-0.03311818838119507, -0.001054510474205017, -0.07489346712827682], [-0.5318952202796936, 2.334401845932007, 2.047137498855591], [0.32439151406288147, 0.17386914789676666, 0.1606941819190979]], "brockpiece16": [[-0.12298136949539185, 0.002047240734100342, -0.3179676830768585], [-0.2722705602645874, -10.143184661865234, 0.04388689622282982], [0.2422737032175064, 0.13469432294368744, -0.2985038757324219]], "brockpiece17": [[0.07260484248399734, 0.06863576173782349, -0.936102569103241], [-4.134439468383789, -2.7828121185302734, 12.075986862182617], [0.05579742044210434, 0.8304786086082458, -0.06759888678789139]], "brockpiece18": [[0.0542912483215332, 0.01239001750946045, -0.9374353885650635], [-0.02584974467754364, -4.24442195892334, -0.20859970152378082], [0.7751116156578064, 1.1647822856903076, 0.4550911784172058]], "brockpiece19": [[0.60956871509552, -0.7601072788238525, -3.1595377922058105], [-124.62289428710938, 12.0026273727417, -98.06563568115234], [0.04745550453662872, 0.8352649807929993, -0.8555060029029846]], "brockpiece20": [[0.11522487550973892, -0.164445698261261, -2.2875468730926514], [-12.469086647033691, -6.88429069519043, -16.8846378326416], [0.0324799083173275, 0.8903895616531372, 0.1047213077545166]], "brockpiece21": [[0.07109062373638153, 0.014496207237243652, -0.9827550053596497], [2.3928210735321045, 8.250636100769043, 157.8480682373047], [0.15945503115653992, 1.6952928304672241, 0.277337908744812]], "brockpiece22": [[-0.2701801061630249, -1.7259588241577148, -6.5639214515686035], [143.23031616210938, 4.263298511505127, -42.9954948425293], [0.5310609936714172, 1.9953807592391968, -0.3219248354434967]], "brockpiece23": [[0.14640240371227264, -0.4482707381248474, -2.801786184310913], [-26.55137825012207, 1.0860893726348877, 16.700590133666992], [-0.0681355819106102, 0.8056530356407166, -0.06759854406118393]], "brockpiece24": [[0.046869903802871704, -0.04320204257965088, -2.662121534347534], [-17.470888137817383, -1.4418212175369263, -40.1976318359375], [-0.3838520646095276, 0.746596097946167, 0.4647919237613678]], "brockpiece25": [[-0.27730512619018555, 0.12416636943817139, -2.443711757659912], [-3.007176637649536, -2.637615919113159, -0.8609158992767334], [-1.032001256942749, 0.5244100093841553, 0.6970614790916443]], "brockpiece26": [[-0.7272579073905945, -0.6611601114273071, -1.5640491247177124], [-33.045806884765625, 61.341007232666016, -16.757741928100586], [-0.012171115726232529, 0.7901149392127991, 0.14576949179172516]], "brockpiece27": [[-0.28641536831855774, -0.6488787531852722, -2.9102282524108887], [0.6813063025474548, 5.013781547546387, -99.63256072998047], [-0.029545554891228676, 0.7074200510978699, -0.5648927092552185]], "brockpiece28": [[-1.1559019088745117, -0.7553484439849854, -1.6894863843917847], [17.948972702026367, 32.104469299316406, -32.26060485839844], [-0.05280172452330589, 0.875779390335083, 0.7411666512489319]], "brockpiece29": [[0.05402068793773651, -0.3122633397579193, -2.6648755073547363], [-11.972541809082031, -4.1540398597717285, -13.726829528808594], [-0.1528574824333191, 0.604702889919281, -0.03537474945187569]], "brockpiece30": [[0.03721344470977783, -0.3080960810184479, -2.569436550140381], [-12.457491874694824, -5.990332126617432, -11.60716438293457], [-0.212638720870018, 0.5194345116615295, -0.6746488809585571]], "brockpiece31": [[-0.037533700466156006, -0.07197621464729309, -2.5804128646850586], [-12.457476615905762, -5.990351676940918, -11.607259750366211], [-0.3032321333885193, 0.4032418727874756, 0.2416532039642334]], "brockpiece32": [[0.009024901315569878, -0.1434059739112854, -2.3997204303741455], [41.19889831542969, 7.489673614501953, 178.5630340576172], [-0.014846060425043106, 0.7332823276519775, -0.067598357796669]], "brockpiece33": [[-0.17088228464126587, 0.00038430094718933105, -1.3517494201660156], [-0.018936611711978912, -4.127127170562744, 0.28642821311950684], [-0.07364655286073685, 0.3388040363788605, 0.1644446849822998]], "brockpiece34": [[-0.048928115516901016, 0.008044719696044922, -1.252382755279541], [-1.1427823305130005, -7.8437089920043945, -0.025541625916957855], [-0.040006935596466064, 0.3192813992500305, -0.5479322671890259]], "brockpiece35": [[-0.011081265285611153, -0.10242050886154175, -1.4991943836212158], [-15.515054702758789, 2.2881219387054443, 47.89196014404297], [0.03971529006958008, 0.7414476275444031, -0.4923132658004761]], "brockpiece36": [[-0.038697969168424606, -0.1319485902786255, -1.3041704893112183], [-13.084686279296875, -23.258434295654297, -148.1466064453125], [0.04695548489689827, 0.8178877234458923, 0.2522242069244385]], "brockpiece37": [[-1.1277272701263428, -0.8634447455406189, -2.3143393993377686], [-157.3460693359375, 29.98402214050293, 10.362788200378418], [0.018796933814883232, 0.8953180909156799, 0.6815259456634521]],