{"brockpiece0": [[-0.1636621654033661, -0.7252138257026672, -3.2828001976013184], [106.9022445678711, -80.54186248779297, 76.09221649169922], [-0.04771063104271889, 0.8072485327720642, -0.47105833888053894]], "brockpiece1": [[0.13662241399288177, -0.24167978763580322, -3.055870294570923], [8.675422668457031, 46.74364471435547, 108.25799560546875], [-0.060903601348400116, 0.894946277141571, 0.4562895596027374]], "brockpiece2": [[0.5398375988006592, -0.7442615032196045, -3.6490604877471924], [28.91787338256836, 5.875674724578857, 91.94668579101562], [-0.1568758189678192, 0.8655882477760315, -0.5483085513114929]], "brockpiece3": [[0.219448059797287, -0.39444202184677124, -3.125633716583252], [-28.651966094970703, 2.22294545173645, 12.334421157836914], [-0.22012151777744293, 0.9278489947319031, 0.3253736197948456]], "brockpiece4": [[0.23475022614002228, -0.00978076457977295, -2.7692575454711914], [-11.769302368164062, 16.39824867248535, -44.02421188354492], [-0.4135969281196594, 0.9918517470359802, 0.46200042963027954]], "brockpiece5": [[-0.07922893762588501, 0.07290118932723999, -2.4841933250427246], [-7.944195747375488, 9.030050277709961, 1.1182830333709717], [-0.436776340007782, 0.9646992683410645, -0.3259457051753998]], "brockpiece6": [[0.3550153970718384, -0.7817467451095581, -3.6993889808654785], [-42.684974670410156, -1.9850050210952759, -95.52789306640625], [-0.01387631893157959, 0.9064578413963318, -0.06759907305240631]], "brockpiece7": [[0.9618231654167175, -1.1440569162368774, -4.184986591339111], [-161.30325317382812, 6.094175338745117, -108.24315643310547], [-0.016788214445114136, 1.2991664409637451, -0.5754176378250122]], "brockpiece8": [[1.5930466651916504, -1.0503695011138916, -5.166786193847656], [-151.4418487548828, 25.124160766601562, -119.0385971069336], [-0.10184786468744278, 1.4046438932418823, 0.10018877685070038]], "brockpiece9": [[-1.1546971797943115, -0.7006675601005554, -1.8786687850952148], [-9.79488468170166, -4.198242664337158, 93.27371978759766], [0.009604007937014103, 0.8276886940002441, 0.4656519293785095]], "brockpiece10": [[0.05796714127063751, -0.25718697905540466, -1.340283989906311], [14.562948226928711, 4.9819231033325195, 177.49818420410156], [0.026453230530023575, 0.7262305021286011, -0.09866398572921753]], "brockpiece11": [[-0.026240425184369087, -0.6080833673477173, -2.0741543769836426], [23.121601104736328, -2.364245891571045, -71.89459991455078], [0.023447148501873016, 0.6883174180984497, -0.6239317655563354]], "brockpiece12": [[-0.004968870431184769, -0.15004944801330566, -1.3856674432754517], [-5.246599197387695, -8.691798210144043, 6.609740734100342], [0.057196881622076035, 0.6268966794013977, -0.06759794801473618]], "brockpiece13": [[-0.03353366255760193, -0.13486513495445251, -0.9412859678268433], [-15.620721817016602, -11.202811241149902, 1.7393771409988403], [0.10751569271087646, 0.33034080266952515, -0.6997447609901428]], "brockpiece14": [[-0.08842185884714127, -0.05445510149002075, -0.9746999144554138], [-0.5431274771690369, -9.525908470153809, -6.699764251708984], [0.1765923947095871, 0.3738964796066284, -0.06937721371650696]], "brockpiece15": [[-0.029083281755447388, -0.0008635073900222778, -0.07364259660243988], [-0.43984338641166687, 1.9347046613693237, 1.6714636087417603], [0.32439151406288147, 0.17386914789676666, 0.1606941819190979]], "brockpiece16": [[-0.12772426009178162, -9.882450103759766e-05, -0.3208036720752716], [-0.07746630162000656, -10.663702964782715, 0.019994040951132774], [0.2422737032175064, 0.13469432294368744, -0.2985038757324219]], "brockpiece17": [[0.07549189776182175, 0.06706732511520386, -0.938892662525177], [-4.168231010437012, -2.5345234870910645, 12.341609954833984], [0.05579742044210434, 0.8304786086082458, -0.06759888678789139]], "brockpiece18": [[0.0550006628036499, 0.012228250503540039, -0.9340413212776184], [-0.002311399672180414, -4.2010416984558105, -0.21574828028678894], [0.7751116156578064, 1.1647822856903076, 0.4550911784172058]], "brockpiece19": [[0.6100877523422241, -0.7616225481033325, -3.1554603576660156], [-126.58551025390625, 13.996681213378906, -98.41088104248047], [0.04745550453662872, 0.8352649807929993, -0.8555060029029846]], "brockpiece20": [[0.1132076159119606, -0.16775405406951904, -2.286073923110962], [-12.469344139099121, -7.7811479568481445, -19.054237365722656], [0.0324799083173275, 0.8903895616531372, 0.1047213077545166]], "brockpiece21": [[0.07168114185333252, 0.014483094215393066, -0.9786850810050964], [-0.0028507262468338013, -4.200821876525879, -0.21552567183971405], [0.15945503115653992, 1.6952928304672241, 0.277337908744812]], "brockpiece22": [[-0.2669731676578522, -1.722756266593933, -6.567624568939209], [142.66026306152344, 3.726238250732422, -43.76604461669922], [0.5310609936714172, 1.9953807592391968, -0.3219248354434967]], "brockpiece23": [[0.14710886776447296, -0.44589388370513916, -2.79693603515625], [-27.272274017333984, 0.9289646148681641, 17.2316951751709], [-0.0681355819106102, 0.8056530356407166, -0.06759854406118393]], "brockpiece24": [[0.04639706015586853, -0.040563881397247314, -2.665195941925049], [-17.420045852661133, -1.8076274394989014, -40.46654510498047], [-0.3838520646095276, 0.746596097946167, 0.4647919237613678]], "brockpiece25": [[-0.27887940406799316, 0.13437432050704956, -2.44586181640625], [-3.218808889389038, -2.7831850051879883, -0.7531693577766418], [-1.032001256942749, 0.5244100093841553, 0.6970614790916443]], "brockpiece26": [[-0.7093019485473633, -0.6806390881538391, -1.5872589349746704], [-55.67534637451172, 53.66018295288086, -47.65869903564453], [-0.012171115726232529, 0.7901149392127991, 0.14576949179172516]], "brockpiece27": [[-0.28529298305511475, -0.6569873690605164, -2.9120588302612305], [0.5839354395866394, 3.5060153007507324, -103.7045669555664], [-0.029545554891228676, 0.7074200510978699, -0.5648927092552185]], "brockpiece28": [[-1.1570937633514404, -0.7733596563339233, -1.6975841522216797], [9.514928817749023, 34.110267639160156, -50.194114685058594], [-0.05280172452330589, 0.875779390335083, 0.7411666512489319]], "brockpiece29": [[0.05243145674467087, -0.31068897247314453, -2.6650967597961426], [-12.222204208374023, -3.9422528743743896, -13.503724098205566], [-0.1528574824333191, 0.604702889919281, -0.03537474945187569]], "brockpiece30": [[0.03654684126377106, -0.3081743121147156, -2.5706253051757812], [-12.613298416137695, -5.946601867675781, -11.649949073791504], [-0.212638720870018, 0.5194345116615295, -0.6746488809585571]], "brockpiece31": [[-0.036905497312545776, -0.06962597370147705, -2.5816917419433594], [-12.613269805908203, -5.946634292602539, -11.650070190429688], [-0.3032321333885193, 0.4032418727874756, 0.2416532039642334]], "brockpiece32": [[0.0077680000104010105, -0.1421416997909546, -2.399184465408325], [41.166221618652344, 8.379344940185547, 177.34913635253906], [-0.014846060425043106, 0.7332823276519775, -0.067598357796669]], "brockpiece33": [[-0.1711936742067337, 0.0003822445869445801, -1.3517708778381348], [-0.022450031712651253, -4.119803428649902, 0.414851576089859], [-0.07364655286073685, 0.3388040363788605, 0.1644446849822998]], "brockpiece34": [[-0.04971035197377205, 0.008240073919296265, -1.2521817684173584], [-1.1216115951538086, -7.759474754333496, 0.11813484877347946], [-0.040006935596466064, 0.3192813992500305, -0.5479322671890259]], "brockpiece35": [[-0.007650330662727356, -0.10043579339981079, -1.4995228052139282], [-14.972639083862305, 2.793834686279297, 44.06870651245117], [0.03971529006958008, 0.7414476275444031, -0.4923132658004761]], "brockpiece36": [[-0.03888902813196182, -0.13200068473815918, -1.3054370880126953], [-12.311470985412598, -23.813493728637695, -148.6116485595703], [0.04695548489689827, 0.8178877234458923, 0.2522242069244385]], "brockpiece37": [[-1.1258013248443604, -0.8648990988731384, -2.315732479095459], [-159.52548217773438, 30.187240600585938, 11.393009185791016], [0.018796933814883232, 0.8953180909156799, 0.6815259456634521]],