{"brockpiece0": [[-0.16643661260604858, -0.7195651531219482, -3.3171353340148926], [97.41866302490234, -57.6733512878418, 87.01110076904297], [-0.04771063104271889, 0.8072485327720642, -0.47105833888053894]], "brockpiece1": [[0.13779930770397186, -0.2560083270072937, -3.074037790298462], [15.59989070892334, 46.39888381958008, 118.00830841064453], [-0.060903601348400116, 0.894946277141571, 0.4562895596027374]], "brockpiece2": [[0.5702846050262451, -0.7533950805664062, -3.6725289821624756], [8.269930839538574, 22.15803337097168, 31.037038803100586], [-0.1568758189678192, 0.8655882477760315, -0.5483085513114929]], "brockpiece3": [[0.21617072820663452, -0.4115000367164612, -3.1502623558044434], [-28.04120445251465, 6.230661392211914, 17.461660385131836], [-0.22012151777744293, 0.9278489947319031, 0.3253736197948456]], "brockpiece4": [[0.2378375381231308, -0.0260125994682312, -2.7587103843688965], [-11.797070503234863, 14.736320495605469, -41.8720588684082], [-0.4135969281196594, 0.9918517470359802, 0.46200042963027954]], "brockpiece5": [[-0.07192206382751465, 0.0630677342414856, -2.466670036315918], [-7.103282928466797, 8.849146842956543, -0.00015207436808850616], [-0.436776340007782, 0.9646992683410645, -0.3259457051753998]], "brockpiece6": [[0.3938693404197693, -0.8022921681404114, -3.7296032905578613], [-35.714717864990234, 30.77069854736328, -70.903076171875], [-0.01387631893157959, 0.9064578413963318, -0.06759907305240631]], "brockpiece7": [[0.9531344771385193, -1.1570544242858887, -4.187882423400879], [-161.0074005126953, 4.133429527282715, -105.48104095458984], [-0.016788214445114136, 1.2991664409637451, -0.5754176378250122]], "brockpiece8": [[1.5768924951553345, -1.0630266666412354, -5.2029266357421875], [-150.58999633789062, 17.25508689880371, -117.87918853759766], [-0.10184786468744278, 1.4046438932418823, 0.10018877685070038]], "brockpiece9": [[-1.1515978574752808, -0.6640892028808594, -1.8608249425888062], [-11.24060344696045, 6.1888861656188965, 74.11116790771484], [0.009604007937014103, 0.8276886940002441, 0.4656519293785095]], "brockpiece10": [[0.055100709199905396, -0.258119136095047, -1.3365263938903809], [11.940242767333984, 4.669380187988281, 176.4973602294922], [0.026453230530023575, 0.7262305021286011, -0.09866398572921753]], "brockpiece11": [[-0.055520690977573395, -0.6172369122505188, -2.0910658836364746], [16.980167388916016, -14.478981971740723, -45.55479049682617], [0.023447148501873016, 0.6883174180984497, -0.6239317655563354]], "brockpiece12": [[-0.009077988564968109, -0.14618849754333496, -1.3811302185058594], [-4.853762149810791, -8.418830871582031, 7.110713481903076], [0.057196881622076035, 0.6268966794013977, -0.06759794801473618]], "brockpiece13": [[-0.035006165504455566, -0.13288626074790955, -0.9469184875488281], [-16.528276443481445, -11.552872657775879, 1.808457612991333], [0.10751569271087646, 0.33034080266952515, -0.6997447609901428]], "brockpiece14": [[-0.09423837810754776, -0.054487377405166626, -0.9684801697731018], [0.14630772173404694, -9.634538650512695, -7.241696834564209], [0.1765923947095871, 0.3738964796066284, -0.06937721371650696]], "brockpiece15": [[-0.039824604988098145, -0.0010534673929214478, -0.07608658820390701], [-0.5592480301856995, 3.148810386657715, 2.2668862342834473], [0.32439151406288147, 0.17386914789676666, 0.1606941819190979]], "brockpiece16": [[-0.12016629427671432, -0.0011883676052093506, -0.3175716698169708], [-0.008793510496616364, -9.027437210083008, -0.11918450891971588], [0.2422737032175064, 0.13469432294368744, -0.2985038757324219]], "brockpiece17": [[0.07323312014341354, 0.0583188533782959, -0.9345328211784363], [-3.260794162750244, -3.030769109725952, 10.100330352783203], [0.05579742044210434, 0.8304786086082458, -0.06759888678789139]], "brockpiece18": [[0.05281263589859009, 0.005457043647766113, -0.9423094987869263], [-0.006866964045912027, -4.340676784515381, -0.09399355202913284], [0.7751116156578064, 1.1647822856903076, 0.4550911784172058]], "brockpiece19": [[0.6074227690696716, -0.761296272277832, -3.1621479988098145], [-122.33647918701172, 13.471780776977539, -96.15545654296875], [0.04745550453662872, 0.8352649807929993, -0.8555060029029846]], "brockpiece20": [[0.11649353057146072, -0.15928488969802856, -2.285827398300171], [-11.797138214111328, -7.651007175445557, -18.52817726135254], [0.0324799083173275, 0.8903895616531372, 0.1047213077545166]], "brockpiece21": [[0.06891036033630371, 0.006422996520996094, -0.9884606003761292], [2.4469518661499023, 8.332523345947266, 157.9564666748047], [0.15945503115653992, 1.6952928304672241, 0.277337908744812]], "brockpiece22": [[-0.28660815954208374, -1.7439860105514526, -6.545267581939697], [146.339599609375, 6.945236682891846, -38.8635368347168], [0.5310609936714172, 1.9953807592391968, -0.3219248354434967]], "brockpiece23": [[0.14716339111328125, -0.4533499777317047, -2.816253900527954], [-26.008333206176758, 3.1374802589416504, 18.81437110900879], [-0.0681355819106102, 0.8056530356407166, -0.06759854406118393]], "brockpiece24": [[0.048871636390686035, -0.05483287572860718, -2.6526880264282227], [-17.61094093322754, -0.7805169224739075, -38.51772689819336], [-0.3838520646095276, 0.746596097946167, 0.4647919237613678]], "brockpiece25": [[-0.27113163471221924, 0.08394211530685425, -2.4312169551849365], [-1.870654821395874, -2.3030059337615967, -0.9062447547912598], [-1.032001256942749, 0.5244100093841553, 0.6970614790916443]], "brockpiece26": [[-0.8279261589050293, -0.6450926661491394, -1.4444797039031982], [36.51053237915039, 31.621423721313477, 85.86614990234375], [-0.012171115726232529, 0.7901149392127991, 0.14576949179172516]], "brockpiece27": [[-0.2908949851989746, -0.6742554903030396, -2.913334846496582], [2.2343380451202393, 1.7949275970458984, -80.74897766113281], [-0.029545554891228676, 0.7074200510978699, -0.5648927092552185]], "brockpiece28": [[-1.1930270195007324, -0.7163846492767334, -1.668430209159851], [26.384666442871094, 11.738513946533203, 24.042308807373047], [-0.05280172452330589, 0.875779390335083, 0.7411666512489319]], "brockpiece29": [[0.05301837623119354, -0.31514406204223633, -2.6638245582580566], [-11.457951545715332, -4.3750152587890625, -13.622005462646484], [-0.1528574824333191, 0.604702889919281, -0.03537474945187569]], "brockpiece30": [[0.0391772985458374, -0.31052321195602417, -2.5653486251831055], [-11.998791694641113, -6.130430221557617, -11.415985107421875], [-0.212638720870018, 0.5194345116615295, -0.6746488809585571]], "brockpiece31": [[-0.03966405987739563, -0.08172455430030823, -2.576141834259033], [-11.998772621154785, -6.130462646484375, -11.416112899780273], [-0.3032321333885193, 0.4032418727874756, 0.2416532039642334]], "brockpiece32": [[0.010924269445240498, -0.1443171501159668, -2.402468204498291], [41.01199722290039, 8.262598037719727, 177.48231506347656], [-0.014846060425043106, 0.7332823276519775, -0.067598357796669]], "brockpiece33": [[-0.17269040644168854, 0.0001952648162841797, -1.3486756086349487], [-0.02798127755522728, -4.36279821395874, 0.3297421932220459], [-0.07364655286073685, 0.3388040363788605, 0.1644446849822998]], "brockpiece34": [[-0.050927337259054184, 0.007706969976425171, -1.2527246475219727], [-1.0930198431015015, -7.9500603675842285, -0.002920009894296527], [-0.040006935596466064, 0.3192813992500305, -0.5479322671890259]], "brockpiece35": [[-0.007718339562416077, -0.10636168718338013, -1.4971513748168945], [-13.458930015563965, 3.0380187034606934, 50.943450927734375], [0.03971529006958008, 0.7414476275444031, -0.4923132658004761]], "brockpiece36": [[-0.03719370812177658, -0.13740158081054688, -1.30492103099823], [-15.500882148742676, -22.963207244873047, -148.14126586914062], [0.04695548489689827, 0.8178877234458923, 0.2522242069244385]], "brockpiece37": [[-1.1440863609313965, -0.864849328994751, -2.3072028160095215], [-150.75393676757812, 27.074810028076172, 21.750852584838867], [0.018796933814883232, 0.8953180909156799, 0.6815259456634521]],