{"brockpiece0": [[-0.16325008869171143, -0.7266581058502197, -3.276625156402588], [118.49075317382812, -84.65422058105469, 64.27071380615234], [-0.04771063104271889, 0.8072485327720642, -0.47105833888053894]], "brockpiece1": [[0.14173674583435059, -0.24119603633880615, -3.054147243499756], [6.671860218048096, 47.26106262207031, 104.5054931640625], [-0.060903601348400116, 0.894946277141571, 0.4562895596027374]], "brockpiece2": [[0.5304889678955078, -0.7328442335128784, -3.6312973499298096], [30.08363914489746, -4.022298812866211, 102.87097930908203], [-0.1568758189678192, 0.8655882477760315, -0.5483085513114929]], "brockpiece3": [[0.21813027560710907, -0.39146506786346436, -3.1221704483032227], [-28.910810470581055, 2.164842128753662, 12.989494323730469], [-0.22012151777744293, 0.9278489947319031, 0.3253736197948456]], "brockpiece4": [[0.23176656663417816, -0.003976047039031982, -2.7708330154418945], [-11.35586166381836, 16.86757469177246, -43.954063415527344], [-0.4135969281196594, 0.9918517470359802, 0.46200042963027954]], "brockpiece5": [[-0.08078420162200928, 0.07508951425552368, -2.487834930419922], [-8.065288543701172, 8.990791320800781, 0.9860115647315979], [-0.436776340007782, 0.9646992683410645, -0.3259457051753998]], "brockpiece6": [[0.3505140542984009, -0.7727038264274597, -3.6885178089141846], [-41.274112701416016, -11.664915084838867, -103.0738296508789], [-0.01387631893157959, 0.9064578413963318, -0.06759907305240631]], "brockpiece7": [[0.9603633284568787, -1.146204948425293, -4.185490131378174], [-160.97535705566406, 6.128936290740967, -107.36100006103516], [-0.016788214445114136, 1.2991664409637451, -0.5754176378250122]], "brockpiece8": [[1.594926118850708, -1.0476504564285278, -5.163516044616699], [-151.35606384277344, 26.21287727355957, -119.14371490478516], [-0.10184786468744278, 1.4046438932418823, 0.10018877685070038]], "brockpiece9": [[-1.153864860534668, -0.7000839710235596, -1.8790415525436401], [-9.724966049194336, -4.489954471588135, 92.88814544677734], [0.009604007937014103, 0.8276886940002441, 0.4656519293785095]], "brockpiece10": [[0.06179674714803696, -0.26094454526901245, -1.3438966274261475], [14.465509414672852, 5.215213775634766, 177.88233947753906], [0.026453230530023575, 0.7262305021286011, -0.09866398572921753]], "brockpiece11": [[-0.020474402233958244, -0.6103636026382446, -2.0720906257629395], [23.358278274536133, -0.16837000846862793, -77.34310150146484], [0.023447148501873016, 0.6883174180984497, -0.6239317655563354]], "brockpiece12": [[-0.001998916268348694, -0.15016761422157288, -1.386732578277588], [-5.19093132019043, -8.762123107910156, 6.7564496994018555], [0.057196881622076035, 0.6268966794013977, -0.06759794801473618]], "brockpiece13": [[-0.030908934772014618, -0.13489200174808502, -0.9428038597106934], [-15.710489273071289, -11.724620819091797, 1.4943925142288208], [0.10751569271087646, 0.33034080266952515, -0.6997447609901428]], "brockpiece14": [[-0.08424241095781326, -0.054482340812683105, -0.9766131043434143], [-0.3353319764137268, -9.537734985351562, -6.9683427810668945], [0.1765923947095871, 0.3738964796066284, -0.06937721371650696]], "brockpiece15": [[-0.026756078004837036, -0.0006943196058273315, -0.0721518024802208], [-0.36390241980552673, 1.7848336696624756, 1.3531548976898193], [0.32439151406288147, 0.17386914789676666, 0.1606941819190979]], "brockpiece16": [[-0.13492384552955627, 0.003599420189857483, -0.3234351575374603], [-0.33951202034950256, -11.617835998535156, -0.1294565349817276], [0.2422737032175064, 0.13469432294368744, -0.2985038757324219]], "brockpiece17": [[0.07176747173070908, 0.06901609897613525, -0.9368446469306946], [-4.022583484649658, -2.34325909614563, 12.456280708312988], [0.05579742044210434, 0.8304786086082458, -0.06759888678789139]], "brockpiece18": [[0.05424731969833374, 0.0117950439453125, -0.9285033941268921], [0.08125580102205276, -4.141055583953857, -0.20105119049549103], [0.7751116156578064, 1.1647822856903076, 0.4550911784172058]], "brockpiece19": [[0.6089901924133301, -0.7622278928756714, -3.1521377563476562], [-127.97452545166016, 14.699697494506836, -100.06616973876953], [0.04745550453662872, 0.8352649807929993, -0.8555060029029846]], "brockpiece20": [[0.11120640486478806, -0.16551047563552856, -2.2845520973205566], [-12.1337308883667, -8.447307586669922, -20.633955001831055], [0.0324799083173275, 0.8903895616531372, 0.1047213077545166]], "brockpiece21": [[0.07050438225269318, 0.014156341552734375, -0.9717465043067932], [2.4538064002990723, 8.114877700805664, 157.85476684570312], [0.15945503115653992, 1.6952928304672241, 0.277337908744812]], "brockpiece22": [[-0.2641274034976959, -1.719984531402588, -6.570950508117676], [142.16143798828125, 3.243903398513794, -44.444068908691406], [0.5310609936714172, 1.9953807592391968, -0.3219248354434967]], "brockpiece23": [[0.14923658967018127, -0.4441732168197632, -2.793454647064209], [-27.856178283691406, 0.7608911991119385, 17.94782829284668], [-0.0681355819106102, 0.8056530356407166, -0.06759854406118393]], "brockpiece24": [[0.044527679681777954, -0.03846091032028198, -2.6671299934387207], [-17.280527114868164, -2.006028175354004, -40.8205680847168], [-0.3838520646095276, 0.746596097946167, 0.4647919237613678]], "brockpiece25": [[-0.2804909944534302, 0.1437627077102661, -2.449049711227417], [-3.552154541015625, -2.905921220779419, -0.7019453644752502], [-1.032001256942749, 0.5244100093841553, 0.6970614790916443]], "brockpiece26": [[-0.6938896179199219, -0.7165268659591675, -1.6080824136734009], [-68.71240234375, 41.6664924621582, -68.37110900878906], [-0.012171115726232529, 0.7901149392127991, 0.14576949179172516]], "brockpiece27": [[-0.282999724149704, -0.6595891714096069, -2.9142165184020996], [0.9594687819480896, 0.6929187178611755, -107.13152313232422], [-0.029545554891228676, 0.7074200510978699, -0.5648927092552185]], "brockpiece28": [[-1.162278175354004, -0.7920271158218384, -1.7039068937301636], [0.23109950125217438, 32.82966613769531, -68.7010498046875], [-0.05280172452330589, 0.875779390335083, 0.7411666512489319]], "brockpiece29": [[0.05282387137413025, -0.3090267479419708, -2.6657512187957764], [-12.264487266540527, -3.672729253768921, -12.858579635620117], [-0.1528574824333191, 0.604702889919281, -0.03537474945187569]], "brockpiece30": [[0.03620201349258423, -0.30731138586997986, -2.5724968910217285], [-12.73616886138916, -5.8730010986328125, -11.25599193572998], [-0.212638720870018, 0.5194345116615295, -0.6746488809585571]], "brockpiece31": [[-0.03654325008392334, -0.06819066405296326, -2.5835134983062744], [-12.736150741577148, -5.873025417327881, -11.256098747253418], [-0.3032321333885193, 0.4032418727874756, 0.2416532039642334]], "brockpiece32": [[0.009770054370164871, -0.14086753129959106, -2.3995471000671387], [40.957923889160156, 10.018803596496582, 175.00936889648438], [-0.014846060425043106, 0.7332823276519775, -0.067598357796669]], "brockpiece33": [[-0.16967910528182983, 0.000660240650177002, -1.3530199527740479], [-0.029748959466814995, -4.093988418579102, 0.44298580288887024], [-0.07364655286073685, 0.3388040363788605, 0.1644446849822998]], "brockpiece34": [[-0.04805925861001015, 0.008398950099945068, -1.252622127532959], [-1.180169939994812, -7.589996337890625, 0.07191767543554306], [-0.040006935596466064, 0.3192813992500305, -0.5479322671890259]], "brockpiece35": [[-0.01249799132347107, -0.09629809856414795, -1.4965574741363525], [-15.204060554504395, 2.288290500640869, 44.50267028808594], [0.03971529006958008, 0.7414476275444031, -0.4923132658004761]], "brockpiece36": [[-0.03852130100131035, -0.13137441873550415, -1.3030223846435547], [-11.856060981750488, -23.366628646850586, -148.099609375], [0.04695548489689827, 0.8178877234458923, 0.2522242069244385]], "brockpiece37": [[-1.1258492469787598, -0.8644426465034485, -2.315568447113037], [-159.60202026367188, 30.087034225463867, 11.429460525512695], [0.018796933814883232, 0.8953180909156799, 0.6815259456634521]],