{"brockpiece0": [[-0.16293194890022278, -0.7279795408248901, -3.2707247734069824], [170.66323852539062, -87.59909057617188, 11.974849700927734], [-0.04771063104271889, 0.8072485327720642, -0.47105833888053894]], "brockpiece1": [[0.14818404614925385, -0.24115502834320068, -3.054730176925659], [5.264566898345947, 47.72318649291992, 101.41273498535156], [-0.060903601348400116, 0.894946277141571, 0.4562895596027374]], "brockpiece2": [[0.5159469842910767, -0.705682635307312, -3.606334924697876], [28.14008903503418, -15.589601516723633, 114.23824310302734], [-0.1568758189678192, 0.8655882477760315, -0.5483085513114929]], "brockpiece3": [[0.2166639268398285, -0.3895030617713928, -3.1193785667419434], [-29.14703941345215, 2.453455924987793, 14.121085166931152], [-0.22012151777744293, 0.9278489947319031, 0.3253736197948456]], "brockpiece4": [[0.22882770001888275, -0.0004290342330932617, -2.773250102996826], [-11.364202499389648, 17.025789260864258, -44.67564392089844], [-0.4135969281196594, 0.9918517470359802, 0.46200042963027954]], "brockpiece5": [[-0.08191990852355957, 0.07725757360458374, -2.492140293121338], [-8.251076698303223, 8.913522720336914, 0.9261837601661682], [-0.436776340007782, 0.9646992683410645, -0.3259457051753998]], "brockpiece6": [[0.34964191913604736, -0.7596688866615295, -3.6820240020751953], [-37.533668518066406, -21.874622344970703, -112.66636657714844], [-0.01387631893157959, 0.9064578413963318, -0.06759907305240631]], "brockpiece7": [[0.953482449054718, -1.15871000289917, -4.184604644775391], [-160.43064880371094, 5.480140209197998, -106.39462280273438], [-0.016788214445114136, 1.2991664409637451, -0.5754176378250122]], "brockpiece8": [[1.595306396484375, -1.0462729930877686, -5.162241458892822], [-151.06002807617188, 27.060325622558594, -118.89039611816406], [-0.10184786468744278, 1.4046438932418823, 0.10018877685070038]], "brockpiece9": [[-1.15310800075531, -0.6999196410179138, -1.8787368535995483], [-9.652777671813965, -4.698144912719727, 92.37530517578125], [0.009604007937014103, 0.8276886940002441, 0.4656519293785095]], "brockpiece10": [[0.06599204242229462, -0.26236242055892944, -1.3435102701187134], [14.418110847473145, 4.042572021484375, 175.79852294921875], [0.026453230530023575, 0.7262305021286011, -0.09866398572921753]], "brockpiece11": [[-0.013518599793314934, -0.6154330372810364, -2.0728816986083984], [23.248403549194336, 1.0018479824066162, -83.26496887207031], [0.023447148501873016, 0.6883174180984497, -0.6239317655563354]], "brockpiece12": [[-0.0013494044542312622, -0.15201926231384277, -1.3888763189315796], [-5.305993556976318, -8.490427017211914, 7.007012844085693], [0.057196881622076035, 0.6268966794013977, -0.06759794801473618]], "brockpiece13": [[-0.030599504709243774, -0.13563787937164307, -0.9450573921203613], [-15.798757553100586, -11.16927433013916, 1.577475905418396], [0.10751569271087646, 0.33034080266952515, -0.6997447609901428]], "brockpiece14": [[-0.08403848856687546, -0.05769801139831543, -0.9809433817863464], [-0.06711256504058838, -9.69293212890625, -7.219253063201904], [0.1765923947095871, 0.3738964796066284, -0.06937721371650696]], "brockpiece15": [[-0.024832725524902344, -0.0005014687776565552, -0.07165434211492538], [-0.27337732911109924, 1.6351807117462158, 1.0260754823684692], [0.32439151406288147, 0.17386914789676666, 0.1606941819190979]], "brockpiece16": [[-0.14406269788742065, 0.002715691924095154, -0.3272554576396942], [-0.4210107624530792, -12.568117141723633, 0.16898490488529205], [0.2422737032175064, 0.13469432294368744, -0.2985038757324219]], "brockpiece17": [[0.06917239725589752, 0.07103168964385986, -0.9334954619407654], [-3.907294750213623, -2.5327420234680176, 13.164717674255371], [0.05579742044210434, 0.8304786086082458, -0.06759888678789139]], "brockpiece18": [[0.05304211378097534, 0.012220501899719238, -0.9240261912345886], [0.17299331724643707, -4.088398456573486, -0.1963711678981781], [0.7751116156578064, 1.1647822856903076, 0.4550911784172058]], "brockpiece19": [[0.6067951917648315, -0.762446939945221, -3.1510958671569824], [-128.81484985351562, 14.778787612915039, -100.29689025878906], [0.04745550453662872, 0.8352649807929993, -0.8555060029029846]], "brockpiece20": [[0.11027630418539047, -0.16440248489379883, -2.283637046813965], [-11.68155574798584, -9.526147842407227, -22.81473731994629], [0.0324799083173275, 0.8903895616531372, 0.1047213077545166]], "brockpiece21": [[0.06899023056030273, 0.014812350273132324, -0.9658700823783875], [0.17344632744789124, -4.088240146636963, -0.1962830126285553], [0.15945503115653992, 1.6952928304672241, 0.277337908744812]], "brockpiece22": [[-0.2616409659385681, -1.7176079750061035, -6.573896884918213], [141.72921752929688, 2.8164312839508057, -45.03445053100586], [0.5310609936714172, 1.9953807592391968, -0.3219248354434967]], "brockpiece23": [[0.14970633387565613, -0.4430290460586548, -2.7931292057037354], [-27.642478942871094, 0.9307049512863159, 17.747753143310547], [-0.0681355819106102, 0.8056530356407166, -0.06759854406118393]], "brockpiece24": [[0.041866153478622437, -0.03549164533615112, -2.6692941188812256], [-17.20110511779785, -2.2835636138916016, -41.28657531738281], [-0.3838520646095276, 0.746596097946167, 0.4647919237613678]], "brockpiece25": [[-0.2818711996078491, 0.15231454372406006, -2.453278064727783], [-3.995739221572876, -2.961867332458496, -0.6772810220718384], [-1.032001256942749, 0.5244100093841553, 0.6970614790916443]], "brockpiece26": [[-0.681952953338623, -0.7523252964019775, -1.6227949857711792], [-76.3389663696289, 27.456790924072266, -84.51326751708984], [-0.012171115726232529, 0.7901149392127991, 0.14576949179172516]], "brockpiece27": [[-0.28089627623558044, -0.6617361903190613, -2.916116237640381], [1.5166316032409668, -1.7981911897659302, -110.2818603515625], [-0.029545554891228676, 0.7074200510978699, -0.5648927092552185]], "brockpiece28": [[-1.170028805732727, -0.8085589408874512, -1.7074620723724365], [-7.78190803527832, 27.977596282958984, -85.92926788330078], [-0.05280172452330589, 0.875779390335083, 0.7411666512489319]], "brockpiece29": [[0.053782716393470764, -0.3035869002342224, -2.668246030807495], [-11.982259750366211, -3.600637435913086, -12.413542747497559], [-0.1528574824333191, 0.604702889919281, -0.03537474945187569]], "brockpiece30": [[0.03670842945575714, -0.30734196305274963, -2.5731306076049805], [-12.894546508789062, -5.886887550354004, -11.014899253845215], [-0.212638720870018, 0.5194345116615295, -0.6746488809585571]], "brockpiece31": [[-0.03625732660293579, -0.06637856364250183, -2.584439992904663], [-12.894522666931152, -5.886909008026123, -11.015010833740234], [-0.3032321333885193, 0.4032418727874756, 0.2416532039642334]], "brockpiece32": [[0.013456982560455799, -0.13993990421295166, -2.4012510776519775], [40.57734680175781, 11.822953224182129, 172.06192016601562], [-0.014846060425043106, 0.7332823276519775, -0.067598357796669]], "brockpiece33": [[-0.16842113435268402, 0.000530242919921875, -1.353835105895996], [-0.0407751239836216, -4.0354323387146, 0.4052059054374695], [-0.07364655286073685, 0.3388040363788605, 0.1644446849822998]], "brockpiece34": [[-0.04822308197617531, 0.008330225944519043, -1.253427505493164], [-1.150222659111023, -7.503208637237549, 0.12718965113162994], [-0.040006935596466064, 0.3192813992500305, -0.5479322671890259]], "brockpiece35": [[-0.017077676951885223, -0.09301984310150146, -1.4973804950714111], [-16.168821334838867, 2.550717830657959, 46.11088562011719], [0.03971529006958008, 0.7414476275444031, -0.4923132658004761]], "brockpiece36": [[-0.03798486292362213, -0.12972164154052734, -1.3010687828063965], [-12.190218925476074, -22.31191062927246, -145.2005157470703], [0.04695548489689827, 0.8178877234458923, 0.2522242069244385]], "brockpiece37": [[-1.125881552696228, -0.8644499778747559, -2.3154056072235107], [-159.73231506347656, 30.038387298583984, 11.361538887023926], [0.018796933814883232, 0.8953180909156799, 0.6815259456634521]],