{"brockpiece0": [[-0.16468545794487, -0.7222133874893188, -3.2958388328552246], [100.19536590576172, -71.72964477539062, 83.32788848876953], [-0.04771063104271889, 0.8072485327720642, -0.47105833888053894]], "brockpiece1": [[0.13731399178504944, -0.2524389624595642, -3.0665435791015625], [11.938983917236328, 46.017478942871094, 113.57526397705078], [-0.060903601348400116, 0.894946277141571, 0.4562895596027374]], "brockpiece2": [[0.5469292402267456, -0.7326126098632812, -3.6686651706695557], [22.045856475830078, 17.883806228637695, 68.5433120727539], [-0.1568758189678192, 0.8655882477760315, -0.5483085513114929]], "brockpiece3": [[0.21947161853313446, -0.4018847346305847, -3.1358933448791504], [-28.3553466796875, 3.049744129180908, 12.669984817504883], [-0.22012151777744293, 0.9278489947319031, 0.3253736197948456]], "brockpiece4": [[0.23526941239833832, -0.01500999927520752, -2.7651596069335938], [-11.965606689453125, 15.504478454589844, -44.09090805053711], [-0.4135969281196594, 0.9918517470359802, 0.46200042963027954]], "brockpiece5": [[-0.07516014575958252, 0.07057458162307739, -2.478161334991455], [-7.689479827880859, 8.972683906555176, 0.21828895807266235], [-0.436776340007782, 0.9646992683410645, -0.3259457051753998]], "brockpiece6": [[0.3764576017856598, -0.7991668581962585, -3.716973066329956], [-40.775390625, 16.056785583496094, -80.3338623046875], [-0.01387631893157959, 0.9064578413963318, -0.06759907305240631]], "brockpiece7": [[0.9605494141578674, -1.1489572525024414, -4.1846489906311035], [-161.41604614257812, 5.537586688995361, -107.99575805664062], [-0.016788214445114136, 1.2991664409637451, -0.5754176378250122]], "brockpiece8": [[1.5854079723358154, -1.0571790933609009, -5.178414821624756], [-151.12506103515625, 22.215757369995117, -117.93231201171875], [-0.10184786468744278, 1.4046438932418823, 0.10018877685070038]], "brockpiece9": [[-1.1573424339294434, -0.6776556372642517, -1.8697140216827393], [-9.52318000793457, 2.631294012069702, 88.49192810058594], [0.009604007937014103, 0.8276886940002441, 0.4656519293785095]], "brockpiece10": [[0.05803903192281723, -0.25913137197494507, -1.335678219795227], [12.936775207519531, 4.665998458862305, 178.52781677246094], [0.026453230530023575, 0.7262305021286011, -0.09866398572921753]], "brockpiece11": [[-0.03643602877855301, -0.619381308555603, -2.0819454193115234], [20.855344772338867, -8.943612098693848, -61.98021697998047], [0.023447148501873016, 0.6883174180984497, -0.6239317655563354]], "brockpiece12": [[-0.005898863077163696, -0.14870166778564453, -1.3817534446716309], [-5.067973613739014, -8.806559562683105, 6.395194053649902], [0.057196881622076035, 0.6268966794013977, -0.06759794801473618]], "brockpiece13": [[-0.03458932042121887, -0.1327412873506546, -0.9399489164352417], [-14.730786323547363, -10.983726501464844, 1.9973095655441284], [0.10751569271087646, 0.33034080266952515, -0.6997447609901428]], "brockpiece14": [[-0.09230957925319672, -0.05444854497909546, -0.96867436170578], [-0.1455194652080536, -9.795456886291504, -7.485080718994141], [0.1765923947095871, 0.3738964796066284, -0.06937721371650696]], "brockpiece15": [[-0.03406304121017456, -0.0011236220598220825, -0.07517047971487045], [-0.6013620495796204, 2.3666605949401855, 2.2993133068084717], [0.32439151406288147, 0.17386914789676666, 0.1606941819190979]], "brockpiece16": [[-0.12117628753185272, 0.0011800676584243774, -0.3156817853450775], [-0.14401453733444214, -9.692404747009277, -0.16187261044979095], [0.2422737032175064, 0.13469432294368744, -0.2985038757324219]], "brockpiece17": [[0.07117538899183273, 0.06416326761245728, -0.9354037642478943], [-3.753694772720337, -3.051835060119629, 12.000258445739746], [0.05579742044210434, 0.8304786086082458, -0.06759888678789139]], "brockpiece18": [[0.053438007831573486, 0.010402441024780273, -0.9390217661857605], [0.011998324654996395, -4.28487491607666, -0.1868142932653427], [0.7751116156578064, 1.1647822856903076, 0.4550911784172058]], "brockpiece19": [[0.6078904867172241, -0.760664701461792, -3.162951946258545], [-123.3018798828125, 11.92236614227295, -97.28558349609375], [0.04745550453662872, 0.8352649807929993, -0.8555060029029846]], "brockpiece20": [[0.1160200908780098, -0.16236084699630737, -2.2893972396850586], [-12.571005821228027, -6.549706935882568, -15.798636436462402], [0.0324799083173275, 0.8903895616531372, 0.1047213077545166]], "brockpiece21": [[0.07016588747501373, 0.012397408485412598, -0.9844149947166443], [0.011922658421099186, -4.284756183624268, -0.18700259923934937], [0.15945503115653992, 1.6952928304672241, 0.277337908744812]], "brockpiece22": [[-0.27374914288520813, -1.7296338081359863, -6.559823989868164], [143.87686157226562, 4.854696273803711, -42.1268196105957], [0.5310609936714172, 1.9953807592391968, -0.3219248354434967]], "brockpiece23": [[0.14538343250751495, -0.45008939504623413, -2.806232452392578], [-26.236474990844727, 1.3519467115402222, 16.44894790649414], [-0.0681355819106102, 0.8056530356407166, -0.06759854406118393]], "brockpiece24": [[0.04579976201057434, -0.0464247465133667, -2.66072416305542], [-17.558074951171875, -1.245666265487671, -39.8698844909668], [-0.3838520646095276, 0.746596097946167, 0.4647919237613678]], "brockpiece25": [[-0.27663683891296387, 0.11428594589233398, -2.4408507347106934], [-2.8714938163757324, -2.548640012741089, -0.8531979918479919], [-1.032001256942749, 0.5244100093841553, 0.6970614790916443]], "brockpiece26": [[-0.7492114305496216, -0.6497869491577148, -1.5379317998886108], [-3.798955202102661, 61.7385368347168, 20.67215347290039], [-0.012171115726232529, 0.7901149392127991, 0.14576949179172516]], "brockpiece27": [[-0.28754010796546936, -0.6472650170326233, -2.909844398498535], [1.0926921367645264, 5.605931282043457, -95.30018615722656], [-0.029545554891228676, 0.7074200510978699, -0.5648927092552185]], "brockpiece28": [[-1.1592012643814087, -0.7397522926330566, -1.6813533306121826], [24.03590965270996, 27.77491569519043, -16.01280403137207], [-0.05280172452330589, 0.875779390335083, 0.7411666512489319]], "brockpiece29": [[0.053060948848724365, -0.31274762749671936, -2.6644349098205566], [-11.86042308807373, -4.236452579498291, -13.680484771728516], [-0.1528574824333191, 0.604702889919281, -0.03537474945187569]], "brockpiece30": [[0.037952348589897156, -0.3089771866798401, -2.5678529739379883], [-12.390788078308105, -6.054680824279785, -11.352705955505371], [-0.212638720870018, 0.5194345116615295, -0.6746488809585571]], "brockpiece31": [[-0.038543492555618286, -0.07444056868553162, -2.5789434909820557], [-12.390775680541992, -6.054704189300537, -11.352797508239746], [-0.3032321333885193, 0.4032418727874756, 0.2416532039642334]], "brockpiece32": [[0.007436319254338741, -0.14403080940246582, -2.4006078243255615], [41.17491912841797, 7.4406585693359375, 178.8378143310547], [-0.014846060425043106, 0.7332823276519775, -0.067598357796669]], "brockpiece33": [[-0.17187140882015228, 0.000453948974609375, -1.3505717515945435], [-0.025555964559316635, -4.221344470977783, 0.3238433003425598], [-0.07364655286073685, 0.3388040363788605, 0.1644446849822998]], "brockpiece34": [[-0.05001022294163704, 0.007984638214111328, -1.2521169185638428], [-1.1295560598373413, -7.819184303283691, 0.027183761820197105], [-0.040006935596466064, 0.3192813992500305, -0.5479322671890259]], "brockpiece35": [[-0.015011992305517197, -0.1025044322013855, -1.498201847076416], [-15.795433044433594, 1.6375069618225098, 49.165061950683594], [0.03971529006958008, 0.7414476275444031, -0.4923132658004761]], "brockpiece36": [[-0.037249695509672165, -0.13404959440231323, -1.3035831451416016], [-13.863568305969238, -23.3601016998291, -148.3877716064453], [0.04695548489689827, 0.8178877234458923, 0.2522242069244385]], "brockpiece37": [[-1.1292239427566528, -0.8647340536117554, -2.3113389015197754], [-156.55343627929688, 29.419923782348633, 12.938426971435547], [0.018796933814883232, 0.8953180909156799, 0.6815259456634521]],