{"brockpiece0": [[-0.1615220308303833, -0.7284401655197144, -3.2653989791870117], [-121.4571533203125, -85.79125213623047, -56.69068908691406], [-0.04771063104271889, 0.8072485327720642, -0.47105833888053894]], "brockpiece1": [[0.15447410941123962, -0.244054913520813, -3.051633358001709], [2.467564105987549, 47.45185470581055, 97.98420715332031], [-0.060903601348400116, 0.894946277141571, 0.4562895596027374]], "brockpiece2": [[0.4894369840621948, -0.6887505054473877, -3.5762269496917725], [22.25226593017578, -25.295337677001953, 127.11034393310547], [-0.1568758189678192, 0.8655882477760315, -0.5483085513114929]], "brockpiece3": [[0.22378318011760712, -0.3877769708633423, -3.112849235534668], [-28.281436920166016, 3.935614824295044, 15.974920272827148], [-0.22012151777744293, 0.9278489947319031, 0.3253736197948456]], "brockpiece4": [[0.22836828231811523, 0.00410616397857666, -2.775391101837158], [-11.462587356567383, 17.248197555541992, -46.1356086730957], [-0.4135969281196594, 0.9918517470359802, 0.46200042963027954]], "brockpiece5": [[-0.08219325542449951, 0.07923334836959839, -2.4964537620544434], [-8.428610801696777, 8.922435760498047, 0.9147729873657227], [-0.436776340007782, 0.9646992683410645, -0.3259457051753998]], "brockpiece6": [[0.3522992730140686, -0.7460914850234985, -3.680377960205078], [-30.66800308227539, -31.377233505249023, -124.8485107421875], [-0.01387631893157959, 0.9064578413963318, -0.06759907305240631]], "brockpiece7": [[0.9490441083908081, -1.1556822061538696, -4.189862251281738], [-159.8671112060547, 3.435028076171875, -104.58760833740234], [-0.016788214445114136, 1.2991664409637451, -0.5754176378250122]], "brockpiece8": [[1.5920138359069824, -1.0406825542449951, -5.164257049560547], [-150.47140502929688, 27.556291580200195, -118.1516342163086], [-0.10184786468744278, 1.4046438932418823, 0.10018877685070038]], "brockpiece9": [[-1.1522471904754639, -0.6997833847999573, -1.8784767389297485], [-9.5789155960083, -4.888343811035156, 91.83190155029297], [0.009604007937014103, 0.8276886940002441, 0.4656519293785095]], "brockpiece10": [[0.06669513136148453, -0.2625276446342468, -1.3443087339401245], [14.078996658325195, 4.418857574462891, 174.19204711914062], [0.026453230530023575, 0.7262305021286011, -0.09866398572921753]], "brockpiece11": [[-0.006136631593108177, -0.6296441555023193, -2.0745599269866943], [23.087350845336914, 1.5987308025360107, -89.4260482788086], [0.023447148501873016, 0.6883174180984497, -0.6239317655563354]], "brockpiece12": [[-0.00038883835077285767, -0.15114745497703552, -1.3904080390930176], [-5.389721870422363, -8.139562606811523, 7.711973667144775], [0.057196881622076035, 0.6268966794013977, -0.06759794801473618]], "brockpiece13": [[-0.030261948704719543, -0.13477164506912231, -0.9458217620849609], [-16.11383056640625, -10.857391357421875, 2.2133896350860596], [0.10751569271087646, 0.33034080266952515, -0.6997447609901428]], "brockpiece14": [[-0.0826147124171257, -0.05686849355697632, -0.9836650490760803], [0.11038009822368622, -9.803394317626953, -7.720396995544434], [0.1765923947095871, 0.3738964796066284, -0.06937721371650696]], "brockpiece15": [[-0.023669689893722534, -0.00040030479431152344, -0.07173434644937515], [-0.19823606312274933, 1.5844054222106934, 0.758335292339325], [0.32439151406288147, 0.17386914789676666, 0.1606941819190979]], "brockpiece16": [[-0.14654690027236938, -0.0004541128873825073, -0.32912400364875793], [0.0024730777367949486, -13.035263061523438, -0.19748203456401825], [0.2422737032175064, 0.13469432294368744, -0.2985038757324219]], "brockpiece17": [[0.06727699190378189, 0.07579797506332397, -0.9313793182373047], [-4.275659084320068, -2.6058828830718994, 13.5302095413208], [0.05579742044210434, 0.8304786086082458, -0.06759888678789139]], "brockpiece18": [[0.05233281850814819, 0.012826681137084961, -0.9206798076629639], [0.25110045075416565, -4.053213596343994, -0.19328132271766663], [0.7751116156578064, 1.1647822856903076, 0.4550911784172058]], "brockpiece19": [[0.6069692373275757, -0.762373149394989, -3.152463912963867], [-129.4552001953125, 15.438385963439941, -101.05342864990234], [0.04745550453662872, 0.8352649807929993, -0.8555060029029846]], "brockpiece20": [[0.1113462969660759, -0.16479980945587158, -2.2825870513916016], [-11.275169372558594, -10.810883522033691, -24.99763298034668], [0.0324799083173275, 0.8903895616531372, 0.1047213077545166]], "brockpiece21": [[0.06807011365890503, 0.01563131809234619, -0.9614276885986328], [0.2515200078487396, -4.052875518798828, -0.19371263682842255], [0.15945503115653992, 1.6952928304672241, 0.277337908744812]], "brockpiece22": [[-0.2595113217830658, -1.7155957221984863, -6.576456069946289], [141.35972595214844, 2.443809986114502, -45.54145431518555], [0.5310609936714172, 1.9953807592391968, -0.3219248354434967]], "brockpiece23": [[0.1499454826116562, -0.44265857338905334, -2.7945003509521484], [-26.256210327148438, 1.13978910446167, 15.6143159866333], [-0.0681355819106102, 0.8056530356407166, -0.06759854406118393]], "brockpiece24": [[0.042016685009002686, -0.0312463641166687, -2.67136549949646], [-17.282697677612305, -2.394428014755249, -41.24278259277344], [-0.3838520646095276, 0.746596097946167, 0.4647919237613678]], "brockpiece25": [[-0.28186511993408203, 0.16091758012771606, -2.4582419395446777], [-4.430324077606201, -2.8821611404418945, -0.7103439569473267], [-1.032001256942749, 0.5244100093841553, 0.6970614790916443]], "brockpiece26": [[-0.6705191731452942, -0.7104517817497253, -1.6177828311920166], [-81.79332733154297, 11.278944969177246, -100.88259887695312], [-0.012171115726232529, 0.7901149392127991, 0.14576949179172516]], "brockpiece27": [[-0.2789483666419983, -0.6635000109672546, -2.9177496433258057], [2.1822710037231445, -3.9681854248046875, -113.190673828125], [-0.029545554891228676, 0.7074200510978699, -0.5648927092552185]], "brockpiece28": [[-1.1791326999664307, -0.8250025510787964, -1.7091064453125], [-12.916279792785645, 20.490407943725586, -100.86345672607422], [-0.05280172452330589, 0.875779390335083, 0.7411666512489319]], "brockpiece29": [[0.05462438613176346, -0.2986062467098236, -2.6705257892608643], [-11.763800621032715, -3.4739041328430176, -12.2947998046875], [-0.1528574824333191, 0.604702889919281, -0.03537474945187569]], "brockpiece30": [[0.03929270803928375, -0.3064473271369934, -2.574450969696045], [-13.022499084472656, -6.012015342712402, -11.038747787475586], [-0.212638720870018, 0.5194345116615295, -0.6746488809585571]], "brockpiece31": [[-0.03514641523361206, -0.06302708387374878, -2.5863702297210693], [-13.022488594055176, -6.012032985687256, -11.038835525512695], [-0.3032321333885193, 0.4032418727874756, 0.2416532039642334]], "brockpiece32": [[0.01782732643187046, -0.1394161581993103, -2.4019289016723633], [40.1574592590332, 13.320282936096191, 169.4042205810547], [-0.014846060425043106, 0.7332823276519775, -0.067598357796669]], "brockpiece33": [[-0.167295441031456, 0.00033715367317199707, -1.35489821434021], [-0.022978603839874268, -3.9384872913360596, 0.2742910385131836], [-0.07364655286073685, 0.3388040363788605, 0.1644446849822998]], "brockpiece34": [[-0.047768641263246536, 0.008601874113082886, -1.2537267208099365], [-1.2243797779083252, -7.437409400939941, 0.05005957931280136], [-0.040006935596466064, 0.3192813992500305, -0.5479322671890259]], "brockpiece35": [[-0.019397739320993423, -0.08960181474685669, -1.497886300086975], [-17.14397621154785, 2.8070054054260254, 46.210819244384766], [0.03971529006958008, 0.7414476275444031, -0.4923132658004761]], "brockpiece36": [[-0.03808704391121864, -0.12643033266067505, -1.300214409828186], [-12.688506126403809, -21.580272674560547, -142.97804260253906], [0.04695548489689827, 0.8178877234458923, 0.2522242069244385]], "brockpiece37": [[-1.1259061098098755, -0.8644579648971558, -2.3152244091033936], [-159.85418701171875, 29.978445053100586, 11.189101219177246], [0.018796933814883232, 0.8953180909156799, 0.6815259456634521]],