{"brockpiece0": [[-0.16583630442619324, -0.7201731204986572, -3.3098201751708984], [97.99564361572266, -62.4632568359375, 86.11988067626953], [-0.04771063104271889, 0.8072485327720642, -0.47105833888053894]], "brockpiece1": [[0.13585010170936584, -0.2542773485183716, -3.0717661380767822], [14.446993827819824, 46.16366195678711, 116.79751586914062], [-0.060903601348400116, 0.894946277141571, 0.4562895596027374]], "brockpiece2": [[0.5631129145622253, -0.7411670088768005, -3.6731908321380615], [12.447028160095215, 22.19399070739746, 43.51385498046875], [-0.1568758189678192, 0.8655882477760315, -0.5483085513114929]], "brockpiece3": [[0.2174457609653473, -0.4083790183067322, -3.1459014415740967], [-28.103862762451172, 4.975413799285889, 15.366231918334961], [-0.22012151777744293, 0.9278489947319031, 0.3253736197948456]], "brockpiece4": [[0.23507051169872284, -0.021024644374847412, -2.758631944656372], [-11.878984451293945, 15.141740798950195, -42.894073486328125], [-0.4135969281196594, 0.9918517470359802, 0.46200042963027954]], "brockpiece5": [[-0.07377094030380249, 0.06563931703567505, -2.4702985286712646], [-7.284285545349121, 8.770609855651855, -0.07287310063838959], [-0.436776340007782, 0.9646992683410645, -0.3259457051753998]], "brockpiece6": [[0.3880458176136017, -0.8030726909637451, -3.7275664806365967], [-37.09323501586914, 27.393537521362305, -72.50202178955078], [-0.01387631893157959, 0.9064578413963318, -0.06759907305240631]], "brockpiece7": [[0.9539899230003357, -1.1577807664871216, -4.18686056137085], [-161.1107940673828, 4.516537189483643, -105.8351058959961], [-0.016788214445114136, 1.2991664409637451, -0.5754176378250122]], "brockpiece8": [[1.5776870250701904, -1.0609976053237915, -5.194535255432129], [-150.76443481445312, 18.98965835571289, -117.65068054199219], [-0.10184786468744278, 1.4046438932418823, 0.10018877685070038]], "brockpiece9": [[-1.1560555696487427, -0.6497145295143127, -1.8653584718704224], [-10.91325569152832, 9.987579345703125, 79.53642272949219], [0.009604007937014103, 0.8276886940002441, 0.4656519293785095]], "brockpiece10": [[0.056415632367134094, -0.2589230239391327, -1.3375170230865479], [12.23462963104248, 4.6783881187438965, 176.4281463623047], [0.026453230530023575, 0.7262305021286011, -0.09866398572921753]], "brockpiece11": [[-0.04859689995646477, -0.615765392780304, -2.0892035961151123], [18.002155303955078, -13.347430229187012, -51.31991958618164], [0.023447148501873016, 0.6883174180984497, -0.6239317655563354]], "brockpiece12": [[-0.007876493036746979, -0.14803630113601685, -1.3812228441238403], [-4.998624801635742, -8.532124519348145, 6.904308795928955], [0.057196881622076035, 0.6268966794013977, -0.06759794801473618]], "brockpiece13": [[-0.0344209298491478, -0.1314975917339325, -0.9449828863143921], [-15.835309028625488, -11.027173042297363, 2.2766709327697754], [0.10751569271087646, 0.33034080266952515, -0.6997447609901428]], "brockpiece14": [[-0.09282434731721878, -0.05422240495681763, -0.9684366583824158], [-0.08966909348964691, -9.728029251098633, -7.328930377960205], [0.1765923947095871, 0.3738964796066284, -0.06937721371650696]], "brockpiece15": [[-0.03538927435874939, -7.446110248565674e-05, -0.07575944066047668], [-0.5099666118621826, 2.5042495727539062, 2.4573254585266113], [0.32439151406288147, 0.17386914789676666, 0.1606941819190979]], "brockpiece16": [[-0.12205003201961517, 0.0003437846899032593, -0.3182012736797333], [-0.14174984395503998, -9.459688186645508, 0.18250371515750885], [0.2422737032175064, 0.13469432294368744, -0.2985038757324219]], "brockpiece17": [[0.07244344800710678, 0.0596768856048584, -0.9347160458564758], [-3.463129758834839, -3.025068998336792, 10.71299934387207], [0.05579742044210434, 0.8304786086082458, -0.06759888678789139]], "brockpiece18": [[0.05286687612533569, 0.006485462188720703, -0.9411851763725281], [0.01831446960568428, -4.328815937042236, -0.11411147564649582], [0.7751116156578064, 1.1647822856903076, 0.4550911784172058]], "brockpiece19": [[0.6085671782493591, -0.7602958679199219, -3.163219451904297], [-122.14295196533203, 12.646401405334473, -97.59304809570312], [0.04745550453662872, 0.8352649807929993, -0.8555060029029846]], "brockpiece20": [[0.11540361493825912, -0.1600797176361084, -2.286390781402588], [-11.971952438354492, -7.109643459320068, -17.46236228942871], [0.0324799083173275, 0.8903895616531372, 0.1047213077545166]], "brockpiece21": [[0.06908689439296722, 0.007739663124084473, -0.9869799017906189], [2.465909481048584, 8.312272071838379, 157.93557739257812], [0.15945503115653992, 1.6952928304672241, 0.277337908744812]], "brockpiece22": [[-0.2819676697254181, -1.7385917901992798, -6.550494194030762], [145.42422485351562, 6.197176456451416, -40.06856155395508], [0.5310609936714172, 1.9953807592391968, -0.3219248354434967]], "brockpiece23": [[0.14531782269477844, -0.45295658707618713, -2.813005208969116], [-26.19936752319336, 2.4410693645477295, 17.415260314941406], [-0.0681355819106102, 0.8056530356407166, -0.06759854406118393]], "brockpiece24": [[0.04628223180770874, -0.05242931842803955, -2.656118631362915], [-17.538602828979492, -0.9572787880897522, -39.13491439819336], [-0.3838520646095276, 0.746596097946167, 0.4647919237613678]], "brockpiece25": [[-0.2732212543487549, 0.09440726041793823, -2.4341399669647217], [-2.169043779373169, -2.4170970916748047, -0.893793523311615], [-1.032001256942749, 0.5244100093841553, 0.6970614790916443]], "brockpiece26": [[-0.8018122315406799, -0.6387382745742798, -1.4766517877578735], [31.096708297729492, 44.23686218261719, 71.34062194824219], [-0.012171115726232529, 0.7901149392127991, 0.14576949179172516]], "brockpiece27": [[-0.289316326379776, -0.6632638573646545, -2.9117331504821777], [2.086235761642456, 3.853471040725708, -85.89598083496094], [-0.029545554891228676, 0.7074200510978699, -0.5648927092552185]], "brockpiece28": [[-1.1784794330596924, -0.7194678783416748, -1.6698627471923828], [27.932193756103516, 16.637765884399414, 11.600105285644531], [-0.05280172452330589, 0.875779390335083, 0.7411666512489319]], "brockpiece29": [[0.052551448345184326, -0.3142106235027313, -2.664522647857666], [-11.581404685974121, -4.159269332885742, -13.450740814208984], [-0.1528574824333191, 0.604702889919281, -0.03537474945187569]], "brockpiece30": [[0.03889469802379608, -0.3101242780685425, -2.5661873817443848], [-12.119247436523438, -6.100137710571289, -11.363504409790039], [-0.212638720870018, 0.5194345116615295, -0.6746488809585571]], "brockpiece31": [[-0.03918194770812988, -0.07968178391456604, -2.577045202255249], [-12.119231224060059, -6.100157737731934, -11.363605499267578], [-0.3032321333885193, 0.4032418727874756, 0.2416532039642334]], "brockpiece32": [[0.008839743211865425, -0.14426201581954956, -2.4022068977355957], [41.09682083129883, 7.771770000457764, 178.251220703125], [-0.014846060425043106, 0.7332823276519775, -0.067598357796669]], "brockpiece33": [[-0.17225496470928192, 0.00037670135498046875, -1.3496237993240356], [-0.029963294044137, -4.3220062255859375, 0.34970822930336], [-0.07364655286073685, 0.3388040363788605, 0.1644446849822998]], "brockpiece34": [[-0.05044310912489891, 0.008042633533477783, -1.2530555725097656], [-1.1266480684280396, -7.906673908233643, -0.03108753263950348], [-0.040006935596466064, 0.3192813992500305, -0.5479322671890259]], "brockpiece35": [[-0.009440852329134941, -0.10529303550720215, -1.4981145858764648], [-14.420951843261719, 2.912497043609619, 50.52781295776367], [0.03971529006958008, 0.7414476275444031, -0.4923132658004761]], "brockpiece36": [[-0.03775322064757347, -0.13584661483764648, -1.304330825805664], [-15.239760398864746, -23.1589298248291, -147.65980529785156], [0.04695548489689827, 0.8178877234458923, 0.2522242069244385]], "brockpiece37": [[-1.1322135925292969, -0.8641154766082764, -2.3067104816436768], [-151.82803344726562, 27.025209426879883, 20.185617446899414], [0.018796933814883232, 0.8953180909156799, 0.6815259456634521]],